symbol,instrument_id,timeframe,row_count,min_ts,max_ts
360ONE,1,1,376377,2022-01-03 09:15:00,2026-02-04 15:29:00
360ONE,1,3,126309,2022-01-03 09:15:00,2026-02-04 15:27:00
360ONE,1,5,75828,2022-01-03 09:15:00,2026-02-04 15:25:00
360ONE,1,15,25280,2022-01-03 09:15:00,2026-02-04 15:15:00
360ONE,1,30,13149,2022-01-03 09:00:00,2026-02-04 15:00:00
360ONE,1,60,7083,2022-01-03 09:00:00,2026-02-04 15:00:00
360ONE,1,1440,1016,2022-01-03 00:00:00,2026-02-04 00:00:00
360ONE,1,10080,215,2021-12-27 00:00:00,2026-02-02 00:00:00
3MINDIA,2,1,109560,2024-12-02 09:15:00,2026-02-03 15:29:00
3MINDIA,2,3,36520,2024-12-02 09:15:00,2026-02-03 15:27:00
3MINDIA,2,5,21912,2024-12-02 09:15:00,2026-02-03 15:25:00
3MINDIA,2,15,7304,2024-12-02 09:15:00,2026-02-03 15:15:00
3MINDIA,2,30,3799,2024-12-02 09:00:00,2026-02-03 15:00:00
3MINDIA,2,60,2046,2024-12-02 09:00:00,2026-02-03 15:00:00
3MINDIA,2,1440,1015,2022-01-03 00:00:00,2026-02-03 00:00:00
3MINDIA,2,10080,215,2021-12-27 00:00:00,2026-02-02 00:00:00
AADHARHFC,10,1,160691,2024-05-15 09:15:00,2026-02-04 15:29:00
AADHARHFC,10,3,53567,2024-05-15 09:15:00,2026-02-04 15:27:00
AADHARHFC,10,5,32141,2024-05-15 09:15:00,2026-02-04 15:25:00
AADHARHFC,10,15,10715,2024-05-15 09:15:00,2026-02-04 15:15:00
AADHARHFC,10,30,5573,2024-05-15 09:00:00,2026-02-04 15:00:00
AADHARHFC,10,60,3002,2024-05-15 09:00:00,2026-02-04 15:00:00
AADHARHFC,10,1440,431,2024-05-15 00:00:00,2026-02-04 00:00:00
AADHARHFC,10,10080,91,2024-05-13 00:00:00,2026-02-02 00:00:00
AARTIIND,11,1,379146,2022-01-03 09:15:00,2026-02-04 15:29:00
AARTIIND,11,3,126391,2022-01-03 09:15:00,2026-02-04 15:27:00
AARTIIND,11,5,75835,2022-01-03 09:15:00,2026-02-04 15:25:00
AARTIIND,11,15,25280,2022-01-03 09:15:00,2026-02-04 15:15:00
AARTIIND,11,30,13149,2022-01-03 09:00:00,2026-02-04 15:00:00
AARTIIND,11,60,7083,2022-01-03 09:00:00,2026-02-04 15:00:00
AARTIIND,11,1440,1016,2022-01-03 00:00:00,2026-02-04 00:00:00
AARTIIND,11,10080,215,2021-12-27 00:00:00,2026-02-02 00:00:00
AAVAS,12,1,379161,2022-01-03 09:15:00,2026-02-04 15:29:00
AAVAS,12,3,126394,2022-01-03 09:15:00,2026-02-04 15:27:00
AAVAS,12,5,75838,2022-01-03 09:15:00,2026-02-04 15:25:00
AAVAS,12,15,25280,2022-01-03 09:15:00,2026-02-04 15:15:00
AAVAS,12,30,13149,2022-01-03 09:00:00,2026-02-04 15:00:00
AAVAS,12,60,7083,2022-01-03 09:00:00,2026-02-04 15:00:00
AAVAS,12,1440,1016,2022-01-03 00:00:00,2026-02-04 00:00:00
AAVAS,12,10080,215,2021-12-27 00:00:00,2026-02-02 00:00:00
ABB,3,1,378428,2022-01-03 09:15:00,2026-02-02 15:29:00
ABB,3,3,126149,2022-01-03 09:15:00,2026-02-02 15:27:00
ABB,3,5,75689,2022-01-03 09:15:00,2026-02-02 15:25:00
ABB,3,15,25230,2022-01-03 09:15:00,2026-02-02 15:15:00
ABB,3,30,13123,2022-01-03 09:00:00,2026-02-02 15:00:00
ABB,3,60,7069,2022-01-03 09:00:00,2026-02-02 15:00:00
ABB,3,1440,1014,2022-01-03 00:00:00,2026-02-02 00:00:00
ABB,3,10080,215,2021-12-27 00:00:00,2026-02-02 00:00:00
ABBOTINDIA,13,1,379171,2022-01-03 09:15:00,2026-02-04 15:29:00
ABBOTINDIA,13,3,126399,2022-01-03 09:15:00,2026-02-04 15:27:00
ABBOTINDIA,13,5,75839,2022-01-03 09:15:00,2026-02-04 15:25:00
ABBOTINDIA,13,15,25280,2022-01-03 09:15:00,2026-02-04 15:15:00
ABBOTINDIA,13,30,13149,2022-01-03 09:00:00,2026-02-04 15:00:00
ABBOTINDIA,13,60,7083,2022-01-03 09:00:00,2026-02-04 15:00:00
ABBOTINDIA,13,1440,1016,2022-01-03 00:00:00,2026-02-04 00:00:00
ABBOTINDIA,13,10080,215,2021-12-27 00:00:00,2026-02-02 00:00:00
ABCAPITAL,21,1,109935,2024-12-02 09:15:00,2026-02-04 15:29:00
ABCAPITAL,21,3,36645,2024-12-02 09:15:00,2026-02-04 15:27:00
ABCAPITAL,21,5,21987,2024-12-02 09:15:00,2026-02-04 15:25:00
ABCAPITAL,21,15,7329,2024-12-02 09:15:00,2026-02-04 15:15:00
ABCAPITAL,21,30,3812,2024-12-02 09:00:00,2026-02-04 15:00:00
ABCAPITAL,21,60,2053,2024-12-02 09:00:00,2026-02-04 15:00:00
ABCAPITAL,21,1440,1016,2022-01-03 00:00:00,2026-02-04 00:00:00
ABCAPITAL,21,10080,215,2021-12-27 00:00:00,2026-02-02 00:00:00
ABFRL,22,1,379134,2022-01-03 09:15:00,2026-02-04 15:29:00
ABFRL,22,3,126384,2022-01-03 09:15:00,2026-02-04 15:27:00
ABFRL,22,5,75830,2022-01-03 09:15:00,2026-02-04 15:25:00
ABFRL,22,15,25277,2022-01-03 09:15:00,2026-02-04 15:15:00
ABFRL,22,30,13147,2022-01-03 09:00:00,2026-02-04 15:00:00
ABFRL,22,60,7082,2022-01-03 09:00:00,2026-02-04 15:00:00
ABFRL,22,1440,1016,2022-01-03 00:00:00,2026-02-04 00:00:00
ABFRL,22,10080,215,2021-12-27 00:00:00,2026-02-02 00:00:00
ABLBL,23,1,58140,2025-06-23 10:00:00,2026-02-04 15:29:00
ABLBL,23,3,19380,2025-06-23 10:00:00,2026-02-04 15:27:00
ABLBL,23,5,11628,2025-06-23 10:00:00,2026-02-04 15:25:00
ABLBL,23,15,3876,2025-06-23 10:00:00,2026-02-04 15:15:00
ABLBL,23,30,2016,2025-06-23 10:00:00,2026-02-04 15:00:00
ABLBL,23,60,1086,2025-06-23 10:00:00,2026-02-04 15:00:00
ABLBL,23,1440,156,2025-06-23 00:00:00,2026-02-04 00:00:00
ABLBL,23,10080,33,2025-06-23 00:00:00,2026-02-02 00:00:00
ABREL,24,1,378961,2022-01-03 09:15:00,2026-02-04 15:29:00
ABREL,24,3,126394,2022-01-03 09:15:00,2026-02-04 15:27:00
ABREL,24,5,75838,2022-01-03 09:15:00,2026-02-04 15:25:00
ABREL,24,15,25280,2022-01-03 09:15:00,2026-02-04 15:15:00
ABREL,24,30,13149,2022-01-03 09:00:00,2026-02-04 15:00:00
ABREL,24,60,7083,2022-01-03 09:00:00,2026-02-04 15:00:00
ABREL,24,1440,1016,2022-01-03 00:00:00,2026-02-04 00:00:00
ABREL,24,10080,215,2021-12-27 00:00:00,2026-02-02 00:00:00
ABSLAMC,25,1,378603,2022-01-03 09:15:00,2026-02-04 15:29:00
ABSLAMC,25,3,126394,2022-01-03 09:15:00,2026-02-04 15:27:00
ABSLAMC,25,5,75838,2022-01-03 09:15:00,2026-02-04 15:25:00
ABSLAMC,25,15,25280,2022-01-03 09:15:00,2026-02-04 15:15:00
ABSLAMC,25,30,13149,2022-01-03 09:00:00,2026-02-04 15:00:00
ABSLAMC,25,60,7083,2022-01-03 09:00:00,2026-02-04 15:00:00
ABSLAMC,25,1440,1016,2022-01-03 00:00:00,2026-02-04 00:00:00
ABSLAMC,25,10080,215,2021-12-27 00:00:00,2026-02-02 00:00:00
ACC,4,1,378429,2022-01-03 09:15:00,2026-02-02 15:29:00
ACC,4,3,126149,2022-01-03 09:15:00,2026-02-02 15:27:00
ACC,4,5,75689,2022-01-03 09:15:00,2026-02-02 15:25:00
ACC,4,15,25230,2022-01-03 09:15:00,2026-02-02 15:15:00
ACC,4,30,13123,2022-01-03 09:00:00,2026-02-02 15:00:00
ACC,4,60,7069,2022-01-03 09:00:00,2026-02-02 15:00:00
ACC,4,1440,1014,2022-01-03 00:00:00,2026-02-02 00:00:00
ACC,4,10080,215,2021-12-27 00:00:00,2026-02-02 00:00:00
ACE,14,1,378573,2022-01-03 09:15:00,2026-02-03 15:29:00
ACE,14,3,126269,2022-01-03 09:15:00,2026-02-03 15:27:00
ACE,14,5,75763,2022-01-03 09:15:00,2026-02-03 15:25:00
ACE,14,15,25255,2022-01-03 09:15:00,2026-02-03 15:15:00
ACE,14,30,13136,2022-01-03 09:00:00,2026-02-03 15:00:00
ACE,14,60,7076,2022-01-03 09:00:00,2026-02-03 15:00:00
ACE,14,1440,1015,2022-01-03 00:00:00,2026-02-03 00:00:00
ACE,14,10080,215,2021-12-27 00:00:00,2026-02-02 00:00:00
ACMESOLAR,5,1,114038,2024-11-13 09:37:00,2026-02-04 15:29:00
ACMESOLAR,5,3,38013,2024-11-13 09:36:00,2026-02-04 15:27:00
ACMESOLAR,5,5,22808,2024-11-13 09:35:00,2026-02-04 15:25:00
ACMESOLAR,5,15,7603,2024-11-13 09:30:00,2026-02-04 15:15:00
ACMESOLAR,5,30,3954,2024-11-13 09:30:00,2026-02-04 15:00:00
ACMESOLAR,5,60,2130,2024-11-13 09:00:00,2026-02-04 15:00:00
ACMESOLAR,5,1440,305,2024-11-13 00:00:00,2026-02-04 00:00:00
ACMESOLAR,5,10080,65,2024-11-11 00:00:00,2026-02-02 00:00:00
ADANIENSOL,15,1,379152,2022-01-03 09:15:00,2026-02-04 15:29:00
ADANIENSOL,15,3,126394,2022-01-03 09:15:00,2026-02-04 15:27:00
ADANIENSOL,15,5,75838,2022-01-03 09:15:00,2026-02-04 15:25:00
ADANIENSOL,15,15,25280,2022-01-03 09:15:00,2026-02-04 15:15:00
ADANIENSOL,15,30,13149,2022-01-03 09:00:00,2026-02-04 15:00:00
ADANIENSOL,15,60,7083,2022-01-03 09:00:00,2026-02-04 15:00:00
ADANIENSOL,15,1440,1016,2022-01-03 00:00:00,2026-02-04 00:00:00
ADANIENSOL,15,10080,215,2021-12-27 00:00:00,2026-02-02 00:00:00
ADANIENT,16,1,378429,2022-01-03 09:15:00,2026-02-02 15:29:00
ADANIENT,16,3,126149,2022-01-03 09:15:00,2026-02-02 15:27:00
ADANIENT,16,5,75689,2022-01-03 09:15:00,2026-02-02 15:25:00
ADANIENT,16,15,25230,2022-01-03 09:15:00,2026-02-02 15:15:00
ADANIENT,16,30,13123,2022-01-03 09:00:00,2026-02-02 15:00:00
ADANIENT,16,60,7069,2022-01-03 09:00:00,2026-02-02 15:00:00
ADANIENT,16,1440,1014,2022-01-03 00:00:00,2026-02-02 00:00:00
ADANIENT,16,10080,215,2021-12-27 00:00:00,2026-02-02 00:00:00
ADANIGREEN,17,1,378423,2022-01-03 09:15:00,2026-02-02 15:29:00
ADANIGREEN,17,3,126144,2022-01-03 09:15:00,2026-02-02 15:27:00
ADANIGREEN,17,5,75688,2022-01-03 09:15:00,2026-02-02 15:25:00
ADANIGREEN,17,15,25230,2022-01-03 09:15:00,2026-02-02 15:15:00
ADANIGREEN,17,30,13123,2022-01-03 09:00:00,2026-02-02 15:00:00
ADANIGREEN,17,60,7069,2022-01-03 09:00:00,2026-02-02 15:00:00
ADANIGREEN,17,1440,1014,2022-01-03 00:00:00,2026-02-02 00:00:00
ADANIGREEN,17,10080,215,2021-12-27 00:00:00,2026-02-02 00:00:00
ADANIPORTS,18,1,378429,2022-01-03 09:15:00,2026-02-02 15:29:00
ADANIPORTS,18,3,126149,2022-01-03 09:15:00,2026-02-02 15:27:00
ADANIPORTS,18,5,75689,2022-01-03 09:15:00,2026-02-02 15:25:00
ADANIPORTS,18,15,25230,2022-01-03 09:15:00,2026-02-02 15:15:00
ADANIPORTS,18,30,13123,2022-01-03 09:00:00,2026-02-02 15:00:00
ADANIPORTS,18,60,7069,2022-01-03 09:00:00,2026-02-02 15:00:00
ADANIPORTS,18,1440,1014,2022-01-03 00:00:00,2026-02-02 00:00:00
ADANIPORTS,18,10080,215,2021-12-27 00:00:00,2026-02-02 00:00:00
ADANIPOWER,19,1,379173,2022-01-03 09:15:00,2026-02-04 15:29:00
ADANIPOWER,19,3,126394,2022-01-03 09:15:00,2026-02-04 15:27:00
ADANIPOWER,19,5,75838,2022-01-03 09:15:00,2026-02-04 15:25:00
ADANIPOWER,19,15,25280,2022-01-03 09:15:00,2026-02-04 15:15:00
ADANIPOWER,19,30,13149,2022-01-03 09:00:00,2026-02-04 15:00:00
ADANIPOWER,19,60,7083,2022-01-03 09:00:00,2026-02-04 15:00:00
ADANIPOWER,19,1440,1016,2022-01-03 00:00:00,2026-02-04 00:00:00
ADANIPOWER,19,10080,215,2021-12-27 00:00:00,2026-02-02 00:00:00
AEGISLOG,26,1,379139,2022-01-03 09:15:00,2026-02-04 15:29:00
AEGISLOG,26,3,126394,2022-01-03 09:15:00,2026-02-04 15:27:00
AEGISLOG,26,5,75838,2022-01-03 09:15:00,2026-02-04 15:25:00
AEGISLOG,26,15,25280,2022-01-03 09:15:00,2026-02-04 15:15:00
AEGISLOG,26,30,13149,2022-01-03 09:00:00,2026-02-04 15:00:00
AEGISLOG,26,60,7083,2022-01-03 09:00:00,2026-02-04 15:00:00
AEGISLOG,26,1440,1016,2022-01-03 00:00:00,2026-02-04 00:00:00
AEGISLOG,26,10080,215,2021-12-27 00:00:00,2026-02-02 00:00:00
AEGISVOPAK,27,1,63765,2025-06-02 10:00:00,2026-02-04 15:29:00
AEGISVOPAK,27,3,21255,2025-06-02 10:00:00,2026-02-04 15:27:00
AEGISVOPAK,27,5,12753,2025-06-02 10:00:00,2026-02-04 15:25:00
AEGISVOPAK,27,15,4251,2025-06-02 10:00:00,2026-02-04 15:15:00
AEGISVOPAK,27,30,2211,2025-06-02 10:00:00,2026-02-04 15:00:00
AEGISVOPAK,27,60,1191,2025-06-02 10:00:00,2026-02-04 15:00:00
AEGISVOPAK,27,1440,171,2025-06-02 00:00:00,2026-02-04 00:00:00
AEGISVOPAK,27,10080,36,2025-06-02 00:00:00,2026-02-02 00:00:00
AFCONS,28,1,116659,2024-11-04 09:41:00,2026-02-04 15:29:00
AFCONS,28,3,38887,2024-11-04 09:39:00,2026-02-04 15:27:00
AFCONS,28,5,23332,2024-11-04 09:40:00,2026-02-04 15:25:00
AFCONS,28,15,7778,2024-11-04 09:30:00,2026-02-04 15:15:00
AFCONS,28,30,4045,2024-11-04 09:30:00,2026-02-04 15:00:00
AFCONS,28,60,2179,2024-11-04 09:00:00,2026-02-04 15:00:00
AFCONS,28,1440,312,2024-11-04 00:00:00,2026-02-04 00:00:00
AFCONS,28,10080,66,2024-11-04 00:00:00,2026-02-02 00:00:00
AFFLE,29,1,378797,2022-01-03 09:15:00,2026-02-03 15:29:00
AFFLE,29,3,126269,2022-01-03 09:15:00,2026-02-03 15:27:00
AFFLE,29,5,75763,2022-01-03 09:15:00,2026-02-03 15:25:00
AFFLE,29,15,25255,2022-01-03 09:15:00,2026-02-03 15:15:00
AFFLE,29,30,13136,2022-01-03 09:00:00,2026-02-03 15:00:00
AFFLE,29,60,7076,2022-01-03 09:00:00,2026-02-03 15:00:00
AFFLE,29,1440,1015,2022-01-03 00:00:00,2026-02-03 00:00:00
AFFLE,29,10080,215,2021-12-27 00:00:00,2026-02-02 00:00:00
AGARWALEYE,147,1,92665,2025-02-04 09:35:00,2026-02-04 15:29:00
AGARWALEYE,147,3,30889,2025-02-04 09:33:00,2026-02-04 15:27:00
AGARWALEYE,147,5,18533,2025-02-04 09:35:00,2026-02-04 15:25:00
AGARWALEYE,147,15,6178,2025-02-04 09:30:00,2026-02-04 15:15:00
AGARWALEYE,147,30,3213,2025-02-04 09:30:00,2026-02-04 15:00:00
AGARWALEYE,147,60,1731,2025-02-04 09:00:00,2026-02-04 15:00:00
AGARWALEYE,147,1440,248,2025-02-04 00:00:00,2026-02-04 00:00:00
AGARWALEYE,147,10080,53,2025-02-03 00:00:00,2026-02-02 00:00:00
AIAENG,6,1,377842,2022-01-03 09:15:00,2026-02-03 15:29:00
AIAENG,6,3,126257,2022-01-03 09:15:00,2026-02-03 15:27:00
AIAENG,6,5,75763,2022-01-03 09:15:00,2026-02-03 15:25:00
AIAENG,6,15,25255,2022-01-03 09:15:00,2026-02-03 15:15:00
AIAENG,6,30,13136,2022-01-03 09:00:00,2026-02-03 15:00:00
AIAENG,6,60,7076,2022-01-03 09:00:00,2026-02-03 15:00:00
AIAENG,6,1440,1015,2022-01-03 00:00:00,2026-02-03 00:00:00
AIAENG,6,10080,215,2021-12-27 00:00:00,2026-02-02 00:00:00
AIIL,56,1,165394,2024-04-23 09:15:00,2026-02-04 15:29:00
AIIL,56,3,55394,2024-04-23 09:15:00,2026-02-04 15:27:00
AIIL,56,5,33264,2024-04-23 09:15:00,2026-02-04 15:25:00
AIIL,56,15,11090,2024-04-23 09:15:00,2026-02-04 15:15:00
AIIL,56,30,5768,2024-04-23 09:00:00,2026-02-04 15:00:00
AIIL,56,60,3107,2024-04-23 09:00:00,2026-02-04 15:00:00
AIIL,56,1440,446,2024-04-23 00:00:00,2026-02-04 00:00:00
AIIL,56,10080,94,2024-04-22 00:00:00,2026-02-02 00:00:00
AJANTPHARM,30,1,378485,2022-01-03 09:15:00,2026-02-03 15:29:00
AJANTPHARM,30,3,126269,2022-01-03 09:15:00,2026-02-03 15:27:00
AJANTPHARM,30,5,75763,2022-01-03 09:15:00,2026-02-03 15:25:00
AJANTPHARM,30,15,25255,2022-01-03 09:15:00,2026-02-03 15:15:00
AJANTPHARM,30,30,13136,2022-01-03 09:00:00,2026-02-03 15:00:00
AJANTPHARM,30,60,7076,2022-01-03 09:00:00,2026-02-03 15:00:00
AJANTPHARM,30,1440,1015,2022-01-03 00:00:00,2026-02-03 00:00:00
AJANTPHARM,30,10080,215,2021-12-27 00:00:00,2026-02-02 00:00:00
AKUMS,31,1,139589,2024-08-06 09:15:00,2026-02-04 15:29:00
AKUMS,31,3,46532,2024-08-06 09:15:00,2026-02-04 15:27:00
AKUMS,31,5,27920,2024-08-06 09:15:00,2026-02-04 15:25:00
AKUMS,31,15,9308,2024-08-06 09:15:00,2026-02-04 15:15:00
AKUMS,31,30,4841,2024-08-06 09:00:00,2026-02-04 15:00:00
AKUMS,31,60,2607,2024-08-06 09:00:00,2026-02-04 15:00:00
AKUMS,31,1440,374,2024-08-06 00:00:00,2026-02-04 00:00:00
AKUMS,31,10080,79,2024-08-05 00:00:00,2026-02-02 00:00:00
AKZOINDIA,32,1,370170,2022-01-03 09:15:00,2026-02-04 15:29:00
AKZOINDIA,32,3,126140,2022-01-03 09:15:00,2026-02-04 15:27:00
AKZOINDIA,32,5,75816,2022-01-03 09:15:00,2026-02-04 15:25:00
AKZOINDIA,32,15,25280,2022-01-03 09:15:00,2026-02-04 15:15:00
AKZOINDIA,32,30,13149,2022-01-03 09:00:00,2026-02-04 15:00:00
AKZOINDIA,32,60,7083,2022-01-03 09:00:00,2026-02-04 15:00:00
AKZOINDIA,32,1440,1016,2022-01-03 00:00:00,2026-02-04 00:00:00
AKZOINDIA,32,10080,215,2021-12-27 00:00:00,2026-02-02 00:00:00
ALKEM,34,1,378426,2022-01-03 09:15:00,2026-02-02 15:29:00
ALKEM,34,3,126149,2022-01-03 09:15:00,2026-02-02 15:27:00
ALKEM,34,5,75689,2022-01-03 09:15:00,2026-02-02 15:25:00
ALKEM,34,15,25230,2022-01-03 09:15:00,2026-02-02 15:15:00
ALKEM,34,30,13123,2022-01-03 09:00:00,2026-02-02 15:00:00
ALKEM,34,60,7069,2022-01-03 09:00:00,2026-02-02 15:00:00
ALKEM,34,1440,1014,2022-01-03 00:00:00,2026-02-02 00:00:00
ALKEM,34,10080,215,2021-12-27 00:00:00,2026-02-02 00:00:00
ALKYLAMINE,35,1,378695,2022-01-03 09:15:00,2026-02-03 15:29:00
ALKYLAMINE,35,3,126269,2022-01-03 09:15:00,2026-02-03 15:27:00
ALKYLAMINE,35,5,75763,2022-01-03 09:15:00,2026-02-03 15:25:00
ALKYLAMINE,35,15,25255,2022-01-03 09:15:00,2026-02-03 15:15:00
ALKYLAMINE,35,30,13136,2022-01-03 09:00:00,2026-02-03 15:00:00
ALKYLAMINE,35,60,7076,2022-01-03 09:00:00,2026-02-03 15:00:00
ALKYLAMINE,35,1440,1015,2022-01-03 00:00:00,2026-02-03 00:00:00
ALKYLAMINE,35,10080,215,2021-12-27 00:00:00,2026-02-02 00:00:00
ALOKINDS,36,1,379156,2022-01-03 09:15:00,2026-02-04 15:29:00
ALOKINDS,36,3,126394,2022-01-03 09:15:00,2026-02-04 15:27:00
ALOKINDS,36,5,75838,2022-01-03 09:15:00,2026-02-04 15:25:00
ALOKINDS,36,15,25280,2022-01-03 09:15:00,2026-02-04 15:15:00
ALOKINDS,36,30,13149,2022-01-03 09:00:00,2026-02-04 15:00:00
ALOKINDS,36,60,7083,2022-01-03 09:00:00,2026-02-04 15:00:00
ALOKINDS,36,1440,1016,2022-01-03 00:00:00,2026-02-04 00:00:00
ALOKINDS,36,10080,215,2021-12-27 00:00:00,2026-02-02 00:00:00
AMBER,38,1,379045,2022-01-03 09:15:00,2026-02-04 15:29:00
AMBER,38,3,126394,2022-01-03 09:15:00,2026-02-04 15:27:00
AMBER,38,5,75838,2022-01-03 09:15:00,2026-02-04 15:25:00
AMBER,38,15,25280,2022-01-03 09:15:00,2026-02-04 15:15:00
AMBER,38,30,13149,2022-01-03 09:00:00,2026-02-04 15:00:00
AMBER,38,60,7083,2022-01-03 09:00:00,2026-02-04 15:00:00
AMBER,38,1440,1016,2022-01-03 00:00:00,2026-02-04 00:00:00
AMBER,38,10080,215,2021-12-27 00:00:00,2026-02-02 00:00:00
AMBUJACEM,39,1,378429,2022-01-03 09:15:00,2026-02-02 15:29:00
AMBUJACEM,39,3,126149,2022-01-03 09:15:00,2026-02-02 15:27:00
AMBUJACEM,39,5,75689,2022-01-03 09:15:00,2026-02-02 15:25:00
AMBUJACEM,39,15,25230,2022-01-03 09:15:00,2026-02-02 15:15:00
AMBUJACEM,39,30,13123,2022-01-03 09:00:00,2026-02-02 15:00:00
AMBUJACEM,39,60,7069,2022-01-03 09:00:00,2026-02-02 15:00:00
AMBUJACEM,39,1440,1014,2022-01-03 00:00:00,2026-02-02 00:00:00
AMBUJACEM,39,10080,215,2021-12-27 00:00:00,2026-02-02 00:00:00
ANANDRATHI,40,1,373107,2022-01-03 09:15:00,2026-02-04 15:29:00
ANANDRATHI,40,3,126256,2022-01-03 09:15:00,2026-02-04 15:27:00
ANANDRATHI,40,5,75822,2022-01-03 09:15:00,2026-02-04 15:25:00
ANANDRATHI,40,15,25280,2022-01-03 09:15:00,2026-02-04 15:15:00
ANANDRATHI,40,30,13149,2022-01-03 09:00:00,2026-02-04 15:00:00
ANANDRATHI,40,60,7083,2022-01-03 09:00:00,2026-02-04 15:00:00
ANANDRATHI,40,1440,1016,2022-01-03 00:00:00,2026-02-04 00:00:00
ANANDRATHI,40,10080,215,2021-12-27 00:00:00,2026-02-02 00:00:00
ANANTRAJ,41,1,377806,2022-01-03 09:15:00,2026-02-04 15:29:00
ANANTRAJ,41,3,126388,2022-01-03 09:15:00,2026-02-04 15:27:00
ANANTRAJ,41,5,75837,2022-01-03 09:15:00,2026-02-04 15:25:00
ANANTRAJ,41,15,25280,2022-01-03 09:15:00,2026-02-04 15:15:00
ANANTRAJ,41,30,13149,2022-01-03 09:00:00,2026-02-04 15:00:00
ANANTRAJ,41,60,7083,2022-01-03 09:00:00,2026-02-04 15:00:00
ANANTRAJ,41,1440,1016,2022-01-03 00:00:00,2026-02-04 00:00:00
ANANTRAJ,41,10080,215,2021-12-27 00:00:00,2026-02-02 00:00:00
ANGELONE,42,1,378798,2022-01-03 09:15:00,2026-02-03 15:29:00
ANGELONE,42,3,126269,2022-01-03 09:15:00,2026-02-03 15:27:00
ANGELONE,42,5,75763,2022-01-03 09:15:00,2026-02-03 15:25:00
ANGELONE,42,15,25255,2022-01-03 09:15:00,2026-02-03 15:15:00
ANGELONE,42,30,13136,2022-01-03 09:00:00,2026-02-03 15:00:00
ANGELONE,42,60,7076,2022-01-03 09:00:00,2026-02-03 15:00:00
ANGELONE,42,1440,1015,2022-01-03 00:00:00,2026-02-03 00:00:00
ANGELONE,42,10080,215,2021-12-27 00:00:00,2026-02-02 00:00:00
APARINDS,43,1,378277,2022-01-03 09:15:00,2026-02-04 15:29:00
APARINDS,43,3,126382,2022-01-03 09:15:00,2026-02-04 15:27:00
APARINDS,43,5,75836,2022-01-03 09:15:00,2026-02-04 15:25:00
APARINDS,43,15,25280,2022-01-03 09:15:00,2026-02-04 15:15:00
APARINDS,43,30,13149,2022-01-03 09:00:00,2026-02-04 15:00:00
APARINDS,43,60,7083,2022-01-03 09:00:00,2026-02-04 15:00:00
APARINDS,43,1440,1016,2022-01-03 00:00:00,2026-02-04 00:00:00
APARINDS,43,10080,215,2021-12-27 00:00:00,2026-02-02 00:00:00
APLAPOLLO,7,1,378798,2022-01-03 09:15:00,2026-02-03 15:29:00
APLAPOLLO,7,3,126269,2022-01-03 09:15:00,2026-02-03 15:27:00
APLAPOLLO,7,5,75763,2022-01-03 09:15:00,2026-02-03 15:25:00
APLAPOLLO,7,15,25255,2022-01-03 09:15:00,2026-02-03 15:15:00
APLAPOLLO,7,30,13136,2022-01-03 09:00:00,2026-02-03 15:00:00
APLAPOLLO,7,60,7076,2022-01-03 09:00:00,2026-02-03 15:00:00
APLAPOLLO,7,1440,1015,2022-01-03 00:00:00,2026-02-03 00:00:00
APLAPOLLO,7,10080,215,2021-12-27 00:00:00,2026-02-02 00:00:00
APLLTD,33,1,270920,2023-03-01 09:15:00,2026-02-04 15:29:00
APLLTD,33,3,90377,2023-03-01 09:15:00,2026-02-04 15:27:00
APLLTD,33,5,54228,2023-03-01 09:15:00,2026-02-04 15:25:00
APLLTD,33,15,18076,2023-03-01 09:15:00,2026-02-04 15:15:00
APLLTD,33,30,9402,2023-03-01 09:00:00,2026-02-04 15:00:00
APLLTD,33,60,5065,2023-03-01 09:00:00,2026-02-04 15:00:00
APLLTD,33,1440,1016,2022-01-03 00:00:00,2026-02-04 00:00:00
APLLTD,33,10080,215,2021-12-27 00:00:00,2026-02-02 00:00:00
APOLLOHOSP,44,1,378429,2022-01-03 09:15:00,2026-02-02 15:29:00
APOLLOHOSP,44,3,126149,2022-01-03 09:15:00,2026-02-02 15:27:00
APOLLOHOSP,44,5,75689,2022-01-03 09:15:00,2026-02-02 15:25:00
APOLLOHOSP,44,15,25230,2022-01-03 09:15:00,2026-02-02 15:15:00
APOLLOHOSP,44,30,13123,2022-01-03 09:00:00,2026-02-02 15:00:00
APOLLOHOSP,44,60,7069,2022-01-03 09:00:00,2026-02-02 15:00:00
APOLLOHOSP,44,1440,1014,2022-01-03 00:00:00,2026-02-02 00:00:00
APOLLOHOSP,44,10080,215,2021-12-27 00:00:00,2026-02-02 00:00:00
APOLLOTYRE,45,1,379179,2022-01-03 09:15:00,2026-02-04 15:29:00
APOLLOTYRE,45,3,126399,2022-01-03 09:15:00,2026-02-04 15:27:00
APOLLOTYRE,45,5,75839,2022-01-03 09:15:00,2026-02-04 15:25:00
APOLLOTYRE,45,15,25280,2022-01-03 09:15:00,2026-02-04 15:15:00
APOLLOTYRE,45,30,13149,2022-01-03 09:00:00,2026-02-04 15:00:00
APOLLOTYRE,45,60,7083,2022-01-03 09:00:00,2026-02-04 15:00:00
APOLLOTYRE,45,1440,1016,2022-01-03 00:00:00,2026-02-04 00:00:00
APOLLOTYRE,45,10080,215,2021-12-27 00:00:00,2026-02-02 00:00:00
APTUS,46,1,377969,2022-01-03 09:15:00,2026-02-03 15:29:00
APTUS,46,3,126266,2022-01-03 09:15:00,2026-02-03 15:27:00
APTUS,46,5,75763,2022-01-03 09:15:00,2026-02-03 15:25:00
APTUS,46,15,25255,2022-01-03 09:15:00,2026-02-03 15:15:00
APTUS,46,30,13136,2022-01-03 09:00:00,2026-02-03 15:00:00
APTUS,46,60,7076,2022-01-03 09:00:00,2026-02-03 15:00:00
APTUS,46,1440,1015,2022-01-03 00:00:00,2026-02-03 00:00:00
APTUS,46,10080,215,2021-12-27 00:00:00,2026-02-02 00:00:00
ARE&M,37,1,379178,2022-01-03 09:15:00,2026-02-04 15:29:00
ARE&M,37,3,126398,2022-01-03 09:15:00,2026-02-04 15:27:00
ARE&M,37,5,75839,2022-01-03 09:15:00,2026-02-04 15:25:00
ARE&M,37,15,25280,2022-01-03 09:15:00,2026-02-04 15:15:00
ARE&M,37,30,13149,2022-01-03 09:00:00,2026-02-04 15:00:00
ARE&M,37,60,7083,2022-01-03 09:00:00,2026-02-04 15:00:00
ARE&M,37,1440,1016,2022-01-03 00:00:00,2026-02-04 00:00:00
ARE&M,37,10080,215,2021-12-27 00:00:00,2026-02-02 00:00:00
ASAHIINDIA,47,1,378397,2022-01-03 09:15:00,2026-02-04 15:29:00
ASAHIINDIA,47,3,126386,2022-01-03 09:15:00,2026-02-04 15:27:00
ASAHIINDIA,47,5,75838,2022-01-03 09:15:00,2026-02-04 15:25:00
ASAHIINDIA,47,15,25280,2022-01-03 09:15:00,2026-02-04 15:15:00
ASAHIINDIA,47,30,13149,2022-01-03 09:00:00,2026-02-04 15:00:00
ASAHIINDIA,47,60,7083,2022-01-03 09:00:00,2026-02-04 15:00:00
ASAHIINDIA,47,1440,1016,2022-01-03 00:00:00,2026-02-04 00:00:00
ASAHIINDIA,47,10080,215,2021-12-27 00:00:00,2026-02-02 00:00:00
ASHOKLEY,48,1,378429,2022-01-03 09:15:00,2026-02-02 15:29:00
ASHOKLEY,48,3,126149,2022-01-03 09:15:00,2026-02-02 15:27:00
ASHOKLEY,48,5,75689,2022-01-03 09:15:00,2026-02-02 15:25:00
ASHOKLEY,48,15,25230,2022-01-03 09:15:00,2026-02-02 15:15:00
ASHOKLEY,48,30,13123,2022-01-03 09:00:00,2026-02-02 15:00:00
ASHOKLEY,48,60,7069,2022-01-03 09:00:00,2026-02-02 15:00:00
ASHOKLEY,48,1440,1014,2022-01-03 00:00:00,2026-02-02 00:00:00
ASHOKLEY,48,10080,215,2021-12-27 00:00:00,2026-02-02 00:00:00
ASIANPAINT,49,1,378429,2022-01-03 09:15:00,2026-02-02 15:29:00
ASIANPAINT,49,3,126149,2022-01-03 09:15:00,2026-02-02 15:27:00
ASIANPAINT,49,5,75689,2022-01-03 09:15:00,2026-02-02 15:25:00
ASIANPAINT,49,15,25230,2022-01-03 09:15:00,2026-02-02 15:15:00
ASIANPAINT,49,30,13123,2022-01-03 09:00:00,2026-02-02 15:00:00
ASIANPAINT,49,60,7069,2022-01-03 09:00:00,2026-02-02 15:00:00
ASIANPAINT,49,1440,1014,2022-01-03 00:00:00,2026-02-02 00:00:00
ASIANPAINT,49,10080,215,2021-12-27 00:00:00,2026-02-02 00:00:00
ASTERDM,50,1,378554,2022-01-03 09:15:00,2026-02-04 15:29:00
ASTERDM,50,3,126393,2022-01-03 09:15:00,2026-02-04 15:27:00
ASTERDM,50,5,75838,2022-01-03 09:15:00,2026-02-04 15:25:00
ASTERDM,50,15,25280,2022-01-03 09:15:00,2026-02-04 15:15:00
ASTERDM,50,30,13149,2022-01-03 09:00:00,2026-02-04 15:00:00
ASTERDM,50,60,7083,2022-01-03 09:00:00,2026-02-04 15:00:00
ASTERDM,50,1440,1016,2022-01-03 00:00:00,2026-02-04 00:00:00
ASTERDM,50,10080,215,2021-12-27 00:00:00,2026-02-02 00:00:00
ASTRAL,52,1,378429,2022-01-03 09:15:00,2026-02-02 15:29:00
ASTRAL,52,3,126149,2022-01-03 09:15:00,2026-02-02 15:27:00
ASTRAL,52,5,75689,2022-01-03 09:15:00,2026-02-02 15:25:00
ASTRAL,52,15,25230,2022-01-03 09:15:00,2026-02-02 15:15:00
ASTRAL,52,30,13123,2022-01-03 09:00:00,2026-02-02 15:00:00
ASTRAL,52,60,7069,2022-01-03 09:00:00,2026-02-02 15:00:00
ASTRAL,52,1440,1014,2022-01-03 00:00:00,2026-02-02 00:00:00
ASTRAL,52,10080,215,2021-12-27 00:00:00,2026-02-02 00:00:00
ASTRAZEN,51,1,109935,2024-12-02 09:15:00,2026-02-04 15:29:00
ASTRAZEN,51,3,36645,2024-12-02 09:15:00,2026-02-04 15:27:00
ASTRAZEN,51,5,21987,2024-12-02 09:15:00,2026-02-04 15:25:00
ASTRAZEN,51,15,7329,2024-12-02 09:15:00,2026-02-04 15:15:00
ASTRAZEN,51,30,3812,2024-12-02 09:00:00,2026-02-04 15:00:00
ASTRAZEN,51,60,2053,2024-12-02 09:00:00,2026-02-04 15:00:00
ASTRAZEN,51,1440,1016,2022-01-03 00:00:00,2026-02-04 00:00:00
ASTRAZEN,51,10080,215,2021-12-27 00:00:00,2026-02-02 00:00:00
ATGL,20,1,379142,2022-01-03 09:15:00,2026-02-04 15:29:00
ATGL,20,3,126394,2022-01-03 09:15:00,2026-02-04 15:27:00
ATGL,20,5,75838,2022-01-03 09:15:00,2026-02-04 15:25:00
ATGL,20,15,25280,2022-01-03 09:15:00,2026-02-04 15:15:00
ATGL,20,30,13149,2022-01-03 09:00:00,2026-02-04 15:00:00
ATGL,20,60,7083,2022-01-03 09:00:00,2026-02-04 15:00:00
ATGL,20,1440,1016,2022-01-03 00:00:00,2026-02-04 00:00:00
ATGL,20,10080,215,2021-12-27 00:00:00,2026-02-02 00:00:00
ATHERENERG,53,1,70890,2025-05-06 10:00:00,2026-02-04 15:29:00
ATHERENERG,53,3,23630,2025-05-06 10:00:00,2026-02-04 15:27:00
ATHERENERG,53,5,14178,2025-05-06 10:00:00,2026-02-04 15:25:00
ATHERENERG,53,15,4726,2025-05-06 10:00:00,2026-02-04 15:15:00
ATHERENERG,53,30,2458,2025-05-06 10:00:00,2026-02-04 15:00:00
ATHERENERG,53,60,1324,2025-05-06 10:00:00,2026-02-04 15:00:00
ATHERENERG,53,1440,190,2025-05-06 00:00:00,2026-02-04 00:00:00
ATHERENERG,53,10080,40,2025-05-05 00:00:00,2026-02-02 00:00:00
ATUL,54,1,378797,2022-01-03 09:15:00,2026-02-03 15:29:00
ATUL,54,3,126274,2022-01-03 09:15:00,2026-02-03 15:27:00
ATUL,54,5,75764,2022-01-03 09:15:00,2026-02-03 15:25:00
ATUL,54,15,25255,2022-01-03 09:15:00,2026-02-03 15:15:00
ATUL,54,30,13136,2022-01-03 09:00:00,2026-02-03 15:00:00
ATUL,54,60,7076,2022-01-03 09:00:00,2026-02-03 15:00:00
ATUL,54,1440,1015,2022-01-03 00:00:00,2026-02-03 00:00:00
ATUL,54,10080,215,2021-12-27 00:00:00,2026-02-02 00:00:00
AUBANK,8,1,378428,2022-01-03 09:15:00,2026-02-02 15:29:00
AUBANK,8,3,126149,2022-01-03 09:15:00,2026-02-02 15:27:00
AUBANK,8,5,75689,2022-01-03 09:15:00,2026-02-02 15:25:00
AUBANK,8,15,25230,2022-01-03 09:15:00,2026-02-02 15:15:00
AUBANK,8,30,13123,2022-01-03 09:00:00,2026-02-02 15:00:00
AUBANK,8,60,7069,2022-01-03 09:00:00,2026-02-02 15:00:00
AUBANK,8,1440,1014,2022-01-03 00:00:00,2026-02-02 00:00:00
AUBANK,8,10080,215,2021-12-27 00:00:00,2026-02-02 00:00:00
AUROPHARMA,55,1,378429,2022-01-03 09:15:00,2026-02-02 15:29:00
AUROPHARMA,55,3,126149,2022-01-03 09:15:00,2026-02-02 15:27:00
AUROPHARMA,55,5,75689,2022-01-03 09:15:00,2026-02-02 15:25:00
AUROPHARMA,55,15,25230,2022-01-03 09:15:00,2026-02-02 15:15:00
AUROPHARMA,55,30,13123,2022-01-03 09:00:00,2026-02-02 15:00:00
AUROPHARMA,55,60,7069,2022-01-03 09:00:00,2026-02-02 15:00:00
AUROPHARMA,55,1440,1014,2022-01-03 00:00:00,2026-02-02 00:00:00
AUROPHARMA,55,10080,215,2021-12-27 00:00:00,2026-02-02 00:00:00
AWL,9,1,369769,2022-02-08 09:15:00,2026-02-04 15:29:00
AWL,9,3,123260,2022-02-08 09:15:00,2026-02-04 15:27:00
AWL,9,5,73958,2022-02-08 09:15:00,2026-02-04 15:25:00
AWL,9,15,24654,2022-02-08 09:15:00,2026-02-04 15:15:00
AWL,9,30,12824,2022-02-08 09:00:00,2026-02-04 15:00:00
AWL,9,60,6908,2022-02-08 09:00:00,2026-02-04 15:00:00
AWL,9,1440,920,2022-02-08 00:00:00,2026-02-04 00:00:00
AWL,9,10080,195,2022-02-07 00:00:00,2026-02-02 00:00:00
AXISBANK,58,1,378429,2022-01-03 09:15:00,2026-02-02 15:29:00
AXISBANK,58,3,126149,2022-01-03 09:15:00,2026-02-02 15:27:00
AXISBANK,58,5,75689,2022-01-03 09:15:00,2026-02-02 15:25:00
AXISBANK,58,15,25230,2022-01-03 09:15:00,2026-02-02 15:15:00
AXISBANK,58,30,13123,2022-01-03 09:00:00,2026-02-02 15:00:00
AXISBANK,58,60,7069,2022-01-03 09:00:00,2026-02-02 15:00:00
AXISBANK,58,1440,1014,2022-01-03 00:00:00,2026-02-02 00:00:00
AXISBANK,58,10080,215,2021-12-27 00:00:00,2026-02-02 00:00:00
BAJAJ-AUTO,63,1,379177,2022-01-03 09:15:00,2026-02-04 15:29:00
BAJAJ-AUTO,63,3,126398,2022-01-03 09:15:00,2026-02-04 15:27:00
BAJAJ-AUTO,63,5,75839,2022-01-03 09:15:00,2026-02-04 15:25:00
BAJAJ-AUTO,63,15,25280,2022-01-03 09:15:00,2026-02-04 15:15:00
BAJAJ-AUTO,63,30,13149,2022-01-03 09:00:00,2026-02-04 15:00:00
BAJAJ-AUTO,63,60,7083,2022-01-03 09:00:00,2026-02-04 15:00:00
BAJAJ-AUTO,63,1440,1016,2022-01-03 00:00:00,2026-02-04 00:00:00
BAJAJ-AUTO,63,10080,215,2021-12-27 00:00:00,2026-02-02 00:00:00
BAJAJFINSV,65,1,378428,2022-01-03 09:15:00,2026-02-02 15:29:00
BAJAJFINSV,65,3,126148,2022-01-03 09:15:00,2026-02-02 15:27:00
BAJAJFINSV,65,5,75689,2022-01-03 09:15:00,2026-02-02 15:25:00
BAJAJFINSV,65,15,25230,2022-01-03 09:15:00,2026-02-02 15:15:00
BAJAJFINSV,65,30,13123,2022-01-03 09:00:00,2026-02-02 15:00:00
BAJAJFINSV,65,60,7069,2022-01-03 09:00:00,2026-02-02 15:00:00
BAJAJFINSV,65,1440,1014,2022-01-03 00:00:00,2026-02-02 00:00:00
BAJAJFINSV,65,10080,215,2021-12-27 00:00:00,2026-02-02 00:00:00
BAJAJHFL,67,1,129086,2024-09-16 09:15:00,2026-02-04 15:29:00
BAJAJHFL,67,3,43032,2024-09-16 09:15:00,2026-02-04 15:27:00
BAJAJHFL,67,5,25820,2024-09-16 09:15:00,2026-02-04 15:25:00
BAJAJHFL,67,15,8608,2024-09-16 09:15:00,2026-02-04 15:15:00
BAJAJHFL,67,30,4477,2024-09-16 09:00:00,2026-02-04 15:00:00
BAJAJHFL,67,60,2411,2024-09-16 09:00:00,2026-02-04 15:00:00
BAJAJHFL,67,1440,346,2024-09-16 00:00:00,2026-02-04 00:00:00
BAJAJHFL,67,10080,73,2024-09-16 00:00:00,2026-02-02 00:00:00
BAJAJHLDNG,66,1,109560,2024-12-02 09:15:00,2026-02-03 15:29:00
BAJAJHLDNG,66,3,36520,2024-12-02 09:15:00,2026-02-03 15:27:00
BAJAJHLDNG,66,5,21912,2024-12-02 09:15:00,2026-02-03 15:25:00
BAJAJHLDNG,66,15,7304,2024-12-02 09:15:00,2026-02-03 15:15:00
BAJAJHLDNG,66,30,3799,2024-12-02 09:00:00,2026-02-03 15:00:00
BAJAJHLDNG,66,60,2046,2024-12-02 09:00:00,2026-02-03 15:00:00
BAJAJHLDNG,66,1440,1015,2022-01-03 00:00:00,2026-02-03 00:00:00
BAJAJHLDNG,66,10080,215,2021-12-27 00:00:00,2026-02-02 00:00:00
BAJFINANCE,64,1,378428,2022-01-03 09:15:00,2026-02-02 15:29:00
BAJFINANCE,64,3,126148,2022-01-03 09:15:00,2026-02-02 15:27:00
BAJFINANCE,64,5,75689,2022-01-03 09:15:00,2026-02-02 15:25:00
BAJFINANCE,64,15,25230,2022-01-03 09:15:00,2026-02-02 15:15:00
BAJFINANCE,64,30,13123,2022-01-03 09:00:00,2026-02-02 15:00:00
BAJFINANCE,64,60,7069,2022-01-03 09:00:00,2026-02-02 15:00:00
BAJFINANCE,64,1440,1014,2022-01-03 00:00:00,2026-02-02 00:00:00
BAJFINANCE,64,10080,215,2021-12-27 00:00:00,2026-02-02 00:00:00
BALKRISIND,68,1,378428,2022-01-03 09:15:00,2026-02-02 15:29:00
BALKRISIND,68,3,126148,2022-01-03 09:15:00,2026-02-02 15:27:00
BALKRISIND,68,5,75689,2022-01-03 09:15:00,2026-02-02 15:25:00
BALKRISIND,68,15,25230,2022-01-03 09:15:00,2026-02-02 15:15:00
BALKRISIND,68,30,13123,2022-01-03 09:00:00,2026-02-02 15:00:00
BALKRISIND,68,60,7069,2022-01-03 09:00:00,2026-02-02 15:00:00
BALKRISIND,68,1440,1014,2022-01-03 00:00:00,2026-02-02 00:00:00
BALKRISIND,68,10080,215,2021-12-27 00:00:00,2026-02-02 00:00:00
BALRAMCHIN,69,1,379176,2022-01-03 09:15:00,2026-02-04 15:29:00
BALRAMCHIN,69,3,126398,2022-01-03 09:15:00,2026-02-04 15:27:00
BALRAMCHIN,69,5,75839,2022-01-03 09:15:00,2026-02-04 15:25:00
BALRAMCHIN,69,15,25280,2022-01-03 09:15:00,2026-02-04 15:15:00
BALRAMCHIN,69,30,13149,2022-01-03 09:00:00,2026-02-04 15:00:00
BALRAMCHIN,69,60,7083,2022-01-03 09:00:00,2026-02-04 15:00:00
BALRAMCHIN,69,1440,1016,2022-01-03 00:00:00,2026-02-04 00:00:00
BALRAMCHIN,69,10080,215,2021-12-27 00:00:00,2026-02-02 00:00:00
BANDHANBNK,70,1,378428,2022-01-03 09:15:00,2026-02-02 15:29:00
BANDHANBNK,70,3,126148,2022-01-03 09:15:00,2026-02-02 15:27:00
BANDHANBNK,70,5,75689,2022-01-03 09:15:00,2026-02-02 15:25:00
BANDHANBNK,70,15,25230,2022-01-03 09:15:00,2026-02-02 15:15:00
BANDHANBNK,70,30,13123,2022-01-03 09:00:00,2026-02-02 15:00:00
BANDHANBNK,70,60,7069,2022-01-03 09:00:00,2026-02-02 15:00:00
BANDHANBNK,70,1440,1014,2022-01-03 00:00:00,2026-02-02 00:00:00
BANDHANBNK,70,10080,215,2021-12-27 00:00:00,2026-02-02 00:00:00
BANKBARODA,71,1,378428,2022-01-03 09:15:00,2026-02-02 15:29:00
BANKBARODA,71,3,126148,2022-01-03 09:15:00,2026-02-02 15:27:00
BANKBARODA,71,5,75689,2022-01-03 09:15:00,2026-02-02 15:25:00
BANKBARODA,71,15,25230,2022-01-03 09:15:00,2026-02-02 15:15:00
BANKBARODA,71,30,13123,2022-01-03 09:00:00,2026-02-02 15:00:00
BANKBARODA,71,60,7069,2022-01-03 09:00:00,2026-02-02 15:00:00
BANKBARODA,71,1440,1014,2022-01-03 00:00:00,2026-02-02 00:00:00
BANKBARODA,71,10080,215,2021-12-27 00:00:00,2026-02-02 00:00:00
BANKINDIA,72,1,379172,2022-01-03 09:15:00,2026-02-04 15:29:00
BANKINDIA,72,3,126394,2022-01-03 09:15:00,2026-02-04 15:27:00
BANKINDIA,72,5,75838,2022-01-03 09:15:00,2026-02-04 15:25:00
BANKINDIA,72,15,25280,2022-01-03 09:15:00,2026-02-04 15:15:00
BANKINDIA,72,30,13149,2022-01-03 09:00:00,2026-02-04 15:00:00
BANKINDIA,72,60,7083,2022-01-03 09:00:00,2026-02-04 15:00:00
BANKINDIA,72,1440,1016,2022-01-03 00:00:00,2026-02-04 00:00:00
BANKINDIA,72,10080,215,2021-12-27 00:00:00,2026-02-02 00:00:00
BASF,59,1,375721,2022-01-03 09:15:00,2026-02-03 15:29:00
BASF,59,3,126216,2022-01-03 09:15:00,2026-02-03 15:27:00
BASF,59,5,75759,2022-01-03 09:15:00,2026-02-03 15:25:00
BASF,59,15,25255,2022-01-03 09:15:00,2026-02-03 15:15:00
BASF,59,30,13136,2022-01-03 09:00:00,2026-02-03 15:00:00
BASF,59,60,7076,2022-01-03 09:00:00,2026-02-03 15:00:00
BASF,59,1440,1015,2022-01-03 00:00:00,2026-02-03 00:00:00
BASF,59,10080,215,2021-12-27 00:00:00,2026-02-02 00:00:00
BATAINDIA,74,1,109185,2024-12-02 09:15:00,2026-02-02 15:29:00
BATAINDIA,74,3,36395,2024-12-02 09:15:00,2026-02-02 15:27:00
BATAINDIA,74,5,21837,2024-12-02 09:15:00,2026-02-02 15:25:00
BATAINDIA,74,15,7279,2024-12-02 09:15:00,2026-02-02 15:15:00
BATAINDIA,74,30,3786,2024-12-02 09:00:00,2026-02-02 15:00:00
BATAINDIA,74,60,2039,2024-12-02 09:00:00,2026-02-02 15:00:00
BATAINDIA,74,1440,1014,2022-01-03 00:00:00,2026-02-02 00:00:00
BATAINDIA,74,10080,215,2021-12-27 00:00:00,2026-02-02 00:00:00
BAYERCROP,75,1,375790,2022-01-03 09:15:00,2026-02-03 15:29:00
BAYERCROP,75,3,126224,2022-01-03 09:15:00,2026-02-03 15:27:00
BAYERCROP,75,5,75759,2022-01-03 09:15:00,2026-02-03 15:25:00
BAYERCROP,75,15,25255,2022-01-03 09:15:00,2026-02-03 15:15:00
BAYERCROP,75,30,13136,2022-01-03 09:00:00,2026-02-03 15:00:00
BAYERCROP,75,60,7076,2022-01-03 09:00:00,2026-02-03 15:00:00
BAYERCROP,75,1440,1015,2022-01-03 00:00:00,2026-02-03 00:00:00
BAYERCROP,75,10080,215,2021-12-27 00:00:00,2026-02-02 00:00:00
BBTC,90,1,377384,2022-01-03 09:15:00,2026-02-04 15:29:00
BBTC,90,3,126370,2022-01-03 09:15:00,2026-02-04 15:27:00
BBTC,90,5,75836,2022-01-03 09:15:00,2026-02-04 15:25:00
BBTC,90,15,25280,2022-01-03 09:15:00,2026-02-04 15:15:00
BBTC,90,30,13149,2022-01-03 09:00:00,2026-02-04 15:00:00
BBTC,90,60,7083,2022-01-03 09:00:00,2026-02-04 15:00:00
BBTC,90,1440,1016,2022-01-03 00:00:00,2026-02-04 00:00:00
BBTC,90,10080,215,2021-12-27 00:00:00,2026-02-02 00:00:00
BDL,77,1,378794,2022-01-03 09:15:00,2026-02-03 15:29:00
BDL,77,3,126269,2022-01-03 09:15:00,2026-02-03 15:27:00
BDL,77,5,75763,2022-01-03 09:15:00,2026-02-03 15:25:00
BDL,77,15,25255,2022-01-03 09:15:00,2026-02-03 15:15:00
BDL,77,30,13136,2022-01-03 09:00:00,2026-02-03 15:00:00
BDL,77,60,7076,2022-01-03 09:00:00,2026-02-03 15:00:00
BDL,77,1440,1015,2022-01-03 00:00:00,2026-02-03 00:00:00
BDL,77,10080,215,2021-12-27 00:00:00,2026-02-02 00:00:00
BEL,78,1,378428,2022-01-03 09:15:00,2026-02-02 15:29:00
BEL,78,3,126148,2022-01-03 09:15:00,2026-02-02 15:27:00
BEL,78,5,75689,2022-01-03 09:15:00,2026-02-02 15:25:00
BEL,78,15,25230,2022-01-03 09:15:00,2026-02-02 15:15:00
BEL,78,30,13123,2022-01-03 09:00:00,2026-02-02 15:00:00
BEL,78,60,7069,2022-01-03 09:00:00,2026-02-02 15:00:00
BEL,78,1440,1014,2022-01-03 00:00:00,2026-02-02 00:00:00
BEL,78,10080,215,2021-12-27 00:00:00,2026-02-02 00:00:00
BEML,60,1,378608,2022-01-03 09:15:00,2026-02-03 15:29:00
BEML,60,3,126258,2022-01-03 09:15:00,2026-02-03 15:27:00
BEML,60,5,75758,2022-01-03 09:15:00,2026-02-03 15:25:00
BEML,60,15,25255,2022-01-03 09:15:00,2026-02-03 15:15:00
BEML,60,30,13136,2022-01-03 09:00:00,2026-02-03 15:00:00
BEML,60,60,7076,2022-01-03 09:00:00,2026-02-03 15:00:00
BEML,60,1440,1015,2022-01-03 00:00:00,2026-02-03 00:00:00
BEML,60,10080,215,2021-12-27 00:00:00,2026-02-02 00:00:00
BERGEPAINT,76,1,378428,2022-01-03 09:15:00,2026-02-02 15:29:00
BERGEPAINT,76,3,126148,2022-01-03 09:15:00,2026-02-02 15:27:00
BERGEPAINT,76,5,75689,2022-01-03 09:15:00,2026-02-02 15:25:00
BERGEPAINT,76,15,25230,2022-01-03 09:15:00,2026-02-02 15:15:00
BERGEPAINT,76,30,13123,2022-01-03 09:00:00,2026-02-02 15:00:00
BERGEPAINT,76,60,7069,2022-01-03 09:00:00,2026-02-02 15:00:00
BERGEPAINT,76,1440,1014,2022-01-03 00:00:00,2026-02-02 00:00:00
BERGEPAINT,76,10080,215,2021-12-27 00:00:00,2026-02-02 00:00:00
BHARATFORG,79,1,378803,2022-01-03 09:15:00,2026-02-03 15:29:00
BHARATFORG,79,3,126273,2022-01-03 09:15:00,2026-02-03 15:27:00
BHARATFORG,79,5,75764,2022-01-03 09:15:00,2026-02-03 15:25:00
BHARATFORG,79,15,25255,2022-01-03 09:15:00,2026-02-03 15:15:00
BHARATFORG,79,30,13136,2022-01-03 09:00:00,2026-02-03 15:00:00
BHARATFORG,79,60,7076,2022-01-03 09:00:00,2026-02-03 15:00:00
BHARATFORG,79,1440,1015,2022-01-03 00:00:00,2026-02-03 00:00:00
BHARATFORG,79,10080,215,2021-12-27 00:00:00,2026-02-02 00:00:00
BHARTIARTL,82,1,85174,2022-01-03 09:15:00,2026-02-02 15:29:00
BHARTIARTL,82,3,28394,2022-01-03 09:15:00,2026-02-02 15:27:00
BHARTIARTL,82,5,17036,2022-01-03 09:15:00,2026-02-02 15:25:00
BHARTIARTL,82,15,5679,2022-01-03 09:15:00,2026-02-02 15:15:00
BHARTIARTL,82,30,2954,2022-01-03 09:00:00,2026-02-02 15:00:00
BHARTIARTL,82,60,1591,2022-01-03 09:00:00,2026-02-02 15:00:00
BHARTIARTL,82,1440,1014,2022-01-03 00:00:00,2026-02-02 00:00:00
BHARTIARTL,82,10080,215,2021-12-27 00:00:00,2026-02-02 00:00:00
BHARTIHEXA,83,1,168560,2024-04-12 09:15:00,2026-02-04 15:29:00
BHARTIHEXA,83,3,56191,2024-04-12 09:15:00,2026-02-04 15:27:00
BHARTIHEXA,83,5,33716,2024-04-12 09:15:00,2026-02-04 15:25:00
BHARTIHEXA,83,15,11240,2024-04-12 09:15:00,2026-02-04 15:15:00
BHARTIHEXA,83,30,5846,2024-04-12 09:00:00,2026-02-04 15:00:00
BHARTIHEXA,83,60,3149,2024-04-12 09:00:00,2026-02-04 15:00:00
BHARTIHEXA,83,1440,452,2024-04-12 00:00:00,2026-02-04 00:00:00
BHARTIHEXA,83,10080,96,2024-04-08 00:00:00,2026-02-02 00:00:00
BHEL,80,1,378428,2022-01-03 09:15:00,2026-02-02 15:29:00
BHEL,80,3,126148,2022-01-03 09:15:00,2026-02-02 15:27:00
BHEL,80,5,75689,2022-01-03 09:15:00,2026-02-02 15:25:00
BHEL,80,15,25230,2022-01-03 09:15:00,2026-02-02 15:15:00
BHEL,80,30,13123,2022-01-03 09:00:00,2026-02-02 15:00:00
BHEL,80,60,7069,2022-01-03 09:00:00,2026-02-02 15:00:00
BHEL,80,1440,1014,2022-01-03 00:00:00,2026-02-02 00:00:00
BHEL,80,10080,215,2021-12-27 00:00:00,2026-02-02 00:00:00
BIKAJI,84,1,109935,2024-12-02 09:15:00,2026-02-04 15:29:00
BIKAJI,84,3,36645,2024-12-02 09:15:00,2026-02-04 15:27:00
BIKAJI,84,5,21987,2024-12-02 09:15:00,2026-02-04 15:25:00
BIKAJI,84,15,7329,2024-12-02 09:15:00,2026-02-04 15:15:00
BIKAJI,84,30,3812,2024-12-02 09:00:00,2026-02-04 15:00:00
BIKAJI,84,60,2053,2024-12-02 09:00:00,2026-02-04 15:00:00
BIKAJI,84,1440,801,2022-11-16 00:00:00,2026-02-04 00:00:00
BIKAJI,84,10080,169,2022-11-14 00:00:00,2026-02-02 00:00:00
BIOCON,85,1,378428,2022-01-03 09:15:00,2026-02-02 15:29:00
BIOCON,85,3,126148,2022-01-03 09:15:00,2026-02-02 15:27:00
BIOCON,85,5,75689,2022-01-03 09:15:00,2026-02-02 15:25:00
BIOCON,85,15,25230,2022-01-03 09:15:00,2026-02-02 15:15:00
BIOCON,85,30,13123,2022-01-03 09:00:00,2026-02-02 15:00:00
BIOCON,85,60,7069,2022-01-03 09:00:00,2026-02-02 15:00:00
BIOCON,85,1440,1014,2022-01-03 00:00:00,2026-02-02 00:00:00
BIOCON,85,10080,215,2021-12-27 00:00:00,2026-02-02 00:00:00
BLS,61,1,378549,2022-01-03 09:15:00,2026-02-04 15:29:00
BLS,61,3,126385,2022-01-03 09:15:00,2026-02-04 15:27:00
BLS,61,5,75837,2022-01-03 09:15:00,2026-02-04 15:25:00
BLS,61,15,25280,2022-01-03 09:15:00,2026-02-04 15:15:00
BLS,61,30,13149,2022-01-03 09:00:00,2026-02-04 15:00:00
BLS,61,60,7083,2022-01-03 09:00:00,2026-02-04 15:00:00
BLS,61,1440,1016,2022-01-03 00:00:00,2026-02-04 00:00:00
BLS,61,10080,215,2021-12-27 00:00:00,2026-02-02 00:00:00
BLUEDART,87,1,378351,2022-01-03 09:15:00,2026-02-04 15:29:00
BLUEDART,87,3,126386,2022-01-03 09:15:00,2026-02-04 15:27:00
BLUEDART,87,5,75838,2022-01-03 09:15:00,2026-02-04 15:25:00
BLUEDART,87,15,25280,2022-01-03 09:15:00,2026-02-04 15:15:00
BLUEDART,87,30,13149,2022-01-03 09:00:00,2026-02-04 15:00:00
BLUEDART,87,60,7083,2022-01-03 09:00:00,2026-02-04 15:00:00
BLUEDART,87,1440,1016,2022-01-03 00:00:00,2026-02-04 00:00:00
BLUEDART,87,10080,215,2021-12-27 00:00:00,2026-02-02 00:00:00
BLUEJET,88,1,209430,2023-11-01 09:15:00,2026-02-04 15:29:00
BLUEJET,88,3,69869,2023-11-01 09:15:00,2026-02-04 15:27:00
BLUEJET,88,5,41924,2023-11-01 09:15:00,2026-02-04 15:25:00
BLUEJET,88,15,13976,2023-11-01 09:15:00,2026-02-04 15:15:00
BLUEJET,88,30,7270,2023-11-01 09:00:00,2026-02-04 15:00:00
BLUEJET,88,60,3917,2023-11-01 09:00:00,2026-02-04 15:00:00
BLUEJET,88,1440,563,2023-11-01 00:00:00,2026-02-04 00:00:00
BLUEJET,88,10080,119,2023-10-30 00:00:00,2026-02-02 00:00:00
BLUESTARCO,89,1,378206,2022-01-03 09:15:00,2026-02-03 15:29:00
BLUESTARCO,89,3,126267,2022-01-03 09:15:00,2026-02-03 15:27:00
BLUESTARCO,89,5,75763,2022-01-03 09:15:00,2026-02-03 15:25:00
BLUESTARCO,89,15,25255,2022-01-03 09:15:00,2026-02-03 15:15:00
BLUESTARCO,89,30,13136,2022-01-03 09:00:00,2026-02-03 15:00:00
BLUESTARCO,89,60,7076,2022-01-03 09:00:00,2026-02-03 15:00:00
BLUESTARCO,89,1440,1015,2022-01-03 00:00:00,2026-02-03 00:00:00
BLUESTARCO,89,10080,215,2021-12-27 00:00:00,2026-02-02 00:00:00
BOSCHLTD,91,1,378425,2022-01-03 09:15:00,2026-02-02 15:29:00
BOSCHLTD,91,3,126148,2022-01-03 09:15:00,2026-02-02 15:27:00
BOSCHLTD,91,5,75689,2022-01-03 09:15:00,2026-02-02 15:25:00
BOSCHLTD,91,15,25230,2022-01-03 09:15:00,2026-02-02 15:15:00
BOSCHLTD,91,30,13123,2022-01-03 09:00:00,2026-02-02 15:00:00
BOSCHLTD,91,60,7069,2022-01-03 09:00:00,2026-02-02 15:00:00
BOSCHLTD,91,1440,1014,2022-01-03 00:00:00,2026-02-02 00:00:00
BOSCHLTD,91,10080,215,2021-12-27 00:00:00,2026-02-02 00:00:00
BPCL,81,1,378426,2022-01-03 09:15:00,2026-02-02 15:29:00
BPCL,81,3,126148,2022-01-03 09:15:00,2026-02-02 15:27:00
BPCL,81,5,75689,2022-01-03 09:15:00,2026-02-02 15:25:00
BPCL,81,15,25230,2022-01-03 09:15:00,2026-02-02 15:15:00
BPCL,81,30,13123,2022-01-03 09:00:00,2026-02-02 15:00:00
BPCL,81,60,7069,2022-01-03 09:00:00,2026-02-02 15:00:00
BPCL,81,1440,1014,2022-01-03 00:00:00,2026-02-02 00:00:00
BPCL,81,10080,215,2021-12-27 00:00:00,2026-02-02 00:00:00
BRIGADE,93,1,378648,2022-01-03 09:15:00,2026-02-03 15:29:00
BRIGADE,93,3,126269,2022-01-03 09:15:00,2026-02-03 15:27:00
BRIGADE,93,5,75763,2022-01-03 09:15:00,2026-02-03 15:25:00
BRIGADE,93,15,25255,2022-01-03 09:15:00,2026-02-03 15:15:00
BRIGADE,93,30,13136,2022-01-03 09:00:00,2026-02-03 15:00:00
BRIGADE,93,60,7076,2022-01-03 09:00:00,2026-02-03 15:00:00
BRIGADE,93,1440,1015,2022-01-03 00:00:00,2026-02-03 00:00:00
BRIGADE,93,10080,215,2021-12-27 00:00:00,2026-02-02 00:00:00
BRITANNIA,94,1,378428,2022-01-03 09:15:00,2026-02-02 15:29:00
BRITANNIA,94,3,126148,2022-01-03 09:15:00,2026-02-02 15:27:00
BRITANNIA,94,5,75689,2022-01-03 09:15:00,2026-02-02 15:25:00
BRITANNIA,94,15,25230,2022-01-03 09:15:00,2026-02-02 15:15:00
BRITANNIA,94,30,13123,2022-01-03 09:00:00,2026-02-02 15:00:00
BRITANNIA,94,60,7069,2022-01-03 09:00:00,2026-02-02 15:00:00
BRITANNIA,94,1440,1014,2022-01-03 00:00:00,2026-02-02 00:00:00
BRITANNIA,94,10080,215,2021-12-27 00:00:00,2026-02-02 00:00:00
BSE,62,1,378797,2022-01-03 09:15:00,2026-02-03 15:29:00
BSE,62,3,126269,2022-01-03 09:15:00,2026-02-03 15:27:00
BSE,62,5,75763,2022-01-03 09:15:00,2026-02-03 15:25:00
BSE,62,15,25255,2022-01-03 09:15:00,2026-02-03 15:15:00
BSE,62,30,13136,2022-01-03 09:00:00,2026-02-03 15:00:00
BSE,62,60,7076,2022-01-03 09:00:00,2026-02-03 15:00:00
BSE,62,1440,1015,2022-01-03 00:00:00,2026-02-03 00:00:00
BSE,62,10080,215,2021-12-27 00:00:00,2026-02-02 00:00:00
BSOFT,86,1,379178,2022-01-03 09:15:00,2026-02-04 15:29:00
BSOFT,86,3,126398,2022-01-03 09:15:00,2026-02-04 15:27:00
BSOFT,86,5,75839,2022-01-03 09:15:00,2026-02-04 15:25:00
BSOFT,86,15,25280,2022-01-03 09:15:00,2026-02-04 15:15:00
BSOFT,86,30,13149,2022-01-03 09:00:00,2026-02-04 15:00:00
BSOFT,86,60,7083,2022-01-03 09:00:00,2026-02-04 15:00:00
BSOFT,86,1440,1016,2022-01-03 00:00:00,2026-02-04 00:00:00
BSOFT,86,10080,215,2021-12-27 00:00:00,2026-02-02 00:00:00
CAMPUS,100,1,347283,2022-05-09 09:15:00,2026-02-03 15:29:00
CAMPUS,100,3,115765,2022-05-09 09:15:00,2026-02-03 15:27:00
CAMPUS,100,5,69460,2022-05-09 09:15:00,2026-02-03 15:25:00
CAMPUS,100,15,23154,2022-05-09 09:15:00,2026-02-03 15:15:00
CAMPUS,100,30,12044,2022-05-09 09:00:00,2026-02-03 15:00:00
CAMPUS,100,60,6488,2022-05-09 09:00:00,2026-02-03 15:00:00
CAMPUS,100,1440,931,2022-05-09 00:00:00,2026-02-03 00:00:00
CAMPUS,100,10080,196,2022-05-09 00:00:00,2026-02-02 00:00:00
CAMS,126,1,347612,2022-01-03 09:15:00,2025-10-01 15:29:00
CAMS,126,3,115874,2022-01-03 09:15:00,2025-10-01 15:27:00
CAMS,126,5,69526,2022-01-03 09:15:00,2025-10-01 15:25:00
CAMS,126,15,23176,2022-01-03 09:15:00,2025-10-01 15:15:00
CAMS,126,30,12054,2022-01-03 09:00:00,2025-10-01 15:00:00
CAMS,126,60,6493,2022-01-03 09:00:00,2025-10-01 15:00:00
CAMS,126,1440,951,2022-01-03 00:00:00,2025-10-31 00:00:00
CANBK,102,1,378429,2022-01-03 09:15:00,2026-02-02 15:29:00
CANBK,102,3,126149,2022-01-03 09:15:00,2026-02-02 15:27:00
CANBK,102,5,75689,2022-01-03 09:15:00,2026-02-02 15:25:00
CANBK,102,15,25230,2022-01-03 09:15:00,2026-02-02 15:15:00
CANBK,102,30,13123,2022-01-03 09:00:00,2026-02-02 15:00:00
CANBK,102,60,7069,2022-01-03 09:00:00,2026-02-02 15:00:00
CANBK,102,1440,1014,2022-01-03 00:00:00,2026-02-02 00:00:00
CANBK,102,10080,215,2021-12-27 00:00:00,2026-02-02 00:00:00
CANFINHOME,101,1,378429,2022-01-03 09:15:00,2026-02-02 15:29:00
CANFINHOME,101,3,126149,2022-01-03 09:15:00,2026-02-02 15:27:00
CANFINHOME,101,5,75689,2022-01-03 09:15:00,2026-02-02 15:25:00
CANFINHOME,101,15,25230,2022-01-03 09:15:00,2026-02-02 15:15:00
CANFINHOME,101,30,13123,2022-01-03 09:00:00,2026-02-02 15:00:00
CANFINHOME,101,60,7069,2022-01-03 09:00:00,2026-02-02 15:00:00
CANFINHOME,101,1440,1014,2022-01-03 00:00:00,2026-02-02 00:00:00
CANFINHOME,101,10080,215,2021-12-27 00:00:00,2026-02-02 00:00:00
CAPLIPOINT,103,1,377875,2022-01-03 09:15:00,2026-02-04 15:29:00
CAPLIPOINT,103,3,126390,2022-01-03 09:15:00,2026-02-04 15:27:00
CAPLIPOINT,103,5,75838,2022-01-03 09:15:00,2026-02-04 15:25:00
CAPLIPOINT,103,15,25280,2022-01-03 09:15:00,2026-02-04 15:15:00
CAPLIPOINT,103,30,13149,2022-01-03 09:00:00,2026-02-04 15:00:00
CAPLIPOINT,103,60,7083,2022-01-03 09:00:00,2026-02-04 15:00:00
CAPLIPOINT,103,1440,1016,2022-01-03 00:00:00,2026-02-04 00:00:00
CAPLIPOINT,103,10080,215,2021-12-27 00:00:00,2026-02-02 00:00:00
CARBORUNIV,105,1,109560,2024-12-02 09:15:00,2026-02-03 15:29:00
CARBORUNIV,105,3,36520,2024-12-02 09:15:00,2026-02-03 15:27:00
CARBORUNIV,105,5,21912,2024-12-02 09:15:00,2026-02-03 15:25:00
CARBORUNIV,105,15,7304,2024-12-02 09:15:00,2026-02-03 15:15:00
CARBORUNIV,105,30,3799,2024-12-02 09:00:00,2026-02-03 15:00:00
CARBORUNIV,105,60,2046,2024-12-02 09:00:00,2026-02-03 15:00:00
CARBORUNIV,105,1440,1015,2022-01-03 00:00:00,2026-02-03 00:00:00
CARBORUNIV,105,10080,215,2021-12-27 00:00:00,2026-02-02 00:00:00
CASTROLIND,106,1,378767,2022-01-03 09:15:00,2026-02-03 15:29:00
CASTROLIND,106,3,126269,2022-01-03 09:15:00,2026-02-03 15:27:00
CASTROLIND,106,5,75763,2022-01-03 09:15:00,2026-02-03 15:25:00
CASTROLIND,106,15,25255,2022-01-03 09:15:00,2026-02-03 15:15:00
CASTROLIND,106,30,13136,2022-01-03 09:00:00,2026-02-03 15:00:00
CASTROLIND,106,60,7076,2022-01-03 09:00:00,2026-02-03 15:00:00
CASTROLIND,106,1440,1015,2022-01-03 00:00:00,2026-02-03 00:00:00
CASTROLIND,106,10080,215,2021-12-27 00:00:00,2026-02-02 00:00:00
CCL,96,1,379113,2022-01-03 09:15:00,2026-02-04 15:29:00
CCL,96,3,126394,2022-01-03 09:15:00,2026-02-04 15:27:00
CCL,96,5,75838,2022-01-03 09:15:00,2026-02-04 15:25:00
CCL,96,15,25280,2022-01-03 09:15:00,2026-02-04 15:15:00
CCL,96,30,13149,2022-01-03 09:00:00,2026-02-04 15:00:00
CCL,96,60,7083,2022-01-03 09:00:00,2026-02-04 15:00:00
CCL,96,1440,1016,2022-01-03 00:00:00,2026-02-04 00:00:00
CCL,96,10080,215,2021-12-27 00:00:00,2026-02-02 00:00:00
CDSL,109,1,378798,2022-01-03 09:15:00,2026-02-03 15:29:00
CDSL,109,3,126269,2022-01-03 09:15:00,2026-02-03 15:27:00
CDSL,109,5,75763,2022-01-03 09:15:00,2026-02-03 15:25:00
CDSL,109,15,25255,2022-01-03 09:15:00,2026-02-03 15:15:00
CDSL,109,30,13136,2022-01-03 09:00:00,2026-02-03 15:00:00
CDSL,109,60,7076,2022-01-03 09:00:00,2026-02-03 15:00:00
CDSL,109,1440,1015,2022-01-03 00:00:00,2026-02-03 00:00:00
CDSL,109,10080,215,2021-12-27 00:00:00,2026-02-02 00:00:00
CEATLTD,107,1,378712,2022-01-03 09:15:00,2026-02-03 15:29:00
CEATLTD,107,3,126269,2022-01-03 09:15:00,2026-02-03 15:27:00
CEATLTD,107,5,75763,2022-01-03 09:15:00,2026-02-03 15:25:00
CEATLTD,107,15,25255,2022-01-03 09:15:00,2026-02-03 15:15:00
CEATLTD,107,30,13136,2022-01-03 09:00:00,2026-02-03 15:00:00
CEATLTD,107,60,7076,2022-01-03 09:00:00,2026-02-03 15:00:00
CEATLTD,107,1440,1015,2022-01-03 00:00:00,2026-02-03 00:00:00
CEATLTD,107,10080,215,2021-12-27 00:00:00,2026-02-02 00:00:00
CENTRALBK,108,1,378787,2022-01-03 09:15:00,2026-02-03 15:29:00
CENTRALBK,108,3,126269,2022-01-03 09:15:00,2026-02-03 15:27:00
CENTRALBK,108,5,75763,2022-01-03 09:15:00,2026-02-03 15:25:00
CENTRALBK,108,15,25255,2022-01-03 09:15:00,2026-02-03 15:15:00
CENTRALBK,108,30,13136,2022-01-03 09:00:00,2026-02-03 15:00:00
CENTRALBK,108,60,7076,2022-01-03 09:00:00,2026-02-03 15:00:00
CENTRALBK,108,1440,1015,2022-01-03 00:00:00,2026-02-03 00:00:00
CENTRALBK,108,10080,215,2021-12-27 00:00:00,2026-02-02 00:00:00
CENTURYPLY,110,1,378324,2022-01-03 09:15:00,2026-02-03 15:29:00
CENTURYPLY,110,3,126268,2022-01-03 09:15:00,2026-02-03 15:27:00
CENTURYPLY,110,5,75763,2022-01-03 09:15:00,2026-02-03 15:25:00
CENTURYPLY,110,15,25255,2022-01-03 09:15:00,2026-02-03 15:15:00
CENTURYPLY,110,30,13136,2022-01-03 09:00:00,2026-02-03 15:00:00
CENTURYPLY,110,60,7076,2022-01-03 09:00:00,2026-02-03 15:00:00
CENTURYPLY,110,1440,1015,2022-01-03 00:00:00,2026-02-03 00:00:00
CENTURYPLY,110,10080,215,2021-12-27 00:00:00,2026-02-02 00:00:00
CERA,111,1,377673,2022-01-03 09:15:00,2026-02-04 15:29:00
CERA,111,3,126380,2022-01-03 09:15:00,2026-02-04 15:27:00
CERA,111,5,75836,2022-01-03 09:15:00,2026-02-04 15:25:00
CERA,111,15,25280,2022-01-03 09:15:00,2026-02-04 15:15:00
CERA,111,30,13149,2022-01-03 09:00:00,2026-02-04 15:00:00
CERA,111,60,7083,2022-01-03 09:00:00,2026-02-04 15:00:00
CERA,111,1440,1016,2022-01-03 00:00:00,2026-02-04 00:00:00
CERA,111,10080,215,2021-12-27 00:00:00,2026-02-02 00:00:00
CESC,97,1,378795,2022-01-03 09:15:00,2026-02-03 15:29:00
CESC,97,3,126269,2022-01-03 09:15:00,2026-02-03 15:27:00
CESC,97,5,75763,2022-01-03 09:15:00,2026-02-03 15:25:00
CESC,97,15,25255,2022-01-03 09:15:00,2026-02-03 15:15:00
CESC,97,30,13136,2022-01-03 09:00:00,2026-02-03 15:00:00
CESC,97,60,7076,2022-01-03 09:00:00,2026-02-03 15:00:00
CESC,97,1440,1015,2022-01-03 00:00:00,2026-02-03 00:00:00
CESC,97,10080,215,2021-12-27 00:00:00,2026-02-02 00:00:00
CGCL,104,1,373367,2022-01-03 09:15:00,2026-02-04 15:29:00
CGCL,104,3,126200,2022-01-03 09:15:00,2026-02-04 15:27:00
CGCL,104,5,75807,2022-01-03 09:15:00,2026-02-04 15:25:00
CGCL,104,15,25280,2022-01-03 09:15:00,2026-02-04 15:15:00
CGCL,104,30,13149,2022-01-03 09:00:00,2026-02-04 15:00:00
CGCL,104,60,7083,2022-01-03 09:00:00,2026-02-04 15:00:00
CGCL,104,1440,1016,2022-01-03 00:00:00,2026-02-04 00:00:00
CGCL,104,10080,215,2021-12-27 00:00:00,2026-02-02 00:00:00
CGPOWER,98,1,378791,2022-01-03 09:15:00,2026-02-03 15:29:00
CGPOWER,98,3,126269,2022-01-03 09:15:00,2026-02-03 15:27:00
CGPOWER,98,5,75763,2022-01-03 09:15:00,2026-02-03 15:25:00
CGPOWER,98,15,25255,2022-01-03 09:15:00,2026-02-03 15:15:00
CGPOWER,98,30,13136,2022-01-03 09:00:00,2026-02-03 15:00:00
CGPOWER,98,60,7076,2022-01-03 09:00:00,2026-02-03 15:00:00
CGPOWER,98,1440,1015,2022-01-03 00:00:00,2026-02-03 00:00:00
CGPOWER,98,10080,215,2021-12-27 00:00:00,2026-02-02 00:00:00
CHALET,112,1,109935,2024-12-02 09:15:00,2026-02-04 15:29:00
CHALET,112,3,36645,2024-12-02 09:15:00,2026-02-04 15:27:00
CHALET,112,5,21987,2024-12-02 09:15:00,2026-02-04 15:25:00
CHALET,112,15,7329,2024-12-02 09:15:00,2026-02-04 15:15:00
CHALET,112,30,3812,2024-12-02 09:00:00,2026-02-04 15:00:00
CHALET,112,60,2053,2024-12-02 09:00:00,2026-02-04 15:00:00
CHALET,112,1440,1016,2022-01-03 00:00:00,2026-02-04 00:00:00
CHALET,112,10080,215,2021-12-27 00:00:00,2026-02-02 00:00:00
CHAMBLFERT,113,1,378804,2022-01-03 09:15:00,2026-02-03 15:29:00
CHAMBLFERT,113,3,126274,2022-01-03 09:15:00,2026-02-03 15:27:00
CHAMBLFERT,113,5,75764,2022-01-03 09:15:00,2026-02-03 15:25:00
CHAMBLFERT,113,15,25255,2022-01-03 09:15:00,2026-02-03 15:15:00
CHAMBLFERT,113,30,13136,2022-01-03 09:00:00,2026-02-03 15:00:00
CHAMBLFERT,113,60,7076,2022-01-03 09:00:00,2026-02-03 15:00:00
CHAMBLFERT,113,1440,1015,2022-01-03 00:00:00,2026-02-03 00:00:00
CHAMBLFERT,113,10080,215,2021-12-27 00:00:00,2026-02-02 00:00:00
CHENNPETRO,114,1,379050,2022-01-03 09:15:00,2026-02-04 15:29:00
CHENNPETRO,114,3,126392,2022-01-03 09:15:00,2026-02-04 15:27:00
CHENNPETRO,114,5,75838,2022-01-03 09:15:00,2026-02-04 15:25:00
CHENNPETRO,114,15,25280,2022-01-03 09:15:00,2026-02-04 15:15:00
CHENNPETRO,114,30,13149,2022-01-03 09:00:00,2026-02-04 15:00:00
CHENNPETRO,114,60,7083,2022-01-03 09:00:00,2026-02-04 15:00:00
CHENNPETRO,114,1440,1016,2022-01-03 00:00:00,2026-02-04 00:00:00
CHENNPETRO,114,10080,215,2021-12-27 00:00:00,2026-02-02 00:00:00
CHOICEIN,115,1,334769,2022-04-08 09:15:00,2026-02-04 15:29:00
CHOICEIN,115,3,116729,2022-04-08 09:15:00,2026-02-04 15:27:00
CHOICEIN,115,5,70594,2022-04-08 09:15:00,2026-02-04 15:25:00
CHOICEIN,115,15,23626,2022-04-08 09:15:00,2026-02-04 15:15:00
CHOICEIN,115,30,12291,2022-04-08 09:00:00,2026-02-04 15:00:00
CHOICEIN,115,60,6621,2022-04-08 09:00:00,2026-02-04 15:00:00
CHOICEIN,115,1440,950,2022-04-08 00:00:00,2026-02-04 00:00:00
CHOICEIN,115,10080,201,2022-04-04 00:00:00,2026-02-02 00:00:00
CHOLAFIN,117,1,378429,2022-01-03 09:15:00,2026-02-02 15:29:00
CHOLAFIN,117,3,126149,2022-01-03 09:15:00,2026-02-02 15:27:00
CHOLAFIN,117,5,75689,2022-01-03 09:15:00,2026-02-02 15:25:00
CHOLAFIN,117,15,25230,2022-01-03 09:15:00,2026-02-02 15:15:00
CHOLAFIN,117,30,13123,2022-01-03 09:00:00,2026-02-02 15:00:00
CHOLAFIN,117,60,7069,2022-01-03 09:00:00,2026-02-02 15:00:00
CHOLAFIN,117,1440,1014,2022-01-03 00:00:00,2026-02-02 00:00:00
CHOLAFIN,117,10080,215,2021-12-27 00:00:00,2026-02-02 00:00:00
CHOLAHLDNG,116,1,373528,2022-01-03 09:15:00,2026-02-04 15:29:00
CHOLAHLDNG,116,3,126206,2022-01-03 09:15:00,2026-02-04 15:27:00
CHOLAHLDNG,116,5,75811,2022-01-03 09:15:00,2026-02-04 15:25:00
CHOLAHLDNG,116,15,25280,2022-01-03 09:15:00,2026-02-04 15:15:00
CHOLAHLDNG,116,30,13149,2022-01-03 09:00:00,2026-02-04 15:00:00
CHOLAHLDNG,116,60,7083,2022-01-03 09:00:00,2026-02-04 15:00:00
CHOLAHLDNG,116,1440,1016,2022-01-03 00:00:00,2026-02-04 00:00:00
CHOLAHLDNG,116,10080,215,2021-12-27 00:00:00,2026-02-02 00:00:00
CIPLA,118,1,378429,2022-01-03 09:15:00,2026-02-02 15:29:00
CIPLA,118,3,126149,2022-01-03 09:15:00,2026-02-02 15:27:00
CIPLA,118,5,75689,2022-01-03 09:15:00,2026-02-02 15:25:00
CIPLA,118,15,25230,2022-01-03 09:15:00,2026-02-02 15:15:00
CIPLA,118,30,13123,2022-01-03 09:00:00,2026-02-02 15:00:00
CIPLA,118,60,7069,2022-01-03 09:00:00,2026-02-02 15:00:00
CIPLA,118,1440,1014,2022-01-03 00:00:00,2026-02-02 00:00:00
CIPLA,118,10080,215,2021-12-27 00:00:00,2026-02-02 00:00:00
CLEAN,120,1,378764,2022-01-03 09:15:00,2026-02-03 15:29:00
CLEAN,120,3,126269,2022-01-03 09:15:00,2026-02-03 15:27:00
CLEAN,120,5,75763,2022-01-03 09:15:00,2026-02-03 15:25:00
CLEAN,120,15,25255,2022-01-03 09:15:00,2026-02-03 15:15:00
CLEAN,120,30,13136,2022-01-03 09:00:00,2026-02-03 15:00:00
CLEAN,120,60,7076,2022-01-03 09:00:00,2026-02-03 15:00:00
CLEAN,120,1440,1015,2022-01-03 00:00:00,2026-02-03 00:00:00
CLEAN,120,10080,215,2021-12-27 00:00:00,2026-02-02 00:00:00
COALINDIA,121,1,378429,2022-01-03 09:15:00,2026-02-02 15:29:00
COALINDIA,121,3,126149,2022-01-03 09:15:00,2026-02-02 15:27:00
COALINDIA,121,5,75689,2022-01-03 09:15:00,2026-02-02 15:25:00
COALINDIA,121,15,25230,2022-01-03 09:15:00,2026-02-02 15:15:00
COALINDIA,121,30,13123,2022-01-03 09:00:00,2026-02-02 15:00:00
COALINDIA,121,60,7069,2022-01-03 09:00:00,2026-02-02 15:00:00
COALINDIA,121,1440,1014,2022-01-03 00:00:00,2026-02-02 00:00:00
COALINDIA,121,10080,215,2021-12-27 00:00:00,2026-02-02 00:00:00
COCHINSHIP,122,1,109560,2024-12-02 09:15:00,2026-02-03 15:29:00
COCHINSHIP,122,3,36520,2024-12-02 09:15:00,2026-02-03 15:27:00
COCHINSHIP,122,5,21912,2024-12-02 09:15:00,2026-02-03 15:25:00
COCHINSHIP,122,15,7304,2024-12-02 09:15:00,2026-02-03 15:15:00
COCHINSHIP,122,30,3799,2024-12-02 09:00:00,2026-02-03 15:00:00
COCHINSHIP,122,60,2046,2024-12-02 09:00:00,2026-02-03 15:00:00
COCHINSHIP,122,1440,1015,2022-01-03 00:00:00,2026-02-03 00:00:00
COCHINSHIP,122,10080,215,2021-12-27 00:00:00,2026-02-02 00:00:00
COFORGE,123,1,378429,2022-01-03 09:15:00,2026-02-02 15:29:00
COFORGE,123,3,126149,2022-01-03 09:15:00,2026-02-02 15:27:00
COFORGE,123,5,75689,2022-01-03 09:15:00,2026-02-02 15:25:00
COFORGE,123,15,25230,2022-01-03 09:15:00,2026-02-02 15:15:00
COFORGE,123,30,13123,2022-01-03 09:00:00,2026-02-02 15:00:00
COFORGE,123,60,7069,2022-01-03 09:00:00,2026-02-02 15:00:00
COFORGE,123,1440,1014,2022-01-03 00:00:00,2026-02-02 00:00:00
COFORGE,123,10080,215,2021-12-27 00:00:00,2026-02-02 00:00:00
COHANCE,124,1,379085,2022-01-03 09:15:00,2026-02-04 15:29:00
COHANCE,124,3,126392,2022-01-03 09:15:00,2026-02-04 15:27:00
COHANCE,124,5,75837,2022-01-03 09:15:00,2026-02-04 15:25:00
COHANCE,124,15,25280,2022-01-03 09:15:00,2026-02-04 15:15:00
COHANCE,124,30,13149,2022-01-03 09:00:00,2026-02-04 15:00:00
COHANCE,124,60,7083,2022-01-03 09:00:00,2026-02-04 15:00:00
COHANCE,124,1440,1016,2022-01-03 00:00:00,2026-02-04 00:00:00
COHANCE,124,10080,215,2021-12-27 00:00:00,2026-02-02 00:00:00
COLPAL,125,1,109185,2024-12-02 09:15:00,2026-02-02 15:29:00
COLPAL,125,3,36395,2024-12-02 09:15:00,2026-02-02 15:27:00
COLPAL,125,5,21837,2024-12-02 09:15:00,2026-02-02 15:25:00
COLPAL,125,15,7279,2024-12-02 09:15:00,2026-02-02 15:15:00
COLPAL,125,30,3786,2024-12-02 09:00:00,2026-02-02 15:00:00
COLPAL,125,60,2039,2024-12-02 09:00:00,2026-02-02 15:00:00
COLPAL,125,1440,1014,2022-01-03 00:00:00,2026-02-02 00:00:00
COLPAL,125,10080,215,2021-12-27 00:00:00,2026-02-02 00:00:00
CONCOR,128,1,379179,2022-01-03 09:15:00,2026-02-04 15:29:00
CONCOR,128,3,126399,2022-01-03 09:15:00,2026-02-04 15:27:00
CONCOR,128,5,75839,2022-01-03 09:15:00,2026-02-04 15:25:00
CONCOR,128,15,25280,2022-01-03 09:15:00,2026-02-04 15:15:00
CONCOR,128,30,13149,2022-01-03 09:00:00,2026-02-04 15:00:00
CONCOR,128,60,7083,2022-01-03 09:00:00,2026-02-04 15:00:00
CONCOR,128,1440,1016,2022-01-03 00:00:00,2026-02-04 00:00:00
CONCOR,128,10080,215,2021-12-27 00:00:00,2026-02-02 00:00:00
CONCORDBIO,127,1,228320,2023-08-18 09:15:00,2026-02-04 15:29:00
CONCORDBIO,127,3,76121,2023-08-18 09:15:00,2026-02-04 15:27:00
CONCORDBIO,127,5,45674,2023-08-18 09:15:00,2026-02-04 15:25:00
CONCORDBIO,127,15,15226,2023-08-18 09:15:00,2026-02-04 15:15:00
CONCORDBIO,127,30,7920,2023-08-18 09:00:00,2026-02-04 15:00:00
CONCORDBIO,127,60,4267,2023-08-18 09:00:00,2026-02-04 15:00:00
CONCORDBIO,127,1440,613,2023-08-18 00:00:00,2026-02-04 00:00:00
CONCORDBIO,127,10080,130,2023-08-14 00:00:00,2026-02-02 00:00:00
COROMANDEL,129,1,378428,2022-01-03 09:15:00,2026-02-02 15:29:00
COROMANDEL,129,3,126149,2022-01-03 09:15:00,2026-02-02 15:27:00
COROMANDEL,129,5,75689,2022-01-03 09:15:00,2026-02-02 15:25:00
COROMANDEL,129,15,25230,2022-01-03 09:15:00,2026-02-02 15:15:00
COROMANDEL,129,30,13123,2022-01-03 09:00:00,2026-02-02 15:00:00
COROMANDEL,129,60,7069,2022-01-03 09:00:00,2026-02-02 15:00:00
COROMANDEL,129,1440,1014,2022-01-03 00:00:00,2026-02-02 00:00:00
COROMANDEL,129,10080,215,2021-12-27 00:00:00,2026-02-02 00:00:00
CRAFTSMAN,130,1,377925,2022-01-03 09:15:00,2026-02-04 15:29:00
CRAFTSMAN,130,3,126382,2022-01-03 09:15:00,2026-02-04 15:27:00
CRAFTSMAN,130,5,75837,2022-01-03 09:15:00,2026-02-04 15:25:00
CRAFTSMAN,130,15,25280,2022-01-03 09:15:00,2026-02-04 15:15:00
CRAFTSMAN,130,30,13149,2022-01-03 09:00:00,2026-02-04 15:00:00
CRAFTSMAN,130,60,7083,2022-01-03 09:00:00,2026-02-04 15:00:00
CRAFTSMAN,130,1440,1016,2022-01-03 00:00:00,2026-02-04 00:00:00
CRAFTSMAN,130,10080,215,2021-12-27 00:00:00,2026-02-02 00:00:00
CREDITACC,131,1,378772,2022-01-03 09:15:00,2026-02-04 15:29:00
CREDITACC,131,3,126392,2022-01-03 09:15:00,2026-02-04 15:27:00
CREDITACC,131,5,75838,2022-01-03 09:15:00,2026-02-04 15:25:00
CREDITACC,131,15,25280,2022-01-03 09:15:00,2026-02-04 15:15:00
CREDITACC,131,30,13149,2022-01-03 09:00:00,2026-02-04 15:00:00
CREDITACC,131,60,7083,2022-01-03 09:00:00,2026-02-04 15:00:00
CREDITACC,131,1440,1016,2022-01-03 00:00:00,2026-02-04 00:00:00
CREDITACC,131,10080,215,2021-12-27 00:00:00,2026-02-02 00:00:00
CRISIL,99,1,378296,2022-01-03 09:15:00,2026-02-03 15:29:00
CRISIL,99,3,126265,2022-01-03 09:15:00,2026-02-03 15:27:00
CRISIL,99,5,75763,2022-01-03 09:15:00,2026-02-03 15:25:00
CRISIL,99,15,25255,2022-01-03 09:15:00,2026-02-03 15:15:00
CRISIL,99,30,13136,2022-01-03 09:00:00,2026-02-03 15:00:00
CRISIL,99,60,7076,2022-01-03 09:00:00,2026-02-03 15:00:00
CRISIL,99,1440,1015,2022-01-03 00:00:00,2026-02-03 00:00:00
CRISIL,99,10080,215,2021-12-27 00:00:00,2026-02-02 00:00:00
CROMPTON,132,1,378429,2022-01-03 09:15:00,2026-02-02 15:29:00
CROMPTON,132,3,126149,2022-01-03 09:15:00,2026-02-02 15:27:00
CROMPTON,132,5,75689,2022-01-03 09:15:00,2026-02-02 15:25:00
CROMPTON,132,15,25230,2022-01-03 09:15:00,2026-02-02 15:15:00
CROMPTON,132,30,13123,2022-01-03 09:00:00,2026-02-02 15:00:00
CROMPTON,132,60,7069,2022-01-03 09:00:00,2026-02-02 15:00:00
CROMPTON,132,1440,1014,2022-01-03 00:00:00,2026-02-02 00:00:00
CROMPTON,132,10080,215,2021-12-27 00:00:00,2026-02-02 00:00:00
CUB,119,1,379179,2022-01-03 09:15:00,2026-02-04 15:29:00
CUB,119,3,126399,2022-01-03 09:15:00,2026-02-04 15:27:00
CUB,119,5,75839,2022-01-03 09:15:00,2026-02-04 15:25:00
CUB,119,15,25280,2022-01-03 09:15:00,2026-02-04 15:15:00
CUB,119,30,13149,2022-01-03 09:00:00,2026-02-04 15:00:00
CUB,119,60,7083,2022-01-03 09:00:00,2026-02-04 15:00:00
CUB,119,1440,1016,2022-01-03 00:00:00,2026-02-04 00:00:00
CUB,119,10080,215,2021-12-27 00:00:00,2026-02-02 00:00:00
CUMMINSIND,133,1,378804,2022-01-03 09:15:00,2026-02-03 15:29:00
CUMMINSIND,133,3,126274,2022-01-03 09:15:00,2026-02-03 15:27:00
CUMMINSIND,133,5,75764,2022-01-03 09:15:00,2026-02-03 15:25:00
CUMMINSIND,133,15,25255,2022-01-03 09:15:00,2026-02-03 15:15:00
CUMMINSIND,133,30,13136,2022-01-03 09:00:00,2026-02-03 15:00:00
CUMMINSIND,133,60,7076,2022-01-03 09:00:00,2026-02-03 15:00:00
CUMMINSIND,133,1440,1015,2022-01-03 00:00:00,2026-02-03 00:00:00
CUMMINSIND,133,10080,215,2021-12-27 00:00:00,2026-02-02 00:00:00
CYIENT,134,1,378798,2022-01-03 09:15:00,2026-02-03 15:29:00
CYIENT,134,3,126269,2022-01-03 09:15:00,2026-02-03 15:27:00
CYIENT,134,5,75763,2022-01-03 09:15:00,2026-02-03 15:25:00
CYIENT,134,15,25255,2022-01-03 09:15:00,2026-02-03 15:15:00
CYIENT,134,30,13136,2022-01-03 09:00:00,2026-02-03 15:00:00
CYIENT,134,60,7076,2022-01-03 09:00:00,2026-02-03 15:00:00
CYIENT,134,1440,1015,2022-01-03 00:00:00,2026-02-03 00:00:00
CYIENT,134,10080,215,2021-12-27 00:00:00,2026-02-02 00:00:00
DABUR,138,1,378423,2022-01-03 09:15:00,2026-02-02 15:29:00
DABUR,138,3,126149,2022-01-03 09:15:00,2026-02-02 15:27:00
DABUR,138,5,75689,2022-01-03 09:15:00,2026-02-02 15:25:00
DABUR,138,15,25230,2022-01-03 09:15:00,2026-02-02 15:15:00
DABUR,138,30,13123,2022-01-03 09:00:00,2026-02-02 15:00:00
DABUR,138,60,7069,2022-01-03 09:00:00,2026-02-02 15:00:00
DABUR,138,1440,1014,2022-01-03 00:00:00,2026-02-02 00:00:00
DABUR,138,10080,215,2021-12-27 00:00:00,2026-02-02 00:00:00
DALBHARAT,139,1,378424,2022-01-03 09:15:00,2026-02-02 15:29:00
DALBHARAT,139,3,126149,2022-01-03 09:15:00,2026-02-02 15:27:00
DALBHARAT,139,5,75689,2022-01-03 09:15:00,2026-02-02 15:25:00
DALBHARAT,139,15,25230,2022-01-03 09:15:00,2026-02-02 15:15:00
DALBHARAT,139,30,13123,2022-01-03 09:00:00,2026-02-02 15:00:00
DALBHARAT,139,60,7069,2022-01-03 09:00:00,2026-02-02 15:00:00
DALBHARAT,139,1440,1014,2022-01-03 00:00:00,2026-02-02 00:00:00
DALBHARAT,139,10080,215,2021-12-27 00:00:00,2026-02-02 00:00:00
DATAPATTNS,140,1,378910,2022-01-03 09:15:00,2026-02-04 15:29:00
DATAPATTNS,140,3,126325,2022-01-03 09:15:00,2026-02-04 15:27:00
DATAPATTNS,140,5,75796,2022-01-03 09:15:00,2026-02-04 15:25:00
DATAPATTNS,140,15,25268,2022-01-03 09:15:00,2026-02-04 15:15:00
DATAPATTNS,140,30,13143,2022-01-03 09:00:00,2026-02-04 15:00:00
DATAPATTNS,140,60,7080,2022-01-03 09:00:00,2026-02-04 15:00:00
DATAPATTNS,140,1440,1016,2022-01-03 00:00:00,2026-02-04 00:00:00
DATAPATTNS,140,10080,215,2021-12-27 00:00:00,2026-02-02 00:00:00
DCMSHRIRAM,135,1,376503,2022-01-03 09:15:00,2026-02-03 15:29:00
DCMSHRIRAM,135,3,126227,2022-01-03 09:15:00,2026-02-03 15:27:00
DCMSHRIRAM,135,5,75759,2022-01-03 09:15:00,2026-02-03 15:25:00
DCMSHRIRAM,135,15,25255,2022-01-03 09:15:00,2026-02-03 15:15:00
DCMSHRIRAM,135,30,13136,2022-01-03 09:00:00,2026-02-03 15:00:00
DCMSHRIRAM,135,60,7076,2022-01-03 09:00:00,2026-02-03 15:00:00
DCMSHRIRAM,135,1440,1015,2022-01-03 00:00:00,2026-02-03 00:00:00
DCMSHRIRAM,135,10080,215,2021-12-27 00:00:00,2026-02-02 00:00:00
DEEPAKFERT,141,1,379141,2022-01-03 09:15:00,2026-02-04 15:29:00
DEEPAKFERT,141,3,126392,2022-01-03 09:15:00,2026-02-04 15:27:00
DEEPAKFERT,141,5,75836,2022-01-03 09:15:00,2026-02-04 15:25:00
DEEPAKFERT,141,15,25280,2022-01-03 09:15:00,2026-02-04 15:15:00
DEEPAKFERT,141,30,13149,2022-01-03 09:00:00,2026-02-04 15:00:00
DEEPAKFERT,141,60,7083,2022-01-03 09:00:00,2026-02-04 15:00:00
DEEPAKFERT,141,1440,1016,2022-01-03 00:00:00,2026-02-04 00:00:00
DEEPAKFERT,141,10080,215,2021-12-27 00:00:00,2026-02-02 00:00:00
DEEPAKNTR,142,1,378424,2022-01-03 09:15:00,2026-02-02 15:29:00
DEEPAKNTR,142,3,126149,2022-01-03 09:15:00,2026-02-02 15:27:00
DEEPAKNTR,142,5,75689,2022-01-03 09:15:00,2026-02-02 15:25:00
DEEPAKNTR,142,15,25230,2022-01-03 09:15:00,2026-02-02 15:15:00
DEEPAKNTR,142,30,13123,2022-01-03 09:00:00,2026-02-02 15:00:00
DEEPAKNTR,142,60,7069,2022-01-03 09:00:00,2026-02-02 15:00:00
DEEPAKNTR,142,1440,1014,2022-01-03 00:00:00,2026-02-02 00:00:00
DEEPAKNTR,142,10080,215,2021-12-27 00:00:00,2026-02-02 00:00:00
DELHIVERY,143,1,343484,2022-05-24 09:15:00,2026-02-04 15:29:00
DELHIVERY,143,3,114516,2022-05-24 09:15:00,2026-02-04 15:27:00
DELHIVERY,143,5,68711,2022-05-24 09:15:00,2026-02-04 15:25:00
DELHIVERY,143,15,22905,2022-05-24 09:15:00,2026-02-04 15:15:00
DELHIVERY,143,30,11914,2022-05-24 09:00:00,2026-02-04 15:00:00
DELHIVERY,143,60,6418,2022-05-24 09:00:00,2026-02-04 15:00:00
DELHIVERY,143,1440,921,2022-05-24 00:00:00,2026-02-04 00:00:00
DELHIVERY,143,10080,194,2022-05-23 00:00:00,2026-02-02 00:00:00
DEVYANI,144,1,378791,2022-01-03 09:15:00,2026-02-03 15:29:00
DEVYANI,144,3,126267,2022-01-03 09:15:00,2026-02-03 15:27:00
DEVYANI,144,5,75761,2022-01-03 09:15:00,2026-02-03 15:25:00
DEVYANI,144,15,25255,2022-01-03 09:15:00,2026-02-03 15:15:00
DEVYANI,144,30,13136,2022-01-03 09:00:00,2026-02-03 15:00:00
DEVYANI,144,60,7076,2022-01-03 09:00:00,2026-02-03 15:00:00
DEVYANI,144,1440,1015,2022-01-03 00:00:00,2026-02-03 00:00:00
DEVYANI,144,10080,215,2021-12-27 00:00:00,2026-02-02 00:00:00
DIVISLAB,145,1,378424,2022-01-03 09:15:00,2026-02-02 15:29:00
DIVISLAB,145,3,126149,2022-01-03 09:15:00,2026-02-02 15:27:00
DIVISLAB,145,5,75689,2022-01-03 09:15:00,2026-02-02 15:25:00
DIVISLAB,145,15,25230,2022-01-03 09:15:00,2026-02-02 15:15:00
DIVISLAB,145,30,13123,2022-01-03 09:00:00,2026-02-02 15:00:00
DIVISLAB,145,60,7069,2022-01-03 09:00:00,2026-02-02 15:00:00
DIVISLAB,145,1440,1014,2022-01-03 00:00:00,2026-02-02 00:00:00
DIVISLAB,145,10080,215,2021-12-27 00:00:00,2026-02-02 00:00:00
DIXON,146,1,378799,2022-01-03 09:15:00,2026-02-03 15:29:00
DIXON,146,3,126274,2022-01-03 09:15:00,2026-02-03 15:27:00
DIXON,146,5,75764,2022-01-03 09:15:00,2026-02-03 15:25:00
DIXON,146,15,25255,2022-01-03 09:15:00,2026-02-03 15:15:00
DIXON,146,30,13136,2022-01-03 09:00:00,2026-02-03 15:00:00
DIXON,146,60,7076,2022-01-03 09:00:00,2026-02-03 15:00:00
DIXON,146,1440,1015,2022-01-03 00:00:00,2026-02-03 00:00:00
DIXON,146,10080,215,2021-12-27 00:00:00,2026-02-02 00:00:00
DLF,136,1,378424,2022-01-03 09:15:00,2026-02-02 15:29:00
DLF,136,3,126149,2022-01-03 09:15:00,2026-02-02 15:27:00
DLF,136,5,75689,2022-01-03 09:15:00,2026-02-02 15:25:00
DLF,136,15,25230,2022-01-03 09:15:00,2026-02-02 15:15:00
DLF,136,30,13123,2022-01-03 09:00:00,2026-02-02 15:00:00
DLF,136,60,7069,2022-01-03 09:00:00,2026-02-02 15:00:00
DLF,136,1440,1014,2022-01-03 00:00:00,2026-02-02 00:00:00
DLF,136,10080,215,2021-12-27 00:00:00,2026-02-02 00:00:00
DMART,57,1,378792,2022-01-03 09:15:00,2026-02-03 15:29:00
DMART,57,3,126267,2022-01-03 09:15:00,2026-02-03 15:27:00
DMART,57,5,75761,2022-01-03 09:15:00,2026-02-03 15:25:00
DMART,57,15,25255,2022-01-03 09:15:00,2026-02-03 15:15:00
DMART,57,30,13136,2022-01-03 09:00:00,2026-02-03 15:00:00
DMART,57,60,7076,2022-01-03 09:00:00,2026-02-03 15:00:00
DMART,57,1440,1015,2022-01-03 00:00:00,2026-02-03 00:00:00
DMART,57,10080,215,2021-12-27 00:00:00,2026-02-02 00:00:00
DOMS,137,1,197145,2023-12-20 09:15:00,2026-02-04 15:29:00
DOMS,137,3,65726,2023-12-20 09:15:00,2026-02-04 15:27:00
DOMS,137,5,39437,2023-12-20 09:15:00,2026-02-04 15:25:00
DOMS,137,15,13147,2023-12-20 09:15:00,2026-02-04 15:15:00
DOMS,137,30,6838,2023-12-20 09:00:00,2026-02-04 15:00:00
DOMS,137,60,3684,2023-12-20 09:00:00,2026-02-04 15:00:00
DOMS,137,1440,529,2023-12-20 00:00:00,2026-02-04 00:00:00
DOMS,137,10080,112,2023-12-18 00:00:00,2026-02-02 00:00:00
DRREDDY,149,1,378424,2022-01-03 09:15:00,2026-02-02 15:29:00
DRREDDY,149,3,126149,2022-01-03 09:15:00,2026-02-02 15:27:00
DRREDDY,149,5,75689,2022-01-03 09:15:00,2026-02-02 15:25:00
DRREDDY,149,15,25230,2022-01-03 09:15:00,2026-02-02 15:15:00
DRREDDY,149,30,13123,2022-01-03 09:00:00,2026-02-02 15:00:00
DRREDDY,149,60,7069,2022-01-03 09:00:00,2026-02-02 15:00:00
DRREDDY,149,1440,1014,2022-01-03 00:00:00,2026-02-02 00:00:00
DRREDDY,149,10080,215,2021-12-27 00:00:00,2026-02-02 00:00:00
EICHERMOT,153,1,378423,2022-01-03 09:15:00,2026-02-02 15:29:00
EICHERMOT,153,3,126148,2022-01-03 09:15:00,2026-02-02 15:27:00
EICHERMOT,153,5,75689,2022-01-03 09:15:00,2026-02-02 15:25:00
EICHERMOT,153,15,25230,2022-01-03 09:15:00,2026-02-02 15:15:00
EICHERMOT,153,30,13123,2022-01-03 09:00:00,2026-02-02 15:00:00
EICHERMOT,153,60,7069,2022-01-03 09:00:00,2026-02-02 15:00:00
EICHERMOT,153,1440,1014,2022-01-03 00:00:00,2026-02-02 00:00:00
EICHERMOT,153,10080,215,2021-12-27 00:00:00,2026-02-02 00:00:00
EIDPARRY,151,1,379054,2022-01-03 09:15:00,2026-02-04 15:29:00
EIDPARRY,151,3,126392,2022-01-03 09:15:00,2026-02-04 15:27:00
EIDPARRY,151,5,75836,2022-01-03 09:15:00,2026-02-04 15:25:00
EIDPARRY,151,15,25280,2022-01-03 09:15:00,2026-02-04 15:15:00
EIDPARRY,151,30,13149,2022-01-03 09:00:00,2026-02-04 15:00:00
EIDPARRY,151,60,7083,2022-01-03 09:00:00,2026-02-04 15:00:00
EIDPARRY,151,1440,1016,2022-01-03 00:00:00,2026-02-04 00:00:00
EIDPARRY,151,10080,215,2021-12-27 00:00:00,2026-02-02 00:00:00
EIHOTEL,152,1,109935,2024-12-02 09:15:00,2026-02-04 15:29:00
EIHOTEL,152,3,36645,2024-12-02 09:15:00,2026-02-04 15:27:00
EIHOTEL,152,5,21987,2024-12-02 09:15:00,2026-02-04 15:25:00
EIHOTEL,152,15,7329,2024-12-02 09:15:00,2026-02-04 15:15:00
EIHOTEL,152,30,3812,2024-12-02 09:00:00,2026-02-04 15:00:00
EIHOTEL,152,60,2053,2024-12-02 09:00:00,2026-02-04 15:00:00
EIHOTEL,152,1440,1016,2022-01-03 00:00:00,2026-02-04 00:00:00
EIHOTEL,152,10080,215,2021-12-27 00:00:00,2026-02-02 00:00:00
ELECON,154,1,379063,2022-01-03 09:15:00,2026-02-04 15:29:00
ELECON,154,3,126392,2022-01-03 09:15:00,2026-02-04 15:27:00
ELECON,154,5,75836,2022-01-03 09:15:00,2026-02-04 15:25:00
ELECON,154,15,25280,2022-01-03 09:15:00,2026-02-04 15:15:00
ELECON,154,30,13149,2022-01-03 09:00:00,2026-02-04 15:00:00
ELECON,154,60,7083,2022-01-03 09:00:00,2026-02-04 15:00:00
ELECON,154,1440,1016,2022-01-03 00:00:00,2026-02-04 00:00:00
ELECON,154,10080,215,2021-12-27 00:00:00,2026-02-02 00:00:00
ELGIEQUIP,155,1,378692,2022-01-03 09:15:00,2026-02-03 15:29:00
ELGIEQUIP,155,3,126267,2022-01-03 09:15:00,2026-02-03 15:27:00
ELGIEQUIP,155,5,75761,2022-01-03 09:15:00,2026-02-03 15:25:00
ELGIEQUIP,155,15,25255,2022-01-03 09:15:00,2026-02-03 15:15:00
ELGIEQUIP,155,30,13136,2022-01-03 09:00:00,2026-02-03 15:00:00
ELGIEQUIP,155,60,7076,2022-01-03 09:00:00,2026-02-03 15:00:00
ELGIEQUIP,155,1440,1015,2022-01-03 00:00:00,2026-02-03 00:00:00
ELGIEQUIP,155,10080,215,2021-12-27 00:00:00,2026-02-02 00:00:00
EMAMILTD,156,1,378653,2022-01-03 09:15:00,2026-02-03 15:29:00
EMAMILTD,156,3,126267,2022-01-03 09:15:00,2026-02-03 15:27:00
EMAMILTD,156,5,75761,2022-01-03 09:15:00,2026-02-03 15:25:00
EMAMILTD,156,15,25255,2022-01-03 09:15:00,2026-02-03 15:15:00
EMAMILTD,156,30,13136,2022-01-03 09:00:00,2026-02-03 15:00:00
EMAMILTD,156,60,7076,2022-01-03 09:00:00,2026-02-03 15:00:00
EMAMILTD,156,1440,1015,2022-01-03 00:00:00,2026-02-03 00:00:00
EMAMILTD,156,10080,215,2021-12-27 00:00:00,2026-02-02 00:00:00
EMCURE,157,1,146335,2024-07-10 09:15:00,2026-02-04 15:29:00
EMCURE,157,3,48782,2024-07-10 09:15:00,2026-02-04 15:27:00
EMCURE,157,5,29270,2024-07-10 09:15:00,2026-02-04 15:25:00
EMCURE,157,15,9758,2024-07-10 09:15:00,2026-02-04 15:15:00
EMCURE,157,30,5075,2024-07-10 09:00:00,2026-02-04 15:00:00
EMCURE,157,60,2733,2024-07-10 09:00:00,2026-02-04 15:00:00
EMCURE,157,1440,392,2024-07-10 00:00:00,2026-02-04 00:00:00
EMCURE,157,10080,83,2024-07-08 00:00:00,2026-02-02 00:00:00
ENDURANCE,158,1,378181,2022-01-03 09:15:00,2026-02-03 15:29:00
ENDURANCE,158,3,126266,2022-01-03 09:15:00,2026-02-03 15:27:00
ENDURANCE,158,5,75761,2022-01-03 09:15:00,2026-02-03 15:25:00
ENDURANCE,158,15,25255,2022-01-03 09:15:00,2026-02-03 15:15:00
ENDURANCE,158,30,13136,2022-01-03 09:00:00,2026-02-03 15:00:00
ENDURANCE,158,60,7076,2022-01-03 09:00:00,2026-02-03 15:00:00
ENDURANCE,158,1440,1015,2022-01-03 00:00:00,2026-02-03 00:00:00
ENDURANCE,158,10080,215,2021-12-27 00:00:00,2026-02-02 00:00:00
ENGINERSIN,159,1,109560,2024-12-02 09:15:00,2026-02-03 15:29:00
ENGINERSIN,159,3,36520,2024-12-02 09:15:00,2026-02-03 15:27:00
ENGINERSIN,159,5,21912,2024-12-02 09:15:00,2026-02-03 15:25:00
ENGINERSIN,159,15,7304,2024-12-02 09:15:00,2026-02-03 15:15:00
ENGINERSIN,159,30,3799,2024-12-02 09:00:00,2026-02-03 15:00:00
ENGINERSIN,159,60,2046,2024-12-02 09:00:00,2026-02-03 15:00:00
ENGINERSIN,159,1440,1015,2022-01-03 00:00:00,2026-02-03 00:00:00
ENGINERSIN,159,10080,215,2021-12-27 00:00:00,2026-02-02 00:00:00
ERIS,160,1,374755,2022-01-03 09:15:00,2026-02-03 15:29:00
ERIS,160,3,126206,2022-01-03 09:15:00,2026-02-03 15:27:00
ERIS,160,5,75752,2022-01-03 09:15:00,2026-02-03 15:25:00
ERIS,160,15,25255,2022-01-03 09:15:00,2026-02-03 15:15:00
ERIS,160,30,13136,2022-01-03 09:00:00,2026-02-03 15:00:00
ERIS,160,60,7076,2022-01-03 09:00:00,2026-02-03 15:00:00
ERIS,160,1440,1015,2022-01-03 00:00:00,2026-02-03 00:00:00
ERIS,160,10080,215,2021-12-27 00:00:00,2026-02-02 00:00:00
ESCORTS,161,1,109560,2024-12-02 09:15:00,2026-02-03 15:29:00
ESCORTS,161,3,36520,2024-12-02 09:15:00,2026-02-03 15:27:00
ESCORTS,161,5,21912,2024-12-02 09:15:00,2026-02-03 15:25:00
ESCORTS,161,15,7304,2024-12-02 09:15:00,2026-02-03 15:15:00
ESCORTS,161,30,3799,2024-12-02 09:00:00,2026-02-03 15:00:00
ESCORTS,161,60,2046,2024-12-02 09:00:00,2026-02-03 15:00:00
ESCORTS,161,1440,1015,2022-01-03 00:00:00,2026-02-03 00:00:00
ESCORTS,161,10080,215,2021-12-27 00:00:00,2026-02-02 00:00:00
ETERNAL,162,1,379167,2022-01-03 09:15:00,2026-02-04 15:29:00
ETERNAL,162,3,126392,2022-01-03 09:15:00,2026-02-04 15:27:00
ETERNAL,162,5,75837,2022-01-03 09:15:00,2026-02-04 15:25:00
ETERNAL,162,15,25280,2022-01-03 09:15:00,2026-02-04 15:15:00
ETERNAL,162,30,13149,2022-01-03 09:00:00,2026-02-04 15:00:00
ETERNAL,162,60,7083,2022-01-03 09:00:00,2026-02-04 15:00:00
ETERNAL,162,1440,1016,2022-01-03 00:00:00,2026-02-04 00:00:00
ETERNAL,162,10080,215,2021-12-27 00:00:00,2026-02-02 00:00:00
EXIDEIND,163,1,378798,2022-01-03 09:15:00,2026-02-03 15:29:00
EXIDEIND,163,3,126273,2022-01-03 09:15:00,2026-02-03 15:27:00
EXIDEIND,163,5,75764,2022-01-03 09:15:00,2026-02-03 15:25:00
EXIDEIND,163,15,25255,2022-01-03 09:15:00,2026-02-03 15:15:00
EXIDEIND,163,30,13136,2022-01-03 09:00:00,2026-02-03 15:00:00
EXIDEIND,163,60,7076,2022-01-03 09:00:00,2026-02-03 15:00:00
EXIDEIND,163,1440,1015,2022-01-03 00:00:00,2026-02-03 00:00:00
EXIDEIND,163,10080,215,2021-12-27 00:00:00,2026-02-02 00:00:00
FACT,166,1,377193,2022-01-03 09:15:00,2026-02-04 15:29:00
FACT,166,3,126367,2022-01-03 09:15:00,2026-02-04 15:27:00
FACT,166,5,75831,2022-01-03 09:15:00,2026-02-04 15:25:00
FACT,166,15,25280,2022-01-03 09:15:00,2026-02-04 15:15:00
FACT,166,30,13149,2022-01-03 09:00:00,2026-02-04 15:00:00
FACT,166,60,7083,2022-01-03 09:00:00,2026-02-04 15:00:00
FACT,166,1440,1016,2022-01-03 00:00:00,2026-02-04 00:00:00
FACT,166,10080,215,2021-12-27 00:00:00,2026-02-02 00:00:00
FEDERALBNK,165,1,378798,2022-01-03 09:15:00,2026-02-03 15:29:00
FEDERALBNK,165,3,126273,2022-01-03 09:15:00,2026-02-03 15:27:00
FEDERALBNK,165,5,75764,2022-01-03 09:15:00,2026-02-03 15:25:00
FEDERALBNK,165,15,25255,2022-01-03 09:15:00,2026-02-03 15:15:00
FEDERALBNK,165,30,13136,2022-01-03 09:00:00,2026-02-03 15:00:00
FEDERALBNK,165,60,7076,2022-01-03 09:00:00,2026-02-03 15:00:00
FEDERALBNK,165,1440,1015,2022-01-03 00:00:00,2026-02-03 00:00:00
FEDERALBNK,165,10080,215,2021-12-27 00:00:00,2026-02-02 00:00:00
FINCABLES,167,1,378545,2022-01-03 09:15:00,2026-02-03 15:29:00
FINCABLES,167,3,126267,2022-01-03 09:15:00,2026-02-03 15:27:00
FINCABLES,167,5,75761,2022-01-03 09:15:00,2026-02-03 15:25:00
FINCABLES,167,15,25255,2022-01-03 09:15:00,2026-02-03 15:15:00
FINCABLES,167,30,13136,2022-01-03 09:00:00,2026-02-03 15:00:00
FINCABLES,167,60,7076,2022-01-03 09:00:00,2026-02-03 15:00:00
FINCABLES,167,1440,1015,2022-01-03 00:00:00,2026-02-03 00:00:00
FINCABLES,167,10080,215,2021-12-27 00:00:00,2026-02-02 00:00:00
FINPIPE,168,1,379128,2022-01-03 09:15:00,2026-02-04 15:29:00
FINPIPE,168,3,126392,2022-01-03 09:15:00,2026-02-04 15:27:00
FINPIPE,168,5,75836,2022-01-03 09:15:00,2026-02-04 15:25:00
FINPIPE,168,15,25280,2022-01-03 09:15:00,2026-02-04 15:15:00
FINPIPE,168,30,13149,2022-01-03 09:00:00,2026-02-04 15:00:00
FINPIPE,168,60,7083,2022-01-03 09:00:00,2026-02-04 15:00:00
FINPIPE,168,1440,1016,2022-01-03 00:00:00,2026-02-04 00:00:00
FINPIPE,168,10080,215,2021-12-27 00:00:00,2026-02-02 00:00:00
FIRSTCRY,92,1,137700,2024-08-13 10:00:00,2026-02-04 15:29:00
FIRSTCRY,92,3,45900,2024-08-13 10:00:00,2026-02-04 15:27:00
FIRSTCRY,92,5,27540,2024-08-13 10:00:00,2026-02-04 15:25:00
FIRSTCRY,92,15,9180,2024-08-13 10:00:00,2026-02-04 15:15:00
FIRSTCRY,92,30,4774,2024-08-13 10:00:00,2026-02-04 15:00:00
FIRSTCRY,92,60,2571,2024-08-13 10:00:00,2026-02-04 15:00:00
FIRSTCRY,92,1440,369,2024-08-13 00:00:00,2026-02-04 00:00:00
FIRSTCRY,92,10080,78,2024-08-12 00:00:00,2026-02-02 00:00:00
FIVESTAR,170,1,297101,2022-11-21 09:15:00,2026-02-04 15:29:00
FIVESTAR,170,3,99221,2022-11-21 09:15:00,2026-02-04 15:27:00
FIVESTAR,170,5,59546,2022-11-21 09:15:00,2026-02-04 15:25:00
FIVESTAR,170,15,19851,2022-11-21 09:15:00,2026-02-04 15:15:00
FIVESTAR,170,30,10325,2022-11-21 09:00:00,2026-02-04 15:00:00
FIVESTAR,170,60,5562,2022-11-21 09:00:00,2026-02-04 15:00:00
FIVESTAR,170,1440,798,2022-11-21 00:00:00,2026-02-04 00:00:00
FIVESTAR,170,10080,168,2022-11-21 00:00:00,2026-02-02 00:00:00
FLUOROCHEM,195,1,109935,2024-12-02 09:15:00,2026-02-04 15:29:00
FLUOROCHEM,195,3,36645,2024-12-02 09:15:00,2026-02-04 15:27:00
FLUOROCHEM,195,5,21987,2024-12-02 09:15:00,2026-02-04 15:25:00
FLUOROCHEM,195,15,7329,2024-12-02 09:15:00,2026-02-04 15:15:00
FLUOROCHEM,195,30,3812,2024-12-02 09:00:00,2026-02-04 15:00:00
FLUOROCHEM,195,60,2053,2024-12-02 09:00:00,2026-02-04 15:00:00
FLUOROCHEM,195,1440,1016,2022-01-03 00:00:00,2026-02-04 00:00:00
FLUOROCHEM,195,10080,215,2021-12-27 00:00:00,2026-02-02 00:00:00
FORCEMOT,171,1,348774,2022-01-03 09:15:00,2026-02-04 15:29:00
FORCEMOT,171,3,116981,2022-01-03 09:15:00,2026-02-04 15:27:00
FORCEMOT,171,5,70199,2022-01-03 09:15:00,2026-02-04 15:25:00
FORCEMOT,171,15,23401,2022-01-03 09:15:00,2026-02-04 15:15:00
FORCEMOT,171,30,12171,2022-01-03 09:00:00,2026-02-04 15:00:00
FORCEMOT,171,60,6556,2022-01-03 09:00:00,2026-02-04 15:00:00
FORCEMOT,171,1440,940,2022-01-03 00:00:00,2026-02-04 00:00:00
FORCEMOT,171,10080,200,2021-12-27 00:00:00,2026-02-02 00:00:00
FORTIS,172,1,378737,2022-01-03 09:15:00,2026-02-03 15:29:00
FORTIS,172,3,126267,2022-01-03 09:15:00,2026-02-03 15:27:00
FORTIS,172,5,75761,2022-01-03 09:15:00,2026-02-03 15:25:00
FORTIS,172,15,25255,2022-01-03 09:15:00,2026-02-03 15:15:00
FORTIS,172,30,13136,2022-01-03 09:00:00,2026-02-03 15:00:00
FORTIS,172,60,7076,2022-01-03 09:00:00,2026-02-03 15:00:00
FORTIS,172,1440,1015,2022-01-03 00:00:00,2026-02-03 00:00:00
FORTIS,172,10080,215,2021-12-27 00:00:00,2026-02-02 00:00:00
FSL,169,1,378794,2022-01-03 09:15:00,2026-02-03 15:29:00
FSL,169,3,126273,2022-01-03 09:15:00,2026-02-03 15:27:00
FSL,169,5,75764,2022-01-03 09:15:00,2026-02-03 15:25:00
FSL,169,15,25255,2022-01-03 09:15:00,2026-02-03 15:15:00
FSL,169,30,13136,2022-01-03 09:00:00,2026-02-03 15:00:00
FSL,169,60,7076,2022-01-03 09:00:00,2026-02-03 15:00:00
FSL,169,1440,1015,2022-01-03 00:00:00,2026-02-03 00:00:00
FSL,169,10080,215,2021-12-27 00:00:00,2026-02-02 00:00:00
GAIL,173,1,378424,2022-01-03 09:15:00,2026-02-02 15:29:00
GAIL,173,3,126149,2022-01-03 09:15:00,2026-02-02 15:27:00
GAIL,173,5,75689,2022-01-03 09:15:00,2026-02-02 15:25:00
GAIL,173,15,25230,2022-01-03 09:15:00,2026-02-02 15:15:00
GAIL,173,30,13123,2022-01-03 09:00:00,2026-02-02 15:00:00
GAIL,173,60,7069,2022-01-03 09:00:00,2026-02-02 15:00:00
GAIL,173,1440,1014,2022-01-03 00:00:00,2026-02-02 00:00:00
GAIL,173,10080,215,2021-12-27 00:00:00,2026-02-02 00:00:00
GESHIP,194,1,378830,2022-01-03 09:15:00,2026-02-04 15:29:00
GESHIP,194,3,126390,2022-01-03 09:15:00,2026-02-04 15:27:00
GESHIP,194,5,75836,2022-01-03 09:15:00,2026-02-04 15:25:00
GESHIP,194,15,25280,2022-01-03 09:15:00,2026-02-04 15:15:00
GESHIP,194,30,13149,2022-01-03 09:00:00,2026-02-04 15:00:00
GESHIP,194,60,7083,2022-01-03 09:00:00,2026-02-04 15:00:00
GESHIP,194,1440,1016,2022-01-03 00:00:00,2026-02-04 00:00:00
GESHIP,194,10080,215,2021-12-27 00:00:00,2026-02-02 00:00:00
GICRE,177,1,378460,2022-01-03 09:15:00,2026-02-04 15:29:00
GICRE,177,3,126390,2022-01-03 09:15:00,2026-02-04 15:27:00
GICRE,177,5,75836,2022-01-03 09:15:00,2026-02-04 15:25:00
GICRE,177,15,25280,2022-01-03 09:15:00,2026-02-04 15:15:00
GICRE,177,30,13149,2022-01-03 09:00:00,2026-02-04 15:00:00
GICRE,177,60,7083,2022-01-03 09:00:00,2026-02-04 15:00:00
GICRE,177,1440,1016,2022-01-03 00:00:00,2026-02-04 00:00:00
GICRE,177,10080,215,2021-12-27 00:00:00,2026-02-02 00:00:00
GILLETTE,178,1,370002,2022-01-03 09:15:00,2026-02-04 15:29:00
GILLETTE,178,3,126097,2022-01-03 09:15:00,2026-02-04 15:27:00
GILLETTE,178,5,75797,2022-01-03 09:15:00,2026-02-04 15:25:00
GILLETTE,178,15,25279,2022-01-03 09:15:00,2026-02-04 15:15:00
GILLETTE,178,30,13148,2022-01-03 09:00:00,2026-02-04 15:00:00
GILLETTE,178,60,7083,2022-01-03 09:00:00,2026-02-04 15:00:00
GILLETTE,178,1440,1016,2022-01-03 00:00:00,2026-02-04 00:00:00
GILLETTE,178,10080,215,2021-12-27 00:00:00,2026-02-02 00:00:00
GLAND,179,1,379160,2022-01-03 09:15:00,2026-02-04 15:29:00
GLAND,179,3,126392,2022-01-03 09:15:00,2026-02-04 15:27:00
GLAND,179,5,75836,2022-01-03 09:15:00,2026-02-04 15:25:00
GLAND,179,15,25280,2022-01-03 09:15:00,2026-02-04 15:15:00
GLAND,179,30,13149,2022-01-03 09:00:00,2026-02-04 15:00:00
GLAND,179,60,7083,2022-01-03 09:00:00,2026-02-04 15:00:00
GLAND,179,1440,1016,2022-01-03 00:00:00,2026-02-04 00:00:00
GLAND,179,10080,215,2021-12-27 00:00:00,2026-02-02 00:00:00
GLAXO,180,1,377930,2022-01-03 09:15:00,2026-02-03 15:29:00
GLAXO,180,3,126264,2022-01-03 09:15:00,2026-02-03 15:27:00
GLAXO,180,5,75761,2022-01-03 09:15:00,2026-02-03 15:25:00
GLAXO,180,15,25255,2022-01-03 09:15:00,2026-02-03 15:15:00
GLAXO,180,30,13136,2022-01-03 09:00:00,2026-02-03 15:00:00
GLAXO,180,60,7076,2022-01-03 09:00:00,2026-02-03 15:00:00
GLAXO,180,1440,1015,2022-01-03 00:00:00,2026-02-03 00:00:00
GLAXO,180,10080,215,2021-12-27 00:00:00,2026-02-02 00:00:00
GLENMARK,181,1,378799,2022-01-03 09:15:00,2026-02-03 15:29:00
GLENMARK,181,3,126274,2022-01-03 09:15:00,2026-02-03 15:27:00
GLENMARK,181,5,75764,2022-01-03 09:15:00,2026-02-03 15:25:00
GLENMARK,181,15,25255,2022-01-03 09:15:00,2026-02-03 15:15:00
GLENMARK,181,30,13136,2022-01-03 09:00:00,2026-02-03 15:00:00
GLENMARK,181,60,7076,2022-01-03 09:00:00,2026-02-03 15:00:00
GLENMARK,181,1440,1015,2022-01-03 00:00:00,2026-02-03 00:00:00
GLENMARK,181,10080,215,2021-12-27 00:00:00,2026-02-02 00:00:00
GMDCLTD,197,1,379144,2022-01-03 09:15:00,2026-02-04 15:29:00
GMDCLTD,197,3,126392,2022-01-03 09:15:00,2026-02-04 15:27:00
GMDCLTD,197,5,75836,2022-01-03 09:15:00,2026-02-04 15:25:00
GMDCLTD,197,15,25280,2022-01-03 09:15:00,2026-02-04 15:15:00
GMDCLTD,197,30,13149,2022-01-03 09:00:00,2026-02-04 15:00:00
GMDCLTD,197,60,7083,2022-01-03 09:00:00,2026-02-04 15:00:00
GMDCLTD,197,1440,1016,2022-01-03 00:00:00,2026-02-04 00:00:00
GMDCLTD,197,10080,215,2021-12-27 00:00:00,2026-02-02 00:00:00
GMRAIRPORT,175,1,109935,2024-12-02 09:15:00,2026-02-04 15:29:00
GMRAIRPORT,175,3,36645,2024-12-02 09:15:00,2026-02-04 15:27:00
GMRAIRPORT,175,5,21987,2024-12-02 09:15:00,2026-02-04 15:25:00
GMRAIRPORT,175,15,7329,2024-12-02 09:15:00,2026-02-04 15:15:00
GMRAIRPORT,175,30,3812,2024-12-02 09:00:00,2026-02-04 15:00:00
GMRAIRPORT,175,60,2053,2024-12-02 09:00:00,2026-02-04 15:00:00
GMRAIRPORT,175,1440,1016,2022-01-03 00:00:00,2026-02-04 00:00:00
GMRAIRPORT,175,10080,215,2021-12-27 00:00:00,2026-02-02 00:00:00
GODFRYPHLP,185,1,377226,2022-01-03 09:15:00,2026-02-03 15:29:00
GODFRYPHLP,185,3,126238,2022-01-03 09:15:00,2026-02-03 15:27:00
GODFRYPHLP,185,5,75758,2022-01-03 09:15:00,2026-02-03 15:25:00
GODFRYPHLP,185,15,25255,2022-01-03 09:15:00,2026-02-03 15:15:00
GODFRYPHLP,185,30,13136,2022-01-03 09:00:00,2026-02-03 15:00:00
GODFRYPHLP,185,60,7076,2022-01-03 09:00:00,2026-02-03 15:00:00
GODFRYPHLP,185,1440,1015,2022-01-03 00:00:00,2026-02-03 00:00:00
GODFRYPHLP,185,10080,215,2021-12-27 00:00:00,2026-02-02 00:00:00
GODIGIT,183,1,158708,2024-05-23 09:15:00,2026-02-04 15:29:00
GODIGIT,183,3,52907,2024-05-23 09:15:00,2026-02-04 15:27:00
GODIGIT,183,5,31745,2024-05-23 09:15:00,2026-02-04 15:25:00
GODIGIT,183,15,10583,2024-05-23 09:15:00,2026-02-04 15:15:00
GODIGIT,183,30,5504,2024-05-23 09:00:00,2026-02-04 15:00:00
GODIGIT,183,60,2964,2024-05-23 09:00:00,2026-02-04 15:00:00
GODIGIT,183,1440,425,2024-05-23 00:00:00,2026-02-04 00:00:00
GODIGIT,183,10080,90,2024-05-20 00:00:00,2026-02-02 00:00:00
GODREJAGRO,186,1,377681,2022-01-03 09:15:00,2026-02-04 15:29:00
GODREJAGRO,186,3,126387,2022-01-03 09:15:00,2026-02-04 15:27:00
GODREJAGRO,186,5,75836,2022-01-03 09:15:00,2026-02-04 15:25:00
GODREJAGRO,186,15,25280,2022-01-03 09:15:00,2026-02-04 15:15:00
GODREJAGRO,186,30,13149,2022-01-03 09:00:00,2026-02-04 15:00:00
GODREJAGRO,186,60,7083,2022-01-03 09:00:00,2026-02-04 15:00:00
GODREJAGRO,186,1440,1016,2022-01-03 00:00:00,2026-02-04 00:00:00
GODREJAGRO,186,10080,215,2021-12-27 00:00:00,2026-02-02 00:00:00
GODREJCP,187,1,378424,2022-01-03 09:15:00,2026-02-02 15:29:00
GODREJCP,187,3,126149,2022-01-03 09:15:00,2026-02-02 15:27:00
GODREJCP,187,5,75689,2022-01-03 09:15:00,2026-02-02 15:25:00
GODREJCP,187,15,25230,2022-01-03 09:15:00,2026-02-02 15:15:00
GODREJCP,187,30,13123,2022-01-03 09:00:00,2026-02-02 15:00:00
GODREJCP,187,60,7069,2022-01-03 09:00:00,2026-02-02 15:00:00
GODREJCP,187,1440,1014,2022-01-03 00:00:00,2026-02-02 00:00:00
GODREJCP,187,10080,215,2021-12-27 00:00:00,2026-02-02 00:00:00
GODREJIND,188,1,378238,2022-01-03 09:15:00,2026-02-04 15:29:00
GODREJIND,188,3,126390,2022-01-03 09:15:00,2026-02-04 15:27:00
GODREJIND,188,5,75836,2022-01-03 09:15:00,2026-02-04 15:25:00
GODREJIND,188,15,25280,2022-01-03 09:15:00,2026-02-04 15:15:00
GODREJIND,188,30,13149,2022-01-03 09:00:00,2026-02-04 15:00:00
GODREJIND,188,60,7083,2022-01-03 09:00:00,2026-02-04 15:00:00
GODREJIND,188,1440,1016,2022-01-03 00:00:00,2026-02-04 00:00:00
GODREJIND,188,10080,215,2021-12-27 00:00:00,2026-02-02 00:00:00
GODREJPROP,189,1,378798,2022-01-03 09:15:00,2026-02-03 15:29:00
GODREJPROP,189,3,126274,2022-01-03 09:15:00,2026-02-03 15:27:00
GODREJPROP,189,5,75764,2022-01-03 09:15:00,2026-02-03 15:25:00
GODREJPROP,189,15,25255,2022-01-03 09:15:00,2026-02-03 15:15:00
GODREJPROP,189,30,13136,2022-01-03 09:00:00,2026-02-03 15:00:00
GODREJPROP,189,60,7076,2022-01-03 09:00:00,2026-02-03 15:00:00
GODREJPROP,189,1440,1015,2022-01-03 00:00:00,2026-02-03 00:00:00
GODREJPROP,189,10080,215,2021-12-27 00:00:00,2026-02-02 00:00:00
GPIL,184,1,378672,2022-01-03 09:15:00,2026-02-03 15:29:00
GPIL,184,3,126267,2022-01-03 09:15:00,2026-02-03 15:27:00
GPIL,184,5,75761,2022-01-03 09:15:00,2026-02-03 15:25:00
GPIL,184,15,25255,2022-01-03 09:15:00,2026-02-03 15:15:00
GPIL,184,30,13136,2022-01-03 09:00:00,2026-02-03 15:00:00
GPIL,184,60,7076,2022-01-03 09:00:00,2026-02-03 15:00:00
GPIL,184,1440,1015,2022-01-03 00:00:00,2026-02-03 00:00:00
GPIL,184,10080,215,2021-12-27 00:00:00,2026-02-02 00:00:00
GRANULES,190,1,378799,2022-01-03 09:15:00,2026-02-03 15:29:00
GRANULES,190,3,126274,2022-01-03 09:15:00,2026-02-03 15:27:00
GRANULES,190,5,75764,2022-01-03 09:15:00,2026-02-03 15:25:00
GRANULES,190,15,25255,2022-01-03 09:15:00,2026-02-03 15:15:00
GRANULES,190,30,13136,2022-01-03 09:00:00,2026-02-03 15:00:00
GRANULES,190,60,7076,2022-01-03 09:00:00,2026-02-03 15:00:00
GRANULES,190,1440,1015,2022-01-03 00:00:00,2026-02-03 00:00:00
GRANULES,190,10080,215,2021-12-27 00:00:00,2026-02-02 00:00:00
GRAPHITE,191,1,378785,2022-01-03 09:15:00,2026-02-03 15:29:00
GRAPHITE,191,3,126267,2022-01-03 09:15:00,2026-02-03 15:27:00
GRAPHITE,191,5,75761,2022-01-03 09:15:00,2026-02-03 15:25:00
GRAPHITE,191,15,25255,2022-01-03 09:15:00,2026-02-03 15:15:00
GRAPHITE,191,30,13136,2022-01-03 09:00:00,2026-02-03 15:00:00
GRAPHITE,191,60,7076,2022-01-03 09:00:00,2026-02-03 15:00:00
GRAPHITE,191,1440,1015,2022-01-03 00:00:00,2026-02-03 00:00:00
GRAPHITE,191,10080,215,2021-12-27 00:00:00,2026-02-02 00:00:00
GRASIM,192,1,378424,2022-01-03 09:15:00,2026-02-02 15:29:00
GRASIM,192,3,126149,2022-01-03 09:15:00,2026-02-02 15:27:00
GRASIM,192,5,75689,2022-01-03 09:15:00,2026-02-02 15:25:00
GRASIM,192,15,25230,2022-01-03 09:15:00,2026-02-02 15:15:00
GRASIM,192,30,13123,2022-01-03 09:00:00,2026-02-02 15:00:00
GRASIM,192,60,7069,2022-01-03 09:00:00,2026-02-02 15:00:00
GRASIM,192,1440,1014,2022-01-03 00:00:00,2026-02-02 00:00:00
GRASIM,192,10080,215,2021-12-27 00:00:00,2026-02-02 00:00:00
GRAVITA,193,1,375949,2022-01-03 09:15:00,2026-02-04 15:29:00
GRAVITA,193,3,126310,2022-01-03 09:15:00,2026-02-04 15:27:00
GRAVITA,193,5,75825,2022-01-03 09:15:00,2026-02-04 15:25:00
GRAVITA,193,15,25280,2022-01-03 09:15:00,2026-02-04 15:15:00
GRAVITA,193,30,13149,2022-01-03 09:00:00,2026-02-04 15:00:00
GRAVITA,193,60,7083,2022-01-03 09:00:00,2026-02-04 15:00:00
GRAVITA,193,1440,1016,2022-01-03 00:00:00,2026-02-04 00:00:00
GRAVITA,193,10080,215,2021-12-27 00:00:00,2026-02-02 00:00:00
GRSE,176,1,378772,2022-01-03 09:15:00,2026-02-04 15:29:00
GRSE,176,3,126391,2022-01-03 09:15:00,2026-02-04 15:27:00
GRSE,176,5,75836,2022-01-03 09:15:00,2026-02-04 15:25:00
GRSE,176,15,25280,2022-01-03 09:15:00,2026-02-04 15:15:00
GRSE,176,30,13149,2022-01-03 09:00:00,2026-02-04 15:00:00
GRSE,176,60,7083,2022-01-03 09:00:00,2026-02-04 15:00:00
GRSE,176,1440,1016,2022-01-03 00:00:00,2026-02-04 00:00:00
GRSE,176,10080,215,2021-12-27 00:00:00,2026-02-02 00:00:00
GSPL,198,1,378789,2022-01-03 09:15:00,2026-02-03 15:29:00
GSPL,198,3,126273,2022-01-03 09:15:00,2026-02-03 15:27:00
GSPL,198,5,75764,2022-01-03 09:15:00,2026-02-03 15:25:00
GSPL,198,15,25255,2022-01-03 09:15:00,2026-02-03 15:15:00
GSPL,198,30,13136,2022-01-03 09:00:00,2026-02-03 15:00:00
GSPL,198,60,7076,2022-01-03 09:00:00,2026-02-03 15:00:00
GSPL,198,1440,1015,2022-01-03 00:00:00,2026-02-03 00:00:00
GSPL,198,10080,215,2021-12-27 00:00:00,2026-02-02 00:00:00
GUJGASLTD,196,1,378799,2022-01-03 09:15:00,2026-02-03 15:29:00
GUJGASLTD,196,3,126274,2022-01-03 09:15:00,2026-02-03 15:27:00
GUJGASLTD,196,5,75764,2022-01-03 09:15:00,2026-02-03 15:25:00
GUJGASLTD,196,15,25255,2022-01-03 09:15:00,2026-02-03 15:15:00
GUJGASLTD,196,30,13136,2022-01-03 09:00:00,2026-02-03 15:00:00
GUJGASLTD,196,60,7076,2022-01-03 09:00:00,2026-02-03 15:00:00
GUJGASLTD,196,1440,1015,2022-01-03 00:00:00,2026-02-03 00:00:00
GUJGASLTD,196,10080,215,2021-12-27 00:00:00,2026-02-02 00:00:00
GVT&D,174,1,356599,2022-01-03 09:15:00,2026-02-04 15:29:00
GVT&D,174,3,125329,2022-01-03 09:15:00,2026-02-04 15:27:00
GVT&D,174,5,75672,2022-01-03 09:15:00,2026-02-04 15:25:00
GVT&D,174,15,25280,2022-01-03 09:15:00,2026-02-04 15:15:00
GVT&D,174,30,13149,2022-01-03 09:00:00,2026-02-04 15:00:00
GVT&D,174,60,7083,2022-01-03 09:00:00,2026-02-04 15:00:00
GVT&D,174,1440,1016,2022-01-03 00:00:00,2026-02-04 00:00:00
GVT&D,174,10080,215,2021-12-27 00:00:00,2026-02-02 00:00:00
HAL,212,1,378799,2022-01-03 09:15:00,2026-02-03 15:29:00
HAL,212,3,126274,2022-01-03 09:15:00,2026-02-03 15:27:00
HAL,212,5,75764,2022-01-03 09:15:00,2026-02-03 15:25:00
HAL,212,15,25255,2022-01-03 09:15:00,2026-02-03 15:15:00
HAL,212,30,13136,2022-01-03 09:00:00,2026-02-03 15:00:00
HAL,212,60,7076,2022-01-03 09:00:00,2026-02-03 15:00:00
HAL,212,1440,1015,2022-01-03 00:00:00,2026-02-03 00:00:00
HAL,212,10080,215,2021-12-27 00:00:00,2026-02-02 00:00:00
HAPPSTMNDS,206,1,378792,2022-01-03 09:15:00,2026-02-03 15:29:00
HAPPSTMNDS,206,3,126267,2022-01-03 09:15:00,2026-02-03 15:27:00
HAPPSTMNDS,206,5,75761,2022-01-03 09:15:00,2026-02-03 15:25:00
HAPPSTMNDS,206,15,25255,2022-01-03 09:15:00,2026-02-03 15:15:00
HAPPSTMNDS,206,30,13136,2022-01-03 09:00:00,2026-02-03 15:00:00
HAPPSTMNDS,206,60,7076,2022-01-03 09:00:00,2026-02-03 15:00:00
HAPPSTMNDS,206,1440,1015,2022-01-03 00:00:00,2026-02-03 00:00:00
HAPPSTMNDS,206,10080,215,2021-12-27 00:00:00,2026-02-02 00:00:00
HAVELLS,207,1,378424,2022-01-03 09:15:00,2026-02-02 15:29:00
HAVELLS,207,3,126149,2022-01-03 09:15:00,2026-02-02 15:27:00
HAVELLS,207,5,75689,2022-01-03 09:15:00,2026-02-02 15:25:00
HAVELLS,207,15,25230,2022-01-03 09:15:00,2026-02-02 15:15:00
HAVELLS,207,30,13123,2022-01-03 09:00:00,2026-02-02 15:00:00
HAVELLS,207,60,7069,2022-01-03 09:00:00,2026-02-02 15:00:00
HAVELLS,207,1440,1014,2022-01-03 00:00:00,2026-02-02 00:00:00
HAVELLS,207,10080,215,2021-12-27 00:00:00,2026-02-02 00:00:00
HBLENGINE,200,1,379161,2022-01-03 09:15:00,2026-02-04 15:29:00
HBLENGINE,200,3,126392,2022-01-03 09:15:00,2026-02-04 15:27:00
HBLENGINE,200,5,75836,2022-01-03 09:15:00,2026-02-04 15:25:00
HBLENGINE,200,15,25280,2022-01-03 09:15:00,2026-02-04 15:15:00
HBLENGINE,200,30,13149,2022-01-03 09:00:00,2026-02-04 15:00:00
HBLENGINE,200,60,7083,2022-01-03 09:00:00,2026-02-04 15:00:00
HBLENGINE,200,1440,1016,2022-01-03 00:00:00,2026-02-04 00:00:00
HBLENGINE,200,10080,215,2021-12-27 00:00:00,2026-02-02 00:00:00
HCLTECH,201,1,378424,2022-01-03 09:15:00,2026-02-02 15:29:00
HCLTECH,201,3,126149,2022-01-03 09:15:00,2026-02-02 15:27:00
HCLTECH,201,5,75689,2022-01-03 09:15:00,2026-02-02 15:25:00
HCLTECH,201,15,25230,2022-01-03 09:15:00,2026-02-02 15:15:00
HCLTECH,201,30,13123,2022-01-03 09:00:00,2026-02-02 15:00:00
HCLTECH,201,60,7069,2022-01-03 09:00:00,2026-02-02 15:00:00
HCLTECH,201,1440,1014,2022-01-03 00:00:00,2026-02-02 00:00:00
HCLTECH,201,10080,215,2021-12-27 00:00:00,2026-02-02 00:00:00
HDFCAMC,202,1,378798,2022-01-03 09:15:00,2026-02-03 15:29:00
HDFCAMC,202,3,126274,2022-01-03 09:15:00,2026-02-03 15:27:00
HDFCAMC,202,5,75764,2022-01-03 09:15:00,2026-02-03 15:25:00
HDFCAMC,202,15,25255,2022-01-03 09:15:00,2026-02-03 15:15:00
HDFCAMC,202,30,13136,2022-01-03 09:00:00,2026-02-03 15:00:00
HDFCAMC,202,60,7076,2022-01-03 09:00:00,2026-02-03 15:00:00
HDFCAMC,202,1440,1015,2022-01-03 00:00:00,2026-02-03 00:00:00
HDFCAMC,202,10080,215,2021-12-27 00:00:00,2026-02-02 00:00:00
HDFCBANK,203,1,378049,2022-01-03 09:15:00,2026-02-01 15:29:00
HDFCBANK,203,3,126024,2022-01-03 09:15:00,2026-02-01 15:27:00
HDFCBANK,203,5,75614,2022-01-03 09:15:00,2026-02-01 15:25:00
HDFCBANK,203,15,25205,2022-01-03 09:15:00,2026-02-01 15:15:00
HDFCBANK,203,30,13110,2022-01-03 09:00:00,2026-02-01 15:00:00
HDFCBANK,203,60,7062,2022-01-03 09:00:00,2026-02-01 15:00:00
HDFCBANK,203,1440,1013,2022-01-03 00:00:00,2026-02-01 00:00:00
HDFCBANK,203,10080,214,2021-12-27 00:00:00,2026-01-26 00:00:00
HDFCLIFE,204,1,378424,2022-01-03 09:15:00,2026-02-02 15:29:00
HDFCLIFE,204,3,126149,2022-01-03 09:15:00,2026-02-02 15:27:00
HDFCLIFE,204,5,75689,2022-01-03 09:15:00,2026-02-02 15:25:00
HDFCLIFE,204,15,25230,2022-01-03 09:15:00,2026-02-02 15:15:00
HDFCLIFE,204,30,13123,2022-01-03 09:00:00,2026-02-02 15:00:00
HDFCLIFE,204,60,7069,2022-01-03 09:00:00,2026-02-02 15:00:00
HDFCLIFE,204,1440,1014,2022-01-03 00:00:00,2026-02-02 00:00:00
HDFCLIFE,204,10080,215,2021-12-27 00:00:00,2026-02-02 00:00:00
HEG,199,1,124620,2024-10-01 09:15:00,2026-02-03 15:29:00
HEG,199,3,41540,2024-10-01 09:15:00,2026-02-03 15:27:00
HEG,199,5,24924,2024-10-01 09:15:00,2026-02-03 15:25:00
HEG,199,15,8308,2024-10-01 09:15:00,2026-02-03 15:15:00
HEG,199,30,4321,2024-10-01 09:00:00,2026-02-03 15:00:00
HEG,199,60,2327,2024-10-01 09:00:00,2026-02-03 15:00:00
HEG,199,1440,1015,2022-01-03 00:00:00,2026-02-03 00:00:00
HEG,199,10080,215,2021-12-27 00:00:00,2026-02-02 00:00:00
HEROMOTOCO,208,1,109185,2024-12-02 09:15:00,2026-02-02 15:29:00
HEROMOTOCO,208,3,36395,2024-12-02 09:15:00,2026-02-02 15:27:00
HEROMOTOCO,208,5,21837,2024-12-02 09:15:00,2026-02-02 15:25:00
HEROMOTOCO,208,15,7279,2024-12-02 09:15:00,2026-02-02 15:15:00
HEROMOTOCO,208,30,3786,2024-12-02 09:00:00,2026-02-02 15:00:00
HEROMOTOCO,208,60,2039,2024-12-02 09:00:00,2026-02-02 15:00:00
HEROMOTOCO,208,1440,1014,2022-01-03 00:00:00,2026-02-02 00:00:00
HEROMOTOCO,208,10080,215,2021-12-27 00:00:00,2026-02-02 00:00:00
HEXT,209,1,88538,2025-02-19 09:37:00,2026-02-04 15:29:00
HEXT,209,3,29513,2025-02-19 09:36:00,2026-02-04 15:27:00
HEXT,209,5,17708,2025-02-19 09:35:00,2026-02-04 15:25:00
HEXT,209,15,5903,2025-02-19 09:30:00,2026-02-04 15:15:00
HEXT,209,30,3070,2025-02-19 09:30:00,2026-02-04 15:00:00
HEXT,209,60,1654,2025-02-19 09:00:00,2026-02-04 15:00:00
HEXT,209,1440,237,2025-02-19 00:00:00,2026-02-04 00:00:00
HEXT,209,10080,51,2025-02-17 00:00:00,2026-02-02 00:00:00
HFCL,205,1,379166,2022-01-03 09:15:00,2026-02-04 15:29:00
HFCL,205,3,126392,2022-01-03 09:15:00,2026-02-04 15:27:00
HFCL,205,5,75836,2022-01-03 09:15:00,2026-02-04 15:25:00
HFCL,205,15,25280,2022-01-03 09:15:00,2026-02-04 15:15:00
HFCL,205,30,13149,2022-01-03 09:00:00,2026-02-04 15:00:00
HFCL,205,60,7083,2022-01-03 09:00:00,2026-02-04 15:00:00
HFCL,205,1440,1016,2022-01-03 00:00:00,2026-02-04 00:00:00
HFCL,205,10080,215,2021-12-27 00:00:00,2026-02-02 00:00:00
HINDALCO,211,1,378424,2022-01-03 09:15:00,2026-02-02 15:29:00
HINDALCO,211,3,126149,2022-01-03 09:15:00,2026-02-02 15:27:00
HINDALCO,211,5,75689,2022-01-03 09:15:00,2026-02-02 15:25:00
HINDALCO,211,15,25230,2022-01-03 09:15:00,2026-02-02 15:15:00
HINDALCO,211,30,13123,2022-01-03 09:00:00,2026-02-02 15:00:00
HINDALCO,211,60,7069,2022-01-03 09:00:00,2026-02-02 15:00:00
HINDALCO,211,1440,1014,2022-01-03 00:00:00,2026-02-02 00:00:00
HINDALCO,211,10080,215,2021-12-27 00:00:00,2026-02-02 00:00:00
HINDCOPPER,213,1,378799,2022-01-03 09:15:00,2026-02-03 15:29:00
HINDCOPPER,213,3,126274,2022-01-03 09:15:00,2026-02-03 15:27:00
HINDCOPPER,213,5,75764,2022-01-03 09:15:00,2026-02-03 15:25:00
HINDCOPPER,213,15,25255,2022-01-03 09:15:00,2026-02-03 15:15:00
HINDCOPPER,213,30,13136,2022-01-03 09:00:00,2026-02-03 15:00:00
HINDCOPPER,213,60,7076,2022-01-03 09:00:00,2026-02-03 15:00:00
HINDCOPPER,213,1440,1015,2022-01-03 00:00:00,2026-02-03 00:00:00
HINDCOPPER,213,10080,215,2021-12-27 00:00:00,2026-02-02 00:00:00
HINDPETRO,214,1,379174,2022-01-03 09:15:00,2026-02-04 15:29:00
HINDPETRO,214,3,126399,2022-01-03 09:15:00,2026-02-04 15:27:00
HINDPETRO,214,5,75839,2022-01-03 09:15:00,2026-02-04 15:25:00
HINDPETRO,214,15,25280,2022-01-03 09:15:00,2026-02-04 15:15:00
HINDPETRO,214,30,13149,2022-01-03 09:00:00,2026-02-04 15:00:00
HINDPETRO,214,60,7083,2022-01-03 09:00:00,2026-02-04 15:00:00
HINDPETRO,214,1440,1016,2022-01-03 00:00:00,2026-02-04 00:00:00
HINDPETRO,214,10080,215,2021-12-27 00:00:00,2026-02-02 00:00:00
HINDUNILVR,215,1,378004,2022-01-03 09:15:00,2026-02-01 15:29:00
HINDUNILVR,215,3,126009,2022-01-03 09:15:00,2026-02-01 15:27:00
HINDUNILVR,215,5,75605,2022-01-03 09:15:00,2026-02-01 15:25:00
HINDUNILVR,215,15,25202,2022-01-03 09:15:00,2026-02-01 15:15:00
HINDUNILVR,215,30,13108,2022-01-03 09:00:00,2026-02-01 15:00:00
HINDUNILVR,215,60,7061,2022-01-03 09:00:00,2026-02-01 15:00:00
HINDUNILVR,215,1440,1013,2022-01-03 00:00:00,2026-02-01 00:00:00
HINDUNILVR,215,10080,214,2021-12-27 00:00:00,2026-01-26 00:00:00
HINDZINC,216,1,378790,2022-01-03 09:15:00,2026-02-03 15:29:00
HINDZINC,216,3,126267,2022-01-03 09:15:00,2026-02-03 15:27:00
HINDZINC,216,5,75761,2022-01-03 09:15:00,2026-02-03 15:25:00
HINDZINC,216,15,25255,2022-01-03 09:15:00,2026-02-03 15:15:00
HINDZINC,216,30,13136,2022-01-03 09:00:00,2026-02-03 15:00:00
HINDZINC,216,60,7076,2022-01-03 09:00:00,2026-02-03 15:00:00
HINDZINC,216,1440,1015,2022-01-03 00:00:00,2026-02-03 00:00:00
HINDZINC,216,10080,215,2021-12-27 00:00:00,2026-02-02 00:00:00
HOMEFIRST,218,1,377635,2022-01-03 09:15:00,2026-02-03 15:29:00
HOMEFIRST,218,3,126248,2022-01-03 09:15:00,2026-02-03 15:27:00
HOMEFIRST,218,5,75760,2022-01-03 09:15:00,2026-02-03 15:25:00
HOMEFIRST,218,15,25255,2022-01-03 09:15:00,2026-02-03 15:15:00
HOMEFIRST,218,30,13136,2022-01-03 09:00:00,2026-02-03 15:00:00
HOMEFIRST,218,60,7076,2022-01-03 09:00:00,2026-02-03 15:00:00
HOMEFIRST,218,1440,1015,2022-01-03 00:00:00,2026-02-03 00:00:00
HOMEFIRST,218,10080,215,2021-12-27 00:00:00,2026-02-02 00:00:00
HONASA,219,1,208030,2023-11-07 09:15:00,2026-02-04 15:29:00
HONASA,219,3,69371,2023-11-07 09:15:00,2026-02-04 15:27:00
HONASA,219,5,41624,2023-11-07 09:15:00,2026-02-04 15:25:00
HONASA,219,15,13876,2023-11-07 09:15:00,2026-02-04 15:15:00
HONASA,219,30,7218,2023-11-07 09:00:00,2026-02-04 15:00:00
HONASA,219,60,3889,2023-11-07 09:00:00,2026-02-04 15:00:00
HONASA,219,1440,559,2023-11-07 00:00:00,2026-02-04 00:00:00
HONASA,219,10080,118,2023-11-06 00:00:00,2026-02-02 00:00:00
HONAUT,220,1,378511,2022-01-03 09:15:00,2026-02-04 15:29:00
HONAUT,220,3,126390,2022-01-03 09:15:00,2026-02-04 15:27:00
HONAUT,220,5,75839,2022-01-03 09:15:00,2026-02-04 15:25:00
HONAUT,220,15,25280,2022-01-03 09:15:00,2026-02-04 15:15:00
HONAUT,220,30,13149,2022-01-03 09:00:00,2026-02-04 15:00:00
HONAUT,220,60,7083,2022-01-03 09:00:00,2026-02-04 15:00:00
HONAUT,220,1440,1016,2022-01-03 00:00:00,2026-02-04 00:00:00
HONAUT,220,10080,215,2021-12-27 00:00:00,2026-02-02 00:00:00
HSCL,210,1,378784,2022-01-03 09:15:00,2026-02-03 15:29:00
HSCL,210,3,126267,2022-01-03 09:15:00,2026-02-03 15:27:00
HSCL,210,5,75761,2022-01-03 09:15:00,2026-02-03 15:25:00
HSCL,210,15,25255,2022-01-03 09:15:00,2026-02-03 15:15:00
HSCL,210,30,13136,2022-01-03 09:00:00,2026-02-03 15:00:00
HSCL,210,60,7076,2022-01-03 09:00:00,2026-02-03 15:00:00
HSCL,210,1440,1015,2022-01-03 00:00:00,2026-02-03 00:00:00
HSCL,210,10080,215,2021-12-27 00:00:00,2026-02-02 00:00:00
HUDCO,221,1,378668,2022-01-03 09:15:00,2026-02-03 15:29:00
HUDCO,221,3,126267,2022-01-03 09:15:00,2026-02-03 15:27:00
HUDCO,221,5,75761,2022-01-03 09:15:00,2026-02-03 15:25:00
HUDCO,221,15,25255,2022-01-03 09:15:00,2026-02-03 15:15:00
HUDCO,221,30,13136,2022-01-03 09:00:00,2026-02-03 15:00:00
HUDCO,221,60,7076,2022-01-03 09:00:00,2026-02-03 15:00:00
HUDCO,221,1440,1015,2022-01-03 00:00:00,2026-02-03 00:00:00
HUDCO,221,10080,215,2021-12-27 00:00:00,2026-02-02 00:00:00
HYUNDAI,223,1,119716,2024-10-22 09:44:00,2026-02-04 15:29:00
HYUNDAI,223,3,39906,2024-10-22 09:42:00,2026-02-04 15:27:00
HYUNDAI,223,5,23944,2024-10-22 09:40:00,2026-02-04 15:25:00
HYUNDAI,223,15,7982,2024-10-22 09:30:00,2026-02-04 15:15:00
HYUNDAI,223,30,4151,2024-10-22 09:30:00,2026-02-04 15:00:00
HYUNDAI,223,60,2236,2024-10-22 09:00:00,2026-02-04 15:00:00
HYUNDAI,223,1440,321,2024-10-22 00:00:00,2026-02-04 00:00:00
HYUNDAI,223,10080,68,2024-10-21 00:00:00,2026-02-02 00:00:00
ICICIBANK,224,1,378049,2022-01-03 09:15:00,2026-02-01 15:29:00
ICICIBANK,224,3,126024,2022-01-03 09:15:00,2026-02-01 15:27:00
ICICIBANK,224,5,75614,2022-01-03 09:15:00,2026-02-01 15:25:00
ICICIBANK,224,15,25205,2022-01-03 09:15:00,2026-02-01 15:15:00
ICICIBANK,224,30,13110,2022-01-03 09:00:00,2026-02-01 15:00:00
ICICIBANK,224,60,7062,2022-01-03 09:00:00,2026-02-01 15:00:00
ICICIBANK,224,1440,1013,2022-01-03 00:00:00,2026-02-01 00:00:00
ICICIBANK,224,10080,214,2021-12-27 00:00:00,2026-01-26 00:00:00
ICICIGI,225,1,378423,2022-01-03 09:15:00,2026-02-02 15:29:00
ICICIGI,225,3,126149,2022-01-03 09:15:00,2026-02-02 15:27:00
ICICIGI,225,5,75689,2022-01-03 09:15:00,2026-02-02 15:25:00
ICICIGI,225,15,25230,2022-01-03 09:15:00,2026-02-02 15:15:00
ICICIGI,225,30,13123,2022-01-03 09:00:00,2026-02-02 15:00:00
ICICIGI,225,60,7069,2022-01-03 09:00:00,2026-02-02 15:00:00
ICICIGI,225,1440,1014,2022-01-03 00:00:00,2026-02-02 00:00:00
ICICIGI,225,10080,215,2021-12-27 00:00:00,2026-02-02 00:00:00
ICICIPRULI,226,1,378423,2022-01-03 09:15:00,2026-02-02 15:29:00
ICICIPRULI,226,3,126149,2022-01-03 09:15:00,2026-02-02 15:27:00
ICICIPRULI,226,5,75689,2022-01-03 09:15:00,2026-02-02 15:25:00
ICICIPRULI,226,15,25230,2022-01-03 09:15:00,2026-02-02 15:15:00
ICICIPRULI,226,30,13123,2022-01-03 09:00:00,2026-02-02 15:00:00
ICICIPRULI,226,60,7069,2022-01-03 09:00:00,2026-02-02 15:00:00
ICICIPRULI,226,1440,1014,2022-01-03 00:00:00,2026-02-02 00:00:00
ICICIPRULI,226,10080,215,2021-12-27 00:00:00,2026-02-02 00:00:00
IDFCFIRSTB,228,1,109560,2024-12-02 09:15:00,2026-02-03 15:29:00
IDFCFIRSTB,228,3,36520,2024-12-02 09:15:00,2026-02-03 15:27:00
IDFCFIRSTB,228,5,21912,2024-12-02 09:15:00,2026-02-03 15:25:00
IDFCFIRSTB,228,15,7304,2024-12-02 09:15:00,2026-02-03 15:15:00
IDFCFIRSTB,228,30,3799,2024-12-02 09:00:00,2026-02-03 15:00:00
IDFCFIRSTB,228,60,2046,2024-12-02 09:00:00,2026-02-03 15:00:00
IDFCFIRSTB,228,1440,1015,2022-01-03 00:00:00,2026-02-03 00:00:00
IDFCFIRSTB,228,10080,215,2021-12-27 00:00:00,2026-02-02 00:00:00
IEX,241,1,378798,2022-01-03 09:15:00,2026-02-03 15:29:00
IEX,241,3,126274,2022-01-03 09:15:00,2026-02-03 15:27:00
IEX,241,5,75764,2022-01-03 09:15:00,2026-02-03 15:25:00
IEX,241,15,25255,2022-01-03 09:15:00,2026-02-03 15:15:00
IEX,241,30,13136,2022-01-03 09:00:00,2026-02-03 15:00:00
IEX,241,60,7076,2022-01-03 09:00:00,2026-02-03 15:00:00
IEX,241,1440,1015,2022-01-03 00:00:00,2026-02-03 00:00:00
IEX,241,10080,215,2021-12-27 00:00:00,2026-02-02 00:00:00
IFCI,229,1,379369,2022-01-03 09:15:00,2026-02-05 15:29:00
IFCI,229,3,126517,2022-01-03 09:15:00,2026-02-05 15:27:00
IFCI,229,5,75911,2022-01-03 09:15:00,2026-02-05 15:25:00
IFCI,229,15,25305,2022-01-03 09:15:00,2026-02-05 15:15:00
IFCI,229,30,13162,2022-01-03 09:00:00,2026-02-05 15:00:00
IFCI,229,60,7090,2022-01-03 09:00:00,2026-02-05 15:00:00
IFCI,229,1440,1017,2022-01-03 00:00:00,2026-02-05 00:00:00
IFCI,229,10080,215,2021-12-27 00:00:00,2026-02-02 00:00:00
IGIL,255,1,105034,2024-12-20 09:41:00,2026-02-05 15:29:00
IGIL,255,3,35012,2024-12-20 09:39:00,2026-02-05 15:27:00
IGIL,255,5,21007,2024-12-20 09:40:00,2026-02-05 15:25:00
IGIL,255,15,7003,2024-12-20 09:30:00,2026-02-05 15:15:00
IGIL,255,30,3642,2024-12-20 09:30:00,2026-02-05 15:00:00
IGIL,255,60,1962,2024-12-20 09:00:00,2026-02-05 15:00:00
IGIL,255,1440,281,2024-12-20 00:00:00,2026-02-05 00:00:00
IGIL,255,10080,60,2024-12-16 00:00:00,2026-02-02 00:00:00
IGL,248,1,378798,2022-01-03 09:15:00,2026-02-03 15:29:00
IGL,248,3,126274,2022-01-03 09:15:00,2026-02-03 15:27:00
IGL,248,5,75764,2022-01-03 09:15:00,2026-02-03 15:25:00
IGL,248,15,25255,2022-01-03 09:15:00,2026-02-03 15:15:00
IGL,248,30,13136,2022-01-03 09:00:00,2026-02-03 15:00:00
IGL,248,60,7076,2022-01-03 09:00:00,2026-02-03 15:00:00
IGL,248,1440,1015,2022-01-03 00:00:00,2026-02-03 00:00:00
IGL,248,10080,215,2021-12-27 00:00:00,2026-02-02 00:00:00
IIFL,230,1,378695,2022-01-03 09:15:00,2026-02-03 15:29:00
IIFL,230,3,126267,2022-01-03 09:15:00,2026-02-03 15:27:00
IIFL,230,5,75761,2022-01-03 09:15:00,2026-02-03 15:25:00
IIFL,230,15,25255,2022-01-03 09:15:00,2026-02-03 15:15:00
IIFL,230,30,13136,2022-01-03 09:00:00,2026-02-03 15:00:00
IIFL,230,60,7076,2022-01-03 09:00:00,2026-02-03 15:00:00
IIFL,230,1440,1015,2022-01-03 00:00:00,2026-02-03 00:00:00
IIFL,230,10080,215,2021-12-27 00:00:00,2026-02-02 00:00:00
IKS,256,1,105407,2024-12-19 09:43:00,2026-02-05 15:29:00
IKS,256,3,35136,2024-12-19 09:42:00,2026-02-05 15:27:00
IKS,256,5,21082,2024-12-19 09:40:00,2026-02-05 15:25:00
IKS,256,15,7028,2024-12-19 09:30:00,2026-02-05 15:15:00
IKS,256,30,3655,2024-12-19 09:30:00,2026-02-05 15:00:00
IKS,256,60,1969,2024-12-19 09:00:00,2026-02-05 15:00:00
IKS,256,1440,282,2024-12-19 00:00:00,2026-02-05 00:00:00
IKS,256,10080,60,2024-12-16 00:00:00,2026-02-02 00:00:00
INDGN,237,1,161816,2024-05-13 09:15:00,2026-02-05 15:29:00
INDGN,237,3,53942,2024-05-13 09:15:00,2026-02-05 15:27:00
INDGN,237,5,32366,2024-05-13 09:15:00,2026-02-05 15:25:00
INDGN,237,15,10790,2024-05-13 09:15:00,2026-02-05 15:15:00
INDGN,237,30,5612,2024-05-13 09:00:00,2026-02-05 15:00:00
INDGN,237,60,3023,2024-05-13 09:00:00,2026-02-05 15:00:00
INDGN,237,1440,434,2024-05-13 00:00:00,2026-02-05 00:00:00
INDGN,237,10080,91,2024-05-13 00:00:00,2026-02-02 00:00:00
INDHOTEL,242,1,378424,2022-01-03 09:15:00,2026-02-02 15:29:00
INDHOTEL,242,3,126149,2022-01-03 09:15:00,2026-02-02 15:27:00
INDHOTEL,242,5,75689,2022-01-03 09:15:00,2026-02-02 15:25:00
INDHOTEL,242,15,25230,2022-01-03 09:15:00,2026-02-02 15:15:00
INDHOTEL,242,30,13123,2022-01-03 09:00:00,2026-02-02 15:00:00
INDHOTEL,242,60,7069,2022-01-03 09:00:00,2026-02-02 15:00:00
INDHOTEL,242,1440,1014,2022-01-03 00:00:00,2026-02-02 00:00:00
INDHOTEL,242,10080,215,2021-12-27 00:00:00,2026-02-02 00:00:00
INDIACEM,238,1,378797,2022-01-03 09:15:00,2026-02-03 15:29:00
INDIACEM,238,3,126274,2022-01-03 09:15:00,2026-02-03 15:27:00
INDIACEM,238,5,75764,2022-01-03 09:15:00,2026-02-03 15:25:00
INDIACEM,238,15,25255,2022-01-03 09:15:00,2026-02-03 15:15:00
INDIACEM,238,30,13136,2022-01-03 09:00:00,2026-02-03 15:00:00
INDIACEM,238,60,7076,2022-01-03 09:00:00,2026-02-03 15:00:00
INDIACEM,238,1440,1015,2022-01-03 00:00:00,2026-02-03 00:00:00
INDIACEM,238,10080,215,2021-12-27 00:00:00,2026-02-02 00:00:00
INDIAMART,239,1,378798,2022-01-03 09:15:00,2026-02-03 15:29:00
INDIAMART,239,3,126274,2022-01-03 09:15:00,2026-02-03 15:27:00
INDIAMART,239,5,75764,2022-01-03 09:15:00,2026-02-03 15:25:00
INDIAMART,239,15,25255,2022-01-03 09:15:00,2026-02-03 15:15:00
INDIAMART,239,30,13136,2022-01-03 09:00:00,2026-02-03 15:00:00
INDIAMART,239,60,7076,2022-01-03 09:00:00,2026-02-03 15:00:00
INDIAMART,239,1440,1015,2022-01-03 00:00:00,2026-02-03 00:00:00
INDIAMART,239,10080,215,2021-12-27 00:00:00,2026-02-02 00:00:00
INDIANB,240,1,378788,2022-01-03 09:15:00,2026-02-03 15:29:00
INDIANB,240,3,126267,2022-01-03 09:15:00,2026-02-03 15:27:00
INDIANB,240,5,75761,2022-01-03 09:15:00,2026-02-03 15:25:00
INDIANB,240,15,25255,2022-01-03 09:15:00,2026-02-03 15:15:00
INDIANB,240,30,13136,2022-01-03 09:00:00,2026-02-03 15:00:00
INDIANB,240,60,7076,2022-01-03 09:00:00,2026-02-03 15:00:00
INDIANB,240,1440,1015,2022-01-03 00:00:00,2026-02-03 00:00:00
INDIANB,240,10080,215,2021-12-27 00:00:00,2026-02-02 00:00:00
INDIGO,254,1,378798,2022-01-03 09:15:00,2026-02-03 15:29:00
INDIGO,254,3,126274,2022-01-03 09:15:00,2026-02-03 15:27:00
INDIGO,254,5,75764,2022-01-03 09:15:00,2026-02-03 15:25:00
INDIGO,254,15,25255,2022-01-03 09:15:00,2026-02-03 15:15:00
INDIGO,254,30,13136,2022-01-03 09:00:00,2026-02-03 15:00:00
INDIGO,254,60,7076,2022-01-03 09:00:00,2026-02-03 15:00:00
INDIGO,254,1440,1015,2022-01-03 00:00:00,2026-02-03 00:00:00
INDIGO,254,10080,215,2021-12-27 00:00:00,2026-02-02 00:00:00
INDUSINDBK,250,1,109185,2024-12-02 09:15:00,2026-02-02 15:29:00
INDUSINDBK,250,3,36395,2024-12-02 09:15:00,2026-02-02 15:27:00
INDUSINDBK,250,5,21837,2024-12-02 09:15:00,2026-02-02 15:25:00
INDUSINDBK,250,15,7279,2024-12-02 09:15:00,2026-02-02 15:15:00
INDUSINDBK,250,30,3786,2024-12-02 09:00:00,2026-02-02 15:00:00
INDUSINDBK,250,60,2039,2024-12-02 09:00:00,2026-02-02 15:00:00
INDUSINDBK,250,1440,1014,2022-01-03 00:00:00,2026-02-02 00:00:00
INDUSINDBK,250,10080,215,2021-12-27 00:00:00,2026-02-02 00:00:00
INDUSTOWER,249,1,378424,2022-01-03 09:15:00,2026-02-02 15:29:00
INDUSTOWER,249,3,126149,2022-01-03 09:15:00,2026-02-02 15:27:00
INDUSTOWER,249,5,75689,2022-01-03 09:15:00,2026-02-02 15:25:00
INDUSTOWER,249,15,25230,2022-01-03 09:15:00,2026-02-02 15:15:00
INDUSTOWER,249,30,13123,2022-01-03 09:00:00,2026-02-02 15:00:00
INDUSTOWER,249,60,7069,2022-01-03 09:00:00,2026-02-02 15:00:00
INDUSTOWER,249,1440,1014,2022-01-03 00:00:00,2026-02-02 00:00:00
INDUSTOWER,249,10080,215,2021-12-27 00:00:00,2026-02-02 00:00:00
INFY,500,1,378049,2022-01-03 09:15:00,2026-02-01 15:29:00
INFY,500,3,126024,2022-01-03 09:15:00,2026-02-01 15:27:00
INFY,500,5,75614,2022-01-03 09:15:00,2026-02-01 15:25:00
INFY,500,15,25205,2022-01-03 09:15:00,2026-02-01 15:15:00
INFY,500,30,13110,2022-01-03 09:00:00,2026-02-01 15:00:00
INFY,500,60,7062,2022-01-03 09:00:00,2026-02-01 15:00:00
INFY,500,1440,1013,2022-01-03 00:00:00,2026-02-01 00:00:00
INFY,500,10080,214,2021-12-27 00:00:00,2026-01-26 00:00:00
INOXINDIA,231,1,197163,2023-12-21 09:15:00,2026-02-05 15:29:00
INOXINDIA,231,3,65726,2023-12-21 09:15:00,2026-02-05 15:27:00
INOXINDIA,231,5,39437,2023-12-21 09:15:00,2026-02-05 15:25:00
INOXINDIA,231,15,13147,2023-12-21 09:15:00,2026-02-05 15:15:00
INOXINDIA,231,30,6838,2023-12-21 09:00:00,2026-02-05 15:00:00
INOXINDIA,231,60,3684,2023-12-21 09:00:00,2026-02-05 15:00:00
INOXINDIA,231,1440,529,2023-12-21 00:00:00,2026-02-05 00:00:00
INOXINDIA,231,10080,112,2023-12-18 00:00:00,2026-02-02 00:00:00
INOXWIND,252,1,376897,2022-01-03 09:15:00,2026-02-05 15:29:00
INOXWIND,252,3,126466,2022-01-03 09:15:00,2026-02-05 15:27:00
INOXWIND,252,5,75909,2022-01-03 09:15:00,2026-02-05 15:25:00
INOXWIND,252,15,25305,2022-01-03 09:15:00,2026-02-05 15:15:00
INOXWIND,252,30,13162,2022-01-03 09:00:00,2026-02-05 15:00:00
INOXWIND,252,60,7090,2022-01-03 09:00:00,2026-02-05 15:00:00
INOXWIND,252,1440,1017,2022-01-03 00:00:00,2026-02-05 00:00:00
INOXWIND,252,10080,215,2021-12-27 00:00:00,2026-02-02 00:00:00
INTELLECT,253,1,379539,2022-01-03 09:15:00,2026-02-05 15:29:00
INTELLECT,253,3,126523,2022-01-03 09:15:00,2026-02-05 15:27:00
INTELLECT,253,5,75914,2022-01-03 09:15:00,2026-02-05 15:25:00
INTELLECT,253,15,25305,2022-01-03 09:15:00,2026-02-05 15:15:00
INTELLECT,253,30,13162,2022-01-03 09:00:00,2026-02-05 15:00:00
INTELLECT,253,60,7090,2022-01-03 09:00:00,2026-02-05 15:00:00
INTELLECT,253,1440,1017,2022-01-03 00:00:00,2026-02-05 00:00:00
INTELLECT,253,10080,215,2021-12-27 00:00:00,2026-02-02 00:00:00
IOB,244,1,378756,2022-01-03 09:15:00,2026-02-03 15:29:00
IOB,244,3,126267,2022-01-03 09:15:00,2026-02-03 15:27:00
IOB,244,5,75761,2022-01-03 09:15:00,2026-02-03 15:25:00
IOB,244,15,25255,2022-01-03 09:15:00,2026-02-03 15:15:00
IOB,244,30,13136,2022-01-03 09:00:00,2026-02-03 15:00:00
IOB,244,60,7076,2022-01-03 09:00:00,2026-02-03 15:00:00
IOB,244,1440,1015,2022-01-03 00:00:00,2026-02-03 00:00:00
IOB,244,10080,215,2021-12-27 00:00:00,2026-02-02 00:00:00
IOC,243,1,109560,2024-12-02 09:15:00,2026-02-03 15:29:00
IOC,243,3,36520,2024-12-02 09:15:00,2026-02-03 15:27:00
IOC,243,5,21912,2024-12-02 09:15:00,2026-02-03 15:25:00
IOC,243,15,7304,2024-12-02 09:15:00,2026-02-03 15:15:00
IOC,243,30,3799,2024-12-02 09:00:00,2026-02-03 15:00:00
IOC,243,60,2046,2024-12-02 09:00:00,2026-02-03 15:00:00
IOC,243,1440,1015,2022-01-03 00:00:00,2026-02-03 00:00:00
IOC,243,10080,215,2021-12-27 00:00:00,2026-02-02 00:00:00
IPCALAB,257,1,378799,2022-01-03 09:15:00,2026-02-03 15:29:00
IPCALAB,257,3,126274,2022-01-03 09:15:00,2026-02-03 15:27:00
IPCALAB,257,5,75764,2022-01-03 09:15:00,2026-02-03 15:25:00
IPCALAB,257,15,25255,2022-01-03 09:15:00,2026-02-03 15:15:00
IPCALAB,257,30,13136,2022-01-03 09:00:00,2026-02-03 15:00:00
IPCALAB,257,60,7076,2022-01-03 09:00:00,2026-02-03 15:00:00
IPCALAB,257,1440,1015,2022-01-03 00:00:00,2026-02-03 00:00:00
IPCALAB,257,10080,215,2021-12-27 00:00:00,2026-02-02 00:00:00
IRB,232,1,378780,2022-01-03 09:15:00,2026-02-03 15:29:00
IRB,232,3,126267,2022-01-03 09:15:00,2026-02-03 15:27:00
IRB,232,5,75761,2022-01-03 09:15:00,2026-02-03 15:25:00
IRB,232,15,25255,2022-01-03 09:15:00,2026-02-03 15:15:00
IRB,232,30,13136,2022-01-03 09:00:00,2026-02-03 15:00:00
IRB,232,60,7076,2022-01-03 09:00:00,2026-02-03 15:00:00
IRB,232,1440,1015,2022-01-03 00:00:00,2026-02-03 00:00:00
IRB,232,10080,215,2021-12-27 00:00:00,2026-02-02 00:00:00
IRCON,233,1,379476,2022-01-03 09:15:00,2026-02-05 15:29:00
IRCON,233,3,126517,2022-01-03 09:15:00,2026-02-05 15:27:00
IRCON,233,5,75911,2022-01-03 09:15:00,2026-02-05 15:25:00
IRCON,233,15,25305,2022-01-03 09:15:00,2026-02-05 15:15:00
IRCON,233,30,13162,2022-01-03 09:00:00,2026-02-05 15:00:00
IRCON,233,60,7090,2022-01-03 09:00:00,2026-02-05 15:00:00
IRCON,233,1440,1017,2022-01-03 00:00:00,2026-02-05 00:00:00
IRCON,233,10080,215,2021-12-27 00:00:00,2026-02-02 00:00:00
IRCTC,245,1,378799,2022-01-03 09:15:00,2026-02-03 15:29:00
IRCTC,245,3,126274,2022-01-03 09:15:00,2026-02-03 15:27:00
IRCTC,245,5,75764,2022-01-03 09:15:00,2026-02-03 15:25:00
IRCTC,245,15,25255,2022-01-03 09:15:00,2026-02-03 15:15:00
IRCTC,245,30,13136,2022-01-03 09:00:00,2026-02-03 15:00:00
IRCTC,245,60,7076,2022-01-03 09:00:00,2026-02-03 15:00:00
IRCTC,245,1440,1015,2022-01-03 00:00:00,2026-02-03 00:00:00
IRCTC,245,10080,215,2021-12-27 00:00:00,2026-02-02 00:00:00
IREDA,247,1,203164,2023-11-29 09:15:00,2026-02-05 15:29:00
IREDA,247,3,67726,2023-11-29 09:15:00,2026-02-05 15:27:00
IREDA,247,5,40637,2023-11-29 09:15:00,2026-02-05 15:25:00
IREDA,247,15,13547,2023-11-29 09:15:00,2026-02-05 15:15:00
IREDA,247,30,7046,2023-11-29 09:00:00,2026-02-05 15:00:00
IREDA,247,60,3796,2023-11-29 09:00:00,2026-02-05 15:00:00
IREDA,247,1440,545,2023-11-29 00:00:00,2026-02-05 00:00:00
IREDA,247,10080,115,2023-11-27 00:00:00,2026-02-02 00:00:00
IRFC,246,1,378792,2022-01-03 09:15:00,2026-02-03 15:29:00
IRFC,246,3,126267,2022-01-03 09:15:00,2026-02-03 15:27:00
IRFC,246,5,75761,2022-01-03 09:15:00,2026-02-03 15:25:00
IRFC,246,15,25255,2022-01-03 09:15:00,2026-02-03 15:15:00
IRFC,246,30,13136,2022-01-03 09:00:00,2026-02-03 15:00:00
IRFC,246,60,7076,2022-01-03 09:00:00,2026-02-03 15:00:00
IRFC,246,1440,1015,2022-01-03 00:00:00,2026-02-03 00:00:00
IRFC,246,10080,215,2021-12-27 00:00:00,2026-02-02 00:00:00
ITC,235,1,378025,2022-01-03 09:15:00,2026-02-01 15:29:00
ITC,235,3,126016,2022-01-03 09:15:00,2026-02-01 15:27:00
ITC,235,5,75610,2022-01-03 09:15:00,2026-02-01 15:25:00
ITC,235,15,25204,2022-01-03 09:15:00,2026-02-01 15:15:00
ITC,235,30,13109,2022-01-03 09:00:00,2026-02-01 15:00:00
ITC,235,60,7062,2022-01-03 09:00:00,2026-02-01 15:00:00
ITC,235,1440,1013,2022-01-03 00:00:00,2026-02-01 00:00:00
ITC,235,10080,214,2021-12-27 00:00:00,2026-01-26 00:00:00
ITCHOTELS,234,1,94907,2025-01-29 09:43:00,2026-02-05 15:29:00
ITCHOTELS,234,3,31636,2025-01-29 09:42:00,2026-02-05 15:27:00
ITCHOTELS,234,5,18982,2025-01-29 09:40:00,2026-02-05 15:25:00
ITCHOTELS,234,15,6328,2025-01-29 09:30:00,2026-02-05 15:15:00
ITCHOTELS,234,30,3291,2025-01-29 09:30:00,2026-02-05 15:00:00
ITCHOTELS,234,60,1773,2025-01-29 09:00:00,2026-02-05 15:00:00
ITCHOTELS,234,1440,254,2025-01-29 00:00:00,2026-02-05 00:00:00
ITCHOTELS,234,10080,54,2025-01-27 00:00:00,2026-02-02 00:00:00
ITI,236,1,376949,2022-01-03 09:15:00,2026-02-03 15:29:00
ITI,236,3,126258,2022-01-03 09:15:00,2026-02-03 15:27:00
ITI,236,5,75761,2022-01-03 09:15:00,2026-02-03 15:25:00
ITI,236,15,25255,2022-01-03 09:15:00,2026-02-03 15:15:00
ITI,236,30,13136,2022-01-03 09:00:00,2026-02-03 15:00:00
ITI,236,60,7076,2022-01-03 09:00:00,2026-02-03 15:00:00
ITI,236,1440,1015,2022-01-03 00:00:00,2026-02-03 00:00:00
ITI,236,10080,215,2021-12-27 00:00:00,2026-02-02 00:00:00
J&KBANK,267,1,379314,2022-01-03 09:15:00,2026-02-05 15:29:00
J&KBANK,267,3,126519,2022-01-03 09:15:00,2026-02-05 15:27:00
J&KBANK,267,5,75913,2022-01-03 09:15:00,2026-02-05 15:25:00
J&KBANK,267,15,25305,2022-01-03 09:15:00,2026-02-05 15:15:00
J&KBANK,267,30,13162,2022-01-03 09:00:00,2026-02-05 15:00:00
J&KBANK,267,60,7090,2022-01-03 09:00:00,2026-02-05 15:00:00
J&KBANK,267,1440,1017,2022-01-03 00:00:00,2026-02-05 00:00:00
J&KBANK,267,10080,215,2021-12-27 00:00:00,2026-02-02 00:00:00
JBCHEPHARM,258,1,378131,2022-01-03 09:15:00,2026-02-03 15:29:00
JBCHEPHARM,258,3,126264,2022-01-03 09:15:00,2026-02-03 15:27:00
JBCHEPHARM,258,5,75763,2022-01-03 09:15:00,2026-02-03 15:25:00
JBCHEPHARM,258,15,25255,2022-01-03 09:15:00,2026-02-03 15:15:00
JBCHEPHARM,258,30,13136,2022-01-03 09:00:00,2026-02-03 15:00:00
JBCHEPHARM,258,60,7076,2022-01-03 09:00:00,2026-02-03 15:00:00
JBCHEPHARM,258,1440,1015,2022-01-03 00:00:00,2026-02-03 00:00:00
JBCHEPHARM,258,10080,215,2021-12-27 00:00:00,2026-02-02 00:00:00
JBMA,260,1,377818,2022-01-03 09:15:00,2026-02-03 15:29:00
JBMA,260,3,126266,2022-01-03 09:15:00,2026-02-03 15:27:00
JBMA,260,5,75763,2022-01-03 09:15:00,2026-02-03 15:25:00
JBMA,260,15,25255,2022-01-03 09:15:00,2026-02-03 15:15:00
JBMA,260,30,13136,2022-01-03 09:00:00,2026-02-03 15:00:00
JBMA,260,60,7076,2022-01-03 09:00:00,2026-02-03 15:00:00
JBMA,260,1440,1015,2022-01-03 00:00:00,2026-02-03 00:00:00
JBMA,260,10080,215,2021-12-27 00:00:00,2026-02-02 00:00:00
JINDALSAW,268,1,378503,2022-01-03 09:15:00,2026-02-03 15:29:00
JINDALSAW,268,3,126269,2022-01-03 09:15:00,2026-02-03 15:27:00
JINDALSAW,268,5,75763,2022-01-03 09:15:00,2026-02-03 15:25:00
JINDALSAW,268,15,25255,2022-01-03 09:15:00,2026-02-03 15:15:00
JINDALSAW,268,30,13136,2022-01-03 09:00:00,2026-02-03 15:00:00
JINDALSAW,268,60,7076,2022-01-03 09:00:00,2026-02-03 15:00:00
JINDALSAW,268,1440,1015,2022-01-03 00:00:00,2026-02-03 00:00:00
JINDALSAW,268,10080,215,2021-12-27 00:00:00,2026-02-02 00:00:00
JINDALSTEL,270,1,109185,2024-12-02 09:15:00,2026-02-02 15:29:00
JINDALSTEL,270,3,36395,2024-12-02 09:15:00,2026-02-02 15:27:00
JINDALSTEL,270,5,21837,2024-12-02 09:15:00,2026-02-02 15:25:00
JINDALSTEL,270,15,7279,2024-12-02 09:15:00,2026-02-02 15:15:00
JINDALSTEL,270,30,3786,2024-12-02 09:00:00,2026-02-02 15:00:00
JINDALSTEL,270,60,2039,2024-12-02 09:00:00,2026-02-02 15:00:00
JINDALSTEL,270,1440,1014,2022-01-03 00:00:00,2026-02-02 00:00:00
JINDALSTEL,270,10080,215,2021-12-27 00:00:00,2026-02-02 00:00:00
JIOFIN,271,1,228349,2023-08-21 09:15:00,2026-02-05 15:29:00
JIOFIN,271,3,76121,2023-08-21 09:15:00,2026-02-05 15:27:00
JIOFIN,271,5,45674,2023-08-21 09:15:00,2026-02-05 15:25:00
JIOFIN,271,15,15226,2023-08-21 09:15:00,2026-02-05 15:15:00
JIOFIN,271,30,7920,2023-08-21 09:00:00,2026-02-05 15:00:00
JIOFIN,271,60,4267,2023-08-21 09:00:00,2026-02-05 15:00:00
JIOFIN,271,1440,613,2023-08-21 00:00:00,2026-02-05 00:00:00
JIOFIN,271,10080,129,2023-08-21 00:00:00,2026-02-02 00:00:00
JKCEMENT,259,1,146669,2022-01-03 09:15:00,2023-08-01 15:29:00
JKCEMENT,259,3,48894,2022-01-03 09:15:00,2023-08-01 15:27:00
JKCEMENT,259,5,29336,2022-01-03 09:15:00,2023-08-01 15:25:00
JKCEMENT,259,15,9779,2022-01-03 09:15:00,2023-08-01 15:15:00
JKCEMENT,259,30,5086,2022-01-03 09:00:00,2023-08-01 15:00:00
JKCEMENT,259,60,2739,2022-01-03 09:00:00,2023-08-01 15:00:00
JKCEMENT,259,1440,414,2022-01-03 00:00:00,2023-09-01 00:00:00
JKTYRE,261,1,110310,2024-12-02 09:15:00,2026-02-05 15:29:00
JKTYRE,261,3,36770,2024-12-02 09:15:00,2026-02-05 15:27:00
JKTYRE,261,5,22062,2024-12-02 09:15:00,2026-02-05 15:25:00
JKTYRE,261,15,7354,2024-12-02 09:15:00,2026-02-05 15:15:00
JKTYRE,261,30,3825,2024-12-02 09:00:00,2026-02-05 15:00:00
JKTYRE,261,60,2060,2024-12-02 09:00:00,2026-02-05 15:00:00
JKTYRE,261,1440,1017,2022-01-03 00:00:00,2026-02-05 00:00:00
JKTYRE,261,10080,215,2021-12-27 00:00:00,2026-02-02 00:00:00
JMFINANCIL,262,1,377767,2022-01-03 09:15:00,2026-02-03 15:29:00
JMFINANCIL,262,3,126265,2022-01-03 09:15:00,2026-02-03 15:27:00
JMFINANCIL,262,5,75763,2022-01-03 09:15:00,2026-02-03 15:25:00
JMFINANCIL,262,15,25255,2022-01-03 09:15:00,2026-02-03 15:15:00
JMFINANCIL,262,30,13136,2022-01-03 09:00:00,2026-02-03 15:00:00
JMFINANCIL,262,60,7076,2022-01-03 09:00:00,2026-02-03 15:00:00
JMFINANCIL,262,1440,1015,2022-01-03 00:00:00,2026-02-03 00:00:00
JMFINANCIL,262,10080,215,2021-12-27 00:00:00,2026-02-02 00:00:00
JPPOWER,266,1,379549,2022-01-03 09:15:00,2026-02-05 15:29:00
JPPOWER,266,3,126519,2022-01-03 09:15:00,2026-02-05 15:27:00
JPPOWER,266,5,75913,2022-01-03 09:15:00,2026-02-05 15:25:00
JPPOWER,266,15,25305,2022-01-03 09:15:00,2026-02-05 15:15:00
JPPOWER,266,30,13162,2022-01-03 09:00:00,2026-02-05 15:00:00
JPPOWER,266,60,7090,2022-01-03 09:00:00,2026-02-05 15:00:00
JPPOWER,266,1440,1017,2022-01-03 00:00:00,2026-02-05 00:00:00
JPPOWER,266,10080,215,2021-12-27 00:00:00,2026-02-02 00:00:00
JSL,269,1,378793,2022-01-03 09:15:00,2026-02-03 15:29:00
JSL,269,3,126269,2022-01-03 09:15:00,2026-02-03 15:27:00
JSL,269,5,75763,2022-01-03 09:15:00,2026-02-03 15:25:00
JSL,269,15,25255,2022-01-03 09:15:00,2026-02-03 15:15:00
JSL,269,30,13136,2022-01-03 09:00:00,2026-02-03 15:00:00
JSL,269,60,7076,2022-01-03 09:00:00,2026-02-03 15:00:00
JSL,269,1440,1015,2022-01-03 00:00:00,2026-02-03 00:00:00
JSL,269,10080,215,2021-12-27 00:00:00,2026-02-02 00:00:00
JSWENERGY,263,1,332689,2022-07-01 09:15:00,2026-02-03 15:29:00
JSWENERGY,263,3,110899,2022-07-01 09:15:00,2026-02-03 15:27:00
JSWENERGY,263,5,66540,2022-07-01 09:15:00,2026-02-03 15:25:00
JSWENERGY,263,15,22180,2022-07-01 09:15:00,2026-02-03 15:15:00
JSWENERGY,263,30,11537,2022-07-01 09:00:00,2026-02-03 15:00:00
JSWENERGY,263,60,6215,2022-07-01 09:00:00,2026-02-03 15:00:00
JSWENERGY,263,1440,1015,2022-01-03 00:00:00,2026-02-03 00:00:00
JSWENERGY,263,10080,215,2021-12-27 00:00:00,2026-02-02 00:00:00
JSWINFRA,264,1,216724,2023-10-03 09:15:00,2026-02-03 15:29:00
JSWINFRA,264,3,72246,2023-10-03 09:15:00,2026-02-03 15:27:00
JSWINFRA,264,5,43349,2023-10-03 09:15:00,2026-02-03 15:25:00
JSWINFRA,264,15,14451,2023-10-03 09:15:00,2026-02-03 15:15:00
JSWINFRA,264,30,7517,2023-10-03 09:00:00,2026-02-03 15:00:00
JSWINFRA,264,60,4050,2023-10-03 09:00:00,2026-02-03 15:00:00
JSWINFRA,264,1440,582,2023-10-03 00:00:00,2026-02-03 00:00:00
JSWINFRA,264,10080,123,2023-10-02 00:00:00,2026-02-02 00:00:00
JSWSTEEL,265,1,378429,2022-01-03 09:15:00,2026-02-02 15:29:00
JSWSTEEL,265,3,126149,2022-01-03 09:15:00,2026-02-02 15:27:00
JSWSTEEL,265,5,75689,2022-01-03 09:15:00,2026-02-02 15:25:00
JSWSTEEL,265,15,25230,2022-01-03 09:15:00,2026-02-02 15:15:00
JSWSTEEL,265,30,13123,2022-01-03 09:00:00,2026-02-02 15:00:00
JSWSTEEL,265,60,7069,2022-01-03 09:00:00,2026-02-02 15:00:00
JSWSTEEL,265,1440,1014,2022-01-03 00:00:00,2026-02-02 00:00:00
JSWSTEEL,265,10080,215,2021-12-27 00:00:00,2026-02-02 00:00:00
JUBLFOOD,272,1,378804,2022-01-03 09:15:00,2026-02-03 15:29:00
JUBLFOOD,272,3,126274,2022-01-03 09:15:00,2026-02-03 15:27:00
JUBLFOOD,272,5,75764,2022-01-03 09:15:00,2026-02-03 15:25:00
JUBLFOOD,272,15,25255,2022-01-03 09:15:00,2026-02-03 15:15:00
JUBLFOOD,272,30,13136,2022-01-03 09:00:00,2026-02-03 15:00:00
JUBLFOOD,272,60,7076,2022-01-03 09:00:00,2026-02-03 15:00:00
JUBLFOOD,272,1440,1015,2022-01-03 00:00:00,2026-02-03 00:00:00
JUBLFOOD,272,10080,215,2021-12-27 00:00:00,2026-02-02 00:00:00
JUBLINGREA,273,1,379500,2022-01-03 09:15:00,2026-02-05 15:29:00
JUBLINGREA,273,3,126519,2022-01-03 09:15:00,2026-02-05 15:27:00
JUBLINGREA,273,5,75913,2022-01-03 09:15:00,2026-02-05 15:25:00
JUBLINGREA,273,15,25305,2022-01-03 09:15:00,2026-02-05 15:15:00
JUBLINGREA,273,30,13162,2022-01-03 09:00:00,2026-02-05 15:00:00
JUBLINGREA,273,60,7090,2022-01-03 09:00:00,2026-02-05 15:00:00
JUBLINGREA,273,1440,1017,2022-01-03 00:00:00,2026-02-05 00:00:00
JUBLINGREA,273,10080,215,2021-12-27 00:00:00,2026-02-02 00:00:00
JUBLPHARMA,274,1,378503,2022-01-03 09:15:00,2026-02-05 15:29:00
JUBLPHARMA,274,3,126515,2022-01-03 09:15:00,2026-02-05 15:27:00
JUBLPHARMA,274,5,75913,2022-01-03 09:15:00,2026-02-05 15:25:00
JUBLPHARMA,274,15,25305,2022-01-03 09:15:00,2026-02-05 15:15:00
JUBLPHARMA,274,30,13162,2022-01-03 09:00:00,2026-02-05 15:00:00
JUBLPHARMA,274,60,7090,2022-01-03 09:00:00,2026-02-05 15:00:00
JUBLPHARMA,274,1440,1017,2022-01-03 00:00:00,2026-02-05 00:00:00
JUBLPHARMA,274,10080,215,2021-12-27 00:00:00,2026-02-02 00:00:00
JWL,275,1,370106,2022-01-03 09:15:00,2026-02-05 15:29:00
JWL,275,3,126245,2022-01-03 09:15:00,2026-02-05 15:27:00
JWL,275,5,75877,2022-01-03 09:15:00,2026-02-05 15:25:00
JWL,275,15,25305,2022-01-03 09:15:00,2026-02-05 15:15:00
JWL,275,30,13162,2022-01-03 09:00:00,2026-02-05 15:00:00
JWL,275,60,7090,2022-01-03 09:00:00,2026-02-05 15:00:00
JWL,275,1440,1017,2022-01-03 00:00:00,2026-02-05 00:00:00
JWL,275,10080,215,2021-12-27 00:00:00,2026-02-02 00:00:00
JYOTHYLAB,276,1,148619,2024-07-01 09:15:00,2026-02-03 15:29:00
JYOTHYLAB,276,3,49540,2024-07-01 09:15:00,2026-02-03 15:27:00
JYOTHYLAB,276,5,29724,2024-07-01 09:15:00,2026-02-03 15:25:00
JYOTHYLAB,276,15,9908,2024-07-01 09:15:00,2026-02-03 15:15:00
JYOTHYLAB,276,30,5153,2024-07-01 09:00:00,2026-02-03 15:00:00
JYOTHYLAB,276,60,2775,2024-07-01 09:00:00,2026-02-03 15:00:00
JYOTHYLAB,276,1440,1015,2022-01-03 00:00:00,2026-02-03 00:00:00
JYOTHYLAB,276,10080,215,2021-12-27 00:00:00,2026-02-02 00:00:00
JYOTICNC,278,1,190773,2024-01-16 09:15:00,2026-02-05 15:29:00
JYOTICNC,278,3,63601,2024-01-16 09:15:00,2026-02-05 15:27:00
JYOTICNC,278,5,38162,2024-01-16 09:15:00,2026-02-05 15:25:00
JYOTICNC,278,15,12722,2024-01-16 09:15:00,2026-02-05 15:15:00
JYOTICNC,278,30,6617,2024-01-16 09:00:00,2026-02-05 15:00:00
JYOTICNC,278,60,3565,2024-01-16 09:00:00,2026-02-05 15:00:00
JYOTICNC,278,1440,512,2024-01-16 00:00:00,2026-02-05 00:00:00
JYOTICNC,278,10080,108,2024-01-15 00:00:00,2026-02-02 00:00:00
KAJARIACER,283,1,378687,2022-01-03 09:15:00,2026-02-03 15:29:00
KAJARIACER,283,3,126269,2022-01-03 09:15:00,2026-02-03 15:27:00
KAJARIACER,283,5,75763,2022-01-03 09:15:00,2026-02-03 15:25:00
KAJARIACER,283,15,25255,2022-01-03 09:15:00,2026-02-03 15:15:00
KAJARIACER,283,30,13136,2022-01-03 09:00:00,2026-02-03 15:00:00
KAJARIACER,283,60,7076,2022-01-03 09:00:00,2026-02-03 15:00:00
KAJARIACER,283,1440,1015,2022-01-03 00:00:00,2026-02-03 00:00:00
KAJARIACER,283,10080,215,2021-12-27 00:00:00,2026-02-02 00:00:00
KALYANKJIL,285,1,110310,2024-12-02 09:15:00,2026-02-05 15:29:00
KALYANKJIL,285,3,36770,2024-12-02 09:15:00,2026-02-05 15:27:00
KALYANKJIL,285,5,22062,2024-12-02 09:15:00,2026-02-05 15:25:00
KALYANKJIL,285,15,7354,2024-12-02 09:15:00,2026-02-05 15:15:00
KALYANKJIL,285,30,3825,2024-12-02 09:00:00,2026-02-05 15:00:00
KALYANKJIL,285,60,2060,2024-12-02 09:00:00,2026-02-05 15:00:00
KALYANKJIL,285,1440,1017,2022-01-03 00:00:00,2026-02-05 00:00:00
KALYANKJIL,285,10080,215,2021-12-27 00:00:00,2026-02-02 00:00:00
KARURVYSYA,286,1,378780,2022-01-03 09:15:00,2026-02-03 15:29:00
KARURVYSYA,286,3,126269,2022-01-03 09:15:00,2026-02-03 15:27:00
KARURVYSYA,286,5,75763,2022-01-03 09:15:00,2026-02-03 15:25:00
KARURVYSYA,286,15,25255,2022-01-03 09:15:00,2026-02-03 15:15:00
KARURVYSYA,286,30,13136,2022-01-03 09:00:00,2026-02-03 15:00:00
KARURVYSYA,286,60,7076,2022-01-03 09:00:00,2026-02-03 15:00:00
KARURVYSYA,286,1440,1015,2022-01-03 00:00:00,2026-02-03 00:00:00
KARURVYSYA,286,10080,215,2021-12-27 00:00:00,2026-02-02 00:00:00
KAYNES,287,1,297701,2022-11-22 09:15:00,2026-02-05 15:29:00
KAYNES,287,3,99246,2022-11-22 09:15:00,2026-02-05 15:27:00
KAYNES,287,5,59549,2022-11-22 09:15:00,2026-02-05 15:25:00
KAYNES,287,15,19851,2022-11-22 09:15:00,2026-02-05 15:15:00
KAYNES,287,30,10325,2022-11-22 09:00:00,2026-02-05 15:00:00
KAYNES,287,60,5562,2022-11-22 09:00:00,2026-02-05 15:00:00
KAYNES,287,1440,798,2022-11-22 00:00:00,2026-02-05 00:00:00
KAYNES,287,10080,168,2022-11-21 00:00:00,2026-02-02 00:00:00
KEC,288,1,378663,2022-01-03 09:15:00,2026-02-03 15:29:00
KEC,288,3,126269,2022-01-03 09:15:00,2026-02-03 15:27:00
KEC,288,5,75763,2022-01-03 09:15:00,2026-02-03 15:25:00
KEC,288,15,25255,2022-01-03 09:15:00,2026-02-03 15:15:00
KEC,288,30,13136,2022-01-03 09:00:00,2026-02-03 15:00:00
KEC,288,60,7076,2022-01-03 09:00:00,2026-02-03 15:00:00
KEC,288,1440,1015,2022-01-03 00:00:00,2026-02-03 00:00:00
KEC,288,10080,215,2021-12-27 00:00:00,2026-02-02 00:00:00
KEI,280,1,378785,2022-01-03 09:15:00,2026-02-03 15:29:00
KEI,280,3,126269,2022-01-03 09:15:00,2026-02-03 15:27:00
KEI,280,5,75763,2022-01-03 09:15:00,2026-02-03 15:25:00
KEI,280,15,25255,2022-01-03 09:15:00,2026-02-03 15:15:00
KEI,280,30,13136,2022-01-03 09:00:00,2026-02-03 15:00:00
KEI,280,60,7076,2022-01-03 09:00:00,2026-02-03 15:00:00
KEI,280,1440,1015,2022-01-03 00:00:00,2026-02-03 00:00:00
KEI,280,10080,215,2021-12-27 00:00:00,2026-02-02 00:00:00
KFINTECH,289,1,287456,2022-12-29 09:15:00,2026-02-05 15:29:00
KFINTECH,289,3,95871,2022-12-29 09:15:00,2026-02-05 15:27:00
KFINTECH,289,5,57524,2022-12-29 09:15:00,2026-02-05 15:25:00
KFINTECH,289,15,19176,2022-12-29 09:15:00,2026-02-05 15:15:00
KFINTECH,289,30,9974,2022-12-29 09:00:00,2026-02-05 15:00:00
KFINTECH,289,60,5373,2022-12-29 09:00:00,2026-02-05 15:00:00
KFINTECH,289,1440,771,2022-12-29 00:00:00,2026-02-05 00:00:00
KFINTECH,289,10080,163,2022-12-26 00:00:00,2026-02-02 00:00:00
KIMS,293,1,376753,2022-01-03 09:15:00,2026-02-03 15:29:00
KIMS,293,3,126236,2022-01-03 09:15:00,2026-02-03 15:27:00
KIMS,293,5,75763,2022-01-03 09:15:00,2026-02-03 15:25:00
KIMS,293,15,25255,2022-01-03 09:15:00,2026-02-03 15:15:00
KIMS,293,30,13136,2022-01-03 09:00:00,2026-02-03 15:00:00
KIMS,293,60,7076,2022-01-03 09:00:00,2026-02-03 15:00:00
KIMS,293,1440,1015,2022-01-03 00:00:00,2026-02-03 00:00:00
KIMS,293,10080,215,2021-12-27 00:00:00,2026-02-02 00:00:00
KIRLOSBROS,290,1,371233,2022-01-03 09:15:00,2026-02-05 15:29:00
KIRLOSBROS,290,3,126170,2022-01-03 09:15:00,2026-02-05 15:27:00
KIRLOSBROS,290,5,75858,2022-01-03 09:15:00,2026-02-05 15:25:00
KIRLOSBROS,290,15,25305,2022-01-03 09:15:00,2026-02-05 15:15:00
KIRLOSBROS,290,30,13162,2022-01-03 09:00:00,2026-02-05 15:00:00
KIRLOSBROS,290,60,7090,2022-01-03 09:00:00,2026-02-05 15:00:00
KIRLOSBROS,290,1440,1017,2022-01-03 00:00:00,2026-02-05 00:00:00
KIRLOSBROS,290,10080,215,2021-12-27 00:00:00,2026-02-02 00:00:00
KIRLOSENG,291,1,376513,2022-01-03 09:15:00,2026-02-03 15:29:00
KIRLOSENG,291,3,126232,2022-01-03 09:15:00,2026-02-03 15:27:00
KIRLOSENG,291,5,75759,2022-01-03 09:15:00,2026-02-03 15:25:00
KIRLOSENG,291,15,25255,2022-01-03 09:15:00,2026-02-03 15:15:00
KIRLOSENG,291,30,13136,2022-01-03 09:00:00,2026-02-03 15:00:00
KIRLOSENG,291,60,7076,2022-01-03 09:00:00,2026-02-03 15:00:00
KIRLOSENG,291,1440,1015,2022-01-03 00:00:00,2026-02-03 00:00:00
KIRLOSENG,291,10080,215,2021-12-27 00:00:00,2026-02-02 00:00:00
KOTAKBANK,292,1,378429,2022-01-03 09:15:00,2026-02-02 15:29:00
KOTAKBANK,292,3,126149,2022-01-03 09:15:00,2026-02-02 15:27:00
KOTAKBANK,292,5,75689,2022-01-03 09:15:00,2026-02-02 15:25:00
KOTAKBANK,292,15,25230,2022-01-03 09:15:00,2026-02-02 15:15:00
KOTAKBANK,292,30,13123,2022-01-03 09:00:00,2026-02-02 15:00:00
KOTAKBANK,292,60,7069,2022-01-03 09:00:00,2026-02-02 15:00:00
KOTAKBANK,292,1440,1014,2022-01-03 00:00:00,2026-02-02 00:00:00
KOTAKBANK,292,10080,215,2021-12-27 00:00:00,2026-02-02 00:00:00
KPIL,284,1,378407,2022-01-03 09:15:00,2026-02-05 15:29:00
KPIL,284,3,126514,2022-01-03 09:15:00,2026-02-05 15:27:00
KPIL,284,5,75913,2022-01-03 09:15:00,2026-02-05 15:25:00
KPIL,284,15,25305,2022-01-03 09:15:00,2026-02-05 15:15:00
KPIL,284,30,13162,2022-01-03 09:00:00,2026-02-05 15:00:00
KPIL,284,60,7090,2022-01-03 09:00:00,2026-02-05 15:00:00
KPIL,284,1440,1017,2022-01-03 00:00:00,2026-02-05 00:00:00
KPIL,284,10080,215,2021-12-27 00:00:00,2026-02-02 00:00:00
KPITTECH,281,1,378798,2022-01-03 09:15:00,2026-02-03 15:29:00
KPITTECH,281,3,126269,2022-01-03 09:15:00,2026-02-03 15:27:00
KPITTECH,281,5,75763,2022-01-03 09:15:00,2026-02-03 15:25:00
KPITTECH,281,15,25255,2022-01-03 09:15:00,2026-02-03 15:15:00
KPITTECH,281,30,13136,2022-01-03 09:00:00,2026-02-03 15:00:00
KPITTECH,281,60,7076,2022-01-03 09:00:00,2026-02-03 15:00:00
KPITTECH,281,1440,1015,2022-01-03 00:00:00,2026-02-03 00:00:00
KPITTECH,281,10080,215,2021-12-27 00:00:00,2026-02-02 00:00:00
KPRMILL,279,1,379518,2022-01-03 09:15:00,2026-02-05 15:29:00
KPRMILL,279,3,126519,2022-01-03 09:15:00,2026-02-05 15:27:00
KPRMILL,279,5,75913,2022-01-03 09:15:00,2026-02-05 15:25:00
KPRMILL,279,15,25305,2022-01-03 09:15:00,2026-02-05 15:15:00
KPRMILL,279,30,13162,2022-01-03 09:00:00,2026-02-05 15:00:00
KPRMILL,279,60,7090,2022-01-03 09:00:00,2026-02-05 15:00:00
KPRMILL,279,1440,1017,2022-01-03 00:00:00,2026-02-05 00:00:00
KPRMILL,279,10080,215,2021-12-27 00:00:00,2026-02-02 00:00:00
KSB,282,1,375977,2022-01-03 09:15:00,2026-02-04 15:29:00
KSB,282,3,126321,2022-01-03 09:15:00,2026-02-04 15:27:00
KSB,282,5,75832,2022-01-03 09:15:00,2026-02-04 15:25:00
KSB,282,15,25280,2022-01-03 09:15:00,2026-02-04 15:15:00
KSB,282,30,13149,2022-01-03 09:00:00,2026-02-04 15:00:00
KSB,282,60,7083,2022-01-03 09:00:00,2026-02-04 15:00:00
KSB,282,1440,1016,2022-01-03 00:00:00,2026-02-04 00:00:00
KSB,282,10080,215,2021-12-27 00:00:00,2026-02-02 00:00:00
LALPATHLAB,148,1,378803,2022-01-03 09:15:00,2026-02-03 15:29:00
LALPATHLAB,148,3,126273,2022-01-03 09:15:00,2026-02-03 15:27:00
LALPATHLAB,148,5,75764,2022-01-03 09:15:00,2026-02-03 15:25:00
LALPATHLAB,148,15,25255,2022-01-03 09:15:00,2026-02-03 15:15:00
LALPATHLAB,148,30,13136,2022-01-03 09:00:00,2026-02-03 15:00:00
LALPATHLAB,148,60,7076,2022-01-03 09:00:00,2026-02-03 15:00:00
LALPATHLAB,148,1440,1015,2022-01-03 00:00:00,2026-02-03 00:00:00
LALPATHLAB,148,10080,215,2021-12-27 00:00:00,2026-02-02 00:00:00
LATENTVIEW,300,1,378779,2022-01-03 09:15:00,2026-02-03 15:29:00
LATENTVIEW,300,3,126269,2022-01-03 09:15:00,2026-02-03 15:27:00
LATENTVIEW,300,5,75763,2022-01-03 09:15:00,2026-02-03 15:25:00
LATENTVIEW,300,15,25255,2022-01-03 09:15:00,2026-02-03 15:15:00
LATENTVIEW,300,30,13136,2022-01-03 09:00:00,2026-02-03 15:00:00
LATENTVIEW,300,60,7076,2022-01-03 09:00:00,2026-02-03 15:00:00
LATENTVIEW,300,1440,1015,2022-01-03 00:00:00,2026-02-03 00:00:00
LATENTVIEW,300,10080,215,2021-12-27 00:00:00,2026-02-02 00:00:00
LAURUSLABS,301,1,378803,2022-01-03 09:15:00,2026-02-03 15:29:00
LAURUSLABS,301,3,126273,2022-01-03 09:15:00,2026-02-03 15:27:00
LAURUSLABS,301,5,75764,2022-01-03 09:15:00,2026-02-03 15:25:00
LAURUSLABS,301,15,25255,2022-01-03 09:15:00,2026-02-03 15:15:00
LAURUSLABS,301,30,13136,2022-01-03 09:00:00,2026-02-03 15:00:00
LAURUSLABS,301,60,7076,2022-01-03 09:00:00,2026-02-03 15:00:00
LAURUSLABS,301,1440,1015,2022-01-03 00:00:00,2026-02-03 00:00:00
LAURUSLABS,301,10080,215,2021-12-27 00:00:00,2026-02-02 00:00:00
LEMONTREE,303,1,378797,2022-01-03 09:15:00,2026-02-03 15:29:00
LEMONTREE,303,3,126269,2022-01-03 09:15:00,2026-02-03 15:27:00
LEMONTREE,303,5,75763,2022-01-03 09:15:00,2026-02-03 15:25:00
LEMONTREE,303,15,25255,2022-01-03 09:15:00,2026-02-03 15:15:00
LEMONTREE,303,30,13136,2022-01-03 09:00:00,2026-02-03 15:00:00
LEMONTREE,303,60,7076,2022-01-03 09:00:00,2026-02-03 15:00:00
LEMONTREE,303,1440,1015,2022-01-03 00:00:00,2026-02-03 00:00:00
LEMONTREE,303,10080,215,2021-12-27 00:00:00,2026-02-02 00:00:00
LICHSGFIN,296,1,378803,2022-01-03 09:15:00,2026-02-03 15:29:00
LICHSGFIN,296,3,126273,2022-01-03 09:15:00,2026-02-03 15:27:00
LICHSGFIN,296,5,75764,2022-01-03 09:15:00,2026-02-03 15:25:00
LICHSGFIN,296,15,25255,2022-01-03 09:15:00,2026-02-03 15:15:00
LICHSGFIN,296,30,13136,2022-01-03 09:00:00,2026-02-03 15:00:00
LICHSGFIN,296,60,7076,2022-01-03 09:00:00,2026-02-03 15:00:00
LICHSGFIN,296,1440,1015,2022-01-03 00:00:00,2026-02-03 00:00:00
LICHSGFIN,296,10080,215,2021-12-27 00:00:00,2026-02-02 00:00:00
LICI,304,1,344660,2022-05-17 09:44:00,2026-02-02 15:29:00
LICI,304,3,114890,2022-05-17 09:42:00,2026-02-02 15:27:00
LICI,304,5,68935,2022-05-17 09:40:00,2026-02-02 15:25:00
LICI,304,15,22979,2022-05-17 09:30:00,2026-02-02 15:15:00
LICI,304,30,11952,2022-05-17 09:30:00,2026-02-02 15:00:00
LICI,304,60,6439,2022-05-17 09:00:00,2026-02-02 15:00:00
LICI,304,1440,924,2022-05-17 00:00:00,2026-02-02 00:00:00
LICI,304,10080,195,2022-05-16 00:00:00,2026-02-02 00:00:00
LINDEINDIA,305,1,378592,2022-01-03 09:15:00,2026-02-03 15:29:00
LINDEINDIA,305,3,126269,2022-01-03 09:15:00,2026-02-03 15:27:00
LINDEINDIA,305,5,75763,2022-01-03 09:15:00,2026-02-03 15:25:00
LINDEINDIA,305,15,25255,2022-01-03 09:15:00,2026-02-03 15:15:00
LINDEINDIA,305,30,13136,2022-01-03 09:00:00,2026-02-03 15:00:00
LINDEINDIA,305,60,7076,2022-01-03 09:00:00,2026-02-03 15:00:00
LINDEINDIA,305,1440,1015,2022-01-03 00:00:00,2026-02-03 00:00:00
LINDEINDIA,305,10080,215,2021-12-27 00:00:00,2026-02-02 00:00:00
LLOYDSME,306,1,236351,2023-07-17 09:15:00,2026-02-03 15:29:00
LLOYDSME,306,3,78879,2023-07-17 09:15:00,2026-02-03 15:27:00
LLOYDSME,306,5,47328,2023-07-17 09:15:00,2026-02-03 15:25:00
LLOYDSME,306,15,15776,2023-07-17 09:15:00,2026-02-03 15:15:00
LLOYDSME,306,30,8206,2023-07-17 09:00:00,2026-02-03 15:00:00
LLOYDSME,306,60,4421,2023-07-17 09:00:00,2026-02-03 15:00:00
LLOYDSME,306,1440,635,2023-07-17 00:00:00,2026-02-03 00:00:00
LLOYDSME,306,10080,134,2023-07-17 00:00:00,2026-02-02 00:00:00
LODHA,307,1,379435,2022-01-03 09:15:00,2026-02-05 15:29:00
LODHA,307,3,126519,2022-01-03 09:15:00,2026-02-05 15:27:00
LODHA,307,5,75913,2022-01-03 09:15:00,2026-02-05 15:25:00
LODHA,307,15,25305,2022-01-03 09:15:00,2026-02-05 15:15:00
LODHA,307,30,13162,2022-01-03 09:00:00,2026-02-05 15:00:00
LODHA,307,60,7090,2022-01-03 09:00:00,2026-02-05 15:00:00
LODHA,307,1440,1017,2022-01-03 00:00:00,2026-02-05 00:00:00
LODHA,307,10080,215,2021-12-27 00:00:00,2026-02-02 00:00:00
LT,299,1,378803,2022-01-03 09:15:00,2026-02-03 15:29:00
LT,299,3,126273,2022-01-03 09:15:00,2026-02-03 15:27:00
LT,299,5,75764,2022-01-03 09:15:00,2026-02-03 15:25:00
LT,299,15,25255,2022-01-03 09:15:00,2026-02-03 15:15:00
LT,299,30,13136,2022-01-03 09:00:00,2026-02-03 15:00:00
LT,299,60,7076,2022-01-03 09:00:00,2026-02-03 15:00:00
LT,299,1440,1015,2022-01-03 00:00:00,2026-02-03 00:00:00
LT,299,10080,215,2021-12-27 00:00:00,2026-02-02 00:00:00
LTF,294,1,378803,2022-01-03 09:15:00,2026-02-03 15:29:00
LTF,294,3,126273,2022-01-03 09:15:00,2026-02-03 15:27:00
LTF,294,5,75764,2022-01-03 09:15:00,2026-02-03 15:25:00
LTF,294,15,25255,2022-01-03 09:15:00,2026-02-03 15:15:00
LTF,294,30,13136,2022-01-03 09:00:00,2026-02-03 15:00:00
LTF,294,60,7076,2022-01-03 09:00:00,2026-02-03 15:00:00
LTF,294,1440,1015,2022-01-03 00:00:00,2026-02-03 00:00:00
LTF,294,10080,215,2021-12-27 00:00:00,2026-02-02 00:00:00
LTFOODS,297,1,379504,2022-01-03 09:15:00,2026-02-05 15:29:00
LTFOODS,297,3,126517,2022-01-03 09:15:00,2026-02-05 15:27:00
LTFOODS,297,5,75911,2022-01-03 09:15:00,2026-02-05 15:25:00
LTFOODS,297,15,25305,2022-01-03 09:15:00,2026-02-05 15:15:00
LTFOODS,297,30,13162,2022-01-03 09:00:00,2026-02-05 15:00:00
LTFOODS,297,60,7090,2022-01-03 09:00:00,2026-02-05 15:00:00
LTFOODS,297,1440,1017,2022-01-03 00:00:00,2026-02-05 00:00:00
LTFOODS,297,10080,215,2021-12-27 00:00:00,2026-02-02 00:00:00
LTIM,298,1,378428,2022-01-03 09:15:00,2026-02-02 15:29:00
LTIM,298,3,126148,2022-01-03 09:15:00,2026-02-02 15:27:00
LTIM,298,5,75689,2022-01-03 09:15:00,2026-02-02 15:25:00
LTIM,298,15,25230,2022-01-03 09:15:00,2026-02-02 15:15:00
LTIM,298,30,13123,2022-01-03 09:00:00,2026-02-02 15:00:00
LTIM,298,60,7069,2022-01-03 09:00:00,2026-02-02 15:00:00
LTIM,298,1440,1014,2022-01-03 00:00:00,2026-02-02 00:00:00
LTIM,298,10080,215,2021-12-27 00:00:00,2026-02-02 00:00:00
LTTS,295,1,378803,2022-01-03 09:15:00,2026-02-03 15:29:00
LTTS,295,3,126273,2022-01-03 09:15:00,2026-02-03 15:27:00
LTTS,295,5,75764,2022-01-03 09:15:00,2026-02-03 15:25:00
LTTS,295,15,25255,2022-01-03 09:15:00,2026-02-03 15:15:00
LTTS,295,30,13136,2022-01-03 09:00:00,2026-02-03 15:00:00
LTTS,295,60,7076,2022-01-03 09:00:00,2026-02-03 15:00:00
LTTS,295,1440,1015,2022-01-03 00:00:00,2026-02-03 00:00:00
LTTS,295,10080,215,2021-12-27 00:00:00,2026-02-02 00:00:00
LUPIN,308,1,378427,2022-01-03 09:15:00,2026-02-02 15:29:00
LUPIN,308,3,126148,2022-01-03 09:15:00,2026-02-02 15:27:00
LUPIN,308,5,75689,2022-01-03 09:15:00,2026-02-02 15:25:00
LUPIN,308,15,25230,2022-01-03 09:15:00,2026-02-02 15:15:00
LUPIN,308,30,13123,2022-01-03 09:00:00,2026-02-02 15:00:00
LUPIN,308,60,7069,2022-01-03 09:00:00,2026-02-02 15:00:00
LUPIN,308,1440,1014,2022-01-03 00:00:00,2026-02-02 00:00:00
LUPIN,308,10080,215,2021-12-27 00:00:00,2026-02-02 00:00:00
M&M,315,1,379554,2022-01-03 09:15:00,2026-02-05 15:29:00
M&M,315,3,126524,2022-01-03 09:15:00,2026-02-05 15:27:00
M&M,315,5,75914,2022-01-03 09:15:00,2026-02-05 15:25:00
M&M,315,15,25305,2022-01-03 09:15:00,2026-02-05 15:15:00
M&M,315,30,13162,2022-01-03 09:00:00,2026-02-05 15:00:00
M&M,315,60,7090,2022-01-03 09:00:00,2026-02-05 15:00:00
M&M,315,1440,1017,2022-01-03 00:00:00,2026-02-05 00:00:00
M&M,315,10080,215,2021-12-27 00:00:00,2026-02-02 00:00:00
M&MFIN,314,1,379553,2022-01-03 09:15:00,2026-02-05 15:29:00
M&MFIN,314,3,126524,2022-01-03 09:15:00,2026-02-05 15:27:00
M&MFIN,314,5,75914,2022-01-03 09:15:00,2026-02-05 15:25:00
M&MFIN,314,15,25305,2022-01-03 09:15:00,2026-02-05 15:15:00
M&MFIN,314,30,13162,2022-01-03 09:00:00,2026-02-05 15:00:00
M&MFIN,314,60,7090,2022-01-03 09:00:00,2026-02-05 15:00:00
M&MFIN,314,1440,1017,2022-01-03 00:00:00,2026-02-05 00:00:00
M&MFIN,314,10080,215,2021-12-27 00:00:00,2026-02-02 00:00:00
MAHABANK,73,1,379153,2022-01-03 09:15:00,2026-02-04 15:29:00
MAHABANK,73,3,126394,2022-01-03 09:15:00,2026-02-04 15:27:00
MAHABANK,73,5,75838,2022-01-03 09:15:00,2026-02-04 15:25:00
MAHABANK,73,15,25280,2022-01-03 09:15:00,2026-02-04 15:15:00
MAHABANK,73,30,13149,2022-01-03 09:00:00,2026-02-04 15:00:00
MAHABANK,73,60,7083,2022-01-03 09:00:00,2026-02-04 15:00:00
MAHABANK,73,1440,1016,2022-01-03 00:00:00,2026-02-04 00:00:00
MAHABANK,73,10080,215,2021-12-27 00:00:00,2026-02-02 00:00:00
MAHSCOOTER,312,1,362739,2022-01-03 09:15:00,2026-02-05 15:29:00
MAHSCOOTER,312,3,125347,2022-01-03 09:15:00,2026-02-05 15:27:00
MAHSCOOTER,312,5,75548,2022-01-03 09:15:00,2026-02-05 15:25:00
MAHSCOOTER,312,15,25223,2022-01-03 09:15:00,2026-02-05 15:15:00
MAHSCOOTER,312,30,13118,2022-01-03 09:00:00,2026-02-05 15:00:00
MAHSCOOTER,312,60,7067,2022-01-03 09:00:00,2026-02-05 15:00:00
MAHSCOOTER,312,1440,1013,2022-01-03 00:00:00,2026-02-05 00:00:00
MAHSCOOTER,312,10080,215,2021-12-27 00:00:00,2026-02-02 00:00:00
MAHSEAMLES,313,1,378227,2022-01-03 09:15:00,2026-02-03 15:29:00
MAHSEAMLES,313,3,126260,2022-01-03 09:15:00,2026-02-03 15:27:00
MAHSEAMLES,313,5,75763,2022-01-03 09:15:00,2026-02-03 15:25:00
MAHSEAMLES,313,15,25255,2022-01-03 09:15:00,2026-02-03 15:15:00
MAHSEAMLES,313,30,13136,2022-01-03 09:00:00,2026-02-03 15:00:00
MAHSEAMLES,313,60,7076,2022-01-03 09:00:00,2026-02-03 15:00:00
MAHSEAMLES,313,1440,1015,2022-01-03 00:00:00,2026-02-03 00:00:00
MAHSEAMLES,313,10080,215,2021-12-27 00:00:00,2026-02-02 00:00:00
MANKIND,318,1,255350,2023-05-09 09:15:00,2026-02-05 15:29:00
MANKIND,318,3,85121,2023-05-09 09:15:00,2026-02-05 15:27:00
MANKIND,318,5,51074,2023-05-09 09:15:00,2026-02-05 15:25:00
MANKIND,318,15,17026,2023-05-09 09:15:00,2026-02-05 15:15:00
MANKIND,318,30,8856,2023-05-09 09:00:00,2026-02-05 15:00:00
MANKIND,318,60,4771,2023-05-09 09:00:00,2026-02-05 15:00:00
MANKIND,318,1440,685,2023-05-09 00:00:00,2026-02-05 00:00:00
MANKIND,318,10080,144,2023-05-08 00:00:00,2026-02-02 00:00:00
MAPMYINDIA,95,1,378708,2022-01-03 09:15:00,2026-02-03 15:29:00
MAPMYINDIA,95,3,126269,2022-01-03 09:15:00,2026-02-03 15:27:00
MAPMYINDIA,95,5,75763,2022-01-03 09:15:00,2026-02-03 15:25:00
MAPMYINDIA,95,15,25255,2022-01-03 09:15:00,2026-02-03 15:15:00
MAPMYINDIA,95,30,13136,2022-01-03 09:00:00,2026-02-03 15:00:00
MAPMYINDIA,95,60,7076,2022-01-03 09:00:00,2026-02-03 15:00:00
MAPMYINDIA,95,1440,1015,2022-01-03 00:00:00,2026-02-03 00:00:00
MAPMYINDIA,95,10080,215,2021-12-27 00:00:00,2026-02-02 00:00:00
MARICO,319,1,378428,2022-01-03 09:15:00,2026-02-02 15:29:00
MARICO,319,3,126149,2022-01-03 09:15:00,2026-02-02 15:27:00
MARICO,319,5,75689,2022-01-03 09:15:00,2026-02-02 15:25:00
MARICO,319,15,25230,2022-01-03 09:15:00,2026-02-02 15:15:00
MARICO,319,30,13123,2022-01-03 09:00:00,2026-02-02 15:00:00
MARICO,319,60,7069,2022-01-03 09:00:00,2026-02-02 15:00:00
MARICO,319,1440,1014,2022-01-03 00:00:00,2026-02-02 00:00:00
MARICO,319,10080,215,2021-12-27 00:00:00,2026-02-02 00:00:00
MARUTI,320,1,378427,2022-01-03 09:15:00,2026-02-02 15:29:00
MARUTI,320,3,126149,2022-01-03 09:15:00,2026-02-02 15:27:00
MARUTI,320,5,75689,2022-01-03 09:15:00,2026-02-02 15:25:00
MARUTI,320,15,25230,2022-01-03 09:15:00,2026-02-02 15:15:00
MARUTI,320,30,13123,2022-01-03 09:00:00,2026-02-02 15:00:00
MARUTI,320,60,7069,2022-01-03 09:00:00,2026-02-02 15:00:00
MARUTI,320,1440,1014,2022-01-03 00:00:00,2026-02-02 00:00:00
MARUTI,320,10080,215,2021-12-27 00:00:00,2026-02-02 00:00:00
MAXHEALTH,322,1,378777,2022-01-03 09:15:00,2026-02-03 15:29:00
MAXHEALTH,322,3,126269,2022-01-03 09:15:00,2026-02-03 15:27:00
MAXHEALTH,322,5,75763,2022-01-03 09:15:00,2026-02-03 15:25:00
MAXHEALTH,322,15,25255,2022-01-03 09:15:00,2026-02-03 15:15:00
MAXHEALTH,322,30,13136,2022-01-03 09:00:00,2026-02-03 15:00:00
MAXHEALTH,322,60,7076,2022-01-03 09:00:00,2026-02-03 15:00:00
MAXHEALTH,322,1440,1015,2022-01-03 00:00:00,2026-02-03 00:00:00
MAXHEALTH,322,10080,215,2021-12-27 00:00:00,2026-02-02 00:00:00
MAZDOCK,323,1,378663,2022-01-03 09:15:00,2026-02-03 15:29:00
MAZDOCK,323,3,126269,2022-01-03 09:15:00,2026-02-03 15:27:00
MAZDOCK,323,5,75763,2022-01-03 09:15:00,2026-02-03 15:25:00
MAZDOCK,323,15,25255,2022-01-03 09:15:00,2026-02-03 15:15:00
MAZDOCK,323,30,13136,2022-01-03 09:00:00,2026-02-03 15:00:00
MAZDOCK,323,60,7076,2022-01-03 09:00:00,2026-02-03 15:00:00
MAZDOCK,323,1440,1015,2022-01-03 00:00:00,2026-02-03 00:00:00
MAZDOCK,323,10080,215,2021-12-27 00:00:00,2026-02-02 00:00:00
MCX,329,1,378804,2022-01-03 09:15:00,2026-02-03 15:29:00
MCX,329,3,126274,2022-01-03 09:15:00,2026-02-03 15:27:00
MCX,329,5,75764,2022-01-03 09:15:00,2026-02-03 15:25:00
MCX,329,15,25255,2022-01-03 09:15:00,2026-02-03 15:15:00
MCX,329,30,13136,2022-01-03 09:00:00,2026-02-03 15:00:00
MCX,329,60,7076,2022-01-03 09:00:00,2026-02-03 15:00:00
MCX,329,1440,1015,2022-01-03 00:00:00,2026-02-03 00:00:00
MCX,329,10080,215,2021-12-27 00:00:00,2026-02-02 00:00:00
MEDANTA,182,1,109560,2024-12-02 09:15:00,2026-02-03 15:29:00
MEDANTA,182,3,36520,2024-12-02 09:15:00,2026-02-03 15:27:00
MEDANTA,182,5,21912,2024-12-02 09:15:00,2026-02-03 15:25:00
MEDANTA,182,15,7304,2024-12-02 09:15:00,2026-02-03 15:15:00
MEDANTA,182,30,3799,2024-12-02 09:00:00,2026-02-03 15:00:00
MEDANTA,182,60,2046,2024-12-02 09:00:00,2026-02-03 15:00:00
MEDANTA,182,1440,800,2022-11-16 00:00:00,2026-02-03 00:00:00
MEDANTA,182,10080,169,2022-11-14 00:00:00,2026-02-02 00:00:00
METROPOLIS,324,1,378804,2022-01-03 09:15:00,2026-02-03 15:29:00
METROPOLIS,324,3,126274,2022-01-03 09:15:00,2026-02-03 15:27:00
METROPOLIS,324,5,75764,2022-01-03 09:15:00,2026-02-03 15:25:00
METROPOLIS,324,15,25255,2022-01-03 09:15:00,2026-02-03 15:15:00
METROPOLIS,324,30,13136,2022-01-03 09:00:00,2026-02-03 15:00:00
METROPOLIS,324,60,7076,2022-01-03 09:00:00,2026-02-03 15:00:00
METROPOLIS,324,1440,1015,2022-01-03 00:00:00,2026-02-03 00:00:00
METROPOLIS,324,10080,215,2021-12-27 00:00:00,2026-02-02 00:00:00
MFSL,321,1,109560,2024-12-02 09:15:00,2026-02-03 15:29:00
MFSL,321,3,36520,2024-12-02 09:15:00,2026-02-03 15:27:00
MFSL,321,5,21912,2024-12-02 09:15:00,2026-02-03 15:25:00
MFSL,321,15,7304,2024-12-02 09:15:00,2026-02-03 15:15:00
MFSL,321,30,3799,2024-12-02 09:00:00,2026-02-03 15:00:00
MFSL,321,60,2046,2024-12-02 09:00:00,2026-02-03 15:00:00
MFSL,321,1440,1015,2022-01-03 00:00:00,2026-02-03 00:00:00
MFSL,321,10080,215,2021-12-27 00:00:00,2026-02-02 00:00:00
MGL,311,1,378802,2022-01-03 09:15:00,2026-02-03 15:29:00
MGL,311,3,126274,2022-01-03 09:15:00,2026-02-03 15:27:00
MGL,311,5,75764,2022-01-03 09:15:00,2026-02-03 15:25:00
MGL,311,15,25255,2022-01-03 09:15:00,2026-02-03 15:15:00
MGL,311,30,13136,2022-01-03 09:00:00,2026-02-03 15:00:00
MGL,311,60,7076,2022-01-03 09:00:00,2026-02-03 15:00:00
MGL,311,1440,1015,2022-01-03 00:00:00,2026-02-03 00:00:00
MGL,311,10080,215,2021-12-27 00:00:00,2026-02-02 00:00:00
MINDACORP,325,1,379458,2022-01-03 09:15:00,2026-02-05 15:29:00
MINDACORP,325,3,126519,2022-01-03 09:15:00,2026-02-05 15:27:00
MINDACORP,325,5,75913,2022-01-03 09:15:00,2026-02-05 15:25:00
MINDACORP,325,15,25305,2022-01-03 09:15:00,2026-02-05 15:15:00
MINDACORP,325,30,13162,2022-01-03 09:00:00,2026-02-05 15:00:00
MINDACORP,325,60,7090,2022-01-03 09:00:00,2026-02-05 15:00:00
MINDACORP,325,1440,1017,2022-01-03 00:00:00,2026-02-05 00:00:00
MINDACORP,325,10080,215,2021-12-27 00:00:00,2026-02-02 00:00:00
MMTC,309,1,378535,2022-01-03 09:15:00,2026-02-03 15:29:00
MMTC,309,3,126269,2022-01-03 09:15:00,2026-02-03 15:27:00
MMTC,309,5,75763,2022-01-03 09:15:00,2026-02-03 15:25:00
MMTC,309,15,25255,2022-01-03 09:15:00,2026-02-03 15:15:00
MMTC,309,30,13136,2022-01-03 09:00:00,2026-02-03 15:00:00
MMTC,309,60,7076,2022-01-03 09:00:00,2026-02-03 15:00:00
MMTC,309,1440,1015,2022-01-03 00:00:00,2026-02-03 00:00:00
MMTC,309,10080,215,2021-12-27 00:00:00,2026-02-02 00:00:00
MOTHERSON,407,1,378397,2022-01-03 09:15:00,2026-02-02 15:29:00
MOTHERSON,407,3,126140,2022-01-03 09:15:00,2026-02-02 15:27:00
MOTHERSON,407,5,75684,2022-01-03 09:15:00,2026-02-02 15:25:00
MOTHERSON,407,15,25229,2022-01-03 09:15:00,2026-02-02 15:15:00
MOTHERSON,407,30,13123,2022-01-03 09:00:00,2026-02-02 15:00:00
MOTHERSON,407,60,7069,2022-01-03 09:00:00,2026-02-02 15:00:00
MOTHERSON,407,1440,1014,2022-01-03 00:00:00,2026-02-02 00:00:00
MOTHERSON,407,10080,215,2021-12-27 00:00:00,2026-02-02 00:00:00
MOTILALOFS,327,1,214330,2022-01-03 09:15:00,2024-04-30 15:29:00
MOTILALOFS,327,3,71687,2022-01-03 09:15:00,2024-04-30 15:27:00
MOTILALOFS,327,5,43018,2022-01-03 09:15:00,2024-04-30 15:25:00
MOTILALOFS,327,15,14340,2022-01-03 09:15:00,2024-04-30 15:15:00
MOTILALOFS,327,30,7459,2022-01-03 09:00:00,2024-04-30 15:00:00
MOTILALOFS,327,60,4018,2022-01-03 09:00:00,2024-04-30 15:00:00
MOTILALOFS,327,1440,576,2022-01-03 00:00:00,2024-04-30 00:00:00
MPHASIS,328,1,378804,2022-01-03 09:15:00,2026-02-03 15:29:00
MPHASIS,328,3,126274,2022-01-03 09:15:00,2026-02-03 15:27:00
MPHASIS,328,5,75764,2022-01-03 09:15:00,2026-02-03 15:25:00
MPHASIS,328,15,25255,2022-01-03 09:15:00,2026-02-03 15:15:00
MPHASIS,328,30,13136,2022-01-03 09:00:00,2026-02-03 15:00:00
MPHASIS,328,60,7076,2022-01-03 09:00:00,2026-02-03 15:00:00
MPHASIS,328,1440,1015,2022-01-03 00:00:00,2026-02-03 00:00:00
MPHASIS,328,10080,215,2021-12-27 00:00:00,2026-02-02 00:00:00
MRF,310,1,378803,2022-01-03 09:15:00,2026-02-03 15:29:00
MRF,310,3,126274,2022-01-03 09:15:00,2026-02-03 15:27:00
MRF,310,5,75764,2022-01-03 09:15:00,2026-02-03 15:25:00
MRF,310,15,25255,2022-01-03 09:15:00,2026-02-03 15:15:00
MRF,310,30,13136,2022-01-03 09:00:00,2026-02-03 15:00:00
MRF,310,60,7076,2022-01-03 09:00:00,2026-02-03 15:00:00
MRF,310,1440,1015,2022-01-03 00:00:00,2026-02-03 00:00:00
MRF,310,10080,215,2021-12-27 00:00:00,2026-02-02 00:00:00
MRPL,317,1,378785,2022-01-03 09:15:00,2026-02-03 15:29:00
MRPL,317,3,126269,2022-01-03 09:15:00,2026-02-03 15:27:00
MRPL,317,5,75763,2022-01-03 09:15:00,2026-02-03 15:25:00
MRPL,317,15,25255,2022-01-03 09:15:00,2026-02-03 15:15:00
MRPL,317,30,13136,2022-01-03 09:00:00,2026-02-03 15:00:00
MRPL,317,60,7076,2022-01-03 09:00:00,2026-02-03 15:00:00
MRPL,317,1440,1015,2022-01-03 00:00:00,2026-02-03 00:00:00
MRPL,317,10080,215,2021-12-27 00:00:00,2026-02-02 00:00:00
MSUMI,326,1,357407,2022-03-28 09:15:00,2026-02-03 15:29:00
MSUMI,326,3,119141,2022-03-28 09:15:00,2026-02-03 15:27:00
MSUMI,326,5,71486,2022-03-28 09:15:00,2026-02-03 15:25:00
MSUMI,326,15,23830,2022-03-28 09:15:00,2026-02-03 15:15:00
MSUMI,326,30,12395,2022-03-28 09:00:00,2026-02-03 15:00:00
MSUMI,326,60,6677,2022-03-28 09:00:00,2026-02-03 15:00:00
MSUMI,326,1440,958,2022-03-28 00:00:00,2026-02-03 00:00:00
MSUMI,326,10080,202,2022-03-28 00:00:00,2026-02-02 00:00:00
MUTHOOTFIN,330,1,378804,2022-01-03 09:15:00,2026-02-03 15:29:00
MUTHOOTFIN,330,3,126274,2022-01-03 09:15:00,2026-02-03 15:27:00
MUTHOOTFIN,330,5,75764,2022-01-03 09:15:00,2026-02-03 15:25:00
MUTHOOTFIN,330,15,25255,2022-01-03 09:15:00,2026-02-03 15:15:00
MUTHOOTFIN,330,30,13136,2022-01-03 09:00:00,2026-02-03 15:00:00
MUTHOOTFIN,330,60,7076,2022-01-03 09:00:00,2026-02-03 15:00:00
MUTHOOTFIN,330,1440,1015,2022-01-03 00:00:00,2026-02-03 00:00:00
MUTHOOTFIN,330,10080,215,2021-12-27 00:00:00,2026-02-02 00:00:00
NATCOPHARM,331,1,378666,2022-01-03 09:15:00,2026-02-03 15:29:00
NATCOPHARM,331,3,126269,2022-01-03 09:15:00,2026-02-03 15:27:00
NATCOPHARM,331,5,75763,2022-01-03 09:15:00,2026-02-03 15:25:00
NATCOPHARM,331,15,25255,2022-01-03 09:15:00,2026-02-03 15:15:00
NATCOPHARM,331,30,13136,2022-01-03 09:00:00,2026-02-03 15:00:00
NATCOPHARM,331,60,7076,2022-01-03 09:00:00,2026-02-03 15:00:00
NATCOPHARM,331,1440,1015,2022-01-03 00:00:00,2026-02-03 00:00:00
NATCOPHARM,331,10080,215,2021-12-27 00:00:00,2026-02-02 00:00:00
NATIONALUM,339,1,378804,2022-01-03 09:15:00,2026-02-03 15:29:00
NATIONALUM,339,3,126274,2022-01-03 09:15:00,2026-02-03 15:27:00
NATIONALUM,339,5,75764,2022-01-03 09:15:00,2026-02-03 15:25:00
NATIONALUM,339,15,25255,2022-01-03 09:15:00,2026-02-03 15:15:00
NATIONALUM,339,30,13136,2022-01-03 09:00:00,2026-02-03 15:00:00
NATIONALUM,339,60,7076,2022-01-03 09:00:00,2026-02-03 15:00:00
NATIONALUM,339,1440,1015,2022-01-03 00:00:00,2026-02-03 00:00:00
NATIONALUM,339,10080,215,2021-12-27 00:00:00,2026-02-02 00:00:00
NAUKRI,251,1,378429,2022-01-03 09:15:00,2026-02-02 15:29:00
NAUKRI,251,3,126149,2022-01-03 09:15:00,2026-02-02 15:27:00
NAUKRI,251,5,75689,2022-01-03 09:15:00,2026-02-02 15:25:00
NAUKRI,251,15,25230,2022-01-03 09:15:00,2026-02-02 15:15:00
NAUKRI,251,30,13123,2022-01-03 09:00:00,2026-02-02 15:00:00
NAUKRI,251,60,7069,2022-01-03 09:00:00,2026-02-02 15:00:00
NAUKRI,251,1440,1014,2022-01-03 00:00:00,2026-02-02 00:00:00
NAUKRI,251,10080,215,2021-12-27 00:00:00,2026-02-02 00:00:00
NAVA,340,1,84570,2022-01-03 09:15:00,2022-12-01 15:29:00
NAVA,340,3,28264,2022-01-03 09:15:00,2022-12-01 15:27:00
NAVA,340,5,16960,2022-01-03 09:15:00,2022-12-01 15:25:00
NAVA,340,15,5654,2022-01-03 09:15:00,2022-12-01 15:15:00
NAVA,340,30,2668,2022-01-03 09:00:00,2022-11-01 15:00:00
NAVA,340,60,1437,2022-01-03 09:00:00,2022-11-01 15:00:00
NAVA,340,1440,227,2022-01-03 00:00:00,2022-12-01 00:00:00
NAVINFLUOR,341,1,378804,2022-01-03 09:15:00,2026-02-03 15:29:00
NAVINFLUOR,341,3,126274,2022-01-03 09:15:00,2026-02-03 15:27:00
NAVINFLUOR,341,5,75764,2022-01-03 09:15:00,2026-02-03 15:25:00
NAVINFLUOR,341,15,25255,2022-01-03 09:15:00,2026-02-03 15:15:00
NAVINFLUOR,341,30,13136,2022-01-03 09:00:00,2026-02-03 15:00:00
NAVINFLUOR,341,60,7076,2022-01-03 09:00:00,2026-02-03 15:00:00
NAVINFLUOR,341,1440,1015,2022-01-03 00:00:00,2026-02-03 00:00:00
NAVINFLUOR,341,10080,215,2021-12-27 00:00:00,2026-02-02 00:00:00
NBCC,332,1,378803,2022-01-03 09:15:00,2026-02-03 15:29:00
NBCC,332,3,126273,2022-01-03 09:15:00,2026-02-03 15:27:00
NBCC,332,5,75764,2022-01-03 09:15:00,2026-02-03 15:25:00
NBCC,332,15,25255,2022-01-03 09:15:00,2026-02-03 15:15:00
NBCC,332,30,13136,2022-01-03 09:00:00,2026-02-03 15:00:00
NBCC,332,60,7076,2022-01-03 09:00:00,2026-02-03 15:00:00
NBCC,332,1440,1015,2022-01-03 00:00:00,2026-02-03 00:00:00
NBCC,332,10080,215,2021-12-27 00:00:00,2026-02-02 00:00:00
NCC,222,1,378798,2022-01-03 09:15:00,2026-02-03 15:29:00
NCC,222,3,126269,2022-01-03 09:15:00,2026-02-03 15:27:00
NCC,222,5,75763,2022-01-03 09:15:00,2026-02-03 15:25:00
NCC,222,15,25255,2022-01-03 09:15:00,2026-02-03 15:15:00
NCC,222,30,13136,2022-01-03 09:00:00,2026-02-03 15:00:00
NCC,222,60,7076,2022-01-03 09:00:00,2026-02-03 15:00:00
NCC,222,1440,1015,2022-01-03 00:00:00,2026-02-03 00:00:00
NCC,222,10080,215,2021-12-27 00:00:00,2026-02-02 00:00:00
NESTLEIND,342,1,378429,2022-01-03 09:15:00,2026-02-02 15:29:00
NESTLEIND,342,3,126149,2022-01-03 09:15:00,2026-02-02 15:27:00
NESTLEIND,342,5,75689,2022-01-03 09:15:00,2026-02-02 15:25:00
NESTLEIND,342,15,25230,2022-01-03 09:15:00,2026-02-02 15:15:00
NESTLEIND,342,30,13123,2022-01-03 09:00:00,2026-02-02 15:00:00
NESTLEIND,342,60,7069,2022-01-03 09:00:00,2026-02-02 15:00:00
NESTLEIND,342,1440,1014,2022-01-03 00:00:00,2026-02-02 00:00:00
NESTLEIND,342,10080,215,2021-12-27 00:00:00,2026-02-02 00:00:00
NH,338,1,379428,2022-01-03 09:15:00,2026-02-05 15:29:00
NH,338,3,126519,2022-01-03 09:15:00,2026-02-05 15:27:00
NH,338,5,75913,2022-01-03 09:15:00,2026-02-05 15:25:00
NH,338,15,25305,2022-01-03 09:15:00,2026-02-05 15:15:00
NH,338,30,13162,2022-01-03 09:00:00,2026-02-05 15:00:00
NH,338,60,7090,2022-01-03 09:00:00,2026-02-05 15:00:00
NH,338,1440,1017,2022-01-03 00:00:00,2026-02-05 00:00:00
NH,338,10080,215,2021-12-27 00:00:00,2026-02-02 00:00:00
NHPC,277,1,378424,2022-01-03 09:15:00,2026-02-02 15:29:00
NHPC,277,3,126144,2022-01-03 09:15:00,2026-02-02 15:27:00
NHPC,277,5,75688,2022-01-03 09:15:00,2026-02-02 15:25:00
NHPC,277,15,25230,2022-01-03 09:15:00,2026-02-02 15:15:00
NHPC,277,30,13123,2022-01-03 09:00:00,2026-02-02 15:00:00
NHPC,277,60,7069,2022-01-03 09:00:00,2026-02-02 15:00:00
NHPC,277,1440,1014,2022-01-03 00:00:00,2026-02-02 00:00:00
NHPC,277,10080,215,2021-12-27 00:00:00,2026-02-02 00:00:00
NLCINDIA,333,1,378789,2022-01-03 09:15:00,2026-02-03 15:29:00
NLCINDIA,333,3,126269,2022-01-03 09:15:00,2026-02-03 15:27:00
NLCINDIA,333,5,75763,2022-01-03 09:15:00,2026-02-03 15:25:00
NLCINDIA,333,15,25255,2022-01-03 09:15:00,2026-02-03 15:15:00
NLCINDIA,333,30,13136,2022-01-03 09:00:00,2026-02-03 15:00:00
NLCINDIA,333,60,7076,2022-01-03 09:00:00,2026-02-03 15:00:00
NLCINDIA,333,1440,1015,2022-01-03 00:00:00,2026-02-03 00:00:00
NLCINDIA,333,10080,215,2021-12-27 00:00:00,2026-02-02 00:00:00
NMDC,334,1,378401,2022-01-03 09:15:00,2026-02-02 15:29:00
NMDC,334,3,126141,2022-01-03 09:15:00,2026-02-02 15:27:00
NMDC,334,5,75685,2022-01-03 09:15:00,2026-02-02 15:25:00
NMDC,334,15,25230,2022-01-03 09:15:00,2026-02-02 15:15:00
NMDC,334,30,13123,2022-01-03 09:00:00,2026-02-02 15:00:00
NMDC,334,60,7069,2022-01-03 09:00:00,2026-02-02 15:00:00
NMDC,334,1440,1014,2022-01-03 00:00:00,2026-02-02 00:00:00
NMDC,334,10080,215,2021-12-27 00:00:00,2026-02-02 00:00:00
NSLNISP,335,1,274097,2023-02-20 09:15:00,2026-02-05 15:29:00
NSLNISP,335,3,91371,2023-02-20 09:15:00,2026-02-05 15:27:00
NSLNISP,335,5,54824,2023-02-20 09:15:00,2026-02-05 15:25:00
NSLNISP,335,15,18276,2023-02-20 09:15:00,2026-02-05 15:15:00
NSLNISP,335,30,9506,2023-02-20 09:00:00,2026-02-05 15:00:00
NSLNISP,335,60,5121,2023-02-20 09:00:00,2026-02-05 15:00:00
NSLNISP,335,1440,735,2023-02-20 00:00:00,2026-02-05 00:00:00
NSLNISP,335,10080,155,2023-02-20 00:00:00,2026-02-02 00:00:00
NTPC,337,1,378429,2022-01-03 09:15:00,2026-02-02 15:29:00
NTPC,337,3,126149,2022-01-03 09:15:00,2026-02-02 15:27:00
NTPC,337,5,75689,2022-01-03 09:15:00,2026-02-02 15:25:00
NTPC,337,15,25230,2022-01-03 09:15:00,2026-02-02 15:15:00
NTPC,337,30,13123,2022-01-03 09:00:00,2026-02-02 15:00:00
NTPC,337,60,7069,2022-01-03 09:00:00,2026-02-02 15:00:00
NTPC,337,1440,1014,2022-01-03 00:00:00,2026-02-02 00:00:00
NTPC,337,10080,215,2021-12-27 00:00:00,2026-02-02 00:00:00
NTPCGREEN,336,1,111414,2024-11-27 09:36:00,2026-02-05 15:29:00
NTPCGREEN,336,3,37138,2024-11-27 09:36:00,2026-02-05 15:27:00
NTPCGREEN,336,5,22283,2024-11-27 09:35:00,2026-02-05 15:25:00
NTPCGREEN,336,15,7428,2024-11-27 09:30:00,2026-02-05 15:15:00
NTPCGREEN,336,30,3863,2024-11-27 09:30:00,2026-02-05 15:00:00
NTPCGREEN,336,60,2081,2024-11-27 09:00:00,2026-02-05 15:00:00
NTPCGREEN,336,1440,298,2024-11-27 00:00:00,2026-02-05 00:00:00
NTPCGREEN,336,10080,63,2024-11-25 00:00:00,2026-02-02 00:00:00
NUVAMA,348,1,218030,2023-09-26 09:15:00,2026-02-03 15:29:00
NUVAMA,348,3,72746,2023-09-26 09:15:00,2026-02-03 15:27:00
NUVAMA,348,5,43649,2023-09-26 09:15:00,2026-02-03 15:25:00
NUVAMA,348,15,14551,2023-09-26 09:15:00,2026-02-03 15:15:00
NUVAMA,348,30,7569,2023-09-26 09:00:00,2026-02-03 15:00:00
NUVAMA,348,60,4078,2023-09-26 09:00:00,2026-02-03 15:00:00
NUVAMA,348,1440,586,2023-09-26 00:00:00,2026-02-03 00:00:00
NUVAMA,348,10080,124,2023-09-25 00:00:00,2026-02-02 00:00:00
NUVOCO,349,1,369570,2022-01-03 09:15:00,2026-01-01 15:29:00
NUVOCO,349,3,123515,2022-01-03 09:15:00,2026-01-01 15:27:00
NUVOCO,349,5,74113,2022-01-03 09:15:00,2026-01-01 15:25:00
NUVOCO,349,15,24705,2022-01-03 09:15:00,2026-01-01 15:15:00
NUVOCO,349,30,12850,2022-01-03 09:00:00,2026-01-01 15:00:00
NUVOCO,349,60,6922,2022-01-03 09:00:00,2026-01-01 15:00:00
NUVOCO,349,1440,993,2022-01-03 00:00:00,2026-01-01 00:00:00
NYKAA,164,1,379173,2022-01-03 09:15:00,2026-02-04 15:29:00
NYKAA,164,3,126394,2022-01-03 09:15:00,2026-02-04 15:27:00
NYKAA,164,5,75838,2022-01-03 09:15:00,2026-02-04 15:25:00
NYKAA,164,15,25280,2022-01-03 09:15:00,2026-02-04 15:15:00
NYKAA,164,30,13149,2022-01-03 09:00:00,2026-02-04 15:00:00
NYKAA,164,60,7083,2022-01-03 09:00:00,2026-02-04 15:00:00
NYKAA,164,1440,1016,2022-01-03 00:00:00,2026-02-04 00:00:00
NYKAA,164,10080,215,2021-12-27 00:00:00,2026-02-02 00:00:00
OBEROIRLTY,350,1,378429,2022-01-03 09:15:00,2026-02-02 15:29:00
OBEROIRLTY,350,3,126149,2022-01-03 09:15:00,2026-02-02 15:27:00
OBEROIRLTY,350,5,75689,2022-01-03 09:15:00,2026-02-02 15:25:00
OBEROIRLTY,350,15,25230,2022-01-03 09:15:00,2026-02-02 15:15:00
OBEROIRLTY,350,30,13123,2022-01-03 09:00:00,2026-02-02 15:00:00
OBEROIRLTY,350,60,7069,2022-01-03 09:00:00,2026-02-02 15:00:00
OBEROIRLTY,350,1440,1014,2022-01-03 00:00:00,2026-02-02 00:00:00
OBEROIRLTY,350,10080,215,2021-12-27 00:00:00,2026-02-02 00:00:00
OIL,352,1,378794,2022-01-03 09:15:00,2026-02-03 15:29:00
OIL,352,3,126269,2022-01-03 09:15:00,2026-02-03 15:27:00
OIL,352,5,75763,2022-01-03 09:15:00,2026-02-03 15:25:00
OIL,352,15,25255,2022-01-03 09:15:00,2026-02-03 15:15:00
OIL,352,30,13136,2022-01-03 09:00:00,2026-02-03 15:00:00
OIL,352,60,7076,2022-01-03 09:00:00,2026-02-03 15:00:00
OIL,352,1440,1015,2022-01-03 00:00:00,2026-02-03 00:00:00
OIL,352,10080,215,2021-12-27 00:00:00,2026-02-02 00:00:00
OLECTRA,354,1,378703,2022-01-03 09:15:00,2026-02-03 15:29:00
OLECTRA,354,3,126269,2022-01-03 09:15:00,2026-02-03 15:27:00
OLECTRA,354,5,75763,2022-01-03 09:15:00,2026-02-03 15:25:00
OLECTRA,354,15,25255,2022-01-03 09:15:00,2026-02-03 15:15:00
OLECTRA,354,30,13136,2022-01-03 09:00:00,2026-02-03 15:00:00
OLECTRA,354,60,7076,2022-01-03 09:00:00,2026-02-03 15:00:00
OLECTRA,354,1440,1015,2022-01-03 00:00:00,2026-02-03 00:00:00
OLECTRA,354,10080,215,2021-12-27 00:00:00,2026-02-02 00:00:00
ONGC,351,1,378429,2022-01-03 09:15:00,2026-02-02 15:29:00
ONGC,351,3,126149,2022-01-03 09:15:00,2026-02-02 15:27:00
ONGC,351,5,75689,2022-01-03 09:15:00,2026-02-02 15:25:00
ONGC,351,15,25230,2022-01-03 09:15:00,2026-02-02 15:15:00
ONGC,351,30,13123,2022-01-03 09:00:00,2026-02-02 15:00:00
ONGC,351,60,7069,2022-01-03 09:00:00,2026-02-02 15:00:00
ONGC,351,1440,1014,2022-01-03 00:00:00,2026-02-02 00:00:00
ONGC,351,10080,215,2021-12-27 00:00:00,2026-02-02 00:00:00
PAGEIND,365,1,378427,2022-01-03 09:15:00,2026-02-02 15:29:00
PAGEIND,365,3,126149,2022-01-03 09:15:00,2026-02-02 15:27:00
PAGEIND,365,5,75689,2022-01-03 09:15:00,2026-02-02 15:25:00
PAGEIND,365,15,25230,2022-01-03 09:15:00,2026-02-02 15:15:00
PAGEIND,365,30,13123,2022-01-03 09:00:00,2026-02-02 15:00:00
PAGEIND,365,60,7069,2022-01-03 09:00:00,2026-02-02 15:00:00
PAGEIND,365,1440,1014,2022-01-03 00:00:00,2026-02-02 00:00:00
PAGEIND,365,10080,215,2021-12-27 00:00:00,2026-02-02 00:00:00
PERSISTENT,367,1,109185,2024-12-02 09:15:00,2026-02-02 15:29:00
PERSISTENT,367,3,36395,2024-12-02 09:15:00,2026-02-02 15:27:00
PERSISTENT,367,5,21837,2024-12-02 09:15:00,2026-02-02 15:25:00
PERSISTENT,367,15,7279,2024-12-02 09:15:00,2026-02-02 15:15:00
PERSISTENT,367,30,3786,2024-12-02 09:00:00,2026-02-02 15:00:00
PERSISTENT,367,60,2039,2024-12-02 09:00:00,2026-02-02 15:00:00
PERSISTENT,367,1440,1014,2022-01-03 00:00:00,2026-02-02 00:00:00
PERSISTENT,367,10080,215,2021-12-27 00:00:00,2026-02-02 00:00:00
PETRONET,368,1,378803,2022-01-03 09:15:00,2026-02-03 15:29:00
PETRONET,368,3,126274,2022-01-03 09:15:00,2026-02-03 15:27:00
PETRONET,368,5,75764,2022-01-03 09:15:00,2026-02-03 15:25:00
PETRONET,368,15,25255,2022-01-03 09:15:00,2026-02-03 15:15:00
PETRONET,368,30,13136,2022-01-03 09:00:00,2026-02-03 15:00:00
PETRONET,368,60,7076,2022-01-03 09:00:00,2026-02-03 15:00:00
PETRONET,368,1440,1015,2022-01-03 00:00:00,2026-02-03 00:00:00
PETRONET,368,10080,215,2021-12-27 00:00:00,2026-02-02 00:00:00
PFC,376,1,378429,2022-01-03 09:15:00,2026-02-02 15:29:00
PFC,376,3,126149,2022-01-03 09:15:00,2026-02-02 15:27:00
PFC,376,5,75689,2022-01-03 09:15:00,2026-02-02 15:25:00
PFC,376,15,25230,2022-01-03 09:15:00,2026-02-02 15:15:00
PFC,376,30,13123,2022-01-03 09:00:00,2026-02-02 15:00:00
PFC,376,60,7069,2022-01-03 09:00:00,2026-02-02 15:00:00
PFC,376,1440,1014,2022-01-03 00:00:00,2026-02-02 00:00:00
PFC,376,10080,215,2021-12-27 00:00:00,2026-02-02 00:00:00
PGHH,381,1,375372,2022-01-03 09:15:00,2026-02-03 15:29:00
PGHH,381,3,126196,2022-01-03 09:15:00,2026-02-03 15:27:00
PGHH,381,5,75760,2022-01-03 09:15:00,2026-02-03 15:25:00
PGHH,381,15,25255,2022-01-03 09:15:00,2026-02-03 15:15:00
PGHH,381,30,13136,2022-01-03 09:00:00,2026-02-03 15:00:00
PGHH,381,60,7076,2022-01-03 09:00:00,2026-02-03 15:00:00
PGHH,381,1440,1015,2022-01-03 00:00:00,2026-02-03 00:00:00
PGHH,381,10080,215,2021-12-27 00:00:00,2026-02-02 00:00:00
PHOENIXLTD,370,1,378732,2022-01-03 09:15:00,2026-02-03 15:29:00
PHOENIXLTD,370,3,126269,2022-01-03 09:15:00,2026-02-03 15:27:00
PHOENIXLTD,370,5,75763,2022-01-03 09:15:00,2026-02-03 15:25:00
PHOENIXLTD,370,15,25255,2022-01-03 09:15:00,2026-02-03 15:15:00
PHOENIXLTD,370,30,13136,2022-01-03 09:00:00,2026-02-03 15:00:00
PHOENIXLTD,370,60,7076,2022-01-03 09:00:00,2026-02-03 15:00:00
PHOENIXLTD,370,1440,1015,2022-01-03 00:00:00,2026-02-03 00:00:00
PHOENIXLTD,370,10080,215,2021-12-27 00:00:00,2026-02-02 00:00:00
PIDILITIND,371,1,378429,2022-01-03 09:15:00,2026-02-02 15:29:00
PIDILITIND,371,3,126149,2022-01-03 09:15:00,2026-02-02 15:27:00
PIDILITIND,371,5,75689,2022-01-03 09:15:00,2026-02-02 15:25:00
PIDILITIND,371,15,25230,2022-01-03 09:15:00,2026-02-02 15:15:00
PIDILITIND,371,30,13123,2022-01-03 09:00:00,2026-02-02 15:00:00
PIDILITIND,371,60,7069,2022-01-03 09:00:00,2026-02-02 15:00:00
PIDILITIND,371,1440,1014,2022-01-03 00:00:00,2026-02-02 00:00:00
PIDILITIND,371,10080,215,2021-12-27 00:00:00,2026-02-02 00:00:00
PIIND,361,1,378804,2022-01-03 09:15:00,2026-02-03 15:29:00
PIIND,361,3,126274,2022-01-03 09:15:00,2026-02-03 15:27:00
PIIND,361,5,75764,2022-01-03 09:15:00,2026-02-03 15:25:00
PIIND,361,15,25255,2022-01-03 09:15:00,2026-02-03 15:15:00
PIIND,361,30,13136,2022-01-03 09:00:00,2026-02-03 15:00:00
PIIND,361,60,7076,2022-01-03 09:00:00,2026-02-03 15:00:00
PIIND,361,1440,1015,2022-01-03 00:00:00,2026-02-03 00:00:00
PIIND,361,10080,215,2021-12-27 00:00:00,2026-02-02 00:00:00
PNB,382,1,378429,2022-01-03 09:15:00,2026-02-02 15:29:00
PNB,382,3,126149,2022-01-03 09:15:00,2026-02-02 15:27:00
PNB,382,5,75689,2022-01-03 09:15:00,2026-02-02 15:25:00
PNB,382,15,25230,2022-01-03 09:15:00,2026-02-02 15:15:00
PNB,382,30,13123,2022-01-03 09:00:00,2026-02-02 15:00:00
PNB,382,60,7069,2022-01-03 09:00:00,2026-02-02 15:00:00
PNB,382,1440,1014,2022-01-03 00:00:00,2026-02-02 00:00:00
PNB,382,10080,215,2021-12-27 00:00:00,2026-02-02 00:00:00
PNBHOUSING,362,1,378487,2022-01-03 09:15:00,2026-02-03 15:29:00
PNBHOUSING,362,3,126268,2022-01-03 09:15:00,2026-02-03 15:27:00
PNBHOUSING,362,5,75763,2022-01-03 09:15:00,2026-02-03 15:25:00
PNBHOUSING,362,15,25255,2022-01-03 09:15:00,2026-02-03 15:15:00
PNBHOUSING,362,30,13136,2022-01-03 09:00:00,2026-02-03 15:00:00
PNBHOUSING,362,60,7076,2022-01-03 09:00:00,2026-02-03 15:00:00
PNBHOUSING,362,1440,1015,2022-01-03 00:00:00,2026-02-03 00:00:00
PNBHOUSING,362,10080,215,2021-12-27 00:00:00,2026-02-02 00:00:00
POLYCAB,374,1,378429,2022-01-03 09:15:00,2026-02-02 15:29:00
POLYCAB,374,3,126149,2022-01-03 09:15:00,2026-02-02 15:27:00
POLYCAB,374,5,75689,2022-01-03 09:15:00,2026-02-02 15:25:00
POLYCAB,374,15,25230,2022-01-03 09:15:00,2026-02-02 15:15:00
POLYCAB,374,30,13123,2022-01-03 09:00:00,2026-02-02 15:00:00
POLYCAB,374,60,7069,2022-01-03 09:00:00,2026-02-02 15:00:00
POLYCAB,374,1440,1014,2022-01-03 00:00:00,2026-02-02 00:00:00
POLYCAB,374,10080,215,2021-12-27 00:00:00,2026-02-02 00:00:00
POLYMED,373,1,375509,2022-01-03 09:15:00,2026-02-03 15:29:00
POLYMED,373,3,126206,2022-01-03 09:15:00,2026-02-03 15:27:00
POLYMED,373,5,75758,2022-01-03 09:15:00,2026-02-03 15:25:00
POLYMED,373,15,25255,2022-01-03 09:15:00,2026-02-03 15:15:00
POLYMED,373,30,13136,2022-01-03 09:00:00,2026-02-03 15:00:00
POLYMED,373,60,7076,2022-01-03 09:00:00,2026-02-03 15:00:00
POLYMED,373,1440,1015,2022-01-03 00:00:00,2026-02-03 00:00:00
POLYMED,373,10080,215,2021-12-27 00:00:00,2026-02-02 00:00:00
POONAWALLA,375,1,378798,2022-01-03 09:15:00,2026-02-03 15:29:00
POONAWALLA,375,3,126269,2022-01-03 09:15:00,2026-02-03 15:27:00
POONAWALLA,375,5,75763,2022-01-03 09:15:00,2026-02-03 15:25:00
POONAWALLA,375,15,25255,2022-01-03 09:15:00,2026-02-03 15:15:00
POONAWALLA,375,30,13136,2022-01-03 09:00:00,2026-02-03 15:00:00
POONAWALLA,375,60,7076,2022-01-03 09:00:00,2026-02-03 15:00:00
POONAWALLA,375,1440,1015,2022-01-03 00:00:00,2026-02-03 00:00:00
POONAWALLA,375,10080,215,2021-12-27 00:00:00,2026-02-02 00:00:00
POWERGRID,377,1,109185,2024-12-02 09:15:00,2026-02-02 15:29:00
POWERGRID,377,3,36395,2024-12-02 09:15:00,2026-02-02 15:27:00
POWERGRID,377,5,21837,2024-12-02 09:15:00,2026-02-02 15:25:00
POWERGRID,377,15,7279,2024-12-02 09:15:00,2026-02-02 15:15:00
POWERGRID,377,30,3786,2024-12-02 09:00:00,2026-02-02 15:00:00
POWERGRID,377,60,2039,2024-12-02 09:00:00,2026-02-02 15:00:00
POWERGRID,377,1440,1014,2022-01-03 00:00:00,2026-02-02 00:00:00
POWERGRID,377,10080,215,2021-12-27 00:00:00,2026-02-02 00:00:00
POWERINDIA,217,1,378487,2022-01-03 09:15:00,2026-02-04 15:29:00
POWERINDIA,217,3,126389,2022-01-03 09:15:00,2026-02-04 15:27:00
POWERINDIA,217,5,75837,2022-01-03 09:15:00,2026-02-04 15:25:00
POWERINDIA,217,15,25280,2022-01-03 09:15:00,2026-02-04 15:15:00
POWERINDIA,217,30,13149,2022-01-03 09:00:00,2026-02-04 15:00:00
POWERINDIA,217,60,7083,2022-01-03 09:00:00,2026-02-04 15:00:00
POWERINDIA,217,1440,1016,2022-01-03 00:00:00,2026-02-04 00:00:00
POWERINDIA,217,10080,215,2021-12-27 00:00:00,2026-02-02 00:00:00
PRAJIND,378,1,378799,2022-01-03 09:15:00,2026-02-03 15:29:00
PRAJIND,378,3,126269,2022-01-03 09:15:00,2026-02-03 15:27:00
PRAJIND,378,5,75763,2022-01-03 09:15:00,2026-02-03 15:25:00
PRAJIND,378,15,25255,2022-01-03 09:15:00,2026-02-03 15:15:00
PRAJIND,378,30,13136,2022-01-03 09:00:00,2026-02-03 15:00:00
PRAJIND,378,60,7076,2022-01-03 09:00:00,2026-02-03 15:00:00
PRAJIND,378,1440,1015,2022-01-03 00:00:00,2026-02-03 00:00:00
PRAJIND,378,10080,215,2021-12-27 00:00:00,2026-02-02 00:00:00
PRESTIGE,380,1,378692,2022-01-03 09:15:00,2026-02-03 15:29:00
PRESTIGE,380,3,126268,2022-01-03 09:15:00,2026-02-03 15:27:00
PRESTIGE,380,5,75763,2022-01-03 09:15:00,2026-02-03 15:25:00
PRESTIGE,380,15,25255,2022-01-03 09:15:00,2026-02-03 15:15:00
PRESTIGE,380,30,13136,2022-01-03 09:00:00,2026-02-03 15:00:00
PRESTIGE,380,60,7076,2022-01-03 09:00:00,2026-02-03 15:00:00
PRESTIGE,380,1440,1015,2022-01-03 00:00:00,2026-02-03 00:00:00
PRESTIGE,380,10080,215,2021-12-27 00:00:00,2026-02-02 00:00:00
PVRINOX,364,1,109560,2024-12-02 09:15:00,2026-02-03 15:29:00
PVRINOX,364,3,36520,2024-12-02 09:15:00,2026-02-03 15:27:00
PVRINOX,364,5,21912,2024-12-02 09:15:00,2026-02-03 15:25:00
PVRINOX,364,15,7304,2024-12-02 09:15:00,2026-02-03 15:15:00
PVRINOX,364,30,3799,2024-12-02 09:00:00,2026-02-03 15:00:00
PVRINOX,364,60,2046,2024-12-02 09:00:00,2026-02-03 15:00:00
PVRINOX,364,1440,1015,2022-01-03 00:00:00,2026-02-03 00:00:00
PVRINOX,364,10080,215,2021-12-27 00:00:00,2026-02-02 00:00:00
RADICO,388,1,378742,2022-01-03 09:15:00,2026-02-03 15:29:00
RADICO,388,3,126267,2022-01-03 09:15:00,2026-02-03 15:27:00
RADICO,388,5,75762,2022-01-03 09:15:00,2026-02-03 15:25:00
RADICO,388,15,25255,2022-01-03 09:15:00,2026-02-03 15:15:00
RADICO,388,30,13136,2022-01-03 09:00:00,2026-02-03 15:00:00
RADICO,388,60,7076,2022-01-03 09:00:00,2026-02-03 15:00:00
RADICO,388,1440,1015,2022-01-03 00:00:00,2026-02-03 00:00:00
RADICO,388,10080,215,2021-12-27 00:00:00,2026-02-02 00:00:00
RAMCOCEM,454,1,378799,2022-01-03 09:15:00,2026-02-03 15:29:00
RAMCOCEM,454,3,126274,2022-01-03 09:15:00,2026-02-03 15:27:00
RAMCOCEM,454,5,75764,2022-01-03 09:15:00,2026-02-03 15:25:00
RAMCOCEM,454,15,25255,2022-01-03 09:15:00,2026-02-03 15:15:00
RAMCOCEM,454,30,13136,2022-01-03 09:00:00,2026-02-03 15:00:00
RAMCOCEM,454,60,7076,2022-01-03 09:00:00,2026-02-03 15:00:00
RAMCOCEM,454,1440,1015,2022-01-03 00:00:00,2026-02-03 00:00:00
RAMCOCEM,454,10080,215,2021-12-27 00:00:00,2026-02-02 00:00:00
RBLBANK,384,1,378800,2022-01-03 09:15:00,2026-02-03 15:29:00
RBLBANK,384,3,126274,2022-01-03 09:15:00,2026-02-03 15:27:00
RBLBANK,384,5,75764,2022-01-03 09:15:00,2026-02-03 15:25:00
RBLBANK,384,15,25255,2022-01-03 09:15:00,2026-02-03 15:15:00
RBLBANK,384,30,13136,2022-01-03 09:00:00,2026-02-03 15:00:00
RBLBANK,384,60,7076,2022-01-03 09:00:00,2026-02-03 15:00:00
RBLBANK,384,1440,1015,2022-01-03 00:00:00,2026-02-03 00:00:00
RBLBANK,384,10080,215,2021-12-27 00:00:00,2026-02-02 00:00:00
RECLTD,385,1,378425,2022-01-03 09:15:00,2026-02-02 15:29:00
RECLTD,385,3,126149,2022-01-03 09:15:00,2026-02-02 15:27:00
RECLTD,385,5,75689,2022-01-03 09:15:00,2026-02-02 15:25:00
RECLTD,385,15,25230,2022-01-03 09:15:00,2026-02-02 15:15:00
RECLTD,385,30,13123,2022-01-03 09:00:00,2026-02-02 15:00:00
RECLTD,385,60,7069,2022-01-03 09:00:00,2026-02-02 15:00:00
RECLTD,385,1440,1014,2022-01-03 00:00:00,2026-02-02 00:00:00
RECLTD,385,10080,215,2021-12-27 00:00:00,2026-02-02 00:00:00
REDINGTON,394,1,378788,2022-01-03 09:15:00,2026-02-03 15:29:00
REDINGTON,394,3,126267,2022-01-03 09:15:00,2026-02-03 15:27:00
REDINGTON,394,5,75762,2022-01-03 09:15:00,2026-02-03 15:25:00
REDINGTON,394,15,25255,2022-01-03 09:15:00,2026-02-03 15:15:00
REDINGTON,394,30,13136,2022-01-03 09:00:00,2026-02-03 15:00:00
REDINGTON,394,60,7076,2022-01-03 09:00:00,2026-02-03 15:00:00
REDINGTON,394,1440,1015,2022-01-03 00:00:00,2026-02-03 00:00:00
REDINGTON,394,10080,215,2021-12-27 00:00:00,2026-02-02 00:00:00
RELIANCE,395,1,379505,2022-01-03 09:15:00,2026-02-05 15:29:00
RELIANCE,395,3,126509,2022-01-03 09:15:00,2026-02-05 15:27:00
RELIANCE,395,5,75905,2022-01-03 09:15:00,2026-02-05 15:25:00
RELIANCE,395,15,25302,2022-01-03 09:15:00,2026-02-05 15:15:00
RELIANCE,395,30,13160,2022-01-03 09:00:00,2026-02-05 15:00:00
RELIANCE,395,60,7089,2022-01-03 09:00:00,2026-02-05 15:00:00
RELIANCE,395,1440,1017,2022-01-03 00:00:00,2026-02-05 00:00:00
RELIANCE,395,10080,215,2021-12-27 00:00:00,2026-02-02 00:00:00
RVNL,389,1,378791,2022-01-03 09:15:00,2026-02-03 15:29:00
RVNL,389,3,126267,2022-01-03 09:15:00,2026-02-03 15:27:00
RVNL,389,5,75762,2022-01-03 09:15:00,2026-02-03 15:25:00
RVNL,389,15,25255,2022-01-03 09:15:00,2026-02-03 15:15:00
RVNL,389,30,13136,2022-01-03 09:00:00,2026-02-03 15:00:00
RVNL,389,60,7076,2022-01-03 09:00:00,2026-02-03 15:00:00
RVNL,389,1440,1015,2022-01-03 00:00:00,2026-02-03 00:00:00
RVNL,389,10080,215,2021-12-27 00:00:00,2026-02-02 00:00:00
SAIL,426,1,378800,2022-01-03 09:15:00,2026-02-03 15:29:00
SAIL,426,3,126274,2022-01-03 09:15:00,2026-02-03 15:27:00
SAIL,426,5,75764,2022-01-03 09:15:00,2026-02-03 15:25:00
SAIL,426,15,25255,2022-01-03 09:15:00,2026-02-03 15:15:00
SAIL,426,30,13136,2022-01-03 09:00:00,2026-02-03 15:00:00
SAIL,426,60,7076,2022-01-03 09:00:00,2026-02-03 15:00:00
SAIL,426,1440,1015,2022-01-03 00:00:00,2026-02-03 00:00:00
SAIL,426,10080,215,2021-12-27 00:00:00,2026-02-02 00:00:00
SBFC,398,1,228723,2023-08-16 09:15:00,2026-02-03 15:29:00
SBFC,398,3,76246,2023-08-16 09:15:00,2026-02-03 15:27:00
SBFC,398,5,45749,2023-08-16 09:15:00,2026-02-03 15:25:00
SBFC,398,15,15251,2023-08-16 09:15:00,2026-02-03 15:15:00
SBFC,398,30,7933,2023-08-16 09:00:00,2026-02-03 15:00:00
SBFC,398,60,4274,2023-08-16 09:00:00,2026-02-03 15:00:00
SBFC,398,1440,614,2023-08-16 00:00:00,2026-02-03 00:00:00
SBFC,398,10080,130,2023-08-14 00:00:00,2026-02-02 00:00:00
SBICARD,399,1,378425,2022-01-03 09:15:00,2026-02-02 15:29:00
SBICARD,399,3,126149,2022-01-03 09:15:00,2026-02-02 15:27:00
SBICARD,399,5,75689,2022-01-03 09:15:00,2026-02-02 15:25:00
SBICARD,399,15,25230,2022-01-03 09:15:00,2026-02-02 15:15:00
SBICARD,399,30,13123,2022-01-03 09:00:00,2026-02-02 15:00:00
SBICARD,399,60,7069,2022-01-03 09:00:00,2026-02-02 15:00:00
SBICARD,399,1440,1014,2022-01-03 00:00:00,2026-02-02 00:00:00
SBICARD,399,10080,215,2021-12-27 00:00:00,2026-02-02 00:00:00
SBILIFE,400,1,378425,2022-01-03 09:15:00,2026-02-02 15:29:00
SBILIFE,400,3,126149,2022-01-03 09:15:00,2026-02-02 15:27:00
SBILIFE,400,5,75689,2022-01-03 09:15:00,2026-02-02 15:25:00
SBILIFE,400,15,25230,2022-01-03 09:15:00,2026-02-02 15:15:00
SBILIFE,400,30,13123,2022-01-03 09:00:00,2026-02-02 15:00:00
SBILIFE,400,60,7069,2022-01-03 09:00:00,2026-02-02 15:00:00
SBILIFE,400,1440,1014,2022-01-03 00:00:00,2026-02-02 00:00:00
SBILIFE,400,10080,215,2021-12-27 00:00:00,2026-02-02 00:00:00
SBIN,425,1,378050,2022-01-03 09:15:00,2026-02-01 15:29:00
SBIN,425,3,126024,2022-01-03 09:15:00,2026-02-01 15:27:00
SBIN,425,5,75614,2022-01-03 09:15:00,2026-02-01 15:25:00
SBIN,425,15,25205,2022-01-03 09:15:00,2026-02-01 15:15:00
SBIN,425,30,13110,2022-01-03 09:00:00,2026-02-01 15:00:00
SBIN,425,60,7062,2022-01-03 09:00:00,2026-02-01 15:00:00
SBIN,425,1440,1013,2022-01-03 00:00:00,2026-02-01 00:00:00
SBIN,425,10080,214,2021-12-27 00:00:00,2026-01-26 00:00:00
SCHAEFFLER,411,1,109560,2024-12-02 09:15:00,2026-02-03 15:29:00
SCHAEFFLER,411,3,36520,2024-12-02 09:15:00,2026-02-03 15:27:00
SCHAEFFLER,411,5,21912,2024-12-02 09:15:00,2026-02-03 15:25:00
SCHAEFFLER,411,15,7304,2024-12-02 09:15:00,2026-02-03 15:15:00
SCHAEFFLER,411,30,3799,2024-12-02 09:00:00,2026-02-03 15:00:00
SCHAEFFLER,411,60,2046,2024-12-02 09:00:00,2026-02-03 15:00:00
SCHAEFFLER,411,1440,1015,2022-01-03 00:00:00,2026-02-03 00:00:00
SCHAEFFLER,411,10080,215,2021-12-27 00:00:00,2026-02-02 00:00:00
SCHNEIDER,412,1,378190,2022-01-03 09:15:00,2026-02-03 15:29:00
SCHNEIDER,412,3,126265,2022-01-03 09:15:00,2026-02-03 15:27:00
SCHNEIDER,412,5,75762,2022-01-03 09:15:00,2026-02-03 15:25:00
SCHNEIDER,412,15,25255,2022-01-03 09:15:00,2026-02-03 15:15:00
SCHNEIDER,412,30,13136,2022-01-03 09:00:00,2026-02-03 15:00:00
SCHNEIDER,412,60,7076,2022-01-03 09:00:00,2026-02-03 15:00:00
SCHNEIDER,412,1440,1015,2022-01-03 00:00:00,2026-02-03 00:00:00
SCHNEIDER,412,10080,215,2021-12-27 00:00:00,2026-02-02 00:00:00
SHREECEM,414,1,378424,2022-01-03 09:15:00,2026-02-02 15:29:00
SHREECEM,414,3,126149,2022-01-03 09:15:00,2026-02-02 15:27:00
SHREECEM,414,5,75689,2022-01-03 09:15:00,2026-02-02 15:25:00
SHREECEM,414,15,25230,2022-01-03 09:15:00,2026-02-02 15:15:00
SHREECEM,414,30,13123,2022-01-03 09:00:00,2026-02-02 15:00:00
SHREECEM,414,60,7069,2022-01-03 09:00:00,2026-02-02 15:00:00
SHREECEM,414,1440,1014,2022-01-03 00:00:00,2026-02-02 00:00:00
SHREECEM,414,10080,215,2021-12-27 00:00:00,2026-02-02 00:00:00
SHRIRAMFIN,415,1,378425,2022-01-03 09:15:00,2026-02-02 15:29:00
SHRIRAMFIN,415,3,126149,2022-01-03 09:15:00,2026-02-02 15:27:00
SHRIRAMFIN,415,5,75689,2022-01-03 09:15:00,2026-02-02 15:25:00
SHRIRAMFIN,415,15,25230,2022-01-03 09:15:00,2026-02-02 15:15:00
SHRIRAMFIN,415,30,13123,2022-01-03 09:00:00,2026-02-02 15:00:00
SHRIRAMFIN,415,60,7069,2022-01-03 09:00:00,2026-02-02 15:00:00
SHRIRAMFIN,415,1440,1014,2022-01-03 00:00:00,2026-02-02 00:00:00
SHRIRAMFIN,415,10080,215,2021-12-27 00:00:00,2026-02-02 00:00:00
SIEMENS,418,1,378380,2022-01-03 09:15:00,2026-02-02 15:29:00
SIEMENS,418,3,126134,2022-01-03 09:15:00,2026-02-02 15:27:00
SIEMENS,418,5,75680,2022-01-03 09:15:00,2026-02-02 15:25:00
SIEMENS,418,15,25227,2022-01-03 09:15:00,2026-02-02 15:15:00
SIEMENS,418,30,13121,2022-01-03 09:00:00,2026-02-02 15:00:00
SIEMENS,418,60,7068,2022-01-03 09:00:00,2026-02-02 15:00:00
SIEMENS,418,1440,1014,2022-01-03 00:00:00,2026-02-02 00:00:00
SIEMENS,418,10080,215,2021-12-27 00:00:00,2026-02-02 00:00:00
SJVN,401,1,378759,2022-01-03 09:15:00,2026-02-03 15:29:00
SJVN,401,3,126267,2022-01-03 09:15:00,2026-02-03 15:27:00
SJVN,401,5,75762,2022-01-03 09:15:00,2026-02-03 15:25:00
SJVN,401,15,25255,2022-01-03 09:15:00,2026-02-03 15:15:00
SJVN,401,30,13136,2022-01-03 09:00:00,2026-02-03 15:00:00
SJVN,401,60,7076,2022-01-03 09:00:00,2026-02-03 15:00:00
SJVN,401,1440,1015,2022-01-03 00:00:00,2026-02-03 00:00:00
SJVN,401,10080,215,2021-12-27 00:00:00,2026-02-02 00:00:00
SKFINDIA,402,1,378241,2022-01-03 09:15:00,2026-02-03 15:29:00
SKFINDIA,402,3,126249,2022-01-03 09:15:00,2026-02-03 15:27:00
SKFINDIA,402,5,75753,2022-01-03 09:15:00,2026-02-03 15:25:00
SKFINDIA,402,15,25252,2022-01-03 09:15:00,2026-02-03 15:15:00
SKFINDIA,402,30,13134,2022-01-03 09:00:00,2026-02-03 15:00:00
SKFINDIA,402,60,7075,2022-01-03 09:00:00,2026-02-03 15:00:00
SKFINDIA,402,1440,1015,2022-01-03 00:00:00,2026-02-03 00:00:00
SKFINDIA,402,10080,215,2021-12-27 00:00:00,2026-02-02 00:00:00
SOBHA,420,1,378670,2022-01-03 09:15:00,2026-02-03 15:29:00
SOBHA,420,3,126267,2022-01-03 09:15:00,2026-02-03 15:27:00
SOBHA,420,5,75762,2022-01-03 09:15:00,2026-02-03 15:25:00
SOBHA,420,15,25255,2022-01-03 09:15:00,2026-02-03 15:15:00
SOBHA,420,30,13136,2022-01-03 09:00:00,2026-02-03 15:00:00
SOBHA,420,60,7076,2022-01-03 09:00:00,2026-02-03 15:00:00
SOBHA,420,1440,1015,2022-01-03 00:00:00,2026-02-03 00:00:00
SOBHA,420,10080,215,2021-12-27 00:00:00,2026-02-02 00:00:00
SOLARINDS,421,1,378345,2022-01-03 09:15:00,2026-02-03 15:29:00
SOLARINDS,421,3,126267,2022-01-03 09:15:00,2026-02-03 15:27:00
SOLARINDS,421,5,75762,2022-01-03 09:15:00,2026-02-03 15:25:00
SOLARINDS,421,15,25255,2022-01-03 09:15:00,2026-02-03 15:15:00
SOLARINDS,421,30,13136,2022-01-03 09:00:00,2026-02-03 15:00:00
SOLARINDS,421,60,7076,2022-01-03 09:00:00,2026-02-03 15:00:00
SOLARINDS,421,1440,1015,2022-01-03 00:00:00,2026-02-03 00:00:00
SOLARINDS,421,10080,215,2021-12-27 00:00:00,2026-02-02 00:00:00
SONACOMS,422,1,378791,2022-01-03 09:15:00,2026-02-03 15:29:00
SONACOMS,422,3,126267,2022-01-03 09:15:00,2026-02-03 15:27:00
SONACOMS,422,5,75762,2022-01-03 09:15:00,2026-02-03 15:25:00
SONACOMS,422,15,25255,2022-01-03 09:15:00,2026-02-03 15:15:00
SONACOMS,422,30,13136,2022-01-03 09:00:00,2026-02-03 15:00:00
SONACOMS,422,60,7076,2022-01-03 09:00:00,2026-02-03 15:00:00
SONACOMS,422,1440,1015,2022-01-03 00:00:00,2026-02-03 00:00:00
SONACOMS,422,10080,215,2021-12-27 00:00:00,2026-02-02 00:00:00
SRF,403,1,378425,2022-01-03 09:15:00,2026-02-02 15:29:00
SRF,403,3,126149,2022-01-03 09:15:00,2026-02-02 15:27:00
SRF,403,5,75689,2022-01-03 09:15:00,2026-02-02 15:25:00
SRF,403,15,25230,2022-01-03 09:15:00,2026-02-02 15:15:00
SRF,403,30,13123,2022-01-03 09:00:00,2026-02-02 15:00:00
SRF,403,60,7069,2022-01-03 09:00:00,2026-02-02 15:00:00
SRF,403,1440,1014,2022-01-03 00:00:00,2026-02-02 00:00:00
SRF,403,10080,215,2021-12-27 00:00:00,2026-02-02 00:00:00
STARHEALTH,424,1,378677,2022-01-03 09:15:00,2026-02-03 15:29:00
STARHEALTH,424,3,126267,2022-01-03 09:15:00,2026-02-03 15:27:00
STARHEALTH,424,5,75762,2022-01-03 09:15:00,2026-02-03 15:25:00
STARHEALTH,424,15,25255,2022-01-03 09:15:00,2026-02-03 15:15:00
STARHEALTH,424,30,13136,2022-01-03 09:00:00,2026-02-03 15:00:00
STARHEALTH,424,60,7076,2022-01-03 09:00:00,2026-02-03 15:00:00
STARHEALTH,424,1440,1015,2022-01-03 00:00:00,2026-02-03 00:00:00
STARHEALTH,424,10080,215,2021-12-27 00:00:00,2026-02-02 00:00:00
SUNDARMFIN,430,1,375076,2022-01-03 09:15:00,2026-02-03 15:29:00
SUNDARMFIN,430,3,126171,2022-01-03 09:15:00,2026-02-03 15:27:00
SUNDARMFIN,430,5,75749,2022-01-03 09:15:00,2026-02-03 15:25:00
SUNDARMFIN,430,15,25255,2022-01-03 09:15:00,2026-02-03 15:15:00
SUNDARMFIN,430,30,13136,2022-01-03 09:00:00,2026-02-03 15:00:00
SUNDARMFIN,430,60,7076,2022-01-03 09:00:00,2026-02-03 15:00:00
SUNDARMFIN,430,1440,1015,2022-01-03 00:00:00,2026-02-03 00:00:00
SUNDARMFIN,430,10080,215,2021-12-27 00:00:00,2026-02-02 00:00:00
SUNDRMFAST,431,1,377882,2022-01-03 09:15:00,2026-02-03 15:29:00
SUNDRMFAST,431,3,126260,2022-01-03 09:15:00,2026-02-03 15:27:00
SUNDRMFAST,431,5,75762,2022-01-03 09:15:00,2026-02-03 15:25:00
SUNDRMFAST,431,15,25255,2022-01-03 09:15:00,2026-02-03 15:15:00
SUNDRMFAST,431,30,13136,2022-01-03 09:00:00,2026-02-03 15:00:00
SUNDRMFAST,431,60,7076,2022-01-03 09:00:00,2026-02-03 15:00:00
SUNDRMFAST,431,1440,1015,2022-01-03 00:00:00,2026-02-03 00:00:00
SUNDRMFAST,431,10080,215,2021-12-27 00:00:00,2026-02-02 00:00:00
SUNPHARMA,428,1,378425,2022-01-03 09:15:00,2026-02-02 15:29:00
SUNPHARMA,428,3,126149,2022-01-03 09:15:00,2026-02-02 15:27:00
SUNPHARMA,428,5,75689,2022-01-03 09:15:00,2026-02-02 15:25:00
SUNPHARMA,428,15,25230,2022-01-03 09:15:00,2026-02-02 15:15:00
SUNPHARMA,428,30,13123,2022-01-03 09:00:00,2026-02-02 15:00:00
SUNPHARMA,428,60,7069,2022-01-03 09:00:00,2026-02-02 15:00:00
SUNPHARMA,428,1440,1014,2022-01-03 00:00:00,2026-02-02 00:00:00
SUNPHARMA,428,10080,215,2021-12-27 00:00:00,2026-02-02 00:00:00
SUNTV,429,1,378798,2022-01-03 09:15:00,2026-02-03 15:29:00
SUNTV,429,3,126274,2022-01-03 09:15:00,2026-02-03 15:27:00
SUNTV,429,5,75764,2022-01-03 09:15:00,2026-02-03 15:25:00
SUNTV,429,15,25255,2022-01-03 09:15:00,2026-02-03 15:15:00
SUNTV,429,30,13136,2022-01-03 09:00:00,2026-02-03 15:00:00
SUNTV,429,60,7076,2022-01-03 09:00:00,2026-02-03 15:00:00
SUNTV,429,1440,1015,2022-01-03 00:00:00,2026-02-03 00:00:00
SUNTV,429,10080,215,2021-12-27 00:00:00,2026-02-02 00:00:00
SUPREMEIND,432,1,378577,2022-01-03 09:15:00,2026-02-03 15:29:00
SUPREMEIND,432,3,126265,2022-01-03 09:15:00,2026-02-03 15:27:00
SUPREMEIND,432,5,75762,2022-01-03 09:15:00,2026-02-03 15:25:00
SUPREMEIND,432,15,25255,2022-01-03 09:15:00,2026-02-03 15:15:00
SUPREMEIND,432,30,13136,2022-01-03 09:00:00,2026-02-03 15:00:00
SUPREMEIND,432,60,7076,2022-01-03 09:00:00,2026-02-03 15:00:00
SUPREMEIND,432,1440,1015,2022-01-03 00:00:00,2026-02-03 00:00:00
SUPREMEIND,432,10080,215,2021-12-27 00:00:00,2026-02-02 00:00:00
SYNGENE,436,1,378799,2022-01-03 09:15:00,2026-02-03 15:29:00
SYNGENE,436,3,126274,2022-01-03 09:15:00,2026-02-03 15:27:00
SYNGENE,436,5,75764,2022-01-03 09:15:00,2026-02-03 15:25:00
SYNGENE,436,15,25255,2022-01-03 09:15:00,2026-02-03 15:15:00
SYNGENE,436,30,13136,2022-01-03 09:00:00,2026-02-03 15:00:00
SYNGENE,436,60,7076,2022-01-03 09:00:00,2026-02-03 15:00:00
SYNGENE,436,1440,1015,2022-01-03 00:00:00,2026-02-03 00:00:00
SYNGENE,436,10080,215,2021-12-27 00:00:00,2026-02-02 00:00:00
TATACHEM,440,1,378800,2022-01-03 09:15:00,2026-02-03 15:29:00
TATACHEM,440,3,126274,2022-01-03 09:15:00,2026-02-03 15:27:00
TATACHEM,440,5,75764,2022-01-03 09:15:00,2026-02-03 15:25:00
TATACHEM,440,15,25255,2022-01-03 09:15:00,2026-02-03 15:15:00
TATACHEM,440,30,13136,2022-01-03 09:00:00,2026-02-03 15:00:00
TATACHEM,440,60,7076,2022-01-03 09:00:00,2026-02-03 15:00:00
TATACHEM,440,1440,1015,2022-01-03 00:00:00,2026-02-03 00:00:00
TATACHEM,440,10080,215,2021-12-27 00:00:00,2026-02-02 00:00:00
TATACOMM,441,1,378799,2022-01-03 09:15:00,2026-02-03 15:29:00
TATACOMM,441,3,126274,2022-01-03 09:15:00,2026-02-03 15:27:00
TATACOMM,441,5,75764,2022-01-03 09:15:00,2026-02-03 15:25:00
TATACOMM,441,15,25255,2022-01-03 09:15:00,2026-02-03 15:15:00
TATACOMM,441,30,13136,2022-01-03 09:00:00,2026-02-03 15:00:00
TATACOMM,441,60,7076,2022-01-03 09:00:00,2026-02-03 15:00:00
TATACOMM,441,1440,1015,2022-01-03 00:00:00,2026-02-03 00:00:00
TATACOMM,441,10080,215,2021-12-27 00:00:00,2026-02-02 00:00:00
TATACONSUM,442,1,378425,2022-01-03 09:15:00,2026-02-02 15:29:00
TATACONSUM,442,3,126149,2022-01-03 09:15:00,2026-02-02 15:27:00
TATACONSUM,442,5,75689,2022-01-03 09:15:00,2026-02-02 15:25:00
TATACONSUM,442,15,25230,2022-01-03 09:15:00,2026-02-02 15:15:00
TATACONSUM,442,30,13123,2022-01-03 09:00:00,2026-02-02 15:00:00
TATACONSUM,442,60,7069,2022-01-03 09:00:00,2026-02-02 15:00:00
TATACONSUM,442,1440,1014,2022-01-03 00:00:00,2026-02-02 00:00:00
TATACONSUM,442,10080,215,2021-12-27 00:00:00,2026-02-02 00:00:00
TATAELXSI,443,1,378792,2022-01-03 09:15:00,2026-02-03 15:29:00
TATAELXSI,443,3,126267,2022-01-03 09:15:00,2026-02-03 15:27:00
TATAELXSI,443,5,75762,2022-01-03 09:15:00,2026-02-03 15:25:00
TATAELXSI,443,15,25255,2022-01-03 09:15:00,2026-02-03 15:15:00
TATAELXSI,443,30,13136,2022-01-03 09:00:00,2026-02-03 15:00:00
TATAELXSI,443,60,7076,2022-01-03 09:00:00,2026-02-03 15:00:00
TATAELXSI,443,1440,1015,2022-01-03 00:00:00,2026-02-03 00:00:00
TATAELXSI,443,10080,215,2021-12-27 00:00:00,2026-02-02 00:00:00
TATAINVEST,444,1,209254,2023-11-01 09:15:00,2026-02-03 15:29:00
TATAINVEST,444,3,69754,2023-11-01 09:15:00,2026-02-03 15:27:00
TATAINVEST,444,5,41853,2023-11-01 09:15:00,2026-02-03 15:25:00
TATAINVEST,444,15,13951,2023-11-01 09:15:00,2026-02-03 15:15:00
TATAINVEST,444,30,7257,2023-11-01 09:00:00,2026-02-03 15:00:00
TATAINVEST,444,60,3910,2023-11-01 09:00:00,2026-02-03 15:00:00
TATAINVEST,444,1440,1015,2022-01-03 00:00:00,2026-02-03 00:00:00
TATAINVEST,444,10080,215,2021-12-27 00:00:00,2026-02-02 00:00:00
TATAPOWER,446,1,378425,2022-01-03 09:15:00,2026-02-02 15:29:00
TATAPOWER,446,3,126149,2022-01-03 09:15:00,2026-02-02 15:27:00
TATAPOWER,446,5,75689,2022-01-03 09:15:00,2026-02-02 15:25:00
TATAPOWER,446,15,25230,2022-01-03 09:15:00,2026-02-02 15:15:00
TATAPOWER,446,30,13123,2022-01-03 09:00:00,2026-02-02 15:00:00
TATAPOWER,446,60,7069,2022-01-03 09:00:00,2026-02-02 15:00:00
TATAPOWER,446,1440,1014,2022-01-03 00:00:00,2026-02-02 00:00:00
TATAPOWER,446,10080,215,2021-12-27 00:00:00,2026-02-02 00:00:00
TATASTEEL,447,1,378425,2022-01-03 09:15:00,2026-02-02 15:29:00
TATASTEEL,447,3,126149,2022-01-03 09:15:00,2026-02-02 15:27:00
TATASTEEL,447,5,75689,2022-01-03 09:15:00,2026-02-02 15:25:00
TATASTEEL,447,15,25230,2022-01-03 09:15:00,2026-02-02 15:15:00
TATASTEEL,447,30,13123,2022-01-03 09:00:00,2026-02-02 15:00:00
TATASTEEL,447,60,7069,2022-01-03 09:00:00,2026-02-02 15:00:00
TATASTEEL,447,1440,1014,2022-01-03 00:00:00,2026-02-02 00:00:00
TATASTEEL,447,10080,215,2021-12-27 00:00:00,2026-02-02 00:00:00
TCS,501,1,379550,2022-01-03 09:15:00,2026-02-05 15:29:00
TCS,501,3,126524,2022-01-03 09:15:00,2026-02-05 15:27:00
TCS,501,5,75914,2022-01-03 09:15:00,2026-02-05 15:25:00
TCS,501,15,25305,2022-01-03 09:15:00,2026-02-05 15:15:00
TCS,501,30,13162,2022-01-03 09:00:00,2026-02-05 15:00:00
TCS,501,60,7090,2022-01-03 09:00:00,2026-02-05 15:00:00
TCS,501,1440,1017,2022-01-03 00:00:00,2026-02-05 00:00:00
TCS,501,10080,215,2021-12-27 00:00:00,2026-02-02 00:00:00
TECHM,450,1,378425,2022-01-03 09:15:00,2026-02-02 15:29:00
TECHM,450,3,126149,2022-01-03 09:15:00,2026-02-02 15:27:00
TECHM,450,5,75689,2022-01-03 09:15:00,2026-02-02 15:25:00
TECHM,450,15,25230,2022-01-03 09:15:00,2026-02-02 15:15:00
TECHM,450,30,13123,2022-01-03 09:00:00,2026-02-02 15:00:00
TECHM,450,60,7069,2022-01-03 09:00:00,2026-02-02 15:00:00
TECHM,450,1440,1014,2022-01-03 00:00:00,2026-02-02 00:00:00
TECHM,450,10080,215,2021-12-27 00:00:00,2026-02-02 00:00:00
TECHNOE,451,1,373925,2022-01-03 09:15:00,2026-02-03 15:29:00
TECHNOE,451,3,126148,2022-01-03 09:15:00,2026-02-03 15:27:00
TECHNOE,451,5,75751,2022-01-03 09:15:00,2026-02-03 15:25:00
TECHNOE,451,15,25255,2022-01-03 09:15:00,2026-02-03 15:15:00
TECHNOE,451,30,13136,2022-01-03 09:00:00,2026-02-03 15:00:00
TECHNOE,451,60,7076,2022-01-03 09:00:00,2026-02-03 15:00:00
TECHNOE,451,1440,1015,2022-01-03 00:00:00,2026-02-03 00:00:00
TECHNOE,451,10080,215,2021-12-27 00:00:00,2026-02-02 00:00:00
THELEELA,302,1,64140,2025-06-02 10:00:00,2026-02-05 15:29:00
THELEELA,302,3,21380,2025-06-02 10:00:00,2026-02-05 15:27:00
THELEELA,302,5,12828,2025-06-02 10:00:00,2026-02-05 15:25:00
THELEELA,302,15,4276,2025-06-02 10:00:00,2026-02-05 15:15:00
THELEELA,302,30,2224,2025-06-02 10:00:00,2026-02-05 15:00:00
THELEELA,302,60,1198,2025-06-02 10:00:00,2026-02-05 15:00:00
THELEELA,302,1440,172,2025-06-02 00:00:00,2026-02-05 00:00:00
THELEELA,302,10080,36,2025-06-02 00:00:00,2026-02-02 00:00:00
THERMAX,455,1,378358,2022-01-03 09:15:00,2026-02-03 15:29:00
THERMAX,455,3,126265,2022-01-03 09:15:00,2026-02-03 15:27:00
THERMAX,455,5,75762,2022-01-03 09:15:00,2026-02-03 15:25:00
THERMAX,455,15,25255,2022-01-03 09:15:00,2026-02-03 15:15:00
THERMAX,455,30,13136,2022-01-03 09:00:00,2026-02-03 15:00:00
THERMAX,455,60,7076,2022-01-03 09:00:00,2026-02-03 15:00:00
THERMAX,455,1440,1015,2022-01-03 00:00:00,2026-02-03 00:00:00
THERMAX,455,10080,215,2021-12-27 00:00:00,2026-02-02 00:00:00
TIINDIA,466,1,378740,2022-01-03 09:15:00,2026-02-03 15:29:00
TIINDIA,466,3,126267,2022-01-03 09:15:00,2026-02-03 15:27:00
TIINDIA,466,5,75762,2022-01-03 09:15:00,2026-02-03 15:25:00
TIINDIA,466,15,25255,2022-01-03 09:15:00,2026-02-03 15:15:00
TIINDIA,466,30,13136,2022-01-03 09:00:00,2026-02-03 15:00:00
TIINDIA,466,60,7076,2022-01-03 09:00:00,2026-02-03 15:00:00
TIINDIA,466,1440,1015,2022-01-03 00:00:00,2026-02-03 00:00:00
TIINDIA,466,10080,215,2021-12-27 00:00:00,2026-02-02 00:00:00
TIMKEN,456,1,378555,2022-01-03 09:15:00,2026-02-03 15:29:00
TIMKEN,456,3,126266,2022-01-03 09:15:00,2026-02-03 15:27:00
TIMKEN,456,5,75762,2022-01-03 09:15:00,2026-02-03 15:25:00
TIMKEN,456,15,25255,2022-01-03 09:15:00,2026-02-03 15:15:00
TIMKEN,456,30,13136,2022-01-03 09:00:00,2026-02-03 15:00:00
TIMKEN,456,60,7076,2022-01-03 09:00:00,2026-02-03 15:00:00
TIMKEN,456,1440,1015,2022-01-03 00:00:00,2026-02-03 00:00:00
TIMKEN,456,10080,215,2021-12-27 00:00:00,2026-02-02 00:00:00
TITAN,458,1,378425,2022-01-03 09:15:00,2026-02-02 15:29:00
TITAN,458,3,126149,2022-01-03 09:15:00,2026-02-02 15:27:00
TITAN,458,5,75689,2022-01-03 09:15:00,2026-02-02 15:25:00
TITAN,458,15,25230,2022-01-03 09:15:00,2026-02-02 15:15:00
TITAN,458,30,13123,2022-01-03 09:00:00,2026-02-02 15:00:00
TITAN,458,60,7069,2022-01-03 09:00:00,2026-02-02 15:00:00
TITAN,458,1440,1014,2022-01-03 00:00:00,2026-02-02 00:00:00
TITAN,458,10080,215,2021-12-27 00:00:00,2026-02-02 00:00:00
TORNTPHARM,459,1,378425,2022-01-03 09:15:00,2026-02-02 15:29:00
TORNTPHARM,459,3,126149,2022-01-03 09:15:00,2026-02-02 15:27:00
TORNTPHARM,459,5,75689,2022-01-03 09:15:00,2026-02-02 15:25:00
TORNTPHARM,459,15,25230,2022-01-03 09:15:00,2026-02-02 15:15:00
TORNTPHARM,459,30,13123,2022-01-03 09:00:00,2026-02-02 15:00:00
TORNTPHARM,459,60,7069,2022-01-03 09:00:00,2026-02-02 15:00:00
TORNTPHARM,459,1440,1014,2022-01-03 00:00:00,2026-02-02 00:00:00
TORNTPHARM,459,10080,215,2021-12-27 00:00:00,2026-02-02 00:00:00
TORNTPOWER,460,1,378773,2022-01-03 09:15:00,2026-02-03 15:29:00
TORNTPOWER,460,3,126273,2022-01-03 09:15:00,2026-02-03 15:27:00
TORNTPOWER,460,5,75764,2022-01-03 09:15:00,2026-02-03 15:25:00
TORNTPOWER,460,15,25255,2022-01-03 09:15:00,2026-02-03 15:15:00
TORNTPOWER,460,30,13136,2022-01-03 09:00:00,2026-02-03 15:00:00
TORNTPOWER,460,60,7076,2022-01-03 09:00:00,2026-02-03 15:00:00
TORNTPOWER,460,1440,1015,2022-01-03 00:00:00,2026-02-03 00:00:00
TORNTPOWER,460,10080,215,2021-12-27 00:00:00,2026-02-02 00:00:00
TRENT,462,1,378425,2022-01-03 09:15:00,2026-02-02 15:29:00
TRENT,462,3,126149,2022-01-03 09:15:00,2026-02-02 15:27:00
TRENT,462,5,75689,2022-01-03 09:15:00,2026-02-02 15:25:00
TRENT,462,15,25230,2022-01-03 09:15:00,2026-02-02 15:15:00
TRENT,462,30,13123,2022-01-03 09:00:00,2026-02-02 15:00:00
TRENT,462,60,7069,2022-01-03 09:00:00,2026-02-02 15:00:00
TRENT,462,1440,1014,2022-01-03 00:00:00,2026-02-02 00:00:00
TRENT,462,10080,215,2021-12-27 00:00:00,2026-02-02 00:00:00
TRIDENT,463,1,378792,2022-01-03 09:15:00,2026-02-03 15:29:00
TRIDENT,463,3,126267,2022-01-03 09:15:00,2026-02-03 15:27:00
TRIDENT,463,5,75762,2022-01-03 09:15:00,2026-02-03 15:25:00
TRIDENT,463,15,25255,2022-01-03 09:15:00,2026-02-03 15:15:00
TRIDENT,463,30,13136,2022-01-03 09:00:00,2026-02-03 15:00:00
TRIDENT,463,60,7076,2022-01-03 09:00:00,2026-02-03 15:00:00
TRIDENT,463,1440,1015,2022-01-03 00:00:00,2026-02-03 00:00:00
TRIDENT,463,10080,215,2021-12-27 00:00:00,2026-02-02 00:00:00
TRITURBINE,465,1,378483,2022-01-03 09:15:00,2026-02-03 15:29:00
TRITURBINE,465,3,126266,2022-01-03 09:15:00,2026-02-03 15:27:00
TRITURBINE,465,5,75762,2022-01-03 09:15:00,2026-02-03 15:25:00
TRITURBINE,465,15,25255,2022-01-03 09:15:00,2026-02-03 15:15:00
TRITURBINE,465,30,13136,2022-01-03 09:00:00,2026-02-03 15:00:00
TRITURBINE,465,60,7076,2022-01-03 09:00:00,2026-02-03 15:00:00
TRITURBINE,465,1440,1015,2022-01-03 00:00:00,2026-02-03 00:00:00
TRITURBINE,465,10080,215,2021-12-27 00:00:00,2026-02-02 00:00:00
TVSMOTOR,439,1,109185,2024-12-02 09:15:00,2026-02-02 15:29:00
TVSMOTOR,439,3,36395,2024-12-02 09:15:00,2026-02-02 15:27:00
TVSMOTOR,439,5,21837,2024-12-02 09:15:00,2026-02-02 15:25:00
TVSMOTOR,439,15,7279,2024-12-02 09:15:00,2026-02-02 15:15:00
TVSMOTOR,439,30,3786,2024-12-02 09:00:00,2026-02-02 15:00:00
TVSMOTOR,439,60,2039,2024-12-02 09:00:00,2026-02-02 15:00:00
TVSMOTOR,439,1440,1014,2022-01-03 00:00:00,2026-02-02 00:00:00
TVSMOTOR,439,10080,215,2021-12-27 00:00:00,2026-02-02 00:00:00
UBL,473,1,378799,2022-01-03 09:15:00,2026-02-03 15:29:00
UBL,473,3,126274,2022-01-03 09:15:00,2026-02-03 15:27:00
UBL,473,5,75764,2022-01-03 09:15:00,2026-02-03 15:25:00
UBL,473,15,25255,2022-01-03 09:15:00,2026-02-03 15:15:00
UBL,473,30,13136,2022-01-03 09:00:00,2026-02-03 15:00:00
UBL,473,60,7076,2022-01-03 09:00:00,2026-02-03 15:00:00
UBL,473,1440,1015,2022-01-03 00:00:00,2026-02-03 00:00:00
UBL,473,10080,215,2021-12-27 00:00:00,2026-02-02 00:00:00
UCOBANK,467,1,378735,2022-01-03 09:15:00,2026-02-03 15:29:00
UCOBANK,467,3,126267,2022-01-03 09:15:00,2026-02-03 15:27:00
UCOBANK,467,5,75762,2022-01-03 09:15:00,2026-02-03 15:25:00
UCOBANK,467,15,25255,2022-01-03 09:15:00,2026-02-03 15:15:00
UCOBANK,467,30,13136,2022-01-03 09:00:00,2026-02-03 15:00:00
UCOBANK,467,60,7076,2022-01-03 09:00:00,2026-02-03 15:00:00
UCOBANK,467,1440,1015,2022-01-03 00:00:00,2026-02-03 00:00:00
UCOBANK,467,10080,215,2021-12-27 00:00:00,2026-02-02 00:00:00
ULTRACEMCO,471,1,378425,2022-01-03 09:15:00,2026-02-02 15:29:00
ULTRACEMCO,471,3,126149,2022-01-03 09:15:00,2026-02-02 15:27:00
ULTRACEMCO,471,5,75689,2022-01-03 09:15:00,2026-02-02 15:25:00
ULTRACEMCO,471,15,25230,2022-01-03 09:15:00,2026-02-02 15:15:00
ULTRACEMCO,471,30,13123,2022-01-03 09:00:00,2026-02-02 15:00:00
ULTRACEMCO,471,60,7069,2022-01-03 09:00:00,2026-02-02 15:00:00
ULTRACEMCO,471,1440,1014,2022-01-03 00:00:00,2026-02-02 00:00:00
ULTRACEMCO,471,10080,215,2021-12-27 00:00:00,2026-02-02 00:00:00
UNIONBANK,472,1,378792,2022-01-03 09:15:00,2026-02-03 15:29:00
UNIONBANK,472,3,126267,2022-01-03 09:15:00,2026-02-03 15:27:00
UNIONBANK,472,5,75762,2022-01-03 09:15:00,2026-02-03 15:25:00
UNIONBANK,472,15,25255,2022-01-03 09:15:00,2026-02-03 15:15:00
UNIONBANK,472,30,13136,2022-01-03 09:00:00,2026-02-03 15:00:00
UNIONBANK,472,60,7076,2022-01-03 09:00:00,2026-02-03 15:00:00
UNIONBANK,472,1440,1015,2022-01-03 00:00:00,2026-02-03 00:00:00
UNIONBANK,472,10080,215,2021-12-27 00:00:00,2026-02-02 00:00:00
UPL,469,1,378800,2022-01-03 09:15:00,2026-02-03 15:29:00
UPL,469,3,126274,2022-01-03 09:15:00,2026-02-03 15:27:00
UPL,469,5,75764,2022-01-03 09:15:00,2026-02-03 15:25:00
UPL,469,15,25255,2022-01-03 09:15:00,2026-02-03 15:15:00
UPL,469,30,13136,2022-01-03 09:00:00,2026-02-03 15:00:00
UPL,469,60,7076,2022-01-03 09:00:00,2026-02-03 15:00:00
UPL,469,1440,1015,2022-01-03 00:00:00,2026-02-03 00:00:00
UPL,469,10080,215,2021-12-27 00:00:00,2026-02-02 00:00:00
USHAMART,475,1,378332,2022-01-03 09:15:00,2026-02-03 15:29:00
USHAMART,475,3,126267,2022-01-03 09:15:00,2026-02-03 15:27:00
USHAMART,475,5,75762,2022-01-03 09:15:00,2026-02-03 15:25:00
USHAMART,475,15,25255,2022-01-03 09:15:00,2026-02-03 15:15:00
USHAMART,475,30,13136,2022-01-03 09:00:00,2026-02-03 15:00:00
USHAMART,475,60,7076,2022-01-03 09:00:00,2026-02-03 15:00:00
USHAMART,475,1440,1015,2022-01-03 00:00:00,2026-02-03 00:00:00
USHAMART,475,10080,215,2021-12-27 00:00:00,2026-02-02 00:00:00
UTIAMC,470,1,378396,2022-01-03 09:15:00,2026-02-03 15:29:00
UTIAMC,470,3,126267,2022-01-03 09:15:00,2026-02-03 15:27:00
UTIAMC,470,5,75762,2022-01-03 09:15:00,2026-02-03 15:25:00
UTIAMC,470,15,25255,2022-01-03 09:15:00,2026-02-03 15:15:00
UTIAMC,470,30,13136,2022-01-03 09:00:00,2026-02-03 15:00:00
UTIAMC,470,60,7076,2022-01-03 09:00:00,2026-02-03 15:00:00
UTIAMC,470,1440,1015,2022-01-03 00:00:00,2026-02-03 00:00:00
UTIAMC,470,10080,215,2021-12-27 00:00:00,2026-02-02 00:00:00
VBL,479,1,148620,2024-07-01 09:15:00,2026-02-03 15:29:00
VBL,479,3,49540,2024-07-01 09:15:00,2026-02-03 15:27:00
VBL,479,5,29724,2024-07-01 09:15:00,2026-02-03 15:25:00
VBL,479,15,9908,2024-07-01 09:15:00,2026-02-03 15:15:00
VBL,479,30,5153,2024-07-01 09:00:00,2026-02-03 15:00:00
VBL,479,60,2775,2024-07-01 09:00:00,2026-02-03 15:00:00
VBL,479,1440,1015,2022-01-03 00:00:00,2026-02-03 00:00:00
VBL,479,10080,215,2021-12-27 00:00:00,2026-02-02 00:00:00
VEDL,481,1,378425,2022-01-03 09:15:00,2026-02-02 15:29:00
VEDL,481,3,126149,2022-01-03 09:15:00,2026-02-02 15:27:00
VEDL,481,5,75689,2022-01-03 09:15:00,2026-02-02 15:25:00
VEDL,481,15,25230,2022-01-03 09:15:00,2026-02-02 15:15:00
VEDL,481,30,13123,2022-01-03 09:00:00,2026-02-02 15:00:00
VEDL,481,60,7069,2022-01-03 09:00:00,2026-02-02 15:00:00
VEDL,481,1440,1014,2022-01-03 00:00:00,2026-02-02 00:00:00
VEDL,481,10080,215,2021-12-27 00:00:00,2026-02-02 00:00:00
VGUARD,476,1,378562,2022-01-03 09:15:00,2026-02-03 15:29:00
VGUARD,476,3,126266,2022-01-03 09:15:00,2026-02-03 15:27:00
VGUARD,476,5,75762,2022-01-03 09:15:00,2026-02-03 15:25:00
VGUARD,476,15,25255,2022-01-03 09:15:00,2026-02-03 15:15:00
VGUARD,476,30,13136,2022-01-03 09:00:00,2026-02-03 15:00:00
VGUARD,476,60,7076,2022-01-03 09:00:00,2026-02-03 15:00:00
VGUARD,476,1440,1015,2022-01-03 00:00:00,2026-02-03 00:00:00
VGUARD,476,10080,215,2021-12-27 00:00:00,2026-02-02 00:00:00
VIJAYA,483,1,376796,2022-01-03 09:15:00,2026-02-03 15:29:00
VIJAYA,483,3,126241,2022-01-03 09:15:00,2026-02-03 15:27:00
VIJAYA,483,5,75761,2022-01-03 09:15:00,2026-02-03 15:25:00
VIJAYA,483,15,25255,2022-01-03 09:15:00,2026-02-03 15:15:00
VIJAYA,483,30,13136,2022-01-03 09:00:00,2026-02-03 15:00:00
VIJAYA,483,60,7076,2022-01-03 09:00:00,2026-02-03 15:00:00
VIJAYA,483,1440,1015,2022-01-03 00:00:00,2026-02-03 00:00:00
VIJAYA,483,10080,215,2021-12-27 00:00:00,2026-02-02 00:00:00
VOLTAS,486,1,378800,2022-01-03 09:15:00,2026-02-03 15:29:00
VOLTAS,486,3,126274,2022-01-03 09:15:00,2026-02-03 15:27:00
VOLTAS,486,5,75764,2022-01-03 09:15:00,2026-02-03 15:25:00
VOLTAS,486,15,25255,2022-01-03 09:15:00,2026-02-03 15:15:00
VOLTAS,486,30,13136,2022-01-03 09:00:00,2026-02-03 15:00:00
VOLTAS,486,60,7076,2022-01-03 09:00:00,2026-02-03 15:00:00
VOLTAS,486,1440,1015,2022-01-03 00:00:00,2026-02-03 00:00:00
VOLTAS,486,10080,215,2021-12-27 00:00:00,2026-02-02 00:00:00
WELCORP,488,1,378701,2022-01-03 09:15:00,2026-02-03 15:29:00
WELCORP,488,3,126267,2022-01-03 09:15:00,2026-02-03 15:27:00
WELCORP,488,5,75762,2022-01-03 09:15:00,2026-02-03 15:25:00
WELCORP,488,15,25255,2022-01-03 09:15:00,2026-02-03 15:15:00
WELCORP,488,30,13136,2022-01-03 09:00:00,2026-02-03 15:00:00
WELCORP,488,60,7076,2022-01-03 09:00:00,2026-02-03 15:00:00
WELCORP,488,1440,1015,2022-01-03 00:00:00,2026-02-03 00:00:00
WELCORP,488,10080,215,2021-12-27 00:00:00,2026-02-02 00:00:00
WELSPUNLIV,489,1,378718,2022-01-03 09:15:00,2026-02-03 15:29:00
WELSPUNLIV,489,3,126267,2022-01-03 09:15:00,2026-02-03 15:27:00
WELSPUNLIV,489,5,75762,2022-01-03 09:15:00,2026-02-03 15:25:00
WELSPUNLIV,489,15,25255,2022-01-03 09:15:00,2026-02-03 15:15:00
WELSPUNLIV,489,30,13136,2022-01-03 09:00:00,2026-02-03 15:00:00
WELSPUNLIV,489,60,7076,2022-01-03 09:00:00,2026-02-03 15:00:00
WELSPUNLIV,489,1440,1015,2022-01-03 00:00:00,2026-02-03 00:00:00
WELSPUNLIV,489,10080,215,2021-12-27 00:00:00,2026-02-02 00:00:00
WHIRLPOOL,490,1,378726,2022-01-03 09:15:00,2026-02-03 15:29:00
WHIRLPOOL,490,3,126273,2022-01-03 09:15:00,2026-02-03 15:27:00
WHIRLPOOL,490,5,75764,2022-01-03 09:15:00,2026-02-03 15:25:00
WHIRLPOOL,490,15,25255,2022-01-03 09:15:00,2026-02-03 15:15:00
WHIRLPOOL,490,30,13136,2022-01-03 09:00:00,2026-02-03 15:00:00
WHIRLPOOL,490,60,7076,2022-01-03 09:00:00,2026-02-03 15:00:00
WHIRLPOOL,490,1440,1015,2022-01-03 00:00:00,2026-02-03 00:00:00
WHIRLPOOL,490,10080,215,2021-12-27 00:00:00,2026-02-02 00:00:00
WIPRO,491,1,378425,2022-01-03 09:15:00,2026-02-02 15:29:00
WIPRO,491,3,126149,2022-01-03 09:15:00,2026-02-02 15:27:00
WIPRO,491,5,75689,2022-01-03 09:15:00,2026-02-02 15:25:00
WIPRO,491,15,25230,2022-01-03 09:15:00,2026-02-02 15:15:00
WIPRO,491,30,13123,2022-01-03 09:00:00,2026-02-02 15:00:00
WIPRO,491,60,7069,2022-01-03 09:00:00,2026-02-02 15:00:00
WIPRO,491,1440,1014,2022-01-03 00:00:00,2026-02-02 00:00:00
WIPRO,491,10080,215,2021-12-27 00:00:00,2026-02-02 00:00:00
WOCKPHARMA,492,1,378675,2022-01-03 09:15:00,2026-02-03 15:29:00
WOCKPHARMA,492,3,126267,2022-01-03 09:15:00,2026-02-03 15:27:00
WOCKPHARMA,492,5,75762,2022-01-03 09:15:00,2026-02-03 15:25:00
WOCKPHARMA,492,15,25255,2022-01-03 09:15:00,2026-02-03 15:15:00
WOCKPHARMA,492,30,13136,2022-01-03 09:00:00,2026-02-03 15:00:00
WOCKPHARMA,492,60,7076,2022-01-03 09:00:00,2026-02-03 15:00:00
WOCKPHARMA,492,1440,1015,2022-01-03 00:00:00,2026-02-03 00:00:00
WOCKPHARMA,492,10080,215,2021-12-27 00:00:00,2026-02-02 00:00:00
YESBANK,493,1,378792,2022-01-03 09:15:00,2026-02-03 15:29:00
YESBANK,493,3,126267,2022-01-03 09:15:00,2026-02-03 15:27:00
YESBANK,493,5,75762,2022-01-03 09:15:00,2026-02-03 15:25:00
YESBANK,493,15,25255,2022-01-03 09:15:00,2026-02-03 15:15:00
YESBANK,493,30,13136,2022-01-03 09:00:00,2026-02-03 15:00:00
YESBANK,493,60,7076,2022-01-03 09:00:00,2026-02-03 15:00:00
YESBANK,493,1440,1015,2022-01-03 00:00:00,2026-02-03 00:00:00
YESBANK,493,10080,215,2021-12-27 00:00:00,2026-02-02 00:00:00
ZEEL,495,1,378800,2022-01-03 09:15:00,2026-02-03 15:29:00
ZEEL,495,3,126274,2022-01-03 09:15:00,2026-02-03 15:27:00
ZEEL,495,5,75764,2022-01-03 09:15:00,2026-02-03 15:25:00
ZEEL,495,15,25255,2022-01-03 09:15:00,2026-02-03 15:15:00
ZEEL,495,30,13136,2022-01-03 09:00:00,2026-02-03 15:00:00
ZEEL,495,60,7076,2022-01-03 09:00:00,2026-02-03 15:00:00
ZEEL,495,1440,1015,2022-01-03 00:00:00,2026-02-03 00:00:00
ZEEL,495,10080,215,2021-12-27 00:00:00,2026-02-02 00:00:00
ZENSARTECH,497,1,379162,2022-01-03 09:15:00,2026-02-04 15:29:00
ZENSARTECH,497,3,126392,2022-01-03 09:15:00,2026-02-04 15:27:00
ZENSARTECH,497,5,75837,2022-01-03 09:15:00,2026-02-04 15:25:00
ZENSARTECH,497,15,25280,2022-01-03 09:15:00,2026-02-04 15:15:00
ZENSARTECH,497,30,13149,2022-01-03 09:00:00,2026-02-04 15:00:00
ZENSARTECH,497,60,7083,2022-01-03 09:00:00,2026-02-04 15:00:00
ZENSARTECH,497,1440,1016,2022-01-03 00:00:00,2026-02-04 00:00:00
ZENSARTECH,497,10080,215,2021-12-27 00:00:00,2026-02-02 00:00:00
ZENTEC,496,1,378673,2022-01-03 09:15:00,2026-02-04 15:29:00
ZENTEC,496,3,126391,2022-01-03 09:15:00,2026-02-04 15:27:00
ZENTEC,496,5,75837,2022-01-03 09:15:00,2026-02-04 15:25:00
ZENTEC,496,15,25280,2022-01-03 09:15:00,2026-02-04 15:15:00
ZENTEC,496,30,13149,2022-01-03 09:00:00,2026-02-04 15:00:00
ZENTEC,496,60,7083,2022-01-03 09:00:00,2026-02-04 15:00:00
ZENTEC,496,1440,1016,2022-01-03 00:00:00,2026-02-04 00:00:00
ZENTEC,496,10080,215,2021-12-27 00:00:00,2026-02-02 00:00:00
ZYDUSLIFE,498,1,378804,2022-01-03 09:15:00,2026-02-03 15:29:00
ZYDUSLIFE,498,3,126274,2022-01-03 09:15:00,2026-02-03 15:27:00
ZYDUSLIFE,498,5,75764,2022-01-03 09:15:00,2026-02-03 15:25:00
ZYDUSLIFE,498,15,25255,2022-01-03 09:15:00,2026-02-03 15:15:00
ZYDUSLIFE,498,30,13136,2022-01-03 09:00:00,2026-02-03 15:00:00
ZYDUSLIFE,498,60,7076,2022-01-03 09:00:00,2026-02-03 15:00:00
ZYDUSLIFE,498,1440,1015,2022-01-03 00:00:00,2026-02-03 00:00:00
ZYDUSLIFE,498,10080,215,2021-12-27 00:00:00,2026-02-02 00:00:00
