name,trading_symbol,exchange,instrument_type,tick_size,lot_size,isin
ENVIRO INFRA ENGINEERS L,EIEL,NSE,EQ,1.0,1,INE0LLY01014
MARUTI SUZUKI INDIA LTD.,MARUTI,NSE,EQ,100.0,1,INE585B01010
THE BYKE HOSPITALITY LTD,BYKE,NSE,EQ,1.0,1,INE319B01014
NATIONAL ALUMINIUM CO LTD,NATIONALUM,NSE,EQ,5.0,1,INE139A01034
TRANS & RECTI. LTD,TARIL,NSE,EQ,5.0,1,INE763I01026
NANDAN DENIM LIMITED,NDL,NSE,EQ,1.0,1,INE875G01048
MUSIC BROADCAST LIMITED,RADIOCITY,NSE,EQ,1.0,1,INE919I01024
GOKUL AGRO RESOURCES LTD,GOKULAGRO,NSE,EQ,1.0,1,INE314T01033
KOTAKMAMC - CHEMICAL,CHEMICAL,NSE,EQ,1.0,1,INF174KA1XV0
ONEMI TECHNOLOGY SOL LTD,KISSHT,NSE,EQ,5.0,1,INE12F801023
NAVKAR URBANSTRUCTURE LTD,NAVKARURB,NSE,EQ,1.0,1,INE268H01044
LEMON TREE HOTELS LTD,LEMONTREE,NSE,EQ,1.0,1,INE970X01018
KOTAKMAMC - MOMENTUM30,MOMENTUM30,NSE,EQ,1.0,1,INF174KA1XS6
ICICIPRAMC - TOP15IETF,TOP15IETF,NSE,EQ,1.0,1,INF109K1A344
BRAND CONCEPTS LIMITED,BCONCEPTS,NSE,EQ,1.0,1,INE977Y01011
KOTAKMAMC - QUALITY30,QUALITY30,NSE,EQ,1.0,1,INF174KA1WT6
SG FINSERVE LIMITED,SGFIN,NSE,EQ,5.0,1,INE618R01015
MANAPPURAM FINANCE LTD,MANAPPURAM,NSE,EQ,5.0,1,INE522D01027
SARTHAK METALS LIMITED,SMLT,NSE,EQ,1.0,1,INE017W01010
VINYL CHEMICALS (I) LTD.,VINYLINDIA,NSE,EQ,5.0,1,INE250B01029
IOL CHEM AND PHARMA LTD,IOLCP,NSE,EQ,1.0,1,INE485C01029
CENTRUM CAPITAL LIMITED,CENTRUM,NSE,EQ,1.0,1,INE660C01027
ASPINWALL & CO LTD,ASPINWALL,NSE,EQ,1.0,1,INE991I01015
SHARE IND. SECURITIES LTD,SHAREINDIA,NSE,EQ,1.0,1,INE932X01026
BOMBAY DYEING & MFG. CO L,BOMDYEING,NSE,EQ,1.0,1,INE032A01023
STL GLOBAL LIMITED,SGL,NSE,EQ,1.0,1,INE353H01010
INGERSOLL-RAND INDIA LTD,INGERRAND,NSE,EQ,10.0,1,INE177A01018
POPULAR VEHICLES N SER L,PVSL,NSE,EQ,1.0,1,INE772T01024
CEINSYS TECH LIMITED,CEINSYS,NSE,EQ,5.0,1,INE016Q01014
JAIN IRRIGATION SYSTEMS,JISLJALEQS,NSE,EQ,1.0,1,INE175A01038
KOTAKMAMC - MID150,MID150,NSE,EQ,1.0,1,INF174KA1VW2
CAREER POINT EDUTECH LTD,CPEDU,NSE,EQ,1.0,1,INE0P6P01016
KOTAKMAMC - MSCIINDIA,MSCIINDIA,NSE,EQ,1.0,1,INF174KA1VD2
BANSWARA SYNTEX LIMITED,BANSWRAS,NSE,EQ,1.0,1,INE629D01020
KOTAKMAMC - NIFTY100EW,NIFTY100EW,NSE,EQ,1.0,1,INF174KA1UW4
ICICIPRAMC - EVIETF,EVIETF,NSE,EQ,1.0,1,INF109K1A153
FIEM INDUSTRIES LIMITED,FIEMIND,NSE,EQ,10.0,1,INE737H01014
SHEELA FOAM LIMITED,SFL,NSE,EQ,5.0,1,INE916U01025
PLATINUM INDUSTRIES LTD,PLATIND,NSE,EQ,1.0,1,INE0PT501018
MAHINDRA LOGISTIC LIMITED,MAHLOG,NSE,EQ,5.0,1,INE766P01016
AMBIKA COTTON MILL LTD.,AMBIKCO,NSE,EQ,10.0,1,INE540G01014
MUNJAL AUTO IND. LTD.,MUNJALAU,NSE,EQ,1.0,1,INE672B01032
G R INFRAPROJECTS LIMITED,GRINFRA,NSE,EQ,5.0,1,INE201P01022
SIEMENS ENERGY INDIA LTD,ENRIN,NSE,EQ,10.0,1,INE1NPP01017
TATVA CHIN PHARM CHEM LTD,TATVA,NSE,EQ,10.0,1,INE0GK401011
CHALET HOTELS LIMITED,CHALET,NSE,EQ,5.0,1,INE427F01016
DALMIA BHARAT LIMITED,DALBHARAT,NSE,EQ,10.0,1,INE00R701025
JUBILANT AGRI N CON PRO L,JUBLCPL,NSE,EQ,10.0,1,INE03CC01015
KHANDWALA SECURITIES LTD,KHANDSE,NSE,EQ,1.0,1,INE060B01014
TRANSPEK INDUSTRY LTD,TRANSPEK,NSE,EQ,10.0,1,INE687A01016
SIGNPOST INDIA LIMITED,SIGNPOST,NSE,EQ,5.0,1,INE0KGZ01021
SAI SILKS (KALAMANDIR) L,KALAMANDIR,NSE,EQ,1.0,1,INE438K01021
SHREE RAMA MULTI TECH LTD,SHREERAMA,NSE,EQ,1.0,1,INE879A01019
KAMDHENU VENTURES LIMITED,KAMOPAINTS,NSE,EQ,1.0,1,INE0BTI01037
IVALUE INFOSOLUTIONS LTD,IVALUE,NSE,EQ,1.0,1,INE056801025
BAJAJ AUTO LIMITED,BAJAJ-AUTO,NSE,EQ,100.0,1,INE917I01010
MAZDA LIMITED,MAZDA,NSE,EQ,1.0,1,INE885E01042
TATA MOTORS LIMITED,TMCV,NSE,EQ,5.0,1,INE1TAE01010
RENAISSANCE GLOBAL LTD,RGL,NSE,EQ,1.0,1,INE722H01024
PANACHE DIGILIFE LIMITED,PANACHE,NSE,EQ,5.0,1,INE895W01019
AKG EXIM LIMITED,AKG,NSE,EQ,1.0,1,INE00Y801016
KIRLOSKAR OIL ENG LTD,KIRLOSENG,NSE,EQ,10.0,1,INE146L01010
XTGLOBAL INFOTECH LIMITED,XTGLOBAL,NSE,EQ,1.0,1,INE547B01028
VELJAN DENISON LTD.,VELJAN,NSE,EQ,10.0,1,INE232E01013
EMMBI INDUSTRIES LIMITED,EMMBI,NSE,EQ,1.0,1,INE753K01015
TEXMO PIPE & PRODUCTS LTD,TEXMOPIPES,NSE,EQ,1.0,1,INE141K01013
NITTA GELATIN INDIA LTD.,NITTAGELA,NSE,EQ,10.0,1,INE265B01019
DR AGARWALS HEALTH CARE L,AGARWALEYE,NSE,EQ,5.0,1,INE943P01029
KOTAK NIFTY ETF,NIFTY1,NSE,EQ,1.0,1,INF174K014P6
HINDUSTAN ZINC LIMITED,HINDZINC,NSE,EQ,5.0,1,INE267A01025
360 ONE WAM LIMITED,360ONE,NSE,EQ,10.0,1,INE466L01038
TECHNOCRAFT IND LTD,TIIL,NSE,EQ,10.0,1,INE545H01011
RELIANCE CHEMOTEX IND LTD,RELCHEMQ,NSE,EQ,1.0,1,INE750D01016
AGI INFRA LIMITED,AGIIL,NSE,EQ,5.0,1,INE976R01033
SHREE CEMENT LIMITED,SHREECEM,NSE,EQ,500.0,1,INE070A01015
ANANT RAJ LIMITED,ANANTRAJ,NSE,EQ,5.0,1,INE242C01024
LIBAS CONSU PRODUCTS LTD,LIBAS,NSE,EQ,1.0,1,INE908V01012
AXIS MF - AXIS GOLD ETF,AXISGOLD,NSE,EQ,1.0,1,INF846K01W80
AXISAMC - AXISNIFTY,AXISNIFTY,NSE,EQ,1.0,1,INF846K01W98
JAYANT AGRO ORGANICS LTD,JAYAGROGN,NSE,EQ,1.0,1,INE785A01026
LLOYDS ENGG WORK LIMITED,LLOYDSENGG,NSE,EQ,1.0,1,INE093R01011
WONDERLA HOLIDAYS LTD.,WONDERLA,NSE,EQ,5.0,1,INE066O01014
ASTEC LIFESCIENCES LTD,ASTEC,NSE,EQ,5.0,1,INE563J01010
ARFIN INDIA LIMITED,ARFIN,NSE,EQ,1.0,1,INE784R01023
DJ MEDIAPRINT & LOG LTD,DJML,NSE,EQ,1.0,1,INE0B1K01014
JET FREIGHT LOGISTICS LTD,JETFREIGHT,NSE,EQ,1.0,1,INE982V01025
ADITYA BIRLA MONEY LTD,BIRLAMONEY,NSE,EQ,1.0,1,INE865C01022
AADHAR HOUSING FINANCE L,AADHARHFC,NSE,EQ,5.0,1,INE883F01010
ASIAN ENERGY SERVICES LTD,ASIANENE,NSE,EQ,5.0,1,INE276G01015
JINDAL STEEL LIMITED,JINDALSTEL,NSE,EQ,10.0,1,INE749A01030
BHARAT DYNAMICS LIMITED,BDL,NSE,EQ,10.0,1,INE171Z01026
QUINT DIGITAL LTD.,QUINT,NSE,EQ,1.0,1,INE641R01017
COFORGE LIMITED,COFORGE,NSE,EQ,10.0,1,INE591G01025
BIRLANU LIMITED,BIRLANU,NSE,EQ,10.0,1,INE557A01011
ARVIND SMARTSPACES LTD,ARVSMART,NSE,EQ,5.0,1,INE034S01021
BANNARI AMMAN SUGARS LTD,BANARISUG,NSE,EQ,10.0,1,INE459A01010
JINDAL WORLDWIDE LTD,JINDWORLD,NSE,EQ,1.0,1,INE247D01039
HESTER BIOSCIENCES LTD,HESTERBIO,NSE,EQ,10.0,1,INE782E01017
GMR POW AND URBAN INFRA L,GMRP&UI,NSE,EQ,1.0,1,INE0CU601026
NIPPONAMC - NETFSILVER,SILVERBEES,NSE,EQ,1.0,1,INF204KC1402
UDAYSHIVAKUMAR INFRA LTD,USK,NSE,EQ,1.0,1,INE0N0Y01013
SIGNATUREGLOBAL INDIA LTD,SIGNATURE,NSE,EQ,5.0,1,INE903U01023
GHCL TEXTILES LIMITED,GHCLTEXTIL,NSE,EQ,1.0,1,INE0PA801013
HANDSON GBL MNGMNT LTD,HGM,NSE,EQ,1.0,1,INE596H01014
RAJ TV NETWORK LTD,RAJTV,NSE,EQ,1.0,1,INE952H01027
ORIENT CEMENT LTD.,ORIENTCEM,NSE,EQ,1.0,1,INE876N01018
DCM SHRIRAM FINE CHEM LTD,DSFCL,NSE,EQ,1.0,1,INE0OFM01015
MADRAS FERTILISERS LTD,MADRASFERT,NSE,EQ,1.0,1,INE414A01015
NIPPONAMC - NETFAUTO,AUTOBEES,NSE,EQ,1.0,1,INF204KC1337
RAM RATNA WIRES LIMITED,RAMRAT,NSE,EQ,5.0,1,INE207E01023
RPSG VENTURES LIMITED,RPSGVENT,NSE,EQ,5.0,1,INE425Y01011
ELITECON INTERNATIONAL L,ELITECON,NSE,EQ,1.0,1,INE669R01026
GUJ IND POW CO. LTD,GIPCL,NSE,EQ,1.0,1,INE162A01010
ASSO ALCOHOLS & BREW LTD,ASALCBR,NSE,EQ,5.0,1,INE073G01016
PUNJAB NATIONAL BANK,PNB,NSE,EQ,1.0,1,INE160A01022
ORKLA INDIA LIMITED,ORKLAINDIA,NSE,EQ,5.0,1,INE16NZ01023
SKF INDIA LTD,SKFINDIA,NSE,EQ,10.0,1,INE640A01023
EMMVEE PHOTOVOLTAIC PWR L,EMMVEE,NSE,EQ,5.0,1,INE1C6T01020
VIYASH SCIENTIFIC LIMITED,VIYASH,NSE,EQ,5.0,1,INE807F01027
GNA AXLES LIMITED,GNA,NSE,EQ,5.0,1,INE934S01014
VIKRAM SOLAR LIMITED,VIKRAMSOLR,NSE,EQ,1.0,1,INE078V01014
CENTRAL DEPO SER (I) LTD,CDSL,NSE,EQ,10.0,1,INE736A01011
SHRI BAJRANG ALLIANCE L,SHBAJRG,NSE,EQ,1.0,1,INE402H01015
STANDARD INDUSTRIES LTD.,SIL,NSE,EQ,1.0,1,INE173A01025
IFB INDUSTRIES LTD,IFBIND,NSE,EQ,10.0,1,INE559A01017
GRETEX CORPORATE SERVICES,GCSL,NSE,EQ,5.0,1,INE199P01028
EXXARO TILES LIMITED,EXXARO,NSE,EQ,1.0,1,INE0GFE01026
RAYMOND LTD,RAYMOND,NSE,EQ,5.0,1,INE301A01014
PRAKASH PIPES LIMITED,PPL,NSE,EQ,1.0,1,INE050001010
ADANI POWER LTD,ADANIPOWER,NSE,EQ,1.0,1,INE814H01029
HEC INFRA PROJECTS LTD,HECPROJECT,NSE,EQ,1.0,1,INE558R01013
DALMIA BHARAT SUG IN LTD,DALMIASUG,NSE,EQ,5.0,1,INE495A01022
GODREJ CONSUMER PRODUCTS,GODREJCP,NSE,EQ,10.0,1,INE102D01028
DR. LAL PATH LABS LTD.,LALPATHLAB,NSE,EQ,10.0,1,INE600L01024
MOREPEN LAB. LTD,MOREPENLAB,NSE,EQ,1.0,1,INE083A01026
INSOLATION ENERGY LIMITED,INA,NSE,EQ,1.0,1,INE0LGX01024
PARADEEP PHOSPHATES LTD,PARADEEP,NSE,EQ,1.0,1,INE088F01024
SHANTI GOLD INTERNATION L,SHANTIGOLD,NSE,EQ,1.0,1,INE06ZD01017
RELCAPAMC - NETFGILT5Y,GILT5YBEES,NSE,EQ,1.0,1,INF204KC1030
LAXMI COTSPIN LIMITED,LAXMICOT,NSE,EQ,1.0,1,INE801V01019
POWER FIN CORP LTD.,PFC,NSE,EQ,5.0,1,INE134E01011
NIPPONAMC - NETFPHARMA,PHARMABEES,NSE,EQ,1.0,1,INF204KC1089
SONATA SOFTWARE LTD,SONATSOFTW,NSE,EQ,5.0,1,INE269A01021
ARKADE DEVELOPERS LIMITED,ARKADE,NSE,EQ,1.0,1,INE0QRL01017
VAXTEX COTFAB LIMITED,VCL,NSE,EQ,1.0,1,INE098201036
INFOSYS LIMITED,INFY,NSE,EQ,10.0,1,INE009A01021
IRCON INTERNATIONAL LTD,IRCON,NSE,EQ,1.0,1,INE962Y01021
KOTAKMAMC-KOTAKBKETF,BANKNIFTY1,NSE,EQ,1.0,1,INF174KA1ZB7
KOTAKMAMC - KOTAKSILVE,SILVER1,NSE,EQ,1.0,1,INF174KA1ZD3
S H KELKAR AND CO. LTD.,SHK,NSE,EQ,1.0,1,INE500L01026
KOTAKMAMC - KOTAKMID50,MIDCAP,NSE,EQ,1.0,1,INF174KA1ZC5
NAVIN FLUORINE INT. LTD,NAVINFLUOR,NSE,EQ,50.0,1,INE048G01026
KOTAKMAMC - KOTAKCONS,CONS,NSE,EQ,1.0,1,INF174KA1ZF8
KOTAKMAMC - KTKNV20ETF,NV20,NSE,EQ,1.0,1,INF174KA1ZE1
SANOFI CONS HEALTHC IND L,SANOFICONR,NSE,EQ,10.0,1,INE0UOS01011
GREAVES COTTON LTD.,GREAVESCOT,NSE,EQ,1.0,1,INE224A01026
KOTAKMAMC - NEXT50ETF,NEXT50ETF,NSE,EQ,1.0,1,INF174KA1YO3
SINTERCOM INDIA LIMITED,SINTERCOM,NSE,EQ,1.0,1,INE129Z01016
VISHWARAJ SUGAR IND LTD,VISHWARAJ,NSE,EQ,1.0,1,INE430N01022
KAYA LIMITED,KAYA,NSE,EQ,1.0,1,INE587G01015
KOTAK GOLD ETF,GOLD1,NSE,EQ,1.0,1,INF174KA1HJ8
KAYNES TECHNOLOGY IND LTD,KAYNES,NSE,EQ,10.0,1,INE918Z01012
BIOCON LIMITED.,BIOCON,NSE,EQ,5.0,1,INE376G01013
MISHRA DHATU NIGAM LTD,MIDHANI,NSE,EQ,5.0,1,INE099Z01011
DEV ACCELERATOR LIMITED,DEVX,NSE,EQ,1.0,1,INE0VOV01021
SHREE RAMA NEWSPRINT LTD,RAMANEWS,NSE,EQ,1.0,1,INE278B01020
MAGELLANIC CLOUD LIMITED,MCLOUD,NSE,EQ,1.0,1,INE613C01026
GTL LTD,GTL,NSE,EQ,1.0,1,INE043A01012
KOTAKMAMC - KOTAKIT,IT,NSE,EQ,1.0,1,INF174KA1GC5
STRLNG & WIL REN ENE LTD,SWSOLAR,NSE,EQ,1.0,1,INE00M201021
PATANJALI FOODS LIMITED,PATANJALI,NSE,EQ,5.0,1,INE619A01035
BLACK BOX LIMITED,BBOX,NSE,EQ,10.0,1,INE676A01027
BHARAT FORGE LTD,BHARATFORG,NSE,EQ,10.0,1,INE465A01025
IND TERRAIN FASHIONS LTD,INDTERRAIN,NSE,EQ,1.0,1,INE611L01021
ALLIED DIGITAL SERV. LTD,ADSL,NSE,EQ,1.0,1,INE102I01027
SURYALAKSHMI COT MIL LTD,SURYALAXMI,NSE,EQ,1.0,1,INE713B01026
GTL INFRA.LTD,GTLINFRA,NSE,EQ,1.0,1,INE221H01019
NLC INDIA LIMITED,NLCINDIA,NSE,EQ,5.0,1,INE589A01014
EPACK PREFAB TECHN LTD,EPACKPEB,NSE,EQ,1.0,1,INE0MLS01022
BERGER PAINTS (I) LTD,BERGEPAINT,NSE,EQ,5.0,1,INE463A01038
EPACK DURABLE LIMITED,EPACK,NSE,EQ,1.0,1,INE0G5901015
CLEAN MAX ENVIRO EN SOL L,CLEANMAX,NSE,EQ,10.0,1,INE647U01026
GENUS POWER INFRASTRU LTD,GENUSPOWER,NSE,EQ,5.0,1,INE955D01029
DECCAN CEMENTS LIMITED,DECCANCE,NSE,EQ,5.0,1,INE583C01021
QUESS CORP LIMITED,QUESS,NSE,EQ,1.0,1,INE615P01015
ASAHI SONGWON COLOR LTD,ASAHISONG,NSE,EQ,1.0,1,INE228I01012
NIP IND ETF JUNIOR BEES,JUNIORBEES,NSE,EQ,1.0,1,INF732E01045
NIP IND ETF LIQUID BEES,LIQUIDBEES,NSE,EQ,1.0,1,INF732E01037
J.G.CHEMICALS LIMITED,JGCHEM,NSE,EQ,5.0,1,INE0MB501011
NILA SPACES LIMITED,NILASPACES,NSE,EQ,1.0,1,INE00S901012
SATIA INDUSTRIES LIMITED,SATIA,NSE,EQ,1.0,1,INE170E01023
AARNAV FASHIONS LIMITED,AARNAV,NSE,EQ,1.0,1,INE750R01016
ACME SOLAR HOLDINGS LTD,ACMESOLAR,NSE,EQ,5.0,1,INE622W01025
PTC INDIA LIMITED,PTC,NSE,EQ,1.0,1,INE877F01012
NITCO LIMITED,NITCO,NSE,EQ,1.0,1,INE858F01012
LORDS CHLORO ALKALI LTD,LORDSCHLO,NSE,EQ,1.0,1,INE846D01012
ZEE ENTERTAINMENT ENT LTD,ZEEL,NSE,EQ,1.0,1,INE256A01028
DYNACONS SYS & SOLN LTD,DSSL,NSE,EQ,10.0,1,INE417B01040
ADOR WELDING LTD,ADOR,NSE,EQ,10.0,1,INE045A01017
SONAL MERCANTILE LTD.,SONAL,NSE,EQ,1.0,1,INE321M01017
PONNIE SUGARS (ERODE) LTD,PONNIERODE,NSE,EQ,5.0,1,INE838E01017
ALKEM LABORATORIES LTD.,ALKEM,NSE,EQ,50.0,1,INE540L01014
BHARTIYA INTERNATIONAL,BIL,NSE,EQ,5.0,1,INE828A01016
STEL HOLDINGS LIMITED,STEL,NSE,EQ,5.0,1,INE577L01016
NIP IND ETF INFRA BEES,INFRABEES,NSE,EQ,1.0,1,INF732E01268
TEGA INDUSTRIES LIMITED,TEGA,NSE,EQ,10.0,1,INE011K01018
GUJ STATE FERT & CHEM LTD,GSFC,NSE,EQ,1.0,1,INE026A01025
VIMTA LABS LIMITED,VIMTALABS,NSE,EQ,5.0,1,INE579C01029
KOTAK MAHINDRA BANK LTD,KOTAKBANK,NSE,EQ,5.0,1,INE237A01036
TCPL PACKAGING LIMITED,TCPLPACK,NSE,EQ,10.0,1,INE822C01015
PIONEER INVESTCORP LTD.,PIONRINV,NSE,EQ,1.0,1,INE746D01014
NIP IND ETF SHARIAH BEES,SHARIABEES,NSE,EQ,1.0,1,INF732E01128
AXISAMC - AXISHCETF,AXISHCETF,NSE,EQ,1.0,1,INF846K01Z12
AXISAMC - AXISTECETF,AXISTECETF,NSE,EQ,1.0,1,INF846K01Y96
ARIES AGRO LTD.,ARIES,NSE,EQ,5.0,1,INE298I01015
EID PARRY INDIA LTD,EIDPARRY,NSE,EQ,5.0,1,INE126A01031
SAKTHI SUGARS LTD,SAKHTISUG,NSE,EQ,1.0,1,INE623A01011
INDUSTRIAL & PRU INV CO L,INDPRUD,NSE,EQ,50.0,1,INE620D01011
AXISAMC - AXISBNKETF,AXISBNKETF,NSE,EQ,1.0,1,INF846K01X63
STRIDES PHARMA SCI LTD,STAR,NSE,EQ,10.0,1,INE939A01011
CEAT LIMITED,CEATLTD,NSE,EQ,10.0,1,INE482A01020
ROTO PUMPS LIMITED,ROTO,NSE,EQ,1.0,1,INE535D01037
SAFARI IND (INDIA) LTD,SAFARI,NSE,EQ,10.0,1,INE429E01023
GODREJ AGROVET LIMITED,GODREJAGRO,NSE,EQ,5.0,1,INE850D01014
DIVI S LABORATORIES LTD,DIVISLAB,NSE,EQ,50.0,1,INE361B01024
TATA TELESERV(MAHARASTRA),TTML,NSE,EQ,1.0,1,INE517B01013
SARASWATI COMM (INDIA) L,ZSARACOM,NSE,EQ,50.0,1,INE967G01019
FOSECO INDIA LTD,FOSECOIND,NSE,EQ,10.0,1,INE519A01011
NIP IND ETF NIFTY 100,NIF100BEES,NSE,EQ,1.0,1,INF204K014N5
NIPPONAMC - LIQGRWBEES,LIQGRWBEES,NSE,EQ,1.0,1,INF204KC1FU1
MERCANTILE VENTURES LTD.,MERCANTILE,NSE,EQ,1.0,1,INE689O01013
SARDA ENERGY & MIN LTD,SARDAEN,NSE,EQ,5.0,1,INE385C01021
NIPPONAMC - MANUFGBEES,MANUFGBEES,NSE,EQ,1.0,1,INF204KC1GH6
AMJ LAND HOLDINGS LIMITED,AMJLAND,NSE,EQ,1.0,1,INE606A01024
DHANLAXMI BANK LIMITED,DHANBANK,NSE,EQ,1.0,1,INE680A01011
VST INDUSTRIES LTD,VSTIND,NSE,EQ,5.0,1,INE710A01016
SHALIBHADRA FINANCE LTD,SAHLIBHFI,NSE,EQ,1.0,1,INE861D01011
OSWAL GREENTECH LIMITED,OSWALGREEN,NSE,EQ,1.0,1,INE143A01010
SPECIALITY REST LTD,SPECIALITY,NSE,EQ,1.0,1,INE247M01014
PRESTIGE ESTATE LTD,PRESTIGE,NSE,EQ,10.0,1,INE811K01011
NIPPONAMC - SNXT30BEES,SNXT30BEES,NSE,EQ,1.0,1,INF204KC1EZ3
BANG OVERSEAS LTD.,BANG,NSE,EQ,1.0,1,INE863I01016
VISHAL MEGA MART LIMITED,VMM,NSE,EQ,1.0,1,INE01EA01019
POKARNA LIMITED,POKARNA,NSE,EQ,5.0,1,INE637C01025
SPECTRUM ELECTRIC IND LTD,SPECTRUM,NSE,EQ,10.0,1,INE01EO01010
INVENTURE GRO & SEC LTD,INVENTURE,NSE,EQ,1.0,1,INE878H01024
CELLO WORLD LIMITED,CELLO,NSE,EQ,5.0,1,INE0LMW01024
PENNAR INDUSTRIES LTD,PENIND,NSE,EQ,1.0,1,INE932A01024
TIJARIA POLYPIPES LTD,TIJARIA,NSE,EQ,1.0,1,INE440L01017
ACE INTEGRATED SOLU. LTD.,ACEINTEG,NSE,EQ,1.0,1,INE543V01017
SAHYADRI INDUSTRIES LTD,SAHYADRI,NSE,EQ,5.0,1,INE280H01015
ENGINEERS INDIA LTD,ENGINERSIN,NSE,EQ,1.0,1,INE510A01028
AVT NATURAL PRODUCTS LTD,AVTNPL,NSE,EQ,1.0,1,INE488D01021
VA TECH WABAG LTD,WABAG,NSE,EQ,10.0,1,INE956G01038
PRABHA ENERGY LIMITED,PRABHA,NSE,EQ,1.0,1,INE0I0M01023
FAZE THREE LIMITED,FAZE3Q,NSE,EQ,5.0,1,INE963C01033
IRIS CLOTHINGS LIMITED,IRISDOREME,NSE,EQ,1.0,1,INE01GN01025
MAAN ALUMINIUM LIMITED,MAANALU,NSE,EQ,1.0,1,INE215I01027
RAMKY INFRA LTD,RAMKY,NSE,EQ,5.0,1,INE874I01013
HINDUSTAN UNILEVER LTD.,HINDUNILVR,NSE,EQ,10.0,1,INE030A01027
YATHARTH HOSP & TRA C S L,YATHARTH,NSE,EQ,5.0,1,INE0JO301016
SKM EGG PROD EXPORT(I) LT,SKMEGGPROD,NSE,EQ,1.0,1,INE411D01023
KILITCH DRUGS INDIA LTD,KILITCH,NSE,EQ,1.0,1,INE729D01010
NEPHROCARE HEALTH SERV L,NEPHROPLUS,NSE,EQ,5.0,1,INE428V01029
KOTAKMAMC - KOTAKLIQ,LIQUID1,NSE,EQ,1.0,1,INF174KA1LV5
JASH ENGINEERING LIMITED,JASH,NSE,EQ,5.0,1,INE039O01029
DEVYANI INTERNATIONAL LTD,DEVYANI,NSE,EQ,1.0,1,INE872J01023
ICICIPRAMC - BHARATIWIN,ICICIB22,NSE,EQ,1.0,1,INF109KB15Y7
THEJO ENGINEERING LIMITED,THEJO,NSE,EQ,10.0,1,INE121N01019
UNIONAMC - UNIONGOLD,UNIONGOLD,NSE,EQ,5.0,1,INF582M01KS4
CANARA BANK,CANBK,NSE,EQ,1.0,1,INE476A01022
HAPPIEST MINDS TECHNO LTD,HAPPSTMNDS,NSE,EQ,5.0,1,INE419U01012
UCO BANK,UCOBANK,NSE,EQ,1.0,1,INE691A01018
ANTHEM BIOSCIENCES LTD,ANTHEM,NSE,EQ,5.0,1,INE0CZ201020
UJAAS ENERGY LIMITED,UEL,NSE,EQ,1.0,1,INE899L01030
ORIENTAL AROMATICS LTD,OAL,NSE,EQ,5.0,1,INE959C01023
MULTI COMMODITY EXCHANGE,MCX,NSE,EQ,10.0,1,INE745G01043
SAGILITY LIMITED,SAGILITY,NSE,EQ,1.0,1,INE0W2G01015
NIP IND ETF DIV OPP,DIVOPPBEES,NSE,EQ,1.0,1,INF204KA1MS3
PAR DRUGS AND CHEM LTD,PAR,NSE,EQ,1.0,1,INE04LG01015
ANUPAM RASAYAN INDIA LTD,ANURAS,NSE,EQ,10.0,1,INE930P01018
ANDHRA SUGARS LTD,ANDHRSUGAR,NSE,EQ,1.0,1,INE715B01021
SHARDUL SECURITIES LTD.,SHARDUL,NSE,EQ,1.0,1,INE037B01020
DIGITIDE SOLUTIONS LTD,DIGITIDE,NSE,EQ,1.0,1,INE0U4701011
MODI RUBBER LTD,MODIRUBBER,NSE,EQ,1.0,1,INE832A01018
HINDUSTAN COPPER LTD,HINDCOPPER,NSE,EQ,5.0,1,INE531E01026
TANLA PLATFORMS LIMITED,TANLA,NSE,EQ,5.0,1,INE483C01032
SHRIRAM FINANCE LIMITED,SHRIRAMFIN,NSE,EQ,5.0,1,INE721A01047
DREDGING CORP OF INDIA,DREDGECORP,NSE,EQ,10.0,1,INE506A01018
BANK OF BARODA,BANKBARODA,NSE,EQ,5.0,1,INE028A01039
GOPAL SNACKS LIMITED,GOPAL,NSE,EQ,5.0,1,INE0L9R01028
KOTAKMAMC - KOTAKMNC,MNC,NSE,EQ,1.0,1,INF174KA1JF2
KOTAKMAMC - KOTAKLOVOL,LOWVOL1,NSE,EQ,1.0,1,INF174KA1IY5
GRAUER & WEIL IND LTD,GRAUWEIL,NSE,EQ,1.0,1,INE266D01021
BHARAT ROAD NETWORK LTD,BRNL,NSE,EQ,1.0,1,INE727S01012
LODHA DEVELOPERS LIMITED,LODHA,NSE,EQ,5.0,1,INE670K01029
IFCI LTD,IFCI,NSE,EQ,1.0,1,INE039A01010
LAXMI ORGANIC INDUS LTD,LXCHEM,NSE,EQ,1.0,1,INE576O01020
S CHAND AND COMPANY LTD,SCHAND,NSE,EQ,1.0,1,INE807K01035
KOTAKMAMC - KOTAKALPHA,ALPHA,NSE,EQ,1.0,1,INF174KA1IA5
BALMER LAWRIE INVSTS. L,BLIL,NSE,EQ,1.0,1,INE525F01025
GATEWAY DISTRIPARKS LTD,GATEWAY,NSE,EQ,1.0,1,INE079J01017
JAGSONPAL PHARMACEUTICALS,JAGSNPHARM,NSE,EQ,1.0,1,INE048B01035
ASTER DM HEALTHCARE LTD.,ASTERDM,NSE,EQ,5.0,1,INE914M01019
NIP IND ETF CONSUMPTION,CONSUMBEES,NSE,EQ,1.0,1,INF204KA1LD7
PRECISION WIRES INDIA LTD,PRECWIRE,NSE,EQ,5.0,1,INE372C01037
SAI LIFE SCIENCES LIMITED,SAILIFE,NSE,EQ,10.0,1,INE570L01029
MUKTA ARTS LIMITED,MUKTAARTS,NSE,EQ,1.0,1,INE374B01019
REPRO INDIA LIMITED,REPRO,NSE,EQ,5.0,1,INE461B01014
ARCHEAN CHEMICAL IND LTD,ACI,NSE,EQ,5.0,1,INE128X01021
HERO MOTOCORP LIMITED,HEROMOTOCO,NSE,EQ,10.0,1,INE158A01026
METROPOLIS HEALTHCARE LTD,METROPOLIS,NSE,EQ,5.0,1,INE112L01020
UNO MINDA LIMITED,UNOMINDA,NSE,EQ,10.0,1,INE405E01023
LLOYDS ENTERPRISES LTD,LLOYDSENT,NSE,EQ,1.0,1,INE080I01025
HALDER VENTURE LIMITED,HALDER,NSE,EQ,1.0,1,INE115S01010
BRIGHTCOM GROUP LIMITED,BCG,NSE,EQ,1.0,1,INE425B01027
VARDHMAN SPC STEEL LTD,VSSL,NSE,EQ,5.0,1,INE050M01012
HEIDELBERGCEMENT (I) LTD,HEIDELBERG,NSE,EQ,1.0,1,INE578A01017
DISA INDIA LTD.,DISAQ,NSE,EQ,100.0,1,INE131C01011
KENNAMETAL INDIA LIMITED,KENNAMET,NSE,EQ,10.0,1,INE717A01029
WHEELS INDIA LTD,WHEELS,NSE,EQ,10.0,1,INE715A01015
SUNFLAG IRON AND STEEL CO,SUNFLAG,NSE,EQ,5.0,1,INE947A01014
SHANKAR LAL RAMPAL LTD,SRD,NSE,EQ,1.0,1,INE01NE01012
ASHAPURA MINECHEM LTD,ASHAPURMIN,NSE,EQ,5.0,1,INE348A01023
DELPHI WORLD MONEY LTD,DELPHIFX,NSE,EQ,1.0,1,INE726L01027
TATA CAPITAL LIMITED,TATACAP,NSE,EQ,5.0,1,INE976I01016
BLB LIMITED,BLBLIMITED,NSE,EQ,1.0,1,INE791A01024
HUBTOWN LIMITED,HUBTOWN,NSE,EQ,1.0,1,INE703H01016
THE P K TEA PROD CO LTD,PKTEA,NSE,EQ,5.0,1,INE431F01018
R R KABEL LIMITED,RRKABEL,NSE,EQ,10.0,1,INE777K01022
SBI LIFE INSURANCE CO LTD,SBILIFE,NSE,EQ,10.0,1,INE123W01016
ONE MOBIKWIK SYSTEMS LTD,MOBIKWIK,NSE,EQ,1.0,1,INE0HLU01028
MAHA RASHTRA APEX COPR. L,MAHAPEXLTD,NSE,EQ,1.0,1,INE843B01013
ELECTRONICS MART IND LTD,EMIL,NSE,EQ,1.0,1,INE02YR01019
TATA CONSUMER PRODUCT LTD,TATACONSUM,NSE,EQ,10.0,1,INE192A01025
IRIS REGTECH SOLUTION LTD,IRIS,NSE,EQ,5.0,1,INE864K01010
THANGAMAYIL JEWELLERY LTD,THANGAMAYL,NSE,EQ,10.0,1,INE085J01014
SYNGENE INTERNATIONAL LTD,SYNGENE,NSE,EQ,5.0,1,INE398R01022
AVANTEL LIMITED,AVANTEL,NSE,EQ,1.0,1,INE005B01027
LAHOTI OVERSEAS LTD.,LAHOTIOV,NSE,EQ,1.0,1,INE515C01023
ARTEMIS MED SERVICE LTD,ARTEMISMED,NSE,EQ,5.0,1,INE025R01021
VARDHAMAN ACRYLICS LTD,VARDHACRLC,NSE,EQ,1.0,1,INE116G01013
BAJAJ HOLDINGS & INVS LTD,BAJAJHLDNG,NSE,EQ,100.0,1,INE118A01012
SHALBY LIMITED,SHALBY,NSE,EQ,1.0,1,INE597J01018
KAUSHALYA INFRA DEV LTD.,KAUSHALYA,NSE,EQ,5.0,1,INE234I01028
VIPUL LIMITED,VIPULLTD,NSE,EQ,1.0,1,INE946H01037
INDO RAMA SYNTHETICS LTD,INDORAMA,NSE,EQ,1.0,1,INE156A01020
BARODABNP - BBNPPGOLD,BBNPPGOLD,NSE,EQ,5.0,1,INF251K01SU9
ATLANTAA LIMITED,ATLANTAA,NSE,EQ,1.0,1,INE285H01022
GRAPHITE INDIA LTD,GRAPHITE,NSE,EQ,5.0,1,INE371A01025
PAUSHAK LIMITED,PAUSHAKLTD,NSE,EQ,5.0,1,INE111F01024
WENDT (INDIA) LIMITED,WENDT,NSE,EQ,50.0,1,INE274C01019
MEESHO LIMITED,MEESHO,NSE,EQ,1.0,1,INE0VDM01015
ICDS LTD,ICDSLTD,NSE,EQ,1.0,1,INE613B01010
SILLY MONKS ENTERTAIN LTD,SILLYMONKS,NSE,EQ,1.0,1,INE203Y01012
VESUVIUS INDIA LTD,VESUVIUS,NSE,EQ,5.0,1,INE386A01023
TAMILNAD MERCA BANK LTD,TMB,NSE,EQ,5.0,1,INE668A01016
AVANTI FEEDS LIMITED,AVANTIFEED,NSE,EQ,10.0,1,INE871C01038
GFL LIMITED,GFLLIMITED,NSE,EQ,1.0,1,INE538A01037
SHREEOSWAL S AND CHE LTD,OSWALSEEDS,NSE,EQ,1.0,1,INE00IK01029
MOTILALAMC - MOINFRA,MOINFRA,NSE,EQ,1.0,1,INF247L01FL1
MOTILALAMC - MOMGF,MOMGF,NSE,EQ,1.0,1,INF247L01FK3
MOTILALAMC - MONEXT50,MONEXT50,NSE,EQ,1.0,1,INF247L01FD8
TEAM INDIA GUARANTY LTD,TEAMGTY,NSE,EQ,5.0,1,INE289C01025
MOTILALAMC - MON50EQUAL,MON50EQUAL,NSE,EQ,1.0,1,INF247L01FC0
BASF INDIA LTD,BASF,NSE,EQ,10.0,1,INE373A01013
A C S TECHNOLOGIES LTD.,ACSTECH,NSE,EQ,1.0,1,INE366C01021
GOCL CORPORATION LIMITED,GOCLCORP,NSE,EQ,5.0,1,INE077F01035
SHRADHA REALTY LIMITED,SHRADHA,NSE,EQ,1.0,1,INE715Y01031
RAMCO SYSTEMS LTD.,RAMCOSYS,NSE,EQ,5.0,1,INE246B01019
ADITYA BIRLA CAPITAL LTD.,ABCAPITAL,NSE,EQ,5.0,1,INE674K01013
MOTILALAMC - MOCAPITAL,MOCAPITAL,NSE,EQ,1.0,1,INF247L01EV3
HINDUSTAN PETROLEUM CORP,HINDPETRO,NSE,EQ,5.0,1,INE094A01015
HINDUSTAN COMPOSITES LTD.,HINDCOMPOS,NSE,EQ,5.0,1,INE310C01029
NRB INDUS. BEARINGS LTD.,NIBL,NSE,EQ,1.0,1,INE047O01014
NARAYANA HRUDAYALAYA LTD.,NH,NSE,EQ,10.0,1,INE410P01011
K M SUGAR MILLS LTD,KMSUGAR,NSE,EQ,1.0,1,INE157H01023
CHOICEAMC - CHOICEGOLD,CHOICEGOLD,NSE,EQ,1.0,1,INF2KCX01012
VINATI ORGANICS LTD,VINATIORGA,NSE,EQ,10.0,1,INE410B01037
MOTILALAMC - MOSERVICE,MOSERVICE,NSE,EQ,1.0,1,INF247L01GJ3
MOTILALAMC - MOMNC,MOMNC,NSE,EQ,1.0,1,INF247L01GK1
SUN PHARMA ADV.RES.CO.LTD,SPARC,NSE,EQ,1.0,1,INE232I01014
MOTILALAMC - MOENERGY,MOENERGY,NSE,EQ,1.0,1,INF247L01GH7
MOTILALAMC - MOIPO,MOIPO,NSE,EQ,1.0,1,INF247L01GI5
ASTRAZENECA PHARMA IND LT,ASTRAZEN,NSE,EQ,50.0,1,INE203A01020
CARE RATINGS LIMITED,CARERATING,NSE,EQ,10.0,1,INE752H01013
BARODABNP - BBNPNBETF,BBNPNBETF,NSE,EQ,1.0,1,INF251K01TL6
GK ENERGY LIMITED,GKENERGY,NSE,EQ,1.0,1,INE1AG301022
ORISSA MIN DEV CO LTD,ORISSAMINE,NSE,EQ,10.0,1,INE725E01024
MOTILALAMC - MONIFTY100,MONIFTY100,NSE,EQ,1.0,1,INF247L01GG9
MOTILALAMC - MOGOLD,MOGOLD,NSE,EQ,5.0,1,INF247L01FY4
PILANI INV & IND COR LTD,PILANIINVS,NSE,EQ,10.0,1,INE417C01014
MOTILALAMC - MOSILVER,MOSILVER,NSE,EQ,1.0,1,INF247L01FZ1
MOTILALAMC - MOMIDMTM,MOMIDMTM,NSE,EQ,1.0,1,INF247L01FQ0
MOTILALAMC - MOTOUR,MOTOUR,NSE,EQ,1.0,1,INF247L01FP2
LUX INDUSTRIES LIMITED,LUXIND,NSE,EQ,10.0,1,INE150G01020
SURYA ROSHNI LTD,SURYAROSNI,NSE,EQ,1.0,1,INE335A01020
MOTILALAMC - MOPSE,MOPSE,NSE,EQ,1.0,1,INF247L01FO5
MOTILALAMC - MOALPHA50,MOALPHA50,NSE,EQ,1.0,1,INF247L01FR8
YES BANK LIMITED,YESBANK,NSE,EQ,1.0,1,INE528G01035
ITI LTD,ITI,NSE,EQ,5.0,1,INE248A01017
SUPRIYA LIFESCIENCE LTD,SUPRIYA,NSE,EQ,5.0,1,INE07RO01027
NUVAMA WEALTH MANAGE LTD,NUVAMA,NSE,EQ,10.0,1,INE531F01023
KEYNOTE FIN SERV LTD.,KEYFINSERV,NSE,EQ,5.0,1,INE681C01015
ICICI PRUDENTIAL AMC LTD,ICICIAMC,NSE,EQ,10.0,1,INE346A01027
NIIT LEARNING SYSTEMS LTD,NIITMTS,NSE,EQ,1.0,1,INE342G01023
KALYANI INVEST CO LTD,KICL,NSE,EQ,50.0,1,INE029L01018
SUNDARAM CLAYTON LIMITED,SUNCLAY,NSE,EQ,10.0,1,INE0Q3R01026
MOTILALAMC - MOSMALL250,MOSMALL250,NSE,EQ,1.0,1,INF247L01CH6
MOTILALAMC - MOREALTY,MOREALTY,NSE,EQ,1.0,1,INF247L01CI4
SHIVA TEXYARN LIMITED,SHIVATEX,NSE,EQ,1.0,1,INE705C01020
KUANTUM PAPERS LIMITED,KUANTUM,NSE,EQ,1.0,1,INE529I01021
ARCHIDPLY DECOR LIMITED,ADL,NSE,EQ,1.0,1,INE0CHO01012
ARIHANT FOUN & HOU LTD,ARIHANT,NSE,EQ,5.0,1,INE413D01011
AXISAMC - AXISILVER,AXISILVER,NSE,EQ,1.0,1,INF846K011K1
ISGEC HEAVY ENG LTD,ISGEC,NSE,EQ,5.0,1,INE858B01029
RUCHIRA PAPERS LIMITED,RUCHIRA,NSE,EQ,1.0,1,INE803H01014
OBEROI REALTY LIMITED,OBEROIRLTY,NSE,EQ,10.0,1,INE093I01010
SUVIDHAA INFOSERVE LTD,SUVIDHAA,NSE,EQ,1.0,1,INE018401013
INOX INDIA LIMITED,INOXINDIA,NSE,EQ,10.0,1,INE616N01034
HISAR METAL IND. LIMITED,HISARMETAL,NSE,EQ,1.0,1,INE598C01011
RANE (MADRAS) LIMITED,RML,NSE,EQ,5.0,1,INE050H01012
MOTILALAMC - MODEFENCE,MODEFENCE,NSE,EQ,1.0,1,INF247L01DJ0
MOTILALAMC - MOMENTUM50,MOMENTUM50,NSE,EQ,1.0,1,INF247L01DK8
URAVI DEFENCE &TECH LTD,URAVIDEF,NSE,EQ,1.0,1,INE568Z01015
ICICI PRU LIFE INS CO LTD,ICICIPRULI,NSE,EQ,5.0,1,INE726G01019
MOTILALAMC - MOVALUE,MOVALUE,NSE,EQ,1.0,1,INF247L01BE5
MOTILALAMC - MOHEALTH,MOHEALTH,NSE,EQ,1.0,1,INF247L01BB1
CYIENT DLM LIMITED,CYIENTDLM,NSE,EQ,5.0,1,INE055S01018
ALEMBIC PHARMA LTD,APLLTD,NSE,EQ,5.0,1,INE901L01018
HINDUJA GLOBAL SOLS. LTD.,HGS,NSE,EQ,5.0,1,INE170I01016
MOTILALAMC - MONQ50,MONQ50,NSE,EQ,1.0,1,INF247L01AU3
MANGAL CREDIT N FINCORP L,MANCREDIT,NSE,EQ,1.0,1,INE545L01039
AXISAMC - AXSENSEX,AXSENSEX,NSE,EQ,1.0,1,INF846K010Q0
MAHARASHTRA SEAMLESS LTD,MAHSEAMLES,NSE,EQ,5.0,1,INE271B01025
KIRAN VYAPAR LTD.,KIRANVYPAR,NSE,EQ,1.0,1,INE555P01013
MOTILAL OS NASDAQ100 ETF,MON100,NSE,EQ,1.0,1,INF247L01AP3
TRIB BHIMJI ZAVERI LTD,TBZ,NSE,EQ,1.0,1,INE760L01018
BANDHANAMC - SILVERBND,SILVERBND,NSE,EQ,1.0,1,INF194KB1KI9
BANDHANAMC - GOLDBND,GOLDBND,NSE,EQ,1.0,1,INF194KB1KJ7
DECCAN GOLD MINES LTD.,DECNGOLD,NSE,EQ,1.0,1,INE945F01025
MOTILALAMC - G5,MOGSEC,NSE,EQ,1.0,1,INF247L01AK4
AONEAMC - AONESILVER,AONESILVER,NSE,EQ,1.0,1,INF1J2R01171
KOTYARK INDUSTRIES LTD,KOTYARK,NSE,EQ,5.0,1,INE0J0B01017
INDIA NIPPON ELECT  LTD,INDNIPPON,NSE,EQ,5.0,1,INE092B01025
APOLLO PIPES LIMITED,APOLLOPIPE,NSE,EQ,5.0,1,INE126J01016
SECMARK CONSULTANCY LTD,SECMARK,NSE,EQ,1.0,1,INE0BTM01013
VISHNU CHEMICALS LIMITED,VISHNU,NSE,EQ,5.0,1,INE270I01022
MOSCHIP TECHNOLOGIES LTD,MOSCHIP,NSE,EQ,1.0,1,INE935B01025
MOTILALAMC - MONIFTY500,MONIFTY500,NSE,EQ,1.0,1,INF247L01BU1
MOTILALAMC - MOQUALITY,MOQUALITY,NSE,EQ,1.0,1,INF247L01BH8
SONA BLW PRECISION FRGS L,SONACOMS,NSE,EQ,5.0,1,INE073K01018
AONEAMC - AONEGOLD,AONEGOLD,NSE,EQ,1.0,1,INF1J2R01114
AONEAMC - AONETMMQ50,AONETMMQ50,NSE,EQ,1.0,1,INF1J2R01148
MOTILALAMC - MOLOWVOL,MOLOWVOL,NSE,EQ,1.0,1,INF247L01BL0
MOTILALAMC - MOMOMENTUM,MOMOMENTUM,NSE,EQ,1.0,1,INF247L01BK2
ZERODHAAMC - LIQUIDCASE,LIQUIDCASE,NSE,EQ,1.0,1,INF0R8F01034
ZERODHAAMC - GOLDCASE,GOLDCASE,NSE,EQ,1.0,1,INF0R8F01042
SANOFI INDIA LIMITED,SANOFI,NSE,EQ,10.0,1,INE058A01010
EIH ASSOCIATED HOTELS LTD,EIHAHOTELS,NSE,EQ,5.0,1,INE276C01014
PATEL ENGINEERING LTD.,PATELENG,NSE,EQ,1.0,1,INE244B01030
ASTRAL LIMITED,ASTRAL,NSE,EQ,10.0,1,INE006I01046
NETWORK PEOPLE SRV TECH L,NPST,NSE,EQ,10.0,1,INE0FFK01017
AWFIS SPACE SOLUTIONS LTD,AWFIS,NSE,EQ,5.0,1,INE108V01019
ZERODHAAMC - SILVERCASE,SILVERCASE,NSE,EQ,1.0,1,INF0R8F01091
ZERODHAAMC - MID150CASE,MID150CASE,NSE,EQ,1.0,1,INF0R8F01059
ZERODHAAMC - TOP100CASE,TOP100CASE,NSE,EQ,1.0,1,INF0R8F01067
ZERODHAAMC - NIFTYCASE,NIFTYCASE,NSE,EQ,1.0,1,INF0R8F01166
ZERODHAAMC - LTGILTCASE,LTGILTCASE,NSE,EQ,1.0,1,INF0R8F01133
BALAJI TELEFILMS LIMITED.,BALAJITELE,NSE,EQ,1.0,1,INE794B01026
ZERODHAAMC - SML100CASE,SML100CASE,NSE,EQ,1.0,1,INF0R8F01141
ELPRO INTERNATIONAL LTD,ELPROINTL,NSE,EQ,1.0,1,INE579B01039
BRIGADE HOTEL VENTURE LTD,BRIGHOTEL,NSE,EQ,1.0,1,INE03NU01014
TATA TECHNOLOGIES LIMITED,TATATECH,NSE,EQ,5.0,1,INE142M01025
MIC ELECTRONICS LTD,MICEL,NSE,EQ,1.0,1,INE287C01037
KARUR VYSYA BANK LTD,KARURVYSYA,NSE,EQ,5.0,1,INE036D01028
VINTAGE COFFEE N BVRGS L,VINCOFE,NSE,EQ,1.0,1,INE498Q01014
RADHIKA JEWELTECH LIMITED,RADHIKAJWE,NSE,EQ,1.0,1,INE583V01021
AMARA RAJA ENERGY MOB LTD,ARE&M,NSE,EQ,5.0,1,INE885A01032
ASIAN HOTELS (EAST) LTD,AHLEAST,NSE,EQ,1.0,1,INE926K01017
BLUE DART EXPRESS LTD,BLUEDART,NSE,EQ,10.0,1,INE233B01017
SURATWWALA BUS GROUP LTD,SBGLP,NSE,EQ,1.0,1,INE05ST01028
COROMANDEL INTERNTL. LTD,COROMANDEL,NSE,EQ,10.0,1,INE169A01031
GEECEE VENTURES LIMITED,GEECEE,NSE,EQ,5.0,1,INE916G01016
RANE HOLDINGS LIMITED,RANEHOLDIN,NSE,EQ,10.0,1,INE384A01010
FINOLEX CABLES LTD,FINCABLES,NSE,EQ,10.0,1,INE235A01022
RAJAPALAYAM MILLS LTD.,RAJPALAYAM,NSE,EQ,5.0,1,INE296E01026
JYOTHY LABS LIMITED,JYOTHYLAB,NSE,EQ,1.0,1,INE668F01031
SUYOG TELEMATICS LIMITED,SUYOG,NSE,EQ,5.0,1,INE442P01014
PASHUPATI COTSPIN LIMITED,PASHUPATI,NSE,EQ,1.0,1,INE124Y01028
DIC INDIA LIMITED,DICIND,NSE,EQ,5.0,1,INE303A01010
TRENT LTD,TRENT,NSE,EQ,10.0,1,INE849A01020
TECH MAHINDRA LIMITED,TECHM,NSE,EQ,10.0,1,INE669C01036
GILLETTE INDIA LTD,GILLETTE,NSE,EQ,50.0,1,INE322A01010
SINGER INDIA LIMITED,SINGERIND,NSE,EQ,1.0,1,INE638A01035
LICNAMC - LICNFNHGP,LICNFNHGP,NSE,EQ,1.0,1,INF767K01PC8
BRITANNIA INDUSTRIES LTD,BRITANNIA,NSE,EQ,50.0,1,INE216A01030
LICNAMC - LICNFESGP,LICNETFSEN,NSE,EQ,1.0,1,INF767K01OT5
LICNAMC - LICNFENGP,LICNETFN50,NSE,EQ,1.0,1,INF767K01OS7
VINNY OVERSEAS LIMITED,VINNY,NSE,EQ,1.0,1,INE01KI01027
AETHER INDUSTRIES LIMITED,AETHER,NSE,EQ,10.0,1,INE0BWX01014
CMS INFO SYSTEMS LIMITED,CMSINFO,NSE,EQ,5.0,1,INE925R01014
TVS SRICHAKRA LIMITED,TVSSRICHAK,NSE,EQ,10.0,1,INE421C01016
MAHANAGAR GAS LTD.,MGL,NSE,EQ,10.0,1,INE002S01010
MAHINDRA EPC IRRIG LTD,MAHEPC,NSE,EQ,1.0,1,INE215D01010
GOA CARBON LIMITED,GOACARBON,NSE,EQ,5.0,1,INE426D01013
CONTAINER CORP OF IND LTD,CONCOR,NSE,EQ,5.0,1,INE111A01025
VIDHI SPCLTY F INGRDNTS L,VIDHIING,NSE,EQ,5.0,1,INE632C01026
ENTERTAIN NET. IND. LTD.,ENIL,NSE,EQ,1.0,1,INE265F01028
SALZER ELECTRONICS LTD,SALZERELEC,NSE,EQ,5.0,1,INE457F01013
MALU PAPER MILLS LIMITED,MALUPAPER,NSE,EQ,1.0,1,INE383H01017
THYROCARE TECH LTD,THYROCARE,NSE,EQ,5.0,1,INE594H01019
MONTE CARLO FASHIONS LTD.,MONTECARLO,NSE,EQ,5.0,1,INE950M01013
VRAJ IRON AND STEEL LTD,VRAJ,NSE,EQ,1.0,1,INE0S2V01010
AYE FINANCE LIMITED,AYE,NSE,EQ,1.0,1,INE501X01029
SILGO RETAIL LIMITED,SILGO,NSE,EQ,1.0,1,INE01II01013
KANSAI NEROLAC PAINTS LTD,KANSAINER,NSE,EQ,1.0,1,INE531A01024
STATE BANK OF INDIA,SBIN,NSE,EQ,5.0,1,INE062A01020
ADVANCE AGROLIFE LIMITED,ADVANCE,NSE,EQ,1.0,1,INE1B0W01010
KAMAT HOTELS (I) LTD,KAMATHOTEL,NSE,EQ,1.0,1,INE967C01018
EXPLEO SOLUTIONS LIMITED,EXPLEOSOL,NSE,EQ,5.0,1,INE201K01015
TARAPUR TRANSFORMERS LTD,TARAPUR,NSE,EQ,1.0,1,INE747K01017
LICNAMC - LICNMFET,LICNETFGSC,NSE,EQ,1.0,1,INF767K01MV5
CAPRI GLOBAL CAPITAL LTD,CGCL,NSE,EQ,1.0,1,INE180C01042
PANACEA BIOTEC LTD,PANACEABIO,NSE,EQ,5.0,1,INE922B01023
MAHINDRA LIFESPACE DEVLTD,MAHLIFE,NSE,EQ,5.0,1,INE813A01018
ATLAS CYCLE (HARYANA) LTD,ATLASCYCLE,NSE,EQ,1.0,1,INE446A01025
NILE LTD.,NILE,NSE,EQ,10.0,1,INE445D01013
KDDL LIMITED,KDDL,NSE,EQ,10.0,1,INE291D01011
IMAGICAAWORLD ENT LTD,IMAGICAA,NSE,EQ,1.0,1,INE172N01012
FIVE-STAR BUS FIN LTD,FIVESTAR,NSE,EQ,5.0,1,INE128S01021
ORBIT EXPORTS LIMITED,ORBTEXP,NSE,EQ,1.0,1,INE231G01010
TALBROS AUTO. COMP. LTD,TALBROAUTO,NSE,EQ,5.0,1,INE187D01029
AXISCADES TECH LTD,AXISCADES,NSE,EQ,10.0,1,INE555B01013
GACM TECHNOLOGIES LIMITED,GATECHDVR,NSE,EQ,1.0,1,INE224E01036
GACM TECHNOLOGIES LIMITED,GATECH,NSE,EQ,1.0,1,INE224E01028
TEAMLEASE SERVICES LTD.,TEAMLEASE,NSE,EQ,10.0,1,INE985S01024
SURYODAY SMALL FIN BK LTD,SURYODAY,NSE,EQ,1.0,1,INE428Q01011
NEXT MEDIAWORKS LIMITED,NEXTMEDIA,NSE,EQ,1.0,1,INE747B01016
AMAGI MEDIA LABS LIMITED,AMAGI,NSE,EQ,5.0,1,INE121R01077
TATA INVESTMENT CORP LTD,TATAINVEST,NSE,EQ,5.0,1,INE672A01026
EMS LIMITED,EMSLIMITED,NSE,EQ,5.0,1,INE0OV601013
AAVAS FINANCIERS LIMITED,AAVAS,NSE,EQ,10.0,1,INE216P01012
EDELAMC - EBBETF0430,EBBETF0430,NSE,EQ,1.0,1,INF754K01KO2
RESTAURANT BRAND ASIA LTD,RBA,NSE,EQ,1.0,1,INE07T201019
JK PAPER LIMITED,JKPAPER,NSE,EQ,5.0,1,INE789E01012
INDO FARM EQUIPMENT LTD,INDOFARM,NSE,EQ,1.0,1,INE622H01018
SCAN STEELS LTD.,SCANSTL,NSE,EQ,1.0,1,INE099G01011
KALPATARU PROJECT INT LTD,KPIL,NSE,EQ,10.0,1,INE220B01022
TATA STEEL LIMITED,TATASTEEL,NSE,EQ,1.0,1,INE081A01020
LIC MF - LIC GOLD ETF,LICMFGOLD,NSE,EQ,5.0,1,INF767K01SM1
EDELAMC - EBBETF0431,EBBETF0431,NSE,EQ,1.0,1,INF754K01LE1
PIX TRANSMISSIONS LIMITED,PIXTRANS,NSE,EQ,10.0,1,INE751B01018
WANBURY LIMITED,WANBURY,NSE,EQ,5.0,1,INE107F01022
CRISIL LTD,CRISIL,NSE,EQ,10.0,1,INE007A01025
AXISAMC - AXISCETF,AXISCETF,NSE,EQ,1.0,1,INF846K016C7
W P I L LTD.,WPIL,NSE,EQ,5.0,1,INE765D01022
JAGRAN PRAKASHAN LIMITED,JAGRAN,NSE,EQ,1.0,1,INE199G01027
UTIAMC-GILT10BETA,GILT10BETA,NSE,EQ,1.0,1,INF789F1AZF3
RAMA PHOSPHATES LIMITED,RAMAPHO,NSE,EQ,1.0,1,INE809A01032
SILVER TOUCH TECHNO LTD,SILVERTUC,NSE,EQ,1.0,1,INE625X01026
UTIAMC-GILT5BETA,GILT5BETA,NSE,EQ,1.0,1,INF789F1AZE6
UTIAMC-ITBETA,ITBETA,NSE,EQ,1.0,1,INF789F1AZD8
LICNAMC - LICNMID100,LICNMID100,NSE,EQ,1.0,1,INF767K01RN1
UTIAMC-NIFTYBETA,NIFTYBETA,NSE,EQ,1.0,1,INF789F1AZC0
NAGA DHUNSERI GROUP LTD,NDGL,NSE,EQ,10.0,1,INE756C01015
ARO GRANITE IND. LTD.,AROGRANITE,NSE,EQ,1.0,1,INE210C01013
UTIAMC-MIDCAPBETA,MIDCAPBETA,NSE,EQ,1.0,1,INF789F1AYX9
GLOBAL SURFACES LIMITED,GSLSU,NSE,EQ,1.0,1,INE0JSX01015
KSOLVES INDIA LIMITED,KSOLVES,NSE,EQ,5.0,1,INE0D6I01023
HMA AGRO INDUSTRIES LTD,HMAAGRO,NSE,EQ,1.0,1,INE0ECP01024
KITEX GARMENTS LTD,KITEX,NSE,EQ,1.0,1,INE602G01020
UTIAMC-SILVERBETA,SILVERBETA,NSE,EQ,1.0,1,INF789F1AYK6
MAJESTIC AUTO LTD.,MAJESAUT,NSE,EQ,5.0,1,INE201B01022
JINDAL PHOTO LIMITED,JINDALPHOT,NSE,EQ,10.0,1,INE796G01012
MRF LTD,MRF,NSE,EQ,500.0,1,INE883A01011
NAHAR CAP & FIN.,NAHARCAP,NSE,EQ,5.0,1,INE049I01012
JSW HOLDINGS LIMITED,JSWHL,NSE,EQ,100.0,1,INE824G01012
WIPRO LTD,WIPRO,NSE,EQ,1.0,1,INE075A01022
EDELAMC - BBETF0432,BBETF0432,NSE,EQ,1.0,1,INF754K01OB1
SANSTAR LIMITED,SANSTAR,NSE,EQ,1.0,1,INE08NE01025
NGL FINE CHEM LIMITED,NGLFINE,NSE,EQ,10.0,1,INE887E01022
NORTHERN ARC CAPITAL LTD,NORTHARC,NSE,EQ,5.0,1,INE850M01015
TAMILNADU NEWSPRT & PAPER,TNPL,NSE,EQ,1.0,1,INE107A01015
MOTILAL OSWAL M50 ETF,MOM50,NSE,EQ,1.0,1,INF247L01536
REPCO HOME FINANCE LTD,REPCOHOME,NSE,EQ,5.0,1,INE612J01015
L&T FINANCE LIMITED,LTF,NSE,EQ,5.0,1,INE498L01015
AEGIS VOPAK TERMINALS LTD,AEGISVOPAK,NSE,EQ,1.0,1,INE0INX01018
AKSHARCHEM INDIA LIMITED,AKSHARCHEM,NSE,EQ,1.0,1,INE542B01011
SAMPANN UTPADAN INDIA LTD,SAMPANN,NSE,EQ,1.0,1,INE735M01018
SOLARWORLD ENERGY SOL LTD,SOLARWORLD,NSE,EQ,1.0,1,INE0TY101024
UTIAMC-UTIGOLDBETA,GOLDBETA,NSE,EQ,5.0,1,INF789F1AUX7
UTIAMC-BANKBETA,BANKBETA,NSE,EQ,1.0,1,INF789F1AUV1
UTIAMC-NEXT50BETA,NEXT50BETA,NSE,EQ,1.0,1,INF789F1AUW9
RATEGAIN TRAVEL TECHN LTD,RATEGAIN,NSE,EQ,5.0,1,INE0CLI01024
UTIAMC-SNXT50BETA,SNXT50BETA,NSE,EQ,1.0,1,INF789F1AUU3
MIDWEST LIMITED,MIDWESTLTD,NSE,EQ,10.0,1,INE0XAD01024
MRS BECTORS FOOD SPE LTD,BECTORFOOD,NSE,EQ,1.0,1,INE495P01020
TIMEX GROUP INDIA LTD.,TIMEX,NSE,EQ,5.0,1,INE064A01026
ONWARD TECHNOLOGIES LTD,ONWARDTEC,NSE,EQ,5.0,1,INE229A01017
WAAREE ENERGIES LIMITED,WAAREEENER,NSE,EQ,10.0,1,INE377N01017
ELECTROTHERM (I) LTD.,ELECTHERM,NSE,EQ,5.0,1,INE822G01016
INDO US BIOTECH LTD,INDOUS,NSE,EQ,1.0,1,INE250Z01010
UNICOMMERCE ESOLUTIONS L,UNIECOM,NSE,EQ,1.0,1,INE00U401027
H B ESTATE DEVELOPERS L,HBESD,NSE,EQ,1.0,1,INE640B01021
LANCOR HOLDINGS LIMITED,LANCORHOL,NSE,EQ,1.0,1,INE572G01025
GODREJ PROPERTIES LTD,GODREJPROP,NSE,EQ,10.0,1,INE484J01027
MANOMAY TEX INDIA LTD,MANOMAY,NSE,EQ,1.0,1,INE784W01015
SAREGAMA INDIA LIMITED,SAREGAMA,NSE,EQ,5.0,1,INE979A01025
GLOBAL VEC HELICORP LTD,GLOBALVECT,NSE,EQ,1.0,1,INE792H01019
EDELAMC - EGOLD,EGOLD,NSE,EQ,5.0,1,INF754K01SE6
ICICIPRAMC - CASHIETF,CASHIETF,NSE,EQ,1.0,1,INF109K1A021
EDELAMC - ESILVER,ESILVER,NSE,EQ,1.0,1,INF754K01SF3
FACT LTD,FACT,NSE,EQ,5.0,1,INE188A01015
SHILCHAR TECHNOLOGIES LTD,SHILCTECH,NSE,EQ,10.0,1,INE024F01011
HARRISON MALAYALAM LTD,HARRMALAYA,NSE,EQ,1.0,1,INE544A01019
KRITIKA WIRES LIMITED,KRITIKA,NSE,EQ,1.0,1,INE00Z501029
EDELAMC - EBANKNIFTY,EBANKNIFTY,NSE,EQ,1.0,1,INF754K01TE4
EDELAMC - EMULTIMQ,EMULTIMQ,NSE,EQ,1.0,1,INF754K01TF1
VEDANTA LIMITED,VEDL,NSE,EQ,5.0,1,INE205A01025
INDIAN HUME PIPE CO. LTD.,INDIANHUME,NSE,EQ,5.0,1,INE323C01030
EDELAMC - ECAPINSURE,ECAPINSURE,NSE,EQ,1.0,1,INF754K01TX4
VIBHOR STEEL TUBES LTD,VSTL,NSE,EQ,1.0,1,INE0QTF01015
KALYANI STEELS LIMITED,KSL,NSE,EQ,5.0,1,INE907A01026
THE STATE TRADING CORPN,STCINDIA,NSE,EQ,1.0,1,INE655A01013
TVS HOLDINGS LIMITED,TVSHLTD,NSE,EQ,100.0,1,INE105A01035
MAHARASHTRA SCOOTERS LTD,MAHSCOOTER,NSE,EQ,100.0,1,INE288A01013
EDELAMC - EBBETF0433,EBBETF0433,NSE,EQ,1.0,1,INF754K01QX0
MAGADH SUGAR & ENERGY LTD,MAGADSUGAR,NSE,EQ,5.0,1,INE347W01011
ENTERO HEALTHCARE SOLU L,ENTERO,NSE,EQ,10.0,1,INE010601016
MOTILAL OS MIDCAP100 ETF,MOM100,NSE,EQ,1.0,1,INF247L01023
MAX HEALTHCARE INS LTD,MAXHEALTH,NSE,EQ,5.0,1,INE027H01010
KSH INTERNATIONAL LIMITED,KSHINTL,NSE,EQ,5.0,1,INE987S01020
DEN NETWORKS LTD,DEN,NSE,EQ,1.0,1,INE947J01015
FINEOTEX CHEMICAL LIMITED,FCL,NSE,EQ,1.0,1,INE045J01034
B&B TRIPLEWALL CONT LTD,BBTCL,NSE,EQ,1.0,1,INE01EE01011
HARDWYN INDIA LIMITED,HARDWYN,NSE,EQ,1.0,1,INE626Z01029
MOLD-TEK PACKAGING LTD,MOLDTKPAC,NSE,EQ,5.0,1,INE893J01029
NIPPON L I A M LTD,NAM-INDIA,NSE,EQ,10.0,1,INE298J01013
ENERGY DEVE. CO.LTD,ENERGYDEV,NSE,EQ,1.0,1,INE306C01019
KAPSTON SERVICES LIMITED,KAPSTON,NSE,EQ,5.0,1,INE542Z01028
LMW LIMITED,LMW,NSE,EQ,100.0,1,INE269B01029
TRACXN TECHNOLOGIES LTD,TRACXN,NSE,EQ,1.0,1,INE0HMF01019
GRANULES INDIA LIMITED,GRANULES,NSE,EQ,5.0,1,INE101D01020
GLOSTER LIMITED,GLOSTERLTD,NSE,EQ,5.0,1,INE350Z01018
AIA ENGINEERING LIMITED,AIAENG,NSE,EQ,10.0,1,INE212H01026
CAPACITE INFRAPROJECT LTD,CAPACITE,NSE,EQ,1.0,1,INE264T01014
EDELAMC - ENEXT50,ENEXT50,NSE,EQ,1.0,1,INF754K01XF3
CINEVISTA LIMITED,CINEVISTA,NSE,EQ,1.0,1,INE039B01026
KELLTON TECH SOL LTD,KELLTONTEC,NSE,EQ,1.0,1,INE164B01030
MUFIN GREEN FINANCE LTD,MUFIN,NSE,EQ,1.0,1,INE08KJ01020
EXCEL INDUSTRIES LTD,EXCELINDUS,NSE,EQ,5.0,1,INE369A01029
SUDARSHAN COLORNT IND LTD,SUDARCOLOR,NSE,EQ,5.0,1,INE492A01029
ASHOKA BUILDCON LTD,ASHOKA,NSE,EQ,1.0,1,INE442H01029
KRISHNA INST OF MED SCI L,KIMS,NSE,EQ,5.0,1,INE967H01025
IND SWIFT LABORATORIES LT,INDSWFTLAB,NSE,EQ,1.0,1,INE915B01019
STAR PAPER MILLS LTD,STARPAPER,NSE,EQ,1.0,1,INE733A01018
LUMAX INDUSTRIES LTD,LUMAXIND,NSE,EQ,50.0,1,INE162B01018
SANSERA ENGINEERING LTD,SANSERA,NSE,EQ,10.0,1,INE953O01021
CHOLAMANDALAM IN & FIN CO,CHOLAFIN,NSE,EQ,10.0,1,INE121A01024
NEOGEN CHEMICALS LIMITED,NEOGEN,NSE,EQ,10.0,1,INE136S01016
SBIAMC - SBILIQETF,SBILIQETF,NSE,EQ,1.0,1,INF200KB1969
ARVIND LIMITED,ARVIND,NSE,EQ,5.0,1,INE034A01011
PRITISH NANDY COMMUNICATI,PNC,NSE,EQ,1.0,1,INE392B01011
SECUREKLOUD TECH LIMITED,SECURKLOUD,NSE,EQ,1.0,1,INE650K01021
U. Y. FINCORP LIMITED,UYFINCORP,NSE,EQ,1.0,1,INE152C01025
EDELAMC - ELIQUID,ELIQUID,NSE,EQ,1.0,1,INF754K01VW2
EDELAMC - ELM250,ELM250,NSE,EQ,1.0,1,INF754K01VV4
EDELAMC - ESENSEX,ESENSEX,NSE,EQ,1.0,1,INF754K01VY8
ADITYA VISION LIMITED,AVL,NSE,EQ,5.0,1,INE679V01027
EDELAMC - ENIFTY,ENIFTY,NSE,EQ,1.0,1,INF754K01VX0
DCB BANK LIMITED,DCBBANK,NSE,EQ,1.0,1,INE503A01015
SHEMAROO ENTER. LTD.,SHEMAROO,NSE,EQ,1.0,1,INE363M01019
TEJAS NETWORKS LIMITED,TEJASNET,NSE,EQ,5.0,1,INE010J01012
SHANTHI GEARS LTD,SHANTIGEAR,NSE,EQ,5.0,1,INE631A01022
GNG ELECTRONICS LIMITED,EBGNG,NSE,EQ,5.0,1,INE18JU01028
DHUNSERI INVESTMENTS LTD,DHUNINV,NSE,EQ,5.0,1,INE320L01011
AQYLON NEXUS LIMITED,AQYLON,NSE,EQ,1.0,1,INE416A01051
PUNJAB & SIND BANK,PSB,NSE,EQ,1.0,1,INE608A01012
ANAND RATHI SH N STK BR L,ARSSBL,NSE,EQ,5.0,1,INE549H01021
KOTHARI PRODUCTS LTD,KOTHARIPRO,NSE,EQ,1.0,1,INE823A01017
GLOBAL HEALTH LIMITED,MEDANTA,NSE,EQ,10.0,1,INE474Q01031
ARCHIES LTD,ARCHIES,NSE,EQ,1.0,1,INE731A01020
DODLA DAIRY LIMITED,DODLA,NSE,EQ,10.0,1,INE021O01019
NITIN SPINNERS LIMITED,NITINSPIN,NSE,EQ,5.0,1,INE229H01012
SCHNEIDER ELECTRIC INFRA,SCHNEIDER,NSE,EQ,10.0,1,INE839M01018
LEELA PALACES HOTEL LTD,THELEELA,NSE,EQ,5.0,1,INE0AQ201015
P&G HYGIENE & HEALTH CARE,PGHH,NSE,EQ,50.0,1,INE179A01014
INDIQUBE SPACES LIMITED,INDIQUBE,NSE,EQ,1.0,1,INE06ST01018
ADVENT HOTELS INTERNATI L,ADVENTHTL,NSE,EQ,1.0,1,INE28GN01010
UNIVERSAL CABLES LTD,UNIVCABLES,NSE,EQ,10.0,1,INE279A01012
SIL INVESTMENTS LIMITED,SILINV,NSE,EQ,5.0,1,INE923A01015
BCPL RAILWAY INFRA LTD,BCPL,NSE,EQ,1.0,1,INE00SW01015
TD POWER SYSTEMS LTD.,TDPOWERSYS,NSE,EQ,10.0,1,INE419M01027
PRAJ INDUSTRIES LTD,PRAJIND,NSE,EQ,5.0,1,INE074A01025
TUBE INVEST OF INDIA LTD,TIINDIA,NSE,EQ,10.0,1,INE974X01010
COASTAL CORPORATION LTD,COASTCORP,NSE,EQ,1.0,1,INE377E01024
UNITED SPIRITS LIMITED,UNITDSPR,NSE,EQ,10.0,1,INE854D01024
CRIZAC LIMITED,CRIZAC,NSE,EQ,1.0,1,INE0S4R01014
BIRLASLAMC - TECH,TECH,NSE,EQ,1.0,1,INF209KB11D8
PRICOL LIMITED,PRICOLLTD,NSE,EQ,5.0,1,INE726V01018
FABTECH TECHNOLOGIES LTD,FABTECH,NSE,EQ,1.0,1,INE0HF201011
NAVKAR CORPORATION LTD.,NAVKARCORP,NSE,EQ,1.0,1,INE278M01019
SUVEN LIFE SCIENCES LTD,SUVEN,NSE,EQ,5.0,1,INE495B01038
MODERN THREADS INDIA LTD,MODTHREAD,NSE,EQ,1.0,1,INE794W01014
OM FREIGHT FORWARDERS LTD,OMFREIGHT,NSE,EQ,1.0,1,INE1BZC01019
GMM PFAUDLER LIMITED,GMMPFAUDLR,NSE,EQ,5.0,1,INE541A01023
OMNITECH ENGINEERING LTD,OMNI,NSE,EQ,5.0,1,INE0UH301010
BIRLASLAMC - BSLSENETFG,BSLSENETFG,NSE,EQ,1.0,1,INF209KB10E8
JINDAL STAINLESS LIMITED,JSL,NSE,EQ,5.0,1,INE220G01021
BIRLASLAMC - HEALTHY,HEALTHY,NSE,EQ,1.0,1,INF209KB10C2
ADANI PORT & SEZ LTD,ADANIPORTS,NSE,EQ,10.0,1,INE742F01042
ABANS FINANCIAL SRVCS LTD,AFSL,NSE,EQ,1.0,1,INE00ZE01026
VOLTAS LTD,VOLTAS,NSE,EQ,10.0,1,INE226A01021
KEYSTONE REALTORS LIMITED,RUSTOMJEE,NSE,EQ,5.0,1,INE263M01029
GOODLUCK INDIA LIMITED,GOODLUCK,NSE,EQ,10.0,1,INE127I01024
NETWEB TECH INDIA LTD,NETWEB,NSE,EQ,10.0,1,INE0NT901020
HBL ENGINEERING LTD,HBLENGINE,NSE,EQ,5.0,1,INE292B01021
BIMETAL BEARINGS LTD.,BIMETAL,NSE,EQ,5.0,1,INE469A01019
ESAF SMALL FINANCE BANK L,ESAFSFB,NSE,EQ,1.0,1,INE818W01011
AVG LOGISTICS LIMITED,AVG,NSE,EQ,1.0,1,INE680Z01018
GRASIM INDUSTRIES LTD,GRASIM,NSE,EQ,10.0,1,INE047A01021
LUPIN LIMITED,LUPIN,NSE,EQ,10.0,1,INE326A01037
AVALON TECHNOLOGIES LTD,AVALON,NSE,EQ,10.0,1,INE0LCL01028
DELTA CORP LIMITED,DELTACORP,NSE,EQ,1.0,1,INE124G01033
POWER INSTRUMENT (G) LTD,PIGL,NSE,EQ,1.0,1,INE557Z01018
UNIVASTU INDIA LIMITED,UNIVASTU,NSE,EQ,1.0,1,INE562X01013
NMDC LTD.,NMDC,NSE,EQ,1.0,1,INE584A01023
CHAMBAL FERTILIZERS LTD,CHAMBLFERT,NSE,EQ,5.0,1,INE085A01013
B.L.KASHYAP & SON LTD,BLKASHYAP,NSE,EQ,1.0,1,INE350H01032
ADVAIT ENRGY TRANSITION L,ADVAIT,NSE,EQ,10.0,1,INE0ALI01010
WELSPUN SPECIALTY SOL L,WELSPLSOL,NSE,EQ,1.0,1,INE731F01037
SOM DIST & BREW LTD,SDBL,NSE,EQ,1.0,1,INE480C01038
D.B.CORP LTD,DBCORP,NSE,EQ,1.0,1,INE950I01011
KABRA EXTRUSION TECHNIK L,KABRAEXTRU,NSE,EQ,1.0,1,INE900B01029
ALIVUS LIFE SCIENCES LTD,ALIVUS,NSE,EQ,10.0,1,INE03Q201024
SHARAT INDUSTRIES LTD.,SHINDL,NSE,EQ,1.0,1,INE220Z01013
BIRLASOFT LIMITED,BSOFT,NSE,EQ,5.0,1,INE836A01035
TARA CHAND INFRA SOLN LTD,TARACHAND,NSE,EQ,1.0,1,INE555Z01020
63 MOONS TECHNOLOGIES LTD,63MOONS,NSE,EQ,5.0,1,INE111B01023
INDIGO PAINTS LIMITED,INDIGOPNTS,NSE,EQ,5.0,1,INE09VQ01012
SUNTECK REALTY LIMITED,SUNTECK,NSE,EQ,5.0,1,INE805D01034
PVP VENTURES LIMITED,PVP,NSE,EQ,1.0,1,INE362A01016
BELRISE INDUSTRIES LTD,BELRISE,NSE,EQ,1.0,1,INE894V01022
MOKSH ORNAMENTS LIMITED,MOKSH,NSE,EQ,1.0,1,INE514Y01020
VOLTAMP TRANSFORMERS LTD,VOLTAMP,NSE,EQ,50.0,1,INE540H01012
HFCL LIMITED,HFCL,NSE,EQ,1.0,1,INE548A01028
VISAGAR POLYTEX LTD,VIVIDHA,NSE,EQ,1.0,1,INE370E01029
TOLINS TYRES LIMITED,TOLINS,NSE,EQ,1.0,1,INE0RWQ01014
AARON INDUSTRIES LIMITED,AARON,NSE,EQ,1.0,1,INE721Z01010
SBIAMC - SBIMIDMOM,SBIMIDMOM,NSE,EQ,1.0,1,INF200KB1AJ0
KALYANI FORGE LIMITED,KALYANIFRG,NSE,EQ,5.0,1,INE314G01014
MONARCH NETWORTH CAP LTD,MONARCH,NSE,EQ,5.0,1,INE903D01011
ICICI PRUD SENSEX ETF,SENSEXIETF,NSE,EQ,1.0,1,INF346A01034
GPT INFRAPROJECTS LTD,GPTINFRA,NSE,EQ,1.0,1,INE390G01014
JINDAL POLY FILMS LIMITED,JINDALPOLY,NSE,EQ,5.0,1,INE197D01010
SBIAMC - SBINMID150,SBINMID150,NSE,EQ,1.0,1,INF200KB1AK8
METRO BRANDS LIMITED,METROBRAND,NSE,EQ,10.0,1,INE317I01021
SBIAMC - SBISMLETF,SBISMLETF,NSE,EQ,1.0,1,INF200KB1AY9
AMRUTAJAN HEALTH LTD,AMRUTANJAN,NSE,EQ,5.0,1,INE098F01031
SBIAMC - SBIVALETF,SBIVALETF,NSE,EQ,1.0,1,INF200KB1AX1
TRANSINDIA REAL ESTATE L,TREL,NSE,EQ,1.0,1,INE0O3901029
NACL INDUSTRIES LIMITED,NACLIND,NSE,EQ,1.0,1,INE295D01020
DEEPAK FERTILIZERS & PETR,DEEPAKFERT,NSE,EQ,10.0,1,INE501A01019
MUTHOOT FINANCE LIMITED,MUTHOOTFIN,NSE,EQ,10.0,1,INE414G01012
TARMAT LIMITED,TARMAT,NSE,EQ,1.0,1,INE924H01018
RITCO LOGISTICS LIMITED,RITCO,NSE,EQ,5.0,1,INE01EG01016
MIRAEAMC - VALUE,VALUE,NSE,EQ,1.0,1,INF769K01QV2
Z F STEERING GEAR (I) LTD,ZFSTEERING,NSE,EQ,5.0,1,INE116C01012
MAN COAT METAL & IND LTD,MANAKCOAT,NSE,EQ,1.0,1,INE830Q01018
VODAFONE IDEA LIMITED,IDEA,NSE,EQ,1.0,1,INE669E01016
RHI MAGNESITA INDIA LTD,RHIM,NSE,EQ,5.0,1,INE743M01012
TERA SOFTWARE LIMITED,TERASOFT,NSE,EQ,5.0,1,INE482B01010
SUDARSHAN CHEMICAL INDS L,SUDARSCHEM,NSE,EQ,5.0,1,INE659A01023
JINDAL SAW LIMITED,JINDALSAW,NSE,EQ,1.0,1,INE324A01032
THE PHOENIX MILLS LTD,PHOENIXLTD,NSE,EQ,10.0,1,INE211B01039
TORRENT POWER LTD,TORNTPOWER,NSE,EQ,10.0,1,INE813H01021
BAJAJ ELECT.LTD,BAJAJELEC,NSE,EQ,5.0,1,INE193E01025
PRIME SECURITIES LIMITED,PRIMESECU,NSE,EQ,5.0,1,INE032B01021
INDO BORAX & CHEMICAL LTD,INDOBORAX,NSE,EQ,5.0,1,INE803D01021
CIE AUTOMOTIVE INDIA LTD,CIEINDIA,NSE,EQ,5.0,1,INE536H01010
SHADOWFAX TECHNOLOGIES L,SHADOWFAX,NSE,EQ,1.0,1,INE12UN01015
LA OPALA RG LIMITED,LAOPALA,NSE,EQ,1.0,1,INE059D01020
INOX WIND LIMITED,INOXWIND,NSE,EQ,1.0,1,INE066P01011
M TEK COPPER LIMITED,MCL,NSE,EQ,1.0,1,INE813V01022
SHEETAL COOL PRODUCTS LTD,SCPL,NSE,EQ,5.0,1,INE501Y01019
MIRAEAMC - EQUAL50,EQUAL50,NSE,EQ,1.0,1,INF769K01OO2
JSW INFRASTRUCTURE LTD,JSWINFRA,NSE,EQ,5.0,1,INE880J01026
ABBOTT INDIA LIMITED,ABBOTINDIA,NSE,EQ,500.0,1,INE358A01014
AHLADA ENGINEERS LIMITED,AHLADA,NSE,EQ,1.0,1,INE00PV01013
VMART RETAIL LTD,VMART,NSE,EQ,5.0,1,INE665J01013
KOVAI MEDICAL CENTER & HO,KOVAI,NSE,EQ,50.0,1,INE177F01017
SIGNET INDUSTRIES LIMITED,SIGIND,NSE,EQ,1.0,1,INE529F01035
MIRAEAMC - SELECTIPO,SELECTIPO,NSE,EQ,1.0,1,INF769K01ON4
STEEL CITY SECURITIES LTD,STEELCITY,NSE,EQ,1.0,1,INE395H01011
NCC LIMITED,NCC,NSE,EQ,1.0,1,INE868B01028
AEROFLEX INDUSTRIES LTD,AEROFLEX,NSE,EQ,5.0,1,INE024001021
MIRAEAMC - INTERNET,INTERNET,NSE,EQ,1.0,1,INF769K01PB6
CASTROL INDIA LIMITED,CASTROLIND,NSE,EQ,1.0,1,INE172A01027
ZAGGLE PREPA OCEAN SER L,ZAGGLE,NSE,EQ,1.0,1,INE07K301024
GALA PRECISION ENG LTD,GALAPREC,NSE,EQ,5.0,1,INE0RE001014
OIL AND NATURAL GAS CORP.,ONGC,NSE,EQ,5.0,1,INE213A01029
VARDHMAN TEXTILES LIMITED,VTL,NSE,EQ,5.0,1,INE825A01020
MIRAEAMC - SMALL250,SMALL250,NSE,EQ,1.0,1,INF769K01PQ4
MIRAEAMC - ENERGY,ENERGY,NSE,EQ,1.0,1,INF769K01PR2
MEGASTAR FOODS LIMITED,MEGASTAR,NSE,EQ,5.0,1,INE00EM01016
ROSSARI BIOTECH LIMITED,ROSSARI,NSE,EQ,5.0,1,INE02A801020
MIRAEAMC - DIVIDEND,DIVIDEND,NSE,EQ,1.0,1,INF769K01PY8
MIRAEAMC - TOP20,TOP20,NSE,EQ,1.0,1,INF769K01PZ5
MIRAEAMC - INFRA,INFRA,NSE,EQ,1.0,1,INF769K01QB4
MIRAEAMC - DEFENCE,DEFENCE,NSE,EQ,1.0,1,INF769K01QC2
MOTHERSON SUMI WRNG IND L,MSUMI,NSE,EQ,1.0,1,INE0FS801015
MIRAEAMC - HEALTHCARE,HEALTHCARE,NSE,EQ,1.0,1,INF769K01QA6
INDIAN RAIL TOUR CORP LTD,IRCTC,NSE,EQ,5.0,1,INE335Y01020
CHEMCON SPECIAL CHEM LTD,CHEMCON,NSE,EQ,1.0,1,INE03YM01018
ERIS LIFESCIENCES LIMITED,ERIS,NSE,EQ,10.0,1,INE406M01024
INDIAN CARD CLOTHING CO.,INDIANCARD,NSE,EQ,1.0,1,INE061A01014
INNOVANA THINKLABS LTD,INNOVANA,NSE,EQ,5.0,1,INE403Y01018
DATAMATICS GLOBAL SER LTD,DATAMATICS,NSE,EQ,5.0,1,INE365B01017
NAVA LIMITED,NAVA,NSE,EQ,5.0,1,INE725A01030
AFFLE 3I LIMITED,AFFLE,NSE,EQ,10.0,1,INE00WC01027
ADANI ENERGY SOLUTION LTD,ADANIENSOL,NSE,EQ,10.0,1,INE931S01010
BLUESTONE JEWEL LFSTL LTD,BLUESTONE,NSE,EQ,5.0,1,INE304W01038
MIRAEAMC - LIQUIDPLUS,LIQUIDPLUS,NSE,EQ,1.0,1,INF769K01MY5
LIBERTY SHOES LTD,LIBERTSHOE,NSE,EQ,1.0,1,INE557B01019
NUPUR RECYCLERS LIMITED,NRL,NSE,EQ,1.0,1,INE0JM501013
GLOBAL EDUCATION LIMITED,GLOBAL,NSE,EQ,1.0,1,INE291W01037
3P LAND HOLDINGS LIMITED,3PLAND,NSE,EQ,1.0,1,INE105C01023
CONTROL PRINT LIMITED,CONTROLPR,NSE,EQ,5.0,1,INE663B01015
HINDPRAKASH INDUSTRY LTD,HPIL,NSE,EQ,1.0,1,INE05X901010
SAGAR CEMENTS LIMITED,SAGCEM,NSE,EQ,1.0,1,INE229C01021
MIRAEAMC - CONSUMER,CONSUMER,NSE,EQ,1.0,1,INF769K01NS5
MIRAEAMC - EQUAL200,EQUAL200,NSE,EQ,1.0,1,INF769K01OA1
INDIA PESTICIDES LIMITED,IPL,NSE,EQ,1.0,1,INE0D6701023
MIRAEAMC - MASILVER,SILVERAG,NSE,EQ,1.0,1,INF769K01KG6
RATTANINDIA POWER LIMITED,RTNPOWER,NSE,EQ,1.0,1,INE399K01017
MIRAEAMC - MAGS813ETF,GSEC10YEAR,NSE,EQ,1.0,1,INF769K01KF8
CAMLIN FINE SCIENCES LTD,CAMLINFINE,NSE,EQ,1.0,1,INE052I01032
NALWA SONS INVESTMENT LTD,NSIL,NSE,EQ,50.0,1,INE023A01030
VADILAL INDUSTRIES LTD,VADILALIND,NSE,EQ,10.0,1,INE694D01016
MIRAEAMC - BANKETF,BANKETF,NSE,EQ,1.0,1,INF769K01KR3
COCHIN SHIPYARD LIMITED,COCHINSHIP,NSE,EQ,10.0,1,INE704P01025
BALKRISHNA PAPER MILLS L,BALKRISHNA,NSE,EQ,1.0,1,INE875R01011
INDIAN RAILWAY FIN CORP L,IRFC,NSE,EQ,1.0,1,INE053F01010
MIRAEAMC - LIQUID,LIQUID,NSE,EQ,1.0,1,INF769K01KS1
MIRAEAMC - SENSEXETF,SENSEXETF,NSE,EQ,1.0,1,INF769K01KT9
MIRAEAMC - ALPHAETF,ALPHAETF,NSE,EQ,1.0,1,INF769K01KU7
MIRAEAMC - ITETF,ITETF,NSE,EQ,1.0,1,INF769K01KV5
INVESTMENT & PREC CAST L,INVPRECQ,NSE,EQ,5.0,1,INE155E01016
MIRAEAMC - SMALLCAP,SMALLCAP,NSE,EQ,1.0,1,INF769K01LC3
ADVANI HOT.& RES.(I) LTD,ADVANIHOTR,NSE,EQ,1.0,1,INE199C01026
BENGAL & ASSAM CO. LTD.,BENGALASM,NSE,EQ,50.0,1,INE083K01017
MIRAEAMC - MIDSMALL,MIDSMALL,NSE,EQ,1.0,1,INF769K01LJ8
THAKKERS DEVELOPERS LTD.,THAKDEV,NSE,EQ,1.0,1,INE403F01017
BOSCH HOME COMFRT IND LTD,BOSCH-HCIL,NSE,EQ,10.0,1,INE782A01015
MIRAEAMC - EVINDIA,EVINDIA,NSE,EQ,1.0,1,INF769K01LQ3
MIRAEAMC - METAL,METAL,NSE,EQ,1.0,1,INF769K01LY7
MIRAEAMC - BANKPSU,BANKPSU,NSE,EQ,1.0,1,INF769K01LZ4
ADVANCED ENZYME TECH LTD,ADVENZYMES,NSE,EQ,5.0,1,INE837H01020
YATRA ONLINE LIMITED,YATRA,NSE,EQ,1.0,1,INE0JR601024
AKSHAR SPINTEX LIMITED,AKSHAR,NSE,EQ,1.0,1,INE256Z01025
MIRAEAMC - MULTICAP,MULTICAP,NSE,EQ,1.0,1,INF769K01LX9
PROTEAN EGOV TECHNO LTD,PROTEAN,NSE,EQ,5.0,1,INE004A01022
SHIV AUM STEELS LIMITED,SHIVAUM,NSE,EQ,5.0,1,INE719F01016
MIRAEAMC - MAM150ETF,MIDCAPETF,NSE,EQ,1.0,1,INF769K01IC9
BLACKBUCK LIMITED,BLACKBUCK,NSE,EQ,5.0,1,INE0UIZ01018
SUTLEJ TEXT & INDUS LTD,SUTLEJTEX,NSE,EQ,1.0,1,INE645H01027
MASTER TRUST LIMITED,MASTERTR,NSE,EQ,1.0,1,INE677D01037
GUJ. APOLLO IND. LTD.,GUJAPOLLO,NSE,EQ,5.0,1,INE826C01016
MIRAEAMC - MAMFGETF,MAKEINDIA,NSE,EQ,1.0,1,INF769K01IB1
HDFC AMC LIMITED,HDFCAMC,NSE,EQ,10.0,1,INE127D01025
REMSONS INDUSTRIES LTD,REMSONSIND,NSE,EQ,1.0,1,INE474C01023
SML MAHINDRA LIMITED,SMLMAH,NSE,EQ,10.0,1,INE294B01019
ASIAN PAINTS LIMITED,ASIANPAINT,NSE,EQ,10.0,1,INE021A01026
MIRAEAMC - MAGOLDETF,GOLDETF,NSE,EQ,1.0,1,INF769K01JP9
MIRAEAMC - MANV30F,LOWVOL,NSE,EQ,1.0,1,INF769K01JU9
FAIRCHEM ORGANICS LIMITED,FAIRCHEMOR,NSE,EQ,5.0,1,INE0DNW01011
SANDHAR TECHNOLOGIES LTD,SANDHAR,NSE,EQ,5.0,1,INE278H01035
MAGNUM VENTURES LTD.,MAGNUM,NSE,EQ,1.0,1,INE387I01016
ATHER ENERGY LIMITED,ATHERENERG,NSE,EQ,5.0,1,INE0LEZ01016
SIS LIMITED,SIS,NSE,EQ,5.0,1,INE285J01028
HONEYWELL AUTOMATION IND,HONAUT,NSE,EQ,500.0,1,INE671A01010
UCAL LIMITED,UCAL,NSE,EQ,1.0,1,INE139B01016
CREDO BRANDS MARKETING L,MUFTI,NSE,EQ,1.0,1,INE220Q01020
LINC LIMITED,LINC,NSE,EQ,1.0,1,INE802B01027
MIRAEAMC - MAESGETF,ESG,NSE,EQ,1.0,1,INF769K01GS9
MOTILALAMC - MOBANK10,MOBANK10,NSE,EQ,1.0,1,INF247L01GV8
MIRAEAMC - MAFSETF,BFSI,NSE,EQ,1.0,1,INF769K01HI8
MPHASIS LIMITED,MPHASIS,NSE,EQ,10.0,1,INE356A01018
IPCA LABORATORIES LTD,IPCALAB,NSE,EQ,10.0,1,INE571A01038
NTPC LTD,NTPC,NSE,EQ,5.0,1,INE733E01010
MIRAEAMC - MAFANG,MAFANG,NSE,EQ,1.0,1,INF769K01HF4
ELLENBARRIE INDUS GASES L,ELLEN,NSE,EQ,5.0,1,INE236E01022
MIRAEAMC - MAHKTECH,MAHKTECH,NSE,EQ,1.0,1,INF769K01HS7
THEMIS MEDICARE LTD.,THEMISMED,NSE,EQ,1.0,1,INE083B01024
RASHI PERIPHERALS LIMITED,RPTECH,NSE,EQ,5.0,1,INE0J1F01024
MIRAEAMC - MASPTOP50,MASPTOP50,NSE,EQ,1.0,1,INF769K01HP3
BIGBLOC CONSTRUCTION LTD,BIGBLOC,NSE,EQ,1.0,1,INE412U01025
EIH LIMITED,EIHOTEL,NSE,EQ,5.0,1,INE230A01023
INDIAN OVERSEAS BANK,IOB,NSE,EQ,1.0,1,INE565A01014
INDIAN ENERGY EXC LTD,IEX,NSE,EQ,1.0,1,INE022Q01020
RAVINDRA ENERGY LIMITED,RELTD,NSE,EQ,1.0,1,INE206N01018
UGRO CAPITAL LIMITED,UGROCAP,NSE,EQ,1.0,1,INE583D01011
UNIMECH AEROSPACE N MFG L,UNIMECH,NSE,EQ,5.0,1,INE0U3I01011
SBIAMC - SBISILVER,SBISILVER,NSE,EQ,1.0,1,INF200KB1217
MIRAEAMC - MAN50ETF,NIFTYETF,NSE,EQ,1.0,1,INF769K01EG9
SBIAMC - SBINEQWETF,SBINEQWETF,NSE,EQ,1.0,1,INF200KB1282
KIRI INDUSTRIES LIMITED,KIRIINDUS,NSE,EQ,5.0,1,INE415I01015
GLOBE ENTERPRISE (I) LTD,GLOBE,NSE,EQ,1.0,1,INE581X01021
PRISM JOHNSON LIMITED,PRSMJOHNSN,NSE,EQ,1.0,1,INE010A01011
SURANA TELECOM AND POW LT,SURANAT&P,NSE,EQ,1.0,1,INE130B01031
UTIAMC-SENSEXBETA,SENSEXBETA,NSE,EQ,1.0,1,INF789FB1X58
RESPONSIVE INDUSTRIES LTD,RESPONIND,NSE,EQ,1.0,1,INE688D01026
ORIENT PRESS LIMITED,ORIENTLTD,NSE,EQ,1.0,1,INE609C01024
AKI INDIA LIMITED,AKI,NSE,EQ,1.0,1,INE642Z01026
MIRAEAMC - MANXT50,NEXT50,NSE,EQ,1.0,1,INF769K01FN2
LIC HOUSING FINANCE LTD,LICHSGFIN,NSE,EQ,5.0,1,INE115A01026
CAPLIN POINT LAB LTD.,CAPLIPOINT,NSE,EQ,10.0,1,INE475E01026
HIND RECTIFIER LIMITED,HIRECT,NSE,EQ,10.0,1,INE835D01023
VIKAS ECOTECH LIMITED,VIKASECO,NSE,EQ,1.0,1,INE806A01020
ATAL REALTECH LIMITED,ATALREAL,NSE,EQ,1.0,1,INE0ALR01029
ANAND RATHI WEALTH LTD,ANANDRATHI,NSE,EQ,10.0,1,INE463V01026
ACCELYA SOLN INDIA LTD,ACCELYA,NSE,EQ,10.0,1,INE793A01012
CUBEX TUBINGS LTD,CUBEXTUB,NSE,EQ,1.0,1,INE144D01012
BIRLASLAMC - NIFTYQLITY,NIFTYQLITY,NSE,EQ,1.0,1,INF209KB15K4
KOTAK PSU BANK,PSUBANK,NSE,EQ,1.0,1,INF373I01023
PACE DIGITEK LIMITED,PACEDIGITK,NSE,EQ,1.0,1,INE0S3G01027
MAX ESTATES LIMITED,MAXESTATES,NSE,EQ,5.0,1,INE03EI01018
INDO-NATIONAL LIMITED,NIPPOBATRY,NSE,EQ,5.0,1,INE567A01028
COMPUTER AGE MNGT SER LTD,CAMS,NSE,EQ,5.0,1,INE596I01020
DISHMAN CARBO AMCIS LTD,DCAL,NSE,EQ,1.0,1,INE385W01011
RELIABLE DATA SERVICE LTD,RELIABLE,NSE,EQ,1.0,1,INE375Y01018
MAITHAN ALLOYS LTD,MAITHANALL,NSE,EQ,10.0,1,INE683C01011
INDOSOLAR LIMITED,WAAREEINDO,NSE,EQ,5.0,1,INE866K01023
PARK MEDI WORLD LIMITED,PARKHOSPS,NSE,EQ,5.0,1,INE119201023
BIRLASLAMC - MOMENTUM,MOMENTUM,NSE,EQ,1.0,1,INF209KB14K7
QUADRANT FUTURE TEK LTD,QUADFUTURE,NSE,EQ,5.0,1,INE0LRY01011
GRAND OAK CANYONS DIST L,GRANDOAK,NSE,EQ,1.0,1,INE926B01016
BCL INDUSTRIES LIMITED,BCLIND,NSE,EQ,1.0,1,INE412G01024
BHARAT WIRE ROPES LTD.,BHARATWIRE,NSE,EQ,1.0,1,INE316L01019
CROWN LIFTERS LIMITED,CROWN,NSE,EQ,1.0,1,INE491V01019
COMFORT INTECH LTD.,COMFINTE,NSE,EQ,1.0,1,INE819A01049
FIRSTSOURCE SOLU. LTD.,FSL,NSE,EQ,5.0,1,INE684F01012
GULSHAN POLYOLS LIMITED,GULPOLY,NSE,EQ,1.0,1,INE255D01024
NIRLON LTD,NIRLON,NSE,EQ,5.0,1,INE910A01012
SUMEET IND LIMITED,SUMEETINDS,NSE,EQ,1.0,1,INE235C01036
APL APOLLO TUBES LTD,APLAPOLLO,NSE,EQ,10.0,1,INE702C01027
ORIENT BELL LIMITED,ORIENTBELL,NSE,EQ,5.0,1,INE607D01018
SHREE DIGVIJAY CEM CO LTD,SHREDIGCEM,NSE,EQ,1.0,1,INE232A01011
ADITYBIRLA SL GOLD ETF-GR,BSLGOLDETF,NSE,EQ,1.0,1,INF209KB18D3
MAX INDIA LIMITED,MAXIND,NSE,EQ,1.0,1,INE0CG601016
SBIAMC - SBIBPB,SBIBPB,NSE,EQ,1.0,1,INF200KB1712
BIRLASLAMC - ABSLNN50ET,ABSLNN50ET,NSE,EQ,1.0,1,INF209KB16D7
RELIGARE ENTER. LTD.,RELIGARE,NSE,EQ,1.0,1,INE621H01010
THE GE SHPG.LTD,GESHIP,NSE,EQ,10.0,1,INE017A01032
MANGALAM DRUG & CHEM LTD,MANGALAM,NSE,EQ,1.0,1,INE584F01014
OPTIEMUS INFRACOM LTD,OPTIEMUS,NSE,EQ,5.0,1,INE350C01017
MUTHOOT MICROFIN LIMITED,MUTHOOTMF,NSE,EQ,1.0,1,INE046W01019
AKASH INFRA-PROJECTS LTD,AKASH,NSE,EQ,1.0,1,INE737W01013
BIRLASLAMC - ABSLBANETF,ABSLBANETF,NSE,EQ,1.0,1,INF209KB17D5
FSN E COMMERCE VENTURES,NYKAA,NSE,EQ,5.0,1,INE388Y01029
MAN INDUSTRIES (I) LTD.,MANINDS,NSE,EQ,5.0,1,INE993A01026
BAID FINSERV LIMITED,BAIDFIN,NSE,EQ,1.0,1,INE020D01022
CENTURY PLYBOARDS (I) LTD,CENTURYPLY,NSE,EQ,5.0,1,INE348B01021
ABB INDIA LIMITED,ABB,NSE,EQ,50.0,1,INE117A01022
GREENPLY INDUSTRIES LTD,GREENPLY,NSE,EQ,1.0,1,INE461C01038
RACL GEARTECH LIMITED,RACLGEAR,NSE,EQ,10.0,1,INE704B01017
NESTLE INDIA LIMITED,NESTLEIND,NSE,EQ,10.0,1,INE239A01024
ORCHID PHARMA LIMITED,ORCHPHARMA,NSE,EQ,5.0,1,INE191A01027
AAA TECHNOLOGIES LIMITED,AAATECH,NSE,EQ,1.0,1,INE0D0U01013
NUCLEUS SOFTWARE EXPORTS,NUCLEUS,NSE,EQ,5.0,1,INE096B01018
BIRLASLAMC-ABSLPSE,ABSLPSE,NSE,EQ,1.0,1,INF209KB19Z4
HARSHA ENGINEERS INT LTD,HARSHA,NSE,EQ,5.0,1,INE0JUS01029
RAYMOND LIFESTYLE LIMITED,RAYMONDLSL,NSE,EQ,5.0,1,INE02ID01020
JYOTI CNC AUTOMATION LTD,JYOTICNC,NSE,EQ,5.0,1,INE980O01024
BHARAT GEARS LTD.,BHARATGEAR,NSE,EQ,1.0,1,INE561C01019
ALPA LABORATORIES LTD,ALPA,NSE,EQ,1.0,1,INE385I01010
BIRLASLAMC - ABSLLIQUID,ABSLLIQUID,NSE,EQ,1.0,1,INF209KB18T9
WESTERN CARRIERS (IND) L,WCIL,NSE,EQ,1.0,1,INE0CJF01024
EVEREADY INDS. IND.  LTD.,EVEREADY,NSE,EQ,5.0,1,INE128A01029
ARISINFRA SOLUTIONS LTD,ARIS,NSE,EQ,1.0,1,INE0H9P01028
TIME TECHNOPLAST LTD.,TIMETECHNO,NSE,EQ,1.0,1,INE508G01029
ICE MAKE REFRIGERAT LTD,ICEMAKE,NSE,EQ,5.0,1,INE520Y01019
USHA MARTIN LTD.,USHAMART,NSE,EQ,5.0,1,INE228A01035
SANATHAN TEXTILES LIMITED,SANATHAN,NSE,EQ,5.0,1,INE0JPD01013
BIRLASLAMC - SILVER,SILVER,NSE,EQ,1.0,1,INF209KB19F6
SURAJ LIMITED,SURAJLTD,NSE,EQ,1.0,1,INE713C01016
ADITYBIRLA SL NIF ETF-GR,BSLNIFTY,NSE,EQ,1.0,1,INF209KB19D1
ONESOURCE SPECL PHARMA L,ONESOURCE,NSE,EQ,10.0,1,INE013P01021
GLOBE INTL CARRIERS LTD,GICL,NSE,EQ,1.0,1,INE947T01022
SYMPHONY LIMITED,SYMPHONY,NSE,EQ,5.0,1,INE225D01027
CENTURY EXTRUSIONS LTD,CENTEXT,NSE,EQ,1.0,1,INE281A01026
INDIA GLYCOLS LTD,INDIAGLYCO,NSE,EQ,5.0,1,INE560A01023
SAI PARENTERALS LIMITED,SAIPARENT,NSE,EQ,5.0,1,INE0H9F01037
KRISHNA DEF AND ALD IND L,KRISHNADEF,NSE,EQ,10.0,1,INE0J5601015
PURAVANKARA LIMITED,PURVA,NSE,EQ,1.0,1,INE323I01011
SHAH ALLOYS LIMITED,SHAHALLOYS,NSE,EQ,1.0,1,INE640C01011
ZENITH EXPORTS LTD,ZENITHEXPO,NSE,EQ,1.0,1,INE058B01018
APOLLO HOSPITALS ENTER. L,APOLLOHOSP,NSE,EQ,50.0,1,INE437A01024
SUDEEP PHARMA LIMITED,SUDEEPPHRM,NSE,EQ,5.0,1,INE0QPI01025
DOLLAR INDUSTRIES LIMITED,DOLLAR,NSE,EQ,5.0,1,INE325C01035
LAXMI GOLDORNA HOUSE LTD,LGHL,NSE,EQ,1.0,1,INE258Y01016
TATA POWER CO LTD,TATAPOWER,NSE,EQ,5.0,1,INE245A01021
UTKARSH SMALL FIN BANK L,UTKARSHBNK,NSE,EQ,1.0,1,INE735W01017
JULLUNDUR MOT AGENCY LTD,JMA,NSE,EQ,1.0,1,INE412C01023
DEEPAK NITRITE LTD,DEEPAKNTR,NSE,EQ,10.0,1,INE288B01029
STANLEY LIFESTYLES LTD,STANLEY,NSE,EQ,1.0,1,INE01A001028
ROBUST HOTELS LIMITED,RHL,NSE,EQ,1.0,1,INE508K01013
NIBE LIMITED,NIBE,NSE,EQ,10.0,1,INE149O01018
THOMAS COOK (INDIA) LTD,THOMASCOOK,NSE,EQ,1.0,1,INE332A01027
THE INDIAN HOTELS CO. LTD,INDHOTEL,NSE,EQ,5.0,1,INE053A01029
MADHYA BHARAT AGRO P. LTD,MBAPL,NSE,EQ,5.0,1,INE900L01010
CREATIVE EYE LIMITED,CREATIVEYE,NSE,EQ,1.0,1,INE230B01021
JBM AUTO LIMITED,JBMA,NSE,EQ,5.0,1,INE927D01051
ANDHRA PAPER LIMITED,ANDHRAPAP,NSE,EQ,1.0,1,INE435A01051
NIVA BUPA HEALTH INS CO L,NIVABUPA,NSE,EQ,1.0,1,INE995S01015
ATUL LTD,ATUL,NSE,EQ,50.0,1,INE100A01010
ALGOQUANT FINTECH LIMITED,ALGOQUANT,NSE,EQ,1.0,1,INE598D01035
PRECOT LIMITED,PRECOT,NSE,EQ,5.0,1,INE283A01014
CEIGALL INDIA LIMITED,CEIGALL,NSE,EQ,5.0,1,INE0AG901020
HLV LIMITED,HLVLTD,NSE,EQ,1.0,1,INE102A01024
NORTH EAST CARRY CORP LTD,NECCLTD,NSE,EQ,1.0,1,INE553C01016
FEDDERS HOLDING LTD.,FEDDERSHOL,NSE,EQ,1.0,1,INE417D01020
RAJOO ENGINEERS LIMITED,RAJOOENG,NSE,EQ,1.0,1,INE535F01024
NILA INFRASTRUCTURES LTD,NILAINFRA,NSE,EQ,1.0,1,INE937C01029
SWAN CORP LIMITED,SWANCORP,NSE,EQ,5.0,1,INE665A01038
SCODA TUBES LIMITED,SCODATUBES,NSE,EQ,1.0,1,INE090501011
MARICO LIMITED,MARICO,NSE,EQ,5.0,1,INE196A01026
CONCORD BIOTECH LIMITED,CONCORDBIO,NSE,EQ,10.0,1,INE338H01029
INDIAN WOOD PRODUCTS CO L,IWP,NSE,EQ,1.0,1,INE586E01020
PRUDENT CORP ADV SER LTD,PRUDENT,NSE,EQ,10.0,1,INE00F201020
ARTEMIS ELECTRICALS & P L,AEPL,NSE,EQ,1.0,1,INE757T01025
SHARDA CROPCHEM LTD.,SHARDACROP,NSE,EQ,5.0,1,INE221J01015
TRIVENI TURBINE LIMITED,TRITURBINE,NSE,EQ,5.0,1,INE152M01016
ANUH PHARMA LIMITED,ANUHPHR,NSE,EQ,1.0,1,INE489G01022
SUMMIT SECURITIES LTD,SUMMITSEC,NSE,EQ,10.0,1,INE519C01017
EMAMI PAPER MILLS LIMITED,EMAMIPAP,NSE,EQ,1.0,1,INE830C01026
PROZONE REALTY LIMITED,PROZONER,NSE,EQ,1.0,1,INE195N01013
WELSPUN ENTERPRISES LTD.,WELENT,NSE,EQ,5.0,1,INE625G01013
INDOCO REMEDIES LTD.,INDOCO,NSE,EQ,1.0,1,INE873D01024
INDUS TOWERS LIMITED,INDUSTOWER,NSE,EQ,5.0,1,INE121J01017
BANARAS BEADS LTD,BANARBEADS,NSE,EQ,1.0,1,INE655B01011
KEC INTL. LIMITED,KEC,NSE,EQ,5.0,1,INE389H01022
ADANI TOTAL GAS LIMITED,ATGL,NSE,EQ,5.0,1,INE399L01023
ADITYA BIRLA REAL EST LTD,ABREL,NSE,EQ,10.0,1,INE055A01016
NANDANI CREATION LIMITED,JAIPURKURT,NSE,EQ,1.0,1,INE696V01013
IVP LTD,IVP,NSE,EQ,1.0,1,INE043C01018
CORAL INDIA FIN & HOUS LT,CORALFINAC,NSE,EQ,1.0,1,INE558D01021
ARIHANT CAPITAL MKTS LTD,ARIHANTCAP,NSE,EQ,1.0,1,INE420B01036
ASHIKA CREDIT CAPITAL L,ASHIKA,NSE,EQ,5.0,1,INE094B01013
TEXMACO RAIL & ENG. LTD.,TEXRAIL,NSE,EQ,1.0,1,INE621L01012
TOUCHWOOD ENTERTAIN LTD.,TOUCHWOOD,NSE,EQ,1.0,1,INE486Y01013
GRAVITA INDIA LIMITED,GRAVITA,NSE,EQ,10.0,1,INE024L01027
SARLA PERF. FIBERS LTD,SARLAPOLY,NSE,EQ,1.0,1,INE453D01025
COSMO FIRST LIMITED,COSMOFIRST,NSE,EQ,5.0,1,INE757A01017
CENTUM ELECTRONICS LTD,CENTUM,NSE,EQ,10.0,1,INE320B01020
BMW VENTURES LIMITED,BMWVENTLTD,NSE,EQ,1.0,1,INE965W01036
MENON BEARINGS LIMITED,MENONBE,NSE,EQ,1.0,1,INE071D01033
TITAGARH RAIL SYSTEMS LTD,TITAGARH,NSE,EQ,5.0,1,INE615H01020
A B INFRABUILD LIMITED,ABINFRA,NSE,EQ,1.0,1,INE00YB01025
COUNTRY CONDO S LIMITED,COUNCODOS,NSE,EQ,1.0,1,INE695B01025
HINDUSTAN OIL EXPLORATION,HINDOILEXP,NSE,EQ,1.0,1,INE345A01011
ALPHAGEO (INDIA) LIMITED,ALPHAGEO,NSE,EQ,1.0,1,INE137C01018
GEOJIT FINANCIAL SER L,GEOJITFSL,NSE,EQ,1.0,1,INE007B01023
NEELAMALAI AGRO INDS. L,NEAGI,NSE,EQ,10.0,1,INE605D01012
NCL INDUSTRIES LIMITED,NCLIND,NSE,EQ,1.0,1,INE732C01016
AVENUESAI LIMITED,CCAVENUE,NSE,EQ,1.0,1,INE483S01020
IIFL CAPITAL SERVICES LTD,IIFLCAPS,NSE,EQ,5.0,1,INE489L01022
HEXAWARE TECHNOLOGIES LTD,HEXT,NSE,EQ,5.0,1,INE093A01041
JSW ENERGY LIMITED,JSWENERGY,NSE,EQ,5.0,1,INE121E01018
AVIO SMART MRKT STACK LTD,ASMS,NSE,EQ,1.0,1,INE855F01042
PRITIKA AUTO INDUS LTD,PRITIKAUTO,NSE,EQ,1.0,1,INE583R01029
JSW STEEL LIMITED,JSWSTEEL,NSE,EQ,10.0,1,INE019A01038
VARDHMAN HOLDINGS LIMITED,VHL,NSE,EQ,10.0,1,INE701A01023
INDOGULF CROPSCIENCES LTD,IGCL,NSE,EQ,1.0,1,INE05J901018
RAMCO INDUSTRIES LIMITED,RAMCOIND,NSE,EQ,5.0,1,INE614A01028
DATA PATTERNS INDIA LTD,DATAPATTNS,NSE,EQ,10.0,1,INE0IX101010
IGARASHI MOTORS INDIA LTD,IGARASHI,NSE,EQ,5.0,1,INE188B01013
GUJARAT RAFFIA INDUST LTD,GUJRAFFIA,NSE,EQ,1.0,1,INE610B01024
AIRAN LIMITED,AIRAN,NSE,EQ,1.0,1,INE645W01026
LG BALAKRISHNAN & BROS,LGBBROSLTD,NSE,EQ,10.0,1,INE337A01034
VRL LOGISTICS LIMITED,VRLLOG,NSE,EQ,1.0,1,INE366I01010
NELCO LTD,NELCO,NSE,EQ,5.0,1,INE045B01015
EVEREST KANTO CYLINDERLTD,EKC,NSE,EQ,1.0,1,INE184H01027
ROUTE MOBILE LIMITED,ROUTE,NSE,EQ,5.0,1,INE450U01017
TATA COMMUNICATIONS LTD,TATACOMM,NSE,EQ,10.0,1,INE151A01013
VERANDA LEARNING SOL LTD,VERANDA,NSE,EQ,1.0,1,INE0IQ001011
COAL INDIA LTD,COALINDIA,NSE,EQ,5.0,1,INE522F01014
GARDEN REACH SHIP&ENG LTD,GRSE,NSE,EQ,10.0,1,INE382Z01011
BAJAJ FINANCE LIMITED,BAJFINANCE,NSE,EQ,5.0,1,INE296A01032
NBCC (INDIA) LIMITED,NBCC,NSE,EQ,1.0,1,INE095N01031
HINDUSTAN AERONAUTICS LTD,HAL,NSE,EQ,10.0,1,INE066F01020
TRANSRAIL LIGHTING LTD,TRANSRAILL,NSE,EQ,5.0,1,INE454P01035
RELIANCE INDUSTRIES LTD,RELIANCE,NSE,EQ,10.0,1,INE002A01018
SUPREME PETROCHEM LIMITED,SPLPETRO,NSE,EQ,5.0,1,INE663A01033
SONAM LIMITED,SONAMLTD,NSE,EQ,1.0,1,INE00LM01029
NK INDUSTRIES LTD,NKIND,NSE,EQ,1.0,1,INE542C01019
ORIENT HOTELS LTD,ORIENTHOT,NSE,EQ,1.0,1,INE750A01020
BHARAT SEATS LIMITED,BHARATSE,NSE,EQ,1.0,1,INE415D01024
NELCAST LIMITED,NELCAST,NSE,EQ,1.0,1,INE189I01024
BONLON INDUSTRIES LIMITED,BONLON,NSE,EQ,1.0,1,INE0B9A01018
BAYER CROPSCIENCE LTD,BAYERCROP,NSE,EQ,10.0,1,INE462A01022
RAINBOW CHILDRENS MED LTD,RAINBOW,NSE,EQ,10.0,1,INE961O01016
SAVITA OIL TECHNOLO. LTD,SOTL,NSE,EQ,5.0,1,INE035D01020
INDRAPRASTHA GAS LTD,IGL,NSE,EQ,1.0,1,INE203G01027
NEWGEN SOFTWARE TECH LTD,NEWGEN,NSE,EQ,5.0,1,INE619B01017
SHIPPING CORP OF INDIA LT,SCI,NSE,EQ,5.0,1,INE109A01011
HAPPY FORGINGS LIMITED,HAPPYFORGE,NSE,EQ,10.0,1,INE330T01021
AARTECH SOLONICS LIMITED,AARTECH,NSE,EQ,1.0,1,INE01C001026
SHREYANS INDUSTRIES LTD,SHREYANIND,NSE,EQ,1.0,1,INE231C01019
ONE POINT ONE SOL LTD,ONEPOINT,NSE,EQ,1.0,1,INE840Y01029
DAM CAPITAL ADVISORS LTD,DAMCAPITAL,NSE,EQ,1.0,1,INE284H01025
FINOLEX INDUSTRIES LTD,FINPIPE,NSE,EQ,1.0,1,INE183A01024
SENORES PHARMACEUTICALS L,SENORES,NSE,EQ,10.0,1,INE0RB801010
SUNDROP BRANDS LIMITED,SUNDROP,NSE,EQ,5.0,1,INE209A01019
GUJ NAR VAL FER & CHEM L,GNFC,NSE,EQ,5.0,1,INE113A01013
TATA CONSULTANCY SERV LT,TCS,NSE,EQ,10.0,1,INE467B01029
JK TYRE & INDUSTRIES LTD,JKTYRE,NSE,EQ,5.0,1,INE573A01042
BAJAJ STEEL INDS. LTD.,BAJAJST,NSE,EQ,5.0,1,INE704G01024
MM FORGINGS LTD,MMFL,NSE,EQ,5.0,1,INE227C01017
LAKSHMI FIN IND CORP LTD,LFIC,NSE,EQ,1.0,1,INE850E01012
RAJRATAN GLOBAL WIRE LTD,RAJRATAN,NSE,EQ,5.0,1,INE451D01029
DIGICONTENT LIMITED,DGCONTENT,NSE,EQ,1.0,1,INE03JI01017
SINCLAIRS HOTELS LIMITED,SINCLAIR,NSE,EQ,1.0,1,INE985A01022
STALLION IND FLUOROCHEM L,STALLION,NSE,EQ,1.0,1,INE0RYC01010
SAPPHIRE FOODS INDIA LTD,SAPPHIRE,NSE,EQ,1.0,1,INE806T01020
LINDE INDIA LIMITED,LINDEINDIA,NSE,EQ,50.0,1,INE473A01011
HDB FINANCIAL SERVICES L,HDBFS,NSE,EQ,5.0,1,INE756I01012
DILIGENT MEDIA CORP LTD.,DNAMEDIA,NSE,EQ,1.0,1,INE016M01021
BLS INTL SERVS LTD,BLS,NSE,EQ,5.0,1,INE153T01027
MASTEK LTD,MASTEK,NSE,EQ,10.0,1,INE759A01021
BEML LIMITED,BEML,NSE,EQ,10.0,1,INE258A01024
EFC (I) LIMITED,EFCIL,NSE,EQ,1.0,1,INE886D01026
KCP LTD,KCP,NSE,EQ,1.0,1,INE805C01028
INDOSTAR CAPITAL FIN LTD,INDOSTAR,NSE,EQ,1.0,1,INE896L01010
NTPC GREEN ENERGY LIMITED,NTPCGREEN,NSE,EQ,1.0,1,INE0ONG01011
HAWKINS COOKERS LTD,HAWKINCOOK,NSE,EQ,50.0,1,INE979B01015
SATIN CREDIT NET LTD,SATIN,NSE,EQ,1.0,1,INE836B01017
SANGAM (INDIA) LTD,SANGAMIND,NSE,EQ,5.0,1,INE495C01010
HARIOM PIPE INDUSTRIES L,HARIOMPIPE,NSE,EQ,5.0,1,INE00EV01017
CHOLAMANDALAM FIN HOL LTD,CHOLAHLDNG,NSE,EQ,10.0,1,INE149A01033
MALLCOM (INDIA) LIMITED,MALLCOM,NSE,EQ,5.0,1,INE389C01015
PAKKA LIMITED,PAKKA,NSE,EQ,1.0,1,INE551D01018
RANA SUGARS LTD.,RANASUG,NSE,EQ,1.0,1,INE625B01014
WELSPUN LIVING LIMITED,WELSPUNLIV,NSE,EQ,1.0,1,INE192B01031
SOLEX ENERGY LIMITED,SOLEX,NSE,EQ,10.0,1,INE880Y01017
AMBUJA CEMENTS LTD,AMBUJACEM,NSE,EQ,5.0,1,INE079A01024
PG ELECTROPLAST LTD,PGEL,NSE,EQ,5.0,1,INE457L01029
SPIC LTD,SPIC,NSE,EQ,1.0,1,INE147A01011
LIFE INSURA CORP OF INDIA,LICI,NSE,EQ,5.0,1,INE0J1Y01017
EMUDHRA LIMITED,EMUDHRA,NSE,EQ,5.0,1,INE01QM01018
GODFREY PHILLIPS INDIA LT,GODFRYPHLP,NSE,EQ,10.0,1,INE260B01028
ANTARCTICA LTD,ANTGRAPHIC,NSE,EQ,1.0,1,INE414B01021
GOODYEAR INDIA LIMITED,GOODYEAR,NSE,EQ,5.0,1,INE533A01012
CMR GREEN TECHNOLOGIES L,CMRGREEN,NSE,EQ,1.0,1,INE00WV01027
DIVGI TORQTRANSFER SYST L,DIVGIITTS,NSE,EQ,5.0,1,INE753U01022
GILLANDERS ARBUTHNOT LTD,GILLANDERS,NSE,EQ,1.0,1,INE047B01011
JSW CEMENT LIMITED,JSWCEMENT,NSE,EQ,1.0,1,INE718I01012
CROMPT GREA CON ELEC LTD,CROMPTON,NSE,EQ,5.0,1,INE299U01018
HDFC BANK LTD,HDFCBANK,NSE,EQ,5.0,1,INE040A01034
MARATHON NXTGEN REALT LTD,MARATHON,NSE,EQ,5.0,1,INE182D01020
BALAJI AMINES LIMITED,BALAMINES,NSE,EQ,10.0,1,INE050E01027
AARTI SURFACTANTS LIMITED,AARTISURF,NSE,EQ,5.0,1,INE09EO01013
WORTH PERIPHERALS LIMITED,WORTHPERI,NSE,EQ,1.0,1,INE196Y01018
GE VERNOVA T&D INDIA LTD,GVT&D,NSE,EQ,50.0,1,INE200A01026
LCC INFOTECH LTD,LCCINFOTEC,NSE,EQ,1.0,1,INE938A01021
STUDDS ACCESSORIES LTD,STUDDS,NSE,EQ,5.0,1,INE00Q601028
SHRE PUSH CHEM & FERT LTD,SHREEPUSHK,NSE,EQ,5.0,1,INE712K01011
CENTRAL MINE P N D INST L,CMPDI,NSE,EQ,1.0,1,INE05HV01027
WAKEFIT INNOVATIONS LTD,WAKEFIT,NSE,EQ,1.0,1,INE0E7301029
ALOK INDUSTRIES LIMITED,ALOKINDS,NSE,EQ,1.0,1,INE270A01029
ANLON HEALTHCARE LIMITED,AHCL,NSE,EQ,1.0,1,INE0Y8W01025
COMMERCIAL SYN BAGS LTD,COMSYN,NSE,EQ,1.0,1,INE073V01015
RAJSHREE POLYPACK LTD,RPPL,NSE,EQ,1.0,1,INE760W01023
GALLANTT ISPAT LIMITED,GALLANTT,NSE,EQ,5.0,1,INE297H01019
AMBER ENTERPRISES (I) LTD,AMBER,NSE,EQ,50.0,1,INE371P01015
UFLEX LIMITED,UFLEX,NSE,EQ,5.0,1,INE516A01017
RISHABH INSTRUMENTS LTD,RISHABH,NSE,EQ,5.0,1,INE0N2P01017
MAHALAXMI RUBTECH LIMITED,MHLXMIRU,NSE,EQ,1.0,1,INE112D01035
PHYSICSWALLAH LIMITED,PWL,NSE,EQ,1.0,1,INE0LP301011
NIRAJ ISPAT IND LTD,NIRAJISPAT,NSE,EQ,1.0,1,INE326T01011
SMC GLOBAL SECURITIES LTD,SMCGLOBAL,NSE,EQ,1.0,1,INE103C01036
SOMA TEXTILES & INDUST LT,SOMATEX,NSE,EQ,1.0,1,INE314C01013
ELECON ENG. CO. LTD,ELECON,NSE,EQ,5.0,1,INE205B01031
TTK PRESTIGE LTD,TTKPRESTIG,NSE,EQ,5.0,1,INE690A01028
CESC LTD,CESC,NSE,EQ,1.0,1,INE486A01021
KOTHARI INDUSTRIAL CORP L,KOTIC,NSE,EQ,1.0,1,INE972A01020
RAMKRISHNA FORGINGS LTD,RKFORGE,NSE,EQ,5.0,1,INE399G01023
S. P. APPARELS LIMITED,SPAL,NSE,EQ,5.0,1,INE212I01016
PI INDUSTRIES LTD,PIIND,NSE,EQ,10.0,1,INE603J01030
GANGA FORGING LIMITED,GANGAFORGE,NSE,EQ,1.0,1,INE691Z01023
INDIAN RENEWABLE ENERGY,IREDA,NSE,EQ,1.0,1,INE202E01016
INFO EDGE (I) LTD,NAUKRI,NSE,EQ,5.0,1,INE663F01032
EICHER MOTORS LTD,EICHERMOT,NSE,EQ,50.0,1,INE066A01021
GUJARAT GAS LIMITED,GUJGASLTD,NSE,EQ,5.0,1,INE844O01030
PPAP AUTOMOTIVE LIMITED,PPAP,NSE,EQ,1.0,1,INE095I01015
PAUL MERCHANTS LTD.,PML,NSE,EQ,5.0,1,INE291E01019
HOME FIRST FIN CO IND LTD,HOMEFIRST,NSE,EQ,10.0,1,INE481N01025
KROSS LIMITED,KROSS,NSE,EQ,1.0,1,INE0O6601022
SAMHI HOTELS LIMITED,SAMHI,NSE,EQ,1.0,1,INE08U801020
CHEMPLAST SANMAR LIMITED,CHEMPLASTS,NSE,EQ,1.0,1,INE488A01050
BAJEL PROJECTS LIMITED,BAJEL,NSE,EQ,1.0,1,INE0KQN01018
SURAKSHA DIAGNOSTIC LTD,SURAKSHA,NSE,EQ,5.0,1,INE877V01027
MAHANAGAR TELEPHONE NIGAM,MTNL,NSE,EQ,1.0,1,INE153A01019
SKF IND (INDUSTRIAL) LTD,SKFINDUS,NSE,EQ,10.0,1,INE2J8701016
SHRI KRISHNA DEVCON LTD.,SHRIKRISH,NSE,EQ,1.0,1,INE997I01012
AEROFLEX ENTERPRISES LTD,AEROENTER,NSE,EQ,1.0,1,INE065D01027
CCL PRODUCTS (I) LTD,CCL,NSE,EQ,10.0,1,INE421D01022
JAYSHREE TEA & INDUSTRIES,JAYSREETEA,NSE,EQ,1.0,1,INE364A01020
FEDERAL-MOGUL GOETZE (IND,FMGOETZE,NSE,EQ,5.0,1,INE529A01010
ORIENT PAPER AND INDS LTD,ORIENTPPR,NSE,EQ,1.0,1,INE592A01026
SERVOTECH REN POW SYS LTD,SERVOTECH,NSE,EQ,1.0,1,INE782X01033
INDEF MANUFACTURING LTD,BAJAJINDEF,NSE,EQ,5.0,1,INE0O9T01021
SWARAJ ENGINES LTD,SWARAJENG,NSE,EQ,10.0,1,INE277A01016
POWER GRID CORP. LTD.,POWERGRID,NSE,EQ,5.0,1,INE752E01010
GREENPANEL INDUSTRIES LTD,GREENPANEL,NSE,EQ,1.0,1,INE08ZM01014
PYRAMID TECHNOPLAST LTD,PYRAMID,NSE,EQ,1.0,1,INE0MIS01010
ULTRAMARINE & PIGMENTS L,ULTRAMAR,NSE,EQ,5.0,1,INE405A01021
EIMCO ELECON (INDIA) LTD,EIMCOELECO,NSE,EQ,10.0,1,INE158B01016
VISAKA INDUSTRIES LIMITED,VISAKAIND,NSE,EQ,1.0,1,INE392A01021
TRAVEL FOOD SERVICES LTD,TRAVELFOOD,NSE,EQ,10.0,1,INE103V01028
HIMATSINGKA SEIDE LTD,HIMATSEIDE,NSE,EQ,1.0,1,INE049A01027
DLF LIMITED,DLF,NSE,EQ,5.0,1,INE271C01023
TRF LIMITED,TRF,NSE,EQ,1.0,1,INE391D01019
CONCORD ENVIRO SYSTEMS L,CEWATER,NSE,EQ,5.0,1,INE037Z01029
PIDILITE INDUSTRIES LTD,PIDILITIND,NSE,EQ,10.0,1,INE318A01026
COUNTRY CLUB HOSP HOL LTD,CCHHL,NSE,EQ,1.0,1,INE652F01027
HUHTAMAKI INDIA LIMITED,HUHTAMAKI,NSE,EQ,1.0,1,INE275B01026
BANNARI AM SPIN MILL LTD.,BASML,NSE,EQ,1.0,1,INE186H01022
GEEKAY WIRES LIMITED,GEEKAYWIRE,NSE,EQ,1.0,1,INE669X01032
RKEC PROJECTS LIMITED,RKEC,NSE,EQ,1.0,1,INE786W01010
MAS FINANCIAL SERV LTD,MASFIN,NSE,EQ,5.0,1,INE348L01012
BALMER LAWRIE & CO LTD,BALMLAWRIE,NSE,EQ,1.0,1,INE164A01016
MEGHMANI ORGANICS LIMITED,MOL,NSE,EQ,1.0,1,INE0CT101020
DOLAT ALGOTECH LIMITED,DOLATALGO,NSE,EQ,1.0,1,INE966A01022
AEGIS LOGISTICS LIMITED,AEGISLOG,NSE,EQ,5.0,1,INE208C01025
AHLUWALIA CONT IND LTD,AHLUCONT,NSE,EQ,5.0,1,INE758C01029
GUFIC BIOSCIENCES LTD.,GUFICBIO,NSE,EQ,5.0,1,INE742B01025
TOURISM FINANCE CORP. OF,TFCILTD,NSE,EQ,1.0,1,INE305A01023
HERANBA INDUSTRIES LTD,HERANBA,NSE,EQ,1.0,1,INE694N01015
R K SWAMY LIMITED,RKSWAMY,NSE,EQ,1.0,1,INE0NQ801033
ZENSAR TECHNOLOGIES  LTD,ZENSARTECH,NSE,EQ,5.0,1,INE520A01027
SKIPPER LIMITED,SKIPPER,NSE,EQ,5.0,1,INE439E01022
ROSSELL TECHSYS LIMITED,ROSSTECH,NSE,EQ,10.0,1,INE0OJW01016
LT FOODS LIMITED,LTFOODS,NSE,EQ,5.0,1,INE818H01020
DCM SHRIRAM LIMITED,DCMSHRIRAM,NSE,EQ,10.0,1,INE499A01024
FOODS & INNS LIMITED,FOODSIN,NSE,EQ,1.0,1,INE976E01023
HEALTH X PLATFORM LIMITED,HEALTHX,NSE,EQ,5.0,1,INE019J01013
SEAMEC LIMITED,SEAMECLTD,NSE,EQ,10.0,1,INE497B01018
PONDY OXIDES & CHEM LTD,POCL,NSE,EQ,10.0,1,INE063E01053
INTELLECT DESIGN ARENA,INTELLECT,NSE,EQ,5.0,1,INE306R01017
UJJIVAN SMALL FINANC BANK,UJJIVANSFB,NSE,EQ,1.0,1,INE551W01018
SHAKTI PUMPS (I) LTD,SHAKTIPUMP,NSE,EQ,5.0,1,INE908D01010
ESCORTS KUBOTA LIMITED,ESCORTS,NSE,EQ,10.0,1,INE042A01014
SYNCOM FORMU (I) LTD,SYNCOMF,NSE,EQ,1.0,1,INE312C01025
VAKRANGEE LIMITED,VAKRANGEE,NSE,EQ,1.0,1,INE051B01021
ELDECO HSG & IND LTD.,ELDEHSG,NSE,EQ,5.0,1,INE668G01021
GANESH BENZOPLAST LIMITED,GANESHBE,NSE,EQ,1.0,1,INE388A01029
RADAAN MEDIAWORKS (I) LTD,RADAAN,NSE,EQ,1.0,1,INE874F01027
AGARWAL INDS CORP LTD.,AGARIND,NSE,EQ,5.0,1,INE204E01012
GTPL HATHWAY LIMITED,GTPL,NSE,EQ,1.0,1,INE869I01013
SUPRAJIT ENGINEERING LTD,SUPRAJIT,NSE,EQ,5.0,1,INE399C01030
BATA INDIA LTD,BATAINDIA,NSE,EQ,5.0,1,INE176A01028
TRIDENT LIMITED,TRIDENT,NSE,EQ,1.0,1,INE064C01022
TECHNO ELEC & ENG CO. LTD,TECHNOE,NSE,EQ,10.0,1,INE285K01026
TRIVENI ENGG. & INDS. LTD,TRIVENI,NSE,EQ,5.0,1,INE256C01024
SYSTEMATIX CORP SERVICE L,SYSTMTXC,NSE,EQ,1.0,1,INE356B01024
STARTECK FINANCE LIMITED,STARTECK,NSE,EQ,5.0,1,INE992I01013
WESTLIFE FOODWORLD LTD,WESTLIFE,NSE,EQ,5.0,1,INE274F01020
BEDMUTHA INDUST LTD,BEDMUTHA,NSE,EQ,1.0,1,INE844K01012
LAURUS LABS LIMITED,LAURUSLABS,NSE,EQ,10.0,1,INE947Q01028
KAMA HOLDINGS LTD.,KAMAHOLD,NSE,EQ,10.0,1,INE411F01010
ENDURANCE TECHNO. LTD.,ENDURANCE,NSE,EQ,10.0,1,INE913H01037
MOIL LIMITED,MOIL,NSE,EQ,5.0,1,INE490G01020
BAJAJ FINSERV LTD.,BAJAJFINSV,NSE,EQ,10.0,1,INE918I01026
SHANTI OVERSEAS INDIA LTD,SHANTI,NSE,EQ,1.0,1,INE933X01016
JIO FIN SERVICES LTD,JIOFIN,NSE,EQ,1.0,1,INE758E01017
PREMCO GLOBAL LTD.,PREMCO,NSE,EQ,5.0,1,INE001E01012
DR. REDDY S LABORATORIES,DRREDDY,NSE,EQ,10.0,1,INE089A01031
MEDI ASSIST HEALTH SER L,MEDIASSIST,NSE,EQ,5.0,1,INE456Z01021
MIRZA INTERNATIONAL LIMIT,MIRZAINT,NSE,EQ,1.0,1,INE771A01026
SHRIRAM - LIQUIDSHRI,LIQUIDSHRI,NSE,EQ,1.0,1,INF680P01422
ZEN TECHNOLOGIES LIMITED,ZENTEC,NSE,EQ,10.0,1,INE251B01027
INNOVISION LIMITED,INNOVISION,NSE,EQ,5.0,1,INE0ADB01012
KAMDHENU LIMITED,KAMDHENU,NSE,EQ,1.0,1,INE390H01020
GOYAL ALUMINIUMS LIMITED,GOYALALUM,NSE,EQ,1.0,1,INE705X01026
POLYPLEX CORPORATION LTD,POLYPLEX,NSE,EQ,5.0,1,INE633B01018
BIRLA PRECISION TECH L,BIRLAPREC,NSE,EQ,1.0,1,INE372E01025
STAR HEALTH & AL INS CO L,STARHEALTH,NSE,EQ,5.0,1,INE575P01011
ESTER INDUSTRIES LTD,ESTER,NSE,EQ,1.0,1,INE778B01029
LYPSA GEMS & JEWEL LTD,LYPSAGEMS,NSE,EQ,1.0,1,INE142K01011
UNICHEM LABORATORIES LTD,UNICHEMLAB,NSE,EQ,5.0,1,INE351A01035
PREMIER EXPLOSIVES LTD,PREMEXPLN,NSE,EQ,5.0,1,INE863B01029
ZOTA HEALTH CARE LIMITED,ZOTA,NSE,EQ,10.0,1,INE358U01012
BOROSIL RENEWABLES LTD,BORORENEW,NSE,EQ,5.0,1,INE666D01022
DMCC SPECIALITY CHEMICALS,DMCC,NSE,EQ,5.0,1,INE505A01010
SAKAR HEALTHCARE LIMITED,SAKAR,NSE,EQ,5.0,1,INE732S01012
RAGHAV PRODUCTIVITY ENH L,RPEL,NSE,EQ,5.0,1,INE912T01018
HT MEDIA LIMITED,HTMEDIA,NSE,EQ,1.0,1,INE501G01024
TOTAL TRANSPORT SYS LTD,TOTAL,NSE,EQ,1.0,1,INE336X01012
PNC INFRATECH LTD.,PNCINFRA,NSE,EQ,1.0,1,INE195J01029
RATTANINDIA ENT LIMITED,RTNINDIA,NSE,EQ,1.0,1,INE834M01019
SHRIRAM PIST. & RING LTD,SHRIPISTON,NSE,EQ,10.0,1,INE526E01018
JHS SVEND. LAB. LTD,JHS,NSE,EQ,1.0,1,INE544H01014
NHPC LTD,NHPC,NSE,EQ,1.0,1,INE848E01016
21ST CENTURY MGMT SERVICE,21STCENMGM,NSE,EQ,1.0,1,INE253B01015
R.P.P INFRA PROJECTS LTD,RPPINFRA,NSE,EQ,1.0,1,INE324L01013
SHIPPING CORP OF ILA LTD,SCILAL,NSE,EQ,1.0,1,INE0PB301013
CEMINDIA PROJECTS LIMITED,CEMPRO,NSE,EQ,10.0,1,INE686A01026
TECHNVISION VENTURES LTD.,TECHNVISN,NSE,EQ,50.0,1,INE314H01012
AAKASH EXPLORATION SER L,AAKASH,NSE,EQ,1.0,1,INE087Z01024
ZYDUS WELLNESS LIMITED,ZYDUSWELL,NSE,EQ,5.0,1,INE768C01028
EPIGRAL LIMITED,EPIGRAL,NSE,EQ,10.0,1,INE071N01016
APTUS VALUE HSG FIN I LTD,APTUS,NSE,EQ,5.0,1,INE852O01025
MPS LIMITED,MPSLTD,NSE,EQ,10.0,1,INE943D01017
TIPS FILMS LIMITED,TIPSFILMS,NSE,EQ,5.0,1,INE0LQS01015
RATNAVEER PRECISION ENG L,RATNAVEER,NSE,EQ,1.0,1,INE05CZ01011
TAMILNADU TELECOMMUNICATI,TNTELE,NSE,EQ,1.0,1,INE141D01018
ALLCARGO TERMINALS LTD,ATL,NSE,EQ,1.0,1,INE0NN701020
PTC INDIA FIN SERV LTD,PFS,NSE,EQ,1.0,1,INE560K01014
HEG LTD,HEG,NSE,EQ,5.0,1,INE545A01024
AGI GREENPAC LIMITED,AGI,NSE,EQ,5.0,1,INE415A01038
SEPC LIMITED,SEPC,NSE,EQ,1.0,1,INE964H01014
SESHASAYEE PAPER & BOARDS,SESHAPAPER,NSE,EQ,1.0,1,INE630A01024
AUTOMOTIVE STAMPINGS & AS,ASAL,NSE,EQ,5.0,1,INE900C01027
ONE 97 COMMUNICATIONS LTD,PAYTM,NSE,EQ,10.0,1,INE982J01020
DCW LTD,DCW,NSE,EQ,1.0,1,INE500A01029
VARDHMAN POLYTEX LTD.,VARDMNPOLY,NSE,EQ,1.0,1,INE835A01029
LANDMARK PR.DEV.CO.LTD,LPDC,NSE,EQ,1.0,1,INE197J01017
POLY MEDICURE LIMITED,POLYMED,NSE,EQ,10.0,1,INE205C01021
PUDUMJEE PAPER PRO. LTD,PDMJEPAPER,NSE,EQ,1.0,1,INE865T01018
TVS SUPPLY CHAIN SOL L,TVSSCS,NSE,EQ,1.0,1,INE395N01027
JAY BHARAT MARUTI LTD,JAYBARMARU,NSE,EQ,1.0,1,INE571B01036
A B M KNOWLEDGEWARE LTD.,ABMKNO,NSE,EQ,1.0,1,INE850B01026
KNR CONSTRU LTD.,KNRCON,NSE,EQ,1.0,1,INE634I01029
PAGE INDUSTRIES LTD,PAGEIND,NSE,EQ,500.0,1,INE761H01022
ZF COM VE CTR SYS IND LTD,ZFCVINDIA,NSE,EQ,100.0,1,INE342J01019
VENTIVE HOSPITALITY LTD,VENTIVE,NSE,EQ,5.0,1,INE781S01027
INNOVA CAPTAB LIMITED,INNOVACAP,NSE,EQ,5.0,1,INE0DUT01020
SAATVIK GREEN ENERGY LTD,SAATVIKGL,NSE,EQ,5.0,1,INE13B501022
TRUCAP FINANCE LIMITED,TRU,NSE,EQ,1.0,1,INE615R01029
KANPUR PLASTIPACK LIMITED,KANPRPLA,NSE,EQ,1.0,1,INE694E01014
INOX GREEN ENERGY SER LTD,INOXGREEN,NSE,EQ,1.0,1,INE510W01014
ASTRA MICROWAVE LTD,ASTRAMICRO,NSE,EQ,10.0,1,INE386C01029
AARVI ENCON LIMITED,AARVI,NSE,EQ,1.0,1,INE754X01016
WEBSOL ENERGY SYSTEM LTD,WEBELSOLAR,NSE,EQ,1.0,1,INE855C01023
TEAMO PRODUCTIONS HQ LTD,TPHQ,NSE,EQ,1.0,1,INE065J01024
FORCE MOTORS LIMITED,FORCEMOT,NSE,EQ,100.0,1,INE451A01017
DENTA WATER N INFRA SOL L,DENTA,NSE,EQ,5.0,1,INE0R4L01018
INVESCO INDIA GOLD ETF,IVZINGOLD,NSE,EQ,5.0,1,INF205KA1BP1
LAXMI DENTAL LIMITED,LAXMIDENTL,NSE,EQ,1.0,1,INE0WO601020
ASIAN GRANITO IND. LTD.,ASIANTILES,NSE,EQ,1.0,1,INE022I01019
NIP IND ETF ETF NV20,NV20BEES,NSE,EQ,1.0,1,INF204KB18I3
TVS MOTOR COMPANY  LTD,TVSMOTOR,NSE,EQ,10.0,1,INE494B01023
VST TILLERS TRACTORS LTD,VSTTILLERS,NSE,EQ,10.0,1,INE764D01017
JK LAKSHMI CEMENT LTD,JKLAKSHMI,NSE,EQ,5.0,1,INE786A01032
REDTAPE LIMITED,REDTAPE,NSE,EQ,1.0,1,INE0LXT01019
NIP IND ETF HANGSENG BEES,HNGSNGBEES,NSE,EQ,1.0,1,INF204KB19I1
NIP IND ETF GOLD BEES,GOLDBEES,NSE,EQ,1.0,1,INF204KB17I5
N R AGARWAL INDS LTD,NRAIL,NSE,EQ,5.0,1,INE740D01017
GOKALDAS EXPORTS LTD.,GOKEX,NSE,EQ,5.0,1,INE887G01027
NIP IND ETF LONGTERM GILT,LTGILTBEES,NSE,EQ,1.0,1,INF204KB1882
TINNA RUBBER AND INFR LTD,TINNARUBR,NSE,EQ,5.0,1,INE015C01016
JAMNA AUTO IND LTD,JAMNAAUTO,NSE,EQ,1.0,1,INE039C01032
KEWAL KIRAN CLOTHING LTD,KKCL,NSE,EQ,5.0,1,INE401H01017
PRAKASH INDUSTRIES LTD,PRAKASH,NSE,EQ,1.0,1,INE603A01013
BHAGERIA INDUSTRIES LTD,BHAGERIA,NSE,EQ,1.0,1,INE354C01027
TILAKNAGAR INDUSTRIES LTD,TI,NSE,EQ,5.0,1,INE133E01013
NIP IND ETF PSU BANK BEES,PSUBNKBEES,NSE,EQ,1.0,1,INF204KB16I7
TBO TEK LIMITED,TBOTEK,NSE,EQ,10.0,1,INE673O01025
TENNECO CLEAN AIR INDIA L,TENNIND,NSE,EQ,5.0,1,INE19RI01016
INTERGLOBE AVIATION LTD,INDIGO,NSE,EQ,10.0,1,INE646L01027
HYUNDAI MOTOR INDIA LTD,HYUNDAI,NSE,EQ,10.0,1,INE0V6F01027
ZYDUS LIFESCIENCES LTD,ZYDUSLIFE,NSE,EQ,10.0,1,INE010B01027
NIP IND ETF BANK BEES,BANKBEES,NSE,EQ,1.0,1,INF204KB15I9
EXIDE INDUSTRIES LTD,EXIDEIND,NSE,EQ,5.0,1,INE302A01020
NIP IND ETF IT,ITBEES,NSE,EQ,1.0,1,INF204KB15V2
RELIANCE INDUSTRIAL INFRA,RIIL,NSE,EQ,5.0,1,INE046A01015
EUREKA FORBES LIMITED,EUREKAFORB,NSE,EQ,5.0,1,INE0KCE01017
ALICON CASTALLOY LIMITED,ALICON,NSE,EQ,5.0,1,INE062D01024
JUBILANT INGREVIA LIMITED,JUBLINGREA,NSE,EQ,5.0,1,INE0BY001018
SHREEJI SHIPPING GLOBAL L,SHREEJISPG,NSE,EQ,5.0,1,INE1B6101010
BANSAL WIRE INDUSTRIES L,BANSALWIRE,NSE,EQ,5.0,1,INE0B9K01025
AURI GROW INDIA LIMITED,AURIGROW,NSE,EQ,1.0,1,INE925Y01036
ROLEX RINGS LIMITED,ROLEXRINGS,NSE,EQ,1.0,1,INE645S01024
SUNDARAM MULTI PAP LTD,SUNDARAM,NSE,EQ,1.0,1,INE108E01023
NIP IND ETF NIFTY BEES,NIFTYBEES,NSE,EQ,1.0,1,INF204KB14I2
PANAMA PETROCHEM LTD,PANAMAPET,NSE,EQ,5.0,1,INE305C01029
NIIT LIMITED,NIITLTD,NSE,EQ,1.0,1,INE161A01038
RBZ JEWELLERS LIMITED,RBZJEWEL,NSE,EQ,1.0,1,INE0PEQ01016
SHYAM METALICS AND ENGY L,SHYAMMETL,NSE,EQ,5.0,1,INE810G01011
FRACTAL ANALYTICS LIMITED,FRACTAL,NSE,EQ,10.0,1,INE212S01015
R R I L LTD.,RRIL,NSE,EQ,1.0,1,INE951M01037
VALIANT ORGANICS LIMITED,VALIANTORG,NSE,EQ,5.0,1,INE565V01010
JAIPRAKASH POWER VEN. LTD,JPPOWER,NSE,EQ,1.0,1,INE351F01018
PAISALO DIGITAL LIMITED,PAISALO,NSE,EQ,1.0,1,INE420C01059
CURA TECHNOLOGIES LIMITED,CURAA,NSE,EQ,1.0,1,INE117B01020
EURO (I) FRESH FOODS LTD,EIFFL,NSE,EQ,1.0,1,INE546V01010
REVATHI EQUIPMENT INDIA L,RVTH,NSE,EQ,5.0,1,INE0DAB01012
ZUARI INDUSTRIES LIMITED,ZUARIIND,NSE,EQ,5.0,1,INE217A01012
MANKIND PHARMA LIMITED,MANKIND,NSE,EQ,10.0,1,INE634S01028
WEIZMANN LTD,WEIZMANIND,NSE,EQ,1.0,1,INE080A01014
DSPAMC - FMCGADD,FMCGADD,NSE,EQ,1.0,1,INF740KA1ZA4
UNITED NILGIRI TEA LTD,UNITEDTEA,NSE,EQ,5.0,1,INE458F01011
MUKAND LTD.,MUKANDLTD,NSE,EQ,1.0,1,INE304A01026
SENCO GOLD LIMITED,SENCO,NSE,EQ,5.0,1,INE602W01027
WELSPUN CORP LIMITED,WELCORP,NSE,EQ,10.0,1,INE191B01025
BPL LTD,BPL,NSE,EQ,1.0,1,INE110A01019
DIGIDRIVE DISTRIBUTORS L,DIGIDRIVE,NSE,EQ,1.0,1,INE0PSC01024
DSPAMC - BANK10ADD,BANK10ADD,NSE,EQ,1.0,1,INF740KA1YH2
LOVABLE LINGERIE LTD,LOVABLE,NSE,EQ,1.0,1,INE597L01014
ATAM VALVES LIMITED,ATAM,NSE,EQ,1.0,1,INE09KD01013
BHARTI AIRTEL LIMITED,BHARTIARTL,NSE,EQ,10.0,1,INE397D01024
AVENUE SUPERMARTS LIMITED,DMART,NSE,EQ,10.0,1,INE192R01011
NOVARTIS INDIA LIMITED,NOVARTIND,NSE,EQ,10.0,1,INE234A01025
NAZARA TECHNOLOGIES LTD,NAZARA,NSE,EQ,5.0,1,INE418L01047
DAI-ICHI KARKARIA LTD.,DAICHI,NSE,EQ,1.0,1,INE928C01010
GSP CROP SCIENCE LIMITED,GSPCROP,NSE,EQ,5.0,1,INE713R01022
D. P. ABHUSHAN LIMITED,DPABHUSHAN,NSE,EQ,5.0,1,INE266Y01019
UNITED BREWERIES LTD,UBL,NSE,EQ,10.0,1,INE686F01025
MEDICAMEN BIOTECH LIMITED,MEDICAMEQ,NSE,EQ,5.0,1,INE646B01010
DSPAMC - MIDCAPADD,MIDCAPADD,NSE,EQ,1.0,1,INF740KA1WW5
DSPAMC - MSCIADD,MSCIADD,NSE,EQ,1.0,1,INF740KA1WV7
DSPAMC - SMALLADD,SMALLADD,NSE,EQ,1.0,1,INF740KA1WX3
DSPAMC - NEXT50ADD,NEXT50ADD,NSE,EQ,1.0,1,INF740KA1XU7
JAIN RESOURCE RECYCLING L,JAINREC,NSE,EQ,5.0,1,INE0YD401026
MMTC LIMITED,MMTC,NSE,EQ,1.0,1,INE123F01029
IDBI BANK LIMITED,IDBI,NSE,EQ,1.0,1,INE008A01015
PIRAMAL FINANCE LIMITED,PIRAMALFIN,NSE,EQ,10.0,1,INE202B01038
VAIBHAV GLOBAL LIMITED,VAIBHAVGBL,NSE,EQ,1.0,1,INE884A01027
HLE GLASCOAT LIMITED,HLEGLAS,NSE,EQ,5.0,1,INE461D01028
DOMS INDUSTRIES LIMITED,DOMS,NSE,EQ,10.0,1,INE321T01012
JEENA SIKHO LIFECARE LTD,JSLL,NSE,EQ,5.0,1,INE0J5801029
DYNEMIC PRODUCTS LIMITED,DYNPRO,NSE,EQ,5.0,1,INE256H01015
TV TODAY NETWORK LTD,TVTODAY,NSE,EQ,1.0,1,INE038F01029
FINE ORGANIC IND. LTD.,FINEORG,NSE,EQ,10.0,1,INE686Y01026
20 MICRONS LTD,20MICRONS,NSE,EQ,1.0,1,INE144J01027
LE TRAVENUES TECHNOLOGY L,IXIGO,NSE,EQ,1.0,1,INE0HV901016
MMP INDUSTRIES LIMITED,MMP,NSE,EQ,5.0,1,INE511Y01018
FISCHER MEDICAL VENTURE L,FISCHER,NSE,EQ,1.0,1,INE771F01041
SAYAJI HOTELS LTD.,SAYAJIHOTL,NSE,EQ,5.0,1,INE318C01014
GOKUL REFOILS & SOLV LTD,GOKUL,NSE,EQ,1.0,1,INE020J01029
VENKY S (INDIA) LIMITED,VENKEYS,NSE,EQ,10.0,1,INE398A01010
INDIAMART INTERMESH LTD,INDIAMART,NSE,EQ,10.0,1,INE933S01016
AZAD ENGINEERING LIMITED,AZAD,NSE,EQ,10.0,1,INE02IJ01035
BATLIBOI LTD.,BATLIBOI,NSE,EQ,1.0,1,INE177C01022
CIPLA LTD,CIPLA,NSE,EQ,10.0,1,INE059A01026
ANGEL ONE LIMITED,ANGELONE,NSE,EQ,5.0,1,INE732I01021
SKY GOLD AND DIAMONDS LTD,SKYGOLD,NSE,EQ,5.0,1,INE01IU01018
BETA DRUGS LIMITED,BETA,NSE,EQ,10.0,1,INE351Y01019
ALEMBIC LIMITED,ALEMBICLTD,NSE,EQ,1.0,1,INE426A01027
SANDUR MANG & IRON ORES L,SANDUMA,NSE,EQ,1.0,1,INE149K01016
KOLTE PATIL DEV. LTD.,KOLTEPATIL,NSE,EQ,5.0,1,INE094I01018
R S D FINANCE LTD.,RSDFIN,NSE,EQ,1.0,1,INE616F01022
BLUE JET HEALTHCARE LTD,BLUEJET,NSE,EQ,5.0,1,INE0KBH01020
KOKUYO CAMLIN LIMITED,KOKUYOCMLN,NSE,EQ,1.0,1,INE760A01029
RAVI KUMAR DIST. LTD.,RKDL,NSE,EQ,1.0,1,INE722J01012
URBAN COMPANY LIMITED,URBANCO,NSE,EQ,1.0,1,INE0CAZ01013
ORIENTAL TRIMEX LTD,ORIENTALTL,NSE,EQ,1.0,1,INE998H01012
DB (INT) STOCK BROKERS,DBSTOCKBRO,NSE,EQ,1.0,1,INE921B01025
BIKAJI FOODS INTERN LTD,BIKAJI,NSE,EQ,5.0,1,INE00E101023
ICRA LIMITED,ICRA,NSE,EQ,50.0,1,INE725G01011
SUNDARAM FINANCE LTD,SUNDARMFIN,NSE,EQ,10.0,1,INE660A01013
FRONTIER SPRINGS LTD.,FRONTSP,NSE,EQ,10.0,1,INE572D01014
WEST COAST PAPER MILLS LT,WSTCSTPAPR,NSE,EQ,5.0,1,INE976A01021
G M BREWERIES LTD,GMBREW,NSE,EQ,5.0,1,INE075D01018
NOCIL LIMITED,NOCIL,NSE,EQ,1.0,1,INE163A01018
ICICIPRAMC - ICICI5GSEC,GSEC5IETF,NSE,EQ,1.0,1,INF109KC14A8
V2 RETAIL LIMITED,V2RETAIL,NSE,EQ,1.0,1,INE945H01021
CHEVIOT COMPANY LIMITED,CHEVIOT,NSE,EQ,10.0,1,INE974B01016
SYNERGY GREEN IND. LTD,SGIL,NSE,EQ,5.0,1,INE00QT01015
COHANCE LIFESCIENCES LTD,COHANCE,NSE,EQ,5.0,1,INE03QK01018
KFIN TECHNOLOGIES LIMITED,KFINTECH,NSE,EQ,5.0,1,INE138Y01010
AMBALAL SARABHAI ENT L,AMBALALSA,NSE,EQ,1.0,1,INE432A01017
AJOONI BIOTECH LIMITED,AJOONI,NSE,EQ,1.0,1,INE820Y01021
BFAM - LIQUIDBETF,LIQUIDBETF,NSE,EQ,1.0,1,INF0QA701854
BAJAJ HOUSING FINANCE LTD,BAJAJHFL,NSE,EQ,1.0,1,INE377Y01014
EMCURE PHARMACEUTICALS L,EMCURE,NSE,EQ,10.0,1,INE168P01015
AARTI DRUGS LTD.,AARTIDRUGS,NSE,EQ,5.0,1,INE767A01016
HSBCAMC - HSBCGOLD,HSBCGOLD,NSE,EQ,1.0,1,INF336L01RX2
JTEKT INDIA LIMITED,JTEKTINDIA,NSE,EQ,1.0,1,INE643A01035
BHARTI HEXACOM LIMITED,BHARTIHEXA,NSE,EQ,10.0,1,INE343G01021
GENERAL INS CORP OF INDIA,GICRE,NSE,EQ,5.0,1,INE481Y01014
JUBILANT FOODWORKS LTD,JUBLFOOD,NSE,EQ,5.0,1,INE797F01020
ICICIPRAMC - IPRU5008,BANKIETF,NSE,EQ,1.0,1,INF109KC15I8
MODIS NAVNIRMAN LTD,MODIS,NSE,EQ,5.0,1,INE0L0L01012
BFAM - BANKBETF,BANKBETF,NSE,EQ,1.0,1,INF0QA701714
ARMAN FIN SERV LTD,ARMANFIN,NSE,EQ,10.0,1,INE109C01017
MAX FINANCIAL SERV LTD,MFSL,NSE,EQ,10.0,1,INE180A01020
APOLLO SINDOORI HOTEL LTD,APOLSINHOT,NSE,EQ,10.0,1,INE451F01024
BFAM - NIFTYBETF,NIFTYBETF,NSE,EQ,1.0,1,INF0QA701722
B.A.G FILMS AND MEDIA LTD,BAGFILMS,NSE,EQ,1.0,1,INE116D01028
KN AGRI RESOURCES LIMITED,KNAGRI,NSE,EQ,1.0,1,INE0KNW01016
UTTAM SUGAR MILLS LTD.,UTTAMSUGAR,NSE,EQ,1.0,1,INE786F01031
ICICIPRAMC - ICICIINFRA,INFRAIETF,NSE,EQ,1.0,1,INF109KC16E5
RAJNANDINI METAL LIMITED,RAJMET,NSE,EQ,1.0,1,INE00KV01022
BOROSIL LIMITED,BOROLTD,NSE,EQ,1.0,1,INE02PY01013
RUBICON RESEARCH LIMITED,RUBICON,NSE,EQ,10.0,1,INE506V01022
PNGS REVA DIAMOND JEWEL L,PNGSREVA,NSE,EQ,5.0,1,INE1RDG01013
NATIONAL FERT. LTD,NFL,NSE,EQ,1.0,1,INE870D01012
ICICIPRAMC - ICICITECH,ITIETF,NSE,EQ,1.0,1,INF109KC16I6
ICICI PRUD NIFTY 100 ETF,NIF100IETF,NSE,EQ,1.0,1,INF109KC16V9
AMIR CHAND JAG KUM (E) L,AMIRCHAND,NSE,EQ,1.0,1,INE05TO01019
CHOICE INTERNATIONAL LTD,CHOICEIN,NSE,EQ,5.0,1,INE102B01014
WILLIAMSON MAGOR,WILLAMAGOR,NSE,EQ,1.0,1,INE210A01017
AU SMALL FINANCE BANK LTD,AUBANK,NSE,EQ,5.0,1,INE949L01017
MSTC LIMITED,MSTCLTD,NSE,EQ,5.0,1,INE255X01014
ICICIPRAMC - VAL30IETF,VAL30IETF,NSE,EQ,1.0,1,INF109KC16X5
GREENLAM INDUSTRIES LTD.,GREENLAM,NSE,EQ,1.0,1,INE544R01021
ORACLE FIN SERV SOFT LTD.,OFSS,NSE,EQ,50.0,1,INE881D01027
ICICIPRAMC - ICICIMOM30,MOM30IETF,NSE,EQ,1.0,1,INF109KC17C7
ICICIPRAMC-ICICIFIN,FINIETF,NSE,EQ,1.0,1,INF109KC17L8
ICICIPRAMC - ICICIALPLV,ALPL30IETF,NSE,EQ,1.0,1,INF109KC17V7
APEX FROZEN FOODS LIMITED,APEX,NSE,EQ,5.0,1,INE346W01013
GHCL LIMITED,GHCL,NSE,EQ,5.0,1,INE539A01019
DONEAR IND. LIMITED,DONEAR,NSE,EQ,1.0,1,INE668D01028
HDFC LIFE INS CO LTD,HDFCLIFE,NSE,EQ,5.0,1,INE795G01014
LEXUS GRANITO (INDIA) LTD,LEXUS,NSE,EQ,1.0,1,INE500X01013
PDS LIMITED,PDSL,NSE,EQ,5.0,1,INE111Q01021
SANGHVI MOVERS LTD,SANGHVIMOV,NSE,EQ,5.0,1,INE989A01032
ASAHI INDIA GLASS LIMITED,ASAHIINDIA,NSE,EQ,5.0,1,INE439A01020
SMS PHARMACEUTICALS LTD.,SMSPHARMA,NSE,EQ,5.0,1,INE812G01025
PARAMOUNT COMM LTD,PARACABLES,NSE,EQ,1.0,1,INE074B01023
KRYSTAL INTEGRATED SER L,KRYSTAL,NSE,EQ,5.0,1,INE0QN801017
ICICIPRAMC - PSUBANKICI,PSUBNKIETF,NSE,EQ,1.0,1,INF109KC10S8
ICICI PRUD MIDCAP SEL ETF,MIDSELIETF,NSE,EQ,1.0,1,INF109KC10W0
ICICIPRAMC - ICICIAUTO,AUTOIETF,NSE,EQ,1.0,1,INF109KC10V2
JANA SMALL FIN BANK LTD,JSFB,NSE,EQ,5.0,1,INE953L01027
ORCHASP LIMITED,ORCHASP,NSE,EQ,1.0,1,INE215B01022
SAMMAAN CAPITAL LIMITED,SAMMAANCAP,NSE,EQ,1.0,1,INE148I01020
NUVOCO VISTAS CORP LTD,NUVOCO,NSE,EQ,5.0,1,INE118D01016
PICCADILY AGRO INDUSTRI L,PICCADIL,NSE,EQ,5.0,1,INE546C01010
JK CEMENT LIMITED,JKCEMENT,NSE,EQ,50.0,1,INE823G01014
GLOBUS SPIRITS LTD,GLOBUSSPR,NSE,EQ,5.0,1,INE615I01010
NATCO PHARMA LTD.,NATCOPHARM,NSE,EQ,10.0,1,INE987B01026
URJA GLOBAL LIMITED,URJA,NSE,EQ,1.0,1,INE550C01020
ICICI PRUDENTIAL NV20 ETF,NV20IETF,NSE,EQ,1.0,1,INF109KC11V0
ICICIPRAMC - ICICIM150,MIDCAPIETF,NSE,EQ,1.0,1,INF109KC11W8
VASWANI IND LTD,VASWANI,NSE,EQ,1.0,1,INE590L01019
TITAN COMPANY LIMITED,TITAN,NSE,EQ,10.0,1,INE280A01028
GE POWER INDIA LIMITED,GVPIL,NSE,EQ,5.0,1,INE878A01011
CAPILLARY TECHNO INDIA L,CAPILLARY,NSE,EQ,5.0,1,INE0ILV01024
GARWARE HI-TECH FILMS LTD,GRWRHITECH,NSE,EQ,50.0,1,INE291A01017
STEEL STRIPS WHEELS LTD.,SSWL,NSE,EQ,1.0,1,INE802C01033
DANGEE DUMS LIMITED,DANGEE,NSE,EQ,1.0,1,INE688Y01022
ALMONDZ GLOBAL SEC LTD,ALMONDZ,NSE,EQ,1.0,1,INE326B01035
TATAAML - TNIDETF,TNIDETF,NSE,EQ,1.0,1,INF277KA1364
HERITAGE FOODS LTD,HERITGFOOD,NSE,EQ,5.0,1,INE978A01027
TEXMACO INFRA & HOLDG LTD,TEXINFRA,NSE,EQ,1.0,1,INE435C01024
CLEAN SCIENCE & TECH LTD,CLEAN,NSE,EQ,5.0,1,INE227W01023
RAYMOND REALTY LIMITED,RAYMONDREL,NSE,EQ,5.0,1,INE1SY401010
SURYALATA SPINNING MILL L,SURYALA,NSE,EQ,5.0,1,INE132C01027
DHANUKA AGRITECH LTD,DHANUKA,NSE,EQ,10.0,1,INE435G01025
NIP IND ETF MIDCAP 150,MID150BEES,NSE,EQ,1.0,1,INF204KB1V68
WHIRLPOOL OF INDIA LTD,WHIRLPOOL,NSE,EQ,5.0,1,INE716A01013
IND MOTOR PART & ACC LTD,IMPAL,NSE,EQ,10.0,1,INE547E01014
SRI LOTUS DEVLPRS N RTY L,LOTUSDEV,NSE,EQ,1.0,1,INE0V9Q01010
GENERIC ENG CONS PROJ LTD,GENCON,NSE,EQ,1.0,1,INE854S01022
KRISHANA PHOSCHEM LIMITED,KRISHANA,NSE,EQ,5.0,1,INE506W01012
PLASTIBLENDS INDIA LTD,PLASTIBLEN,NSE,EQ,1.0,1,INE083C01022
GABRIEL INDIA LTD,GABRIEL,NSE,EQ,10.0,1,INE524A01029
IKIO TECHNOLOGIES LIMITED,IKIO,NSE,EQ,1.0,1,INE0LOJ01019
GO DIGIT GENERAL INS LTD,GODIGIT,NSE,EQ,5.0,1,INE03JT01014
KPI GREEN ENERGY LIMITED,KPIGREEN,NSE,EQ,5.0,1,INE542W01025
RSWM LIMITED,RSWM,NSE,EQ,1.0,1,INE611A01016
ASK AUTOMOTIVE LIMITED,ASKAUTOLTD,NSE,EQ,5.0,1,INE491J01022
UFO MOVIEZ INDIA LTD.,UFO,NSE,EQ,1.0,1,INE527H01019
BANDHANAMC - IDFNIFTYET,IDFNIFTYET,NSE,EQ,1.0,1,INF194KA1U07
CHAMAN LAL SETIA EXP LTD,CLSEL,NSE,EQ,5.0,1,INE419D01026
RUBFILA INTERNATIONAL LTD,RUBFILA,NSE,EQ,1.0,1,INE642C01025
ALANKIT LIMITED,ALANKIT,NSE,EQ,1.0,1,INE914E01040
SICAGEN INDIA LIMITED,SICAGEN,NSE,EQ,1.0,1,INE176J01011
WEALTH - TWCGOLDETF,TWCGOLDETF,NSE,EQ,1.0,1,INF2F0001370
SEDEMAC MECHATRONICS LTD,SEDEMAC,NSE,EQ,10.0,1,INE00XB01019
HALDYN GLASS LTD.,HALDYNGL,NSE,EQ,1.0,1,INE506D01020
TWAMEV CONS AND INFRA LTD,TICL,NSE,EQ,1.0,1,INE388G01026
CUMMINS INDIA LTD,CUMMINSIND,NSE,EQ,50.0,1,INE298A01020
THE NEW INDIA ASSU CO LTD,NIACL,NSE,EQ,1.0,1,INE470Y01017
ASHIANA HOUSING LTD,ASHIANA,NSE,EQ,5.0,1,INE365D01021
AARTI INDUSTRIES LTD,AARTIIND,NSE,EQ,5.0,1,INE769A01020
KARNATAKA BANK LIMITED,KTKBANK,NSE,EQ,5.0,1,INE614B01018
AMD INDUSTRIES LIMITED,AMDIND,NSE,EQ,1.0,1,INE005I01014
TATA MOTORS PASS VEH LTD,TMPV,NSE,EQ,5.0,1,INE155A01022
UNITED FOODBRANDS LIMITED,UFBL,NSE,EQ,5.0,1,INE382M01027
BALRAMPUR CHINI MILLS LTD,BALRAMCHIN,NSE,EQ,5.0,1,INE119A01028
THE INVEST TRUST OF IND L,THEINVEST,NSE,EQ,1.0,1,INE924D01017
I G PETROCHEMICALS LTD,IGPL,NSE,EQ,5.0,1,INE204A01010
STERLING TOOLS LIMITED,STERTOOLS,NSE,EQ,1.0,1,INE334A01023
HI-TECH PIPES LIMITED,HITECH,NSE,EQ,1.0,1,INE106T01025
NATURAL CAPSULES LIMITED,NATCAPSUQ,NSE,EQ,1.0,1,INE936B01015
SIKKO INDUSTRIES LIMITED,SIKKO,NSE,EQ,1.0,1,INE112X01025
NRB BEARING LIMITED,NRBBEARING,NSE,EQ,5.0,1,INE349A01021
SUMITOMO CHEM INDIA LTD,SUMICHEM,NSE,EQ,5.0,1,INE258G01013
KPR MILL LTD.,KPRMILL,NSE,EQ,5.0,1,INE930H01031
SUPREME HOLDIN N HOSP I L,SUPREME,NSE,EQ,1.0,1,INE822E01011
SHALIM PAINTS LTD,SHALPAINTS,NSE,EQ,1.0,1,INE849C01026
KARMA ENERGY LIMITED,KARMAENG,NSE,EQ,1.0,1,INE725L01011
CANARA HSBC LIFE INS CO L,CANHLIFE,NSE,EQ,1.0,1,INE01TY01017
THE WESTERN INDIA PLY LTD,WIPL,NSE,EQ,1.0,1,INE215F01023
CINELINE INDIA LIMITED,CINELINE,NSE,EQ,1.0,1,INE704H01022
DR. AGARWAL'S EYE HOSP L,DRAGARWQ,NSE,EQ,10.0,1,INE934C01018
INVESCO INDIA NIFTY ETF,IVZINNIFTY,NSE,EQ,1.0,1,INF205K01DA9
SHAILY ENG PLASTICS LTD,SHAILY,NSE,EQ,10.0,1,INE151G01028
DSPAMC - DSPBANK,BANKADD,NSE,EQ,1.0,1,INF740KA1RX3
N.B.I. IND. FIN. CO. LTD,NBIFIN,NSE,EQ,10.0,1,INE365I01020
THE UGAR SUGAR WORKS LTD,UGARSUGAR,NSE,EQ,1.0,1,INE071E01023
RICO AUTO INDUSTRIES LTD,RICOAUTO,NSE,EQ,1.0,1,INE209B01025
PRIVI SPECIALITY CHE LTD,PRIVISCL,NSE,EQ,10.0,1,INE959A01019
RELIANCE POWER LTD.,RPOWER,NSE,EQ,1.0,1,INE614G01033
OIL INDIA LTD,OIL,NSE,EQ,5.0,1,INE274J01014
APAR INDUSTRIES LTD.,APARINDS,NSE,EQ,100.0,1,INE372A01015
DSPAMC - DSPQ50ETF,MIDQ50ADD,NSE,EQ,1.0,1,INF740KA1QL0
DSPAMC - DSPNEWETF,EQUAL50ADD,NSE,EQ,1.0,1,INF740KA1QK2
WEWORK INDIA MANAGEMENT L,WEWORK,NSE,EQ,5.0,1,INE085001019
SARASWATI SAREE DEPOT LTD,SSDL,NSE,EQ,1.0,1,INE0PQ101010
ACUTAAS CHEMICALS LIMITED,ACUTAAS,NSE,EQ,10.0,1,INE00FF01025
DSPAMC - DSPSILVETF,SILVERADD,NSE,EQ,1.0,1,INF740KA1RE3
SPORTKING INDIA LIMITED,SPORTKING,NSE,EQ,1.0,1,INE885H01029
LANDSMILL GREEN LIMITED,LANDSMILL,NSE,EQ,1.0,1,INE688J01023
BRAINBEES SOLUTIONS LTD,FIRSTCRY,NSE,EQ,1.0,1,INE02RE01045
CANTABIL RETAIL LTD,CANTABIL,NSE,EQ,1.0,1,INE068L01024
NATH BIO-GENES (I) LTD,NATHBIOGEN,NSE,EQ,1.0,1,INE448G01010
BLS E-SERVICES LIMITED,BLSE,NSE,EQ,1.0,1,INE0NLT01010
ELGI EQUIPMENTS LTD,ELGIEQUIP,NSE,EQ,5.0,1,INE285A01027
PITTI ENGINEERING LIMITED,PITTIENG,NSE,EQ,5.0,1,INE450D01021
ELGI RUBBER CO. LTD,ELGIRUBCO,NSE,EQ,1.0,1,INE819L01012
INFOMEDIA PRESS LIMITED,INFOMEDIA,NSE,EQ,1.0,1,INE669A01022
INTERARCH BLDNG SOLTN LTD,INTERARCH,NSE,EQ,10.0,1,INE00M901018
MUTHOOT CAP SERV LTD,MUTHOOTCAP,NSE,EQ,1.0,1,INE296G01013
JTL INDUSTRIES LIMITED,JTLIND,NSE,EQ,1.0,1,INE391J01032
FOCUS LIGHTG & FIXTRS LTD,FOCUS,NSE,EQ,1.0,1,INE593W01028
JINDAL DRILLING IND. LTD,JINDRILL,NSE,EQ,5.0,1,INE742C01031
KRISHIVAL FOODS LIMITED,KRISHIVAL,NSE,EQ,5.0,1,INE0GGO01015
THE INDIA CEMENTS LIMITED,INDIACEM,NSE,EQ,5.0,1,INE383A01012
RUPA & COMPANY LTD,RUPA,NSE,EQ,1.0,1,INE895B01021
KOHINOOR FOODS LIMITED,KOHINOOR,NSE,EQ,1.0,1,INE080B01012
KWALITY PHARMACEUTICALS L,KPL,NSE,EQ,10.0,1,INE552U01010
ETHOS LIMITED,ETHOSLTD,NSE,EQ,10.0,1,INE04TZ01018
ELCID INVESTMENTS LTD.,ELCIDIN,NSE,EQ,500.0,1,INE927X01018
DSPAMC - FLEXIADD,FLEXIADD,NSE,EQ,1.0,1,INF740KA1WU9
ACC LIMITED,ACC,NSE,EQ,10.0,1,INE012A01025
NMDC STEEL LIMITED,NSLNISP,NSE,EQ,1.0,1,INE0NNS01018
RADICO KHAITAN LTD,RADICO,NSE,EQ,10.0,1,INE944F01028
HATHWAY CABLE & DATACOM,HATHWAY,NSE,EQ,1.0,1,INE982F01036
PNB HOUSING FIN LTD.,PNBHOUSING,NSE,EQ,10.0,1,INE572E01012
TRANSWORLD SHIP LINES LTD,TRANSWORLD,NSE,EQ,1.0,1,INE757B01015
DSPAMC - TOP10ADD,TOP10ADD,NSE,EQ,1.0,1,INF740KA1UR9
LLOYDS METALS N ENERGY L,LLOYDSME,NSE,EQ,10.0,1,INE281B01032
INFOBEANS TECHNO. LTD.,INFOBEAN,NSE,EQ,1.0,1,INE344S01016
BOMBAY BURMAH TRADING COR,BBTC,NSE,EQ,10.0,1,INE050A01025
DSPAMC - NEXT30ADD,NEXT30ADD,NSE,EQ,1.0,1,INF740KA1VE5
KRONOX LAB SCIENCES LTD,KRONOX,NSE,EQ,1.0,1,INE0ATZ01017
FINKURVE FINANCIAL SERV L,FINKURVE,NSE,EQ,1.0,1,INE734I01027
KAVERI SEED CO. LTD.,KSCL,NSE,EQ,5.0,1,INE455I01029
INDUSIND BANK LIMITED,INDUSINDBK,NSE,EQ,5.0,1,INE095A01012
BHARAT COKING COAL LTD,BHARATCOAL,NSE,EQ,1.0,1,INE05XR01022
STYLAM INDUSTRIES LIMITED,STYLAMIND,NSE,EQ,10.0,1,INE239C01020
GUJARAT FLUOROCHEM LTD,FLUOROCHEM,NSE,EQ,10.0,1,INE09N301011
IZMO LIMITED,IZMO,NSE,EQ,5.0,1,INE848A01014
SINDHU TRADE LINKS LTD,SINDHUTRAD,NSE,EQ,1.0,1,INE325D01025
SCHAEFFLER INDIA LIMITED,SCHAEFFLER,NSE,EQ,10.0,1,INE513A01022
DSPAMC - LIQUIDADD,LIQUIDADD,NSE,EQ,1.0,1,INF740KA1UM0
DSPAMC - HEALTHADD,HEALTHADD,NSE,EQ,1.0,1,INF740KA1UF4
INDIAN BANK,INDIANB,NSE,EQ,5.0,1,INE562A01011
MANGALAM CEMENT LTD,MANGLMCEM,NSE,EQ,5.0,1,INE347A01017
DSPAMC - DSPGOLD,GOLDADD,NSE,EQ,1.0,1,INF740KA1SW3
DSPAMC - DSPIT,ITADD,NSE,EQ,1.0,1,INF740KA1SX1
DSPAMC - DSPPSBKETF,PSUBANKADD,NSE,EQ,1.0,1,INF740KA1SY9
PNB GILTS LIMITED,PNBGILTS,NSE,EQ,1.0,1,INE859A01011
DSPAMC - DSPSENXETF,SENSEXADD,NSE,EQ,1.0,1,INF740KA1SZ6
JM FINANCIAL LIMITED,JMFINANCIL,NSE,EQ,1.0,1,INE780C01023
SUPREME INDUSTRIES LTD,SUPREMEIND,NSE,EQ,10.0,1,INE195A01028
MAFATLAL INDUSTRIES LTD.,MAFATIND,NSE,EQ,1.0,1,INE270B01035
NITIRAJ ENGINEERS LTD,NITIRAJ,NSE,EQ,1.0,1,INE439T01012
THOMAS SCOTT (INDIA) LTD,THOMASCOTT,NSE,EQ,5.0,1,INE480M01011
SUPER SPINNING MILLS LTD,SUPERSPIN,NSE,EQ,1.0,1,INE662A01027
SUNDARAM BRAK LININGS LTD,SUNDRMBRAK,NSE,EQ,5.0,1,INE073D01013
DSPAMC - DSPPVBKETF,PVTBANKADD,NSE,EQ,1.0,1,INF740KA1TA7
SUPREME INFRA. LTD.,SUPREMEINF,NSE,EQ,1.0,1,INE550H01011
WOCKHARDT LIMITED,WOCKPHARMA,NSE,EQ,10.0,1,INE049B01025
BIRLA CORPORATION LTD,BIRLACORPN,NSE,EQ,5.0,1,INE340A01012
INDUSTRIAL INV TRUST LTD,IITL,NSE,EQ,1.0,1,INE886A01014
SUPERHOUSE LIMITED,SUPERHOUSE,NSE,EQ,1.0,1,INE712B01010
CARYSIL LIMITED,CARYSIL,NSE,EQ,10.0,1,INE482D01024
BHARAT BIJLEE LTD,BBL,NSE,EQ,10.0,1,INE464A01036
LUMAX AUTO TECH LTD,LUMAXTECH,NSE,EQ,10.0,1,INE872H01027
RAIN INDUSTRIES LIMITED,RAIN,NSE,EQ,1.0,1,INE855B01025
CENTRAL BANK OF INDIA,CENTRALBK,NSE,EQ,1.0,1,INE483A01010
CYIENT LIMITED,CYIENT,NSE,EQ,5.0,1,INE136B01020
ALLIED BLEND N DISTILS L,ABDL,NSE,EQ,5.0,1,INE552Z01027
RUSHIL DECOR LIMITED,RUSHIL,NSE,EQ,1.0,1,INE573K01025
VIJAYA DIAGNOSTIC CEN LTD,VIJAYA,NSE,EQ,10.0,1,INE043W01024
CONSO. FIN. & HOLD. LTD.,CONSOFINVT,NSE,EQ,1.0,1,INE025A01027
JUPITER WAGONS LIMITED,JWL,NSE,EQ,5.0,1,INE209L01016
APTECH LIMITED,APTECHT,NSE,EQ,1.0,1,INE266F01018
ANTONY WASTE HDG CELL LTD,AWHCL,NSE,EQ,5.0,1,INE01BK01022
PUNJAB CHEM & CROP PROT L,PUNJABCHEM,NSE,EQ,10.0,1,INE277B01014
J & K BANK LTD.,J&KBANK,NSE,EQ,1.0,1,INE168A01041
SAMBHAAV MEDIA LTD,SAMBHAAV,NSE,EQ,1.0,1,INE699B01027
VARROC ENGINEERING LTD.,VARROC,NSE,EQ,5.0,1,INE665L01035
HCL INFOSYSTEMS LTD,HCL-INSYS,NSE,EQ,1.0,1,INE236A01020
NETWORK18 MEDIA & INV LTD,NETWORK18,NSE,EQ,1.0,1,INE870H01013
SAGARDEEP ALLOYS LIMITED,SAGARDEEP,NSE,EQ,1.0,1,INE976T01013
MEDPLUS HEALTH SERV LTD,MEDPLUS,NSE,EQ,5.0,1,INE804L01022
BLACK ROSE INDS. LTD.,BLACKROSE,NSE,EQ,1.0,1,INE761G01016
SAMBHV STEEL TUBES LTD,SAMBHV,NSE,EQ,1.0,1,INE12NJ01018
ART NIRMAN LIMITED,ARTNIRMAN,NSE,EQ,1.0,1,INE738V01013
EPL LIMITED,EPL,NSE,EQ,1.0,1,INE255A01020
PODDAR PIGMENTS LIMITED,PODDARMENT,NSE,EQ,5.0,1,INE371C01013
BSE LIMITED,BSE,NSE,EQ,10.0,1,INE118H01025
GRM OVERSEAS LIMITED,GRMOVER,NSE,EQ,1.0,1,INE192H01020
T T LIMITED,TTL,NSE,EQ,1.0,1,INE592B01024
ADANI GREEN ENERGY LTD,ADANIGREEN,NSE,EQ,10.0,1,INE364U01010
REFEX INDUSTRIES LIMITED,REFEX,NSE,EQ,5.0,1,INE056I01025
RAJDARSHAN INDUSTRIES LTD,ARENTERP,NSE,EQ,1.0,1,INE610C01014
PARAS PETROFILS LTD.,PARASPETRO,NSE,EQ,1.0,1,INE162C01024
AFCONS INFRASTRUCTURE LTD,AFCONS,NSE,EQ,5.0,1,INE101I01011
FDC LIMITED,FDC,NSE,EQ,5.0,1,INE258B01022
HATSUN AGRO PRODUCT LTD.,HATSUN,NSE,EQ,5.0,1,INE473B01035
AXIS BANK LIMITED,AXISBANK,NSE,EQ,10.0,1,INE238A01034
VETO SWITCHGEAR CABLE LTD,VETO,NSE,EQ,1.0,1,INE918N01018
DOLPHIN OFF ENT (IND) L,DOLPHIN,NSE,EQ,5.0,1,INE920A01037
SURAJ ESTATE DEVELOPERS L,SURAJEST,NSE,EQ,1.0,1,INE843S01025
ARCHIDPLY IND. LTD,ARCHIDPLY,NSE,EQ,1.0,1,INE877I01016
DIAMINES & CHEMICALS LTD,DIAMINESQ,NSE,EQ,1.0,1,INE591D01014
INDEGENE LIMITED,INDGN,NSE,EQ,5.0,1,INE065X01017
TASTY BITE EATABLES LTD,TASTYBITE,NSE,EQ,50.0,1,INE488B01017
HEALTHCARE GLOB. ENT. LTD,HCG,NSE,EQ,5.0,1,INE075I01017
DIGJAM LTD,DIGJAMLMTD,NSE,EQ,1.0,1,INE731U01028
GEM AROMATICS LIMITED,GEMAROMA,NSE,EQ,1.0,1,INE06XZ01023
SUN PHARMACEUTICAL IND L,SUNPHARMA,NSE,EQ,10.0,1,INE044A01036
THE ANUP ENGINEERING LTD,ANUP,NSE,EQ,10.0,1,INE294Z01018
ITC HOTELS LIMITED,ITCHOTELS,NSE,EQ,1.0,1,INE379A01028
VENUS PIPES & TUBES LTD,VENUSPIPES,NSE,EQ,10.0,1,INE0JA001018
AGRO PHOS INDIA LIMITED,AGROPHOS,NSE,EQ,1.0,1,INE740V01019
OMAXE LIMITED,OMAXE,NSE,EQ,1.0,1,INE800H01010
UNITECH LTD,UNITECH,NSE,EQ,1.0,1,INE694A01020
ROSSELL INDIA LIMITED,ROSSELLIND,NSE,EQ,1.0,1,INE847C01020
ESSAR SHIPPING LTD,ESSARSHPNG,NSE,EQ,1.0,1,INE122M01019
MTAR TECHNOLOGIES LIMITED,MTARTECH,NSE,EQ,50.0,1,INE864I01014
HIKAL LIMITED,HIKAL,NSE,EQ,1.0,1,INE475B01022
CORONA REMEDIES LIMITED,CORONA,NSE,EQ,10.0,1,INE02ZQ01018
AVRO INDIA LIMITED,AVROIND,NSE,EQ,1.0,1,INE652Z01025
SHRINGAR HOU OF MANGALS L,SHRINGARMS,NSE,EQ,1.0,1,INE1B3L01017
DCM SHRIRAM IND LTD,DCMSRIND,NSE,EQ,1.0,1,INE843D01027
GENESYS INTL CORPN LTD,GENESYS,NSE,EQ,5.0,1,INE727B01026
LAGNAM SPINTEX LIMITED,LAGNAM,NSE,EQ,1.0,1,INE548Z01017
PINE LABS LIMITED,PINELABS,NSE,EQ,1.0,1,INE15B701018
MENON PISTONS LTD.,MENNPIS,NSE,EQ,1.0,1,INE650G01029
ISHAN DYES N CHEMICALS L,ISHANCH,NSE,EQ,1.0,1,INE561M01018
POWERICA LIMITED,POWERICA,NSE,EQ,5.0,1,INE921L01032
BORANA WEAVES LIMITED,BORANA,NSE,EQ,5.0,1,INE16SF01016
MAHALAXMI FABRIC MILLS LT,MFML,NSE,EQ,1.0,1,INE0US801024
GUJARAT AMBUJA EXPORTS LT,GAEL,NSE,EQ,1.0,1,INE036B01030
NDL VENTURES LIMITED,NDLVENTURE,NSE,EQ,1.0,1,INE353A01023
TRANSPORT CORPN OF INDIA,TCI,NSE,EQ,5.0,1,INE688A01022
GODAWARI POW & ISP LTD,GPIL,NSE,EQ,5.0,1,INE177H01039
3M INDIA LIMITED,3MINDIA,NSE,EQ,500.0,1,INE470A01017
BEML LAND ASSETS LIMITED,BLAL,NSE,EQ,1.0,1,INE0N7W01012
SOUTH WEST PINNACLE LTD,SOUTHWEST,NSE,EQ,5.0,1,INE980Y01015
JITF INFRALOGISTICS LTD,JITFINFRA,NSE,EQ,5.0,1,INE863T01013
YUKEN INDIA LIMITED,YUKEN,NSE,EQ,5.0,1,INE384C01016
MOTILAL OSWAL FIN LTD,MOTILALOFS,NSE,EQ,5.0,1,INE338I01027
PRIMO CHEMICALS LIMITED,PRIMO,NSE,EQ,1.0,1,INE607A01022
SG MART LIMITED,SGMART,NSE,EQ,5.0,1,INE385F01024
ORIENT TECHNOLOGIES LTD,ORIENTTECH,NSE,EQ,5.0,1,INE0PPK01015
DAVANGERE SUGAR COMPANY L,DAVANGERE,NSE,EQ,1.0,1,INE179G01029
DIXON TECHNO (INDIA) LTD,DIXON,NSE,EQ,100.0,1,INE935N01020
SJVN LTD,SJVN,NSE,EQ,1.0,1,INE002L01015
KIOCL LIMITED,KIOCL,NSE,EQ,5.0,1,INE880L01014
HINDALCO  INDUSTRIES  LTD,HINDALCO,NSE,EQ,10.0,1,INE038A01020
RAJ OIL MILLS LIMITED,ROML,NSE,EQ,1.0,1,INE294G01026
BAJAJ HEALTHCARE LIMITED,BAJAJHCARE,NSE,EQ,5.0,1,INE411U01027
PIONEER EMBROIDERIES LTD,PIONEEREMB,NSE,EQ,1.0,1,INE156C01018
EMBASSY DEVELOPMENTS LTD,EMBDL,NSE,EQ,1.0,1,INE069I01010
KOTHARI PETROCHEM LTD,KOTHARIPET,NSE,EQ,1.0,1,INE720A01015
DWARIKESH SUGAR IND LTD,DWARKESH,NSE,EQ,1.0,1,INE366A01041
MUNJAL SHOWA LTD,MUNJALSHOW,NSE,EQ,1.0,1,INE577A01027
ZEE MEDIA CORPORATION LTD,ZEEMEDIA,NSE,EQ,1.0,1,INE966H01019
DSP LIQUID ETF,LIQUIDETF,NSE,EQ,1.0,1,INF740KA1EU7
JIND POL INV & FIN CO LTD,JPOLYINVST,NSE,EQ,10.0,1,INE147P01019
HSG & URBAN DEV CORPN LTD,HUDCO,NSE,EQ,1.0,1,INE031A01017
NORBEN TEA & EXPORTS LTD,NORBTEAEXP,NSE,EQ,1.0,1,INE369C01017
GENUS P&B LIMITED,GENUSPAPER,NSE,EQ,1.0,1,INE949P01018
BF INVESTMENT LIMITED,BFINVEST,NSE,EQ,5.0,1,INE878K01010
LYKA LABS LTD,LYKALABS,NSE,EQ,1.0,1,INE933A01014
STEEL EXCHANGE INDIA LTD,STEELXIND,NSE,EQ,1.0,1,INE503B01021
RASHTRIYA CHEMICALS & FER,RCF,NSE,EQ,1.0,1,INE027A01015
OSWAL PUMPS LIMITED,OSWALPUMPS,NSE,EQ,5.0,1,INE0BYP01024
VEEDOL CORPORATION LTD,VEEDOL,NSE,EQ,10.0,1,INE484C01030
PC JEWELLER LTD,PCJEWELLER,NSE,EQ,1.0,1,INE785M01021
INDIAN OIL CORP LTD,IOC,NSE,EQ,1.0,1,INE242A01010
AARTI PHARMALABS LIMITED,AARTIPHARM,NSE,EQ,5.0,1,INE0LRU01027
STANDARD ENGNG TCNLGY LTD,SETL,NSE,EQ,1.0,1,INE0M4D01010
NURECA LIMITED,NURECA,NSE,EQ,5.0,1,INE0DSF01015
TAAL TECH LTD.,TAALTECH,NSE,EQ,10.0,1,INE524T01011
PIRAMAL PHARMA LIMITED,PPLPHARMA,NSE,EQ,1.0,1,INE0DK501011
TARC LIMITED,TARC,NSE,EQ,1.0,1,INE0EK901012
KSR FOOTWEAR LIMITED,KSR,NSE,EQ,1.0,1,INE1SPP01016
INCREDIBLE INDUSTRIES LTD,INCREDIBLE,NSE,EQ,1.0,1,INE452L01012
C.E. INFO SYSTEMS LIMITED,MAPMYINDIA,NSE,EQ,5.0,1,INE0BV301023
GANESHA ECOSPHERE LIMITED,GANECOS,NSE,EQ,5.0,1,INE845D01014
MADHUCON PROJECTS LTD.,MADHUCON,NSE,EQ,1.0,1,INE378D01032
BIOFIL CHEM & PHARMA LTD,BIOFILCHEM,NSE,EQ,1.0,1,INE829A01014
MOTISONS JEWELLERS LTD,MOTISONS,NSE,EQ,1.0,1,INE0FRK01020
BHARAT RASAYAN LTD,BHARATRAS,NSE,EQ,10.0,1,INE838B01021
GUJARAT MINERAL DEV CORP,GMDCLTD,NSE,EQ,5.0,1,INE131A01031
B & A LTD.,BNALTD,NSE,EQ,5.0,1,INE489D01011
SALONA COTSPIN LTD.,SALONA,NSE,EQ,5.0,1,INE498E01010
UNION BANK OF INDIA,UNIONBANK,NSE,EQ,1.0,1,INE692A01016
DSPAMC - DSPNIFTY,NIFTYADD,NSE,EQ,1.0,1,INF740KA1CL0
TAJ GVK HOTELS & RESORTS,TAJGVK,NSE,EQ,5.0,1,INE586B01026
MOHIT INDUSTRIES LTD,MOHITIND,NSE,EQ,1.0,1,INE954E01012
CAN FIN HOMES LTD,CANFINHOME,NSE,EQ,5.0,1,INE477A01020
CERA SANITARYWARE LTD,CERA,NSE,EQ,50.0,1,INE739E01017
SOMI CONVEYOR BELT. LTD.,SOMICONVEY,NSE,EQ,1.0,1,INE323J01019
KPIT TECHNOLOGIES LIMITED,KPITTECH,NSE,EQ,5.0,1,INE04I401011
FORTIS HEALTHCARE LTD,FORTIS,NSE,EQ,5.0,1,INE061F01013
ACCURACY SHIPPING LIMITED,ACCURACY,NSE,EQ,1.0,1,INE648Z01023
HDFCAMC - HDFCSILVER,HDFCSILVER,NSE,EQ,1.0,1,INF179KC1DI2
CANARA ROBECO AMC LIMITED,CRAMC,NSE,EQ,1.0,1,INE218I01013
PRECISION CAMSHAFTS LTD.,PRECAM,NSE,EQ,1.0,1,INE484I01029
L&T TECHNOLOGY SER. LTD.,LTTS,NSE,EQ,10.0,1,INE010V01017
JUNIPER HOTELS LIMITED,JUNIPER,NSE,EQ,1.0,1,INE696F01016
KINGFA SCI & TEC IND LTD.,KINGFA,NSE,EQ,50.0,1,INE473D01015
SHOPPERS STOP LIMITED,SHOPERSTOP,NSE,EQ,5.0,1,INE498B01024
ASIAN STAR CO. LTD.,ASTAR,NSE,EQ,5.0,1,INE194D01017
BHARAT ELECTRONICS LTD,BEL,NSE,EQ,5.0,1,INE263A01024
PSP PROJECTS LIMITED,PSPPROJECT,NSE,EQ,5.0,1,INE488V01015
CARBORUNDUM UNIVERSAL LTD,CARBORUNIV,NSE,EQ,10.0,1,INE120A01034
REC LIMITED,RECLTD,NSE,EQ,5.0,1,INE020B01018
TORRENT PHARMACEUTICALS L,TORNTPHARM,NSE,EQ,10.0,1,INE685A01028
JUPITER LIFE LINE HOSP L,JLHL,NSE,EQ,10.0,1,INE682M01012
PRAVEG LTD.,PRAVEG,NSE,EQ,5.0,1,INE722B01019
SRF LTD,SRF,NSE,EQ,10.0,1,INE647A01010
SURANA SOLAR LIMITED,SURANASOL,NSE,EQ,1.0,1,INE272L01022
LORENZINI APPARELS LTD,LAL,NSE,EQ,1.0,1,INE740X01023
CITY UNION BANK LTD,CUB,NSE,EQ,5.0,1,INE491A01021
PRADEEP METALS LTD.,PRADPME,NSE,EQ,5.0,1,INE770A01010
GUJARAT PIPAVAV PORT LTD,GPPL,NSE,EQ,1.0,1,INE517F01014
IFGL REFRACTORIES LIMITED,IFGLEXPOR,NSE,EQ,1.0,1,INE133Y01011
BF UTILITIES LIMITED,BFUTILITIE,NSE,EQ,5.0,1,INE243D01012
RHETAN TMT LIMITED,RHETAN,NSE,EQ,1.0,1,INE0KKN01029
KREBS BIOCHEMICALS & IND,KREBSBIO,NSE,EQ,1.0,1,INE268B01013
BOHRA INDUSTRIES LIMITED,BOHRAIND,NSE,EQ,1.0,1,INE802W01023
HDFCAMC - HDFCSML250,HDFCSML250,NSE,EQ,1.0,1,INF179KC1FB2
SULA VINEYARDS LIMITED,SULA,NSE,EQ,1.0,1,INE142Q01026
HDFCAMC - HDFCBSE500,HDFCBSE500,NSE,EQ,1.0,1,INF179KC1EZ4
UPDATER SERVICES LIMITED,UDS,NSE,EQ,1.0,1,INE851I01011
ALL TIME PLASTICS LIMITED,ALLTIME,NSE,EQ,1.0,1,INE0GV601021
SANDESH LTD,SANDESH,NSE,EQ,10.0,1,INE583B01015
GANDHAR OIL REFINE IND L,GANDHAR,NSE,EQ,1.0,1,INE717W01049
SHIVALIK BIMETAL CON. LTD,SBCL,NSE,EQ,5.0,1,INE386D01027
HDFCAMC - HDFCQUAL,HDFCQUAL,NSE,EQ,1.0,1,INF179KC1DL6
HDFCAMC - HDFCGROWTH,HDFCGROWTH,NSE,EQ,1.0,1,INF179KC1DJ0
HDFCAMC - HDFCVALUE,HDFCVALUE,NSE,EQ,1.0,1,INF179KC1DK8
5PAISA CAPITAL LIMITED,5PAISA,NSE,EQ,5.0,1,INE618L01018
HCL TECHNOLOGIES LTD,HCLTECH,NSE,EQ,10.0,1,INE860A01027
NILKAMAL LIMITED,NILKAMAL,NSE,EQ,10.0,1,INE310A01015
DREAMFOLKS SERVICES LTD,DREAMFOLKS,NSE,EQ,1.0,1,INE0JS101016
PREMIER ENERGIES LIMITED,PREMIERENE,NSE,EQ,10.0,1,INE0BS701011
SWIGGY LIMITED,SWIGGY,NSE,EQ,5.0,1,INE00H001014
SHANTI EDU INITIATIVES L,SEIL,NSE,EQ,1.0,1,INE440T01028
CHENNAI PETROLEUM CORP LT,CHENNPETRO,NSE,EQ,10.0,1,INE178A01016
BANK OF MAHARASHTRA,MAHABANK,NSE,EQ,1.0,1,INE457A01014
MANOJ VAIBHAV GEM N JEW L,MVGJL,NSE,EQ,1.0,1,INE0KNT01012
LENSKART SOLUTIONS LTD,LENSKART,NSE,EQ,5.0,1,INE956O01016
ELECTROSTEEL CASTINGS LTD,ELECTCAST,NSE,EQ,1.0,1,INE086A01029
INTL CONVEYORS LIMITED,INTLCONV,NSE,EQ,1.0,1,INE575C01027
FIBERWEB INDIA LIMITED,FIBERWEB,NSE,EQ,1.0,1,INE296C01020
NAGREEKA EXPORTS LTD.,NAGREEKEXP,NSE,EQ,1.0,1,INE123B01028
ADITYA INFOTECH LIMITED,CPPLUS,NSE,EQ,10.0,1,INE819V01029
SWELECT ENERGY SYS LTD,SWELECTES,NSE,EQ,5.0,1,INE409B01013
MANAK ALUMINIUM CO. LTD.,MANAKALUCO,NSE,EQ,1.0,1,INE859Q01017
PALASH SECURITIES LTD,PALASHSECU,NSE,EQ,1.0,1,INE471W01019
OM POWER TRANSMISSION LTD,OMPOWER,NSE,EQ,1.0,1,INE25E901019
UNIPHOS ENTERPRISES LTD,UNIENTER,NSE,EQ,1.0,1,INE037A01022
HDFCAMC - HDFCLIQUID,HDFCLIQUID,NSE,EQ,1.0,1,INF179KC1JG3
THE SOUTH INDIAN BANK LTD,SOUTHBANK,NSE,EQ,1.0,1,INE683A01023
ORICON ENTERPRISES LTD,ORICONENT,NSE,EQ,1.0,1,INE730A01022
REDINGTON LIMITED,REDINGTON,NSE,EQ,1.0,1,INE891D01026
MAC CHARLES (INDIA) LTD.,MCCHRLS-B,NSE,EQ,5.0,1,INE435D01014
SOBHA LIMITED,SOBHA,NSE,EQ,10.0,1,INE671H01015
MANAKSIA LTD.,MANAKSIA,NSE,EQ,1.0,1,INE015D01022
SIYARAM SILK MILLS LTD,SIYSIL,NSE,EQ,5.0,1,INE076B01028
SPL INDUSTRIES LIMITED,SPLIL,NSE,EQ,1.0,1,INE978G01016
WINDLAS BIOTECH LIMITED,WINDLAS,NSE,EQ,5.0,1,INE0H5O01029
KOTHARI SUG & CHEM LTD.,KOTARISUG,NSE,EQ,1.0,1,INE419A01022
TREJHARA SOLUTIONS LTD,TREJHARA,NSE,EQ,1.0,1,INE00CA01015
W.S.INDUSTRIES (I) LTD.,WSI,NSE,EQ,1.0,1,INE100D01014
HDFCAMC - HDFCNIFIT,HDFCNIFIT,NSE,EQ,1.0,1,INF179KC1IA8
HDFCAMC - HDFCPVTBAN,HDFCPVTBAN,NSE,EQ,1.0,1,INF179KC1HZ7
HALEOS LABS LIMITED,HALEOSLABS,NSE,EQ,10.0,1,INE320X01016
HDFCAMC - HDFCSENSEX,HDFCSENSEX,NSE,EQ,1.0,1,INF179KC1HX2
HDFCAMC - HDFCNIFBAN,HDFCNIFBAN,NSE,EQ,1.0,1,INF179KC1HY0
HDFCAMC - HDFCMOMENT,HDFCMOMENT,NSE,EQ,1.0,1,INF179KC1HV6
CAMPUS ACTIVEWEAR LIMITED,CAMPUS,NSE,EQ,5.0,1,INE278Y01022
HDFCAMC HDFCPSUBK,HDFCPSUBK,NSE,EQ,1.0,1,INF179KC1HW4
JHS SVENDGAARD RETAIL V L,RETAIL,NSE,EQ,1.0,1,INE03DD01011
HDFCAMC - HDFCMID150,HDFCMID150,NSE,EQ,1.0,1,INF179KC1HT0
HDFCAMC - HDFCLOWVOL,HDFCLOWVOL,NSE,EQ,1.0,1,INF179KC1HU8
HDFCAMC - HDFCNIF100,HDFCNIF100,NSE,EQ,1.0,1,INF179KC1HR4
HDFCAMC - HDFCNEXT50,HDFCNEXT50,NSE,EQ,1.0,1,INF179KC1HS2
TPL PLASTECH LIMITED,TPLPLASTEH,NSE,EQ,1.0,1,INE413G01022
AJAX ENGINEERING LIMITED,AJAXENGG,NSE,EQ,5.0,1,INE274Y01021
ALBERT DAVID LIMITED,ALBERTDAVD,NSE,EQ,5.0,1,INE155C01010
FEDERAL BANK LTD,FEDERALBNK,NSE,EQ,5.0,1,INE171A01029
AXISAMC - AXISVALUE,AXISVALUE,NSE,EQ,1.0,1,INF846KA1119
KILBURN ENGINEERING LTD.,KLBRENG-B,NSE,EQ,5.0,1,INE338F01015
DRC SYSTEMS INDIA LIMITED,DRCSYSTEMS,NSE,EQ,1.0,1,INE03RS01027
RBL BANK LIMITED,RBLBANK,NSE,EQ,5.0,1,INE976G01028
K.P. ENERGY LIMITED,KPEL,NSE,EQ,5.0,1,INE127T01021
DYNAMIC CABLES LIMITED,DYCL,NSE,EQ,5.0,1,INE600Y01019
JAIN DVR EQUITY SHARES,JISLDVREQS,NSE,EQ,1.0,1,IN9175A01010
PERSISTENT SYSTEMS LTD,PERSISTENT,NSE,EQ,50.0,1,INE262H01021
BANK OF INDIA,BANKINDIA,NSE,EQ,1.0,1,INE084A01016
GUJARAT THEMIS BIOSYN LTD,GUJTHEM,NSE,EQ,5.0,1,INE942C01045
ASIAN HOTELS (NORTH) LTD,ASIANHOTNR,NSE,EQ,5.0,1,INE363A01022
STOVE KRAFT LIMITED,STOVEKRAFT,NSE,EQ,5.0,1,INE00IN01015
MANBA FINANCE LIMITED,MANBA,NSE,EQ,1.0,1,INE939X01013
SAMVRDHNA MTHRSN INTL LTD,MOTHERSON,NSE,EQ,1.0,1,INE775A01035
KAJARIA CERAMICS LTD,KAJARIACER,NSE,EQ,10.0,1,INE217B01036
KEI INDUSTRIES LTD.,KEI,NSE,EQ,50.0,1,INE878B01027
SASKEN TECHNOLOGIES LTD,SASKEN,NSE,EQ,10.0,1,INE231F01020
MUKKA PROTEINS LIMITED,MUKKA,NSE,EQ,1.0,1,INE0CG401037
JUSTDIAL LTD.,JUSTDIAL,NSE,EQ,5.0,1,INE599M01018
WONDER ELECTRICALS LTD,WEL,NSE,EQ,1.0,1,INE02WG01024
XELPMOC DESIGN & TECH LTD,XELPMOC,NSE,EQ,1.0,1,INE01P501012
INDO COUNT INDUSTRIES LTD,ICIL,NSE,EQ,5.0,1,INE483B01026
SBI-ETF NIFTY 50,SETFNIF50,NSE,EQ,1.0,1,INF200KA1FS1
TIMKEN INDIA LTD.,TIMKEN,NSE,EQ,10.0,1,INE325A01013
TV VISION LIMITED,TVVISION,NSE,EQ,1.0,1,INE871L01013
RPG LIFE SCIENCES LTD,RPGLIFE,NSE,EQ,10.0,1,INE105J01010
SRG HOUSING FINANCE L,SRGHFL,NSE,EQ,5.0,1,INE559N01010
CREDITACCESS GRAMEEN LTD,CREDITACC,NSE,EQ,10.0,1,INE741K01010
CAPITAL SMALL FIN BANK L,CAPITALSFB,NSE,EQ,5.0,1,INE646H01017
ASHIMA LTD,ASHIMASYN,NSE,EQ,1.0,1,INE440A01010
SBI CARDS & PAY SER LTD,SBICARD,NSE,EQ,5.0,1,INE018E01016
OLA ELECTRIC MOBILITY LTD,OLAELEC,NSE,EQ,1.0,1,INE0LXG01040
GMR AIRPORTS LIMITED,GMRAIRPORT,NSE,EQ,1.0,1,INE776C01039
PB FINTECH LIMITED,POLICYBZR,NSE,EQ,10.0,1,INE417T01026
PRAKASH STEELAGE LTD,PRAKASHSTL,NSE,EQ,1.0,1,INE696K01024
GLAND PHARMA LIMITED,GLAND,NSE,EQ,10.0,1,INE068V01023
SPML INFRA LIMITED,SPMLINFRA,NSE,EQ,1.0,1,INE937A01023
SBIAMC - SETF10GILT,SETF10GILT,NSE,EQ,1.0,1,INF200KA1JT1
INVENTURUS KNOWLEDGE SO L,IKS,NSE,EQ,10.0,1,INE115Q01022
PCBL CHEMICAL LIMITED,PCBL,NSE,EQ,5.0,1,INE602A01031
SRI HAVISHA HOSP & INFR L,HAVISHA,NSE,EQ,1.0,1,INE293B01029
KWALITY WALL'S (INDIA) L,KWIL,NSE,EQ,1.0,1,INE2KCE01013
SREELEATHERS LIMITED,SREEL,NSE,EQ,1.0,1,INE099F01013
KIRLOSKAR INDUSTRIES LTD,KIRLOSIND,NSE,EQ,10.0,1,INE250A01039
LINCOLN PHARMA LTD,LINCOLN,NSE,EQ,5.0,1,INE405C01035
BALU FORGE INDUSTRIES LTD,BALUFORGE,NSE,EQ,5.0,1,INE011E01029
MINDTECK (INDIA) LIMITED,MINDTECK,NSE,EQ,1.0,1,INE110B01017
RAIL VIKAS NIGAM LIMITED,RVNL,NSE,EQ,1.0,1,INE415G01027
HINDWARE HME INOVATON LTD,HINDWAREAP,NSE,EQ,1.0,1,INE05AN01011
CSL FINANCE LIMITED,CSLFINANCE,NSE,EQ,1.0,1,INE718F01018
CAPITAL INDIA FINANCE LTD,CIFL,NSE,EQ,1.0,1,INE345H01024
BLUSPRING ENTERPRISES LTD,BLUSPRING,NSE,EQ,1.0,1,INE0U4101014
BSL LTD,BSL,NSE,EQ,1.0,1,INE594B01012
VIRINCHI LIMITED,VIRINCHI,NSE,EQ,1.0,1,INE539B01017
DEEP INDUSTRIES LIMITED,DEEPINDS,NSE,EQ,5.0,1,INE0FHS01024
AMANTA HEALTHCARE LIMITED,AMANTA,NSE,EQ,1.0,1,INE084K01015
DSJ KEEP LEARNING LTD,KEEPLEARN,NSE,EQ,1.0,1,INE055C01020
BIRLASLAMC - ABSL10BANK,ABSL10BANK,NSE,EQ,1.0,1,INF209KC1670
MARSONS LIMITED,MARSONS,NSE,EQ,1.0,1,INE415B01044
BIRLASLAMC - ABSLMSCIN,ABSLMSCIN,NSE,EQ,1.0,1,INF209KC1662
GANESH CONSUMER PRODUCT L,GANESHCP,NSE,EQ,1.0,1,INE652V01016
BRIGADE ENTER. LTD,BRIGADE,NSE,EQ,5.0,1,INE791I01019
EMKAY GLOBAL FIN SERV LTD,EMKAY,NSE,EQ,1.0,1,INE296H01011
TAMILNADU PETROPRODUCTS L,TNPETRO,NSE,EQ,1.0,1,INE148A01019
TRUALT BIOENERGY LIMITED,TRUALT,NSE,EQ,5.0,1,INE0MWH01014
AONEAMC - AONENIFTY,AONENIFTY,NSE,EQ,1.0,1,INF1J2R01064
AONEAMC - AONELIQUID,AONELIQUID,NSE,EQ,1.0,1,INF1J2R01056
ANJANI PORTLAND CEM LTD,APCL,NSE,EQ,1.0,1,INE071F01012
SHANKARA BUILDPRO LIMITED,BUILDPRO,NSE,EQ,10.0,1,INE24OJ01011
MOLD-TEK TECHNOLOGIES LTD,MOLDTECH,NSE,EQ,1.0,1,INE835B01035
IRB INFRA DEV LTD.,IRB,NSE,EQ,1.0,1,INE821I01022
DYNAMATIC TECHNOLOGIES,DYNAMATECH,NSE,EQ,100.0,1,INE221B01012
BARAK VALLEY CEM. LTD.,BVCL,NSE,EQ,1.0,1,INE139I01011
DHAMPUR SUGAR MILLS LTD.,DHAMPURSUG,NSE,EQ,1.0,1,INE041A01016
NAVNEET EDUCATION LTD,NAVNETEDUL,NSE,EQ,1.0,1,INE060A01024
INSECTICIDES (I) LTD,INSECTICID,NSE,EQ,5.0,1,INE070I01018
GRADIENTE INFOTAINMENT L,GRADIENTE,NSE,EQ,1.0,1,INE361K01017
JAYASWAL NECO INDUSTR LTD,JAYNECOIND,NSE,EQ,1.0,1,INE854B01010
BOSCH LIMITED,BOSCHLTD,NSE,EQ,500.0,1,INE323A01026
AONEAMC - AONETOTAL,AONETOTAL,NSE,EQ,1.0,1,INF1J2R01015
PARKHOTELS,PARKHOTELS,NSE,EQ,1.0,1,INE988S01028
MAYUR UNIQUOTERS LTD,MAYURUNIQ,NSE,EQ,5.0,1,INE040D01038
IL&FS INVESTMENT MANAGERS,IVC,NSE,EQ,1.0,1,INE050B01023
ZODIAC CLOTHING CO. LTD.,ZODIACLOTH,NSE,EQ,1.0,1,INE206B01013
KERNEX MICROSYS(I) LTD,KERNEX,NSE,EQ,10.0,1,INE202H01019
RITES LIMITED,RITES,NSE,EQ,1.0,1,INE320J01015
HPL ELECTRIC & POWER LTD,HPL,NSE,EQ,5.0,1,INE495S01016
TVS ELECTRONICS LTD,TVSELECT,NSE,EQ,5.0,1,INE236G01019
ELANTAS BECK INDIA LTD.,ELANTAS,NSE,EQ,50.0,1,INE280B01018
SJS ENTERPRISES LIMITED,SJS,NSE,EQ,10.0,1,INE284S01014
3B BLACKBIO DX LTD.,3BBLACKBIO,NSE,EQ,10.0,1,INE994E01018
NAHAR INDS ENT LTD,NAHARINDUS,NSE,EQ,1.0,1,INE289A01011
SBIAMC - LIQUIDSBI,LIQUIDSBI,NSE,EQ,1.0,1,INF200KA13Z8
HINDUSTAN FOODS LIMITED,HNDFDS,NSE,EQ,5.0,1,INE254N01026
NDR AUTO COMPONENTS LTD,NDRAUTO,NSE,EQ,5.0,1,INE07OG01012
DELTA MANUFACTURING LTD,DELTAMAGNT,NSE,EQ,1.0,1,INE393A01011
EXCELSOFT TECHNOLOGIES L,EXCELSOFT,NSE,EQ,1.0,1,INE606N01019
H.G.INFRA ENGINEERING LTD,HGINFRA,NSE,EQ,5.0,1,INE926X01010
PFIZER LTD,PFIZER,NSE,EQ,10.0,1,INE182A01018
AURIONPRO SOLN LTD,AURIONPRO,NSE,EQ,5.0,1,INE132H01018
GUJARAT KIDNEY N SUP SP L,GKSL,NSE,EQ,1.0,1,INE0V0W01025
HEADS UP VENTURES LIMITED,HEADSUP,NSE,EQ,1.0,1,INE759V01019
SBI-ETF NIFTY BANK,SETFNIFBK,NSE,EQ,1.0,1,INF200KA1580
SBI-ETF NIFTY NEXT 50,SETFNN50,NSE,EQ,1.0,1,INF200KA1598
EMAMI LIMITED,EMAMILTD,NSE,EQ,5.0,1,INE548C01032
MONEYBOXX FINANCE LIMITED,MONEYBOXX,NSE,EQ,1.0,1,INE296Q01012
MANGALAM WORLDWIDE LTD,MWL,NSE,EQ,5.0,1,INE0JYY01011
ORIENT GREEN POWER CO LTD,GREENPOWER,NSE,EQ,1.0,1,INE999K01014
RUCHI INFRASTRUCTURE LTD,RUCHINFRA,NSE,EQ,1.0,1,INE413B01023
JOHN COCKERILL INDIA LTD.,COCKERILL,NSE,EQ,50.0,1,INE515A01019
HDFC GOLD ETF,HDFCGOLD,NSE,EQ,1.0,1,INF179KC1981
HDFCAMC - HDFCNIFTY,HDFCNIFTY,NSE,EQ,1.0,1,INF179KC1965
TREE HOUSE EDU LTD,TREEHOUSE,NSE,EQ,1.0,1,INE040M01013
HONDA I POWER PRODUCT LTD,HONDAPOWER,NSE,EQ,10.0,1,INE634A01018
LTM LIMITED,LTM,NSE,EQ,10.0,1,INE214T01019
HAVELLS INDIA LIMITED,HAVELLS,NSE,EQ,10.0,1,INE176B01034
CPSE ETF,CPSEETF,NSE,EQ,1.0,1,INF457M01133
RUDRABHISHEK ENTERP LTD,REPL,NSE,EQ,1.0,1,INE364Z01019
ADIT BIRL SUN LIF AMC LTD,ABSLAMC,NSE,EQ,10.0,1,INE404A01024
GALAXY SURFACTANTS LTD,GALAXYSURF,NSE,EQ,10.0,1,INE600K01018
SPANDANA SPHOORTY FIN LTD,SPANDANA,NSE,EQ,5.0,1,INE572J01011
BANDHAN BANK LIMITED,BANDHANBNK,NSE,EQ,1.0,1,INE545U01014
VIDYA WIRES LIMITED,VIDYAWIRES,NSE,EQ,1.0,1,INE14UN01029
JKUMAR INFR.LTD.,JKIL,NSE,EQ,5.0,1,INE576I01022
GKW LIMITED,GKWLIMITED,NSE,EQ,10.0,1,INE528A01020
SREE RAYALSEEMA HHP LTD.,SRHHYPOLTD,NSE,EQ,5.0,1,INE917H01012
MARKSANS PHARMA LIMITED,MARKSANS,NSE,EQ,1.0,1,INE750C01026
HYBRID FINANCIAL SERVICE,HYBRIDFIN,NSE,EQ,1.0,1,INE965B01022
MAHINDRA HOLIDAYS LTD,MHRIL,NSE,EQ,1.0,1,INE998I01010
ANDHRA CEMENTS LIMITED,ACL,NSE,EQ,1.0,1,INE666E01020
THE GROB TEA COMPANY LTD,GROBTEA,NSE,EQ,5.0,1,INE646C01018
YASHO INDUSTRIES LIMITED,YASHO,NSE,EQ,10.0,1,INE616Z01012
THERMAX LTD,THERMAX,NSE,EQ,10.0,1,INE152A01029
POONAWALLA FINCORP LTD,POONAWALLA,NSE,EQ,5.0,1,INE511C01022
SIKA INTERPLANT SYSTEMS L,SIKA,NSE,EQ,5.0,1,INE438E01032
GULF OIL LUB. IND. LTD.,GULFOILLUB,NSE,EQ,5.0,1,INE635Q01029
SADBHAV ENGINEERING LTD,SADBHAV,NSE,EQ,1.0,1,INE226H01026
INDBANK MERCH BANK,INDBANK,NSE,EQ,1.0,1,INE841B01017
EQUITAS SMALL FIN BNK LTD,EQUITASBNK,NSE,EQ,1.0,1,INE063P01018
GARWARE TECH FIBRES LTD,GARFIBRES,NSE,EQ,5.0,1,INE276A01018
MADHAV INFRA PROJECTS L,MADHAVIPL,NSE,EQ,1.0,1,INE631R01026
PATEL INT. LOG. LTD,PATINTLOG,NSE,EQ,1.0,1,INE529D01014
CARTRADE TECH LIMITED,CARTRADE,NSE,EQ,10.0,1,INE290S01011
ALKYL AMINES CHEM. LTD,ALKYLAMINE,NSE,EQ,10.0,1,INE150B01039
GRP LIMITED,GRPLTD,NSE,EQ,10.0,1,INE137I01015
A K CAPITAL SERVICES LTD.,AKCAPIT,NSE,EQ,10.0,1,INE701G01012
INDIAN METALS & FERRO,IMFA,NSE,EQ,10.0,1,INE919H01018
GVP INFOTECH LIMITED,GVPTECH,NSE,EQ,1.0,1,INE382T01030
SBI-ETF GOLD,SETFGOLD,NSE,EQ,1.0,1,INF200KA16D8
MAZAGON DOCK SHIPBUIL LTD,MAZDOCK,NSE,EQ,10.0,1,INE249Z01020
SHYAM CENTURY FERROUS LTD,SHYAMCENT,NSE,EQ,1.0,1,INE979R01011
GRAVISS HOSPITALITY LTD.,GRAVISSHO,NSE,EQ,1.0,1,INE214F01026
ADROIT INFOTECH LIMITED,ADROITINFO,NSE,EQ,1.0,1,INE737B01033
UMIYA BUILDCON LIMITED,UMIYA-MRO,NSE,EQ,1.0,1,INE398B01018
BANCO PRODUCTS (I) LTD,BANCOINDIA,NSE,EQ,5.0,1,INE213C01025
GARUDA CONSTRUCT N ENG L,GARUDA,NSE,EQ,1.0,1,INE0JVO01026
RAILTEL CORP OF IND LTD,RAILTEL,NSE,EQ,5.0,1,INE0DD101019
BTRFLY GANDHI APPL LTD,BUTTERFLY,NSE,EQ,5.0,1,INE295F01017
A B COTSPIN INDIA LIMITED,ABCOTS,NSE,EQ,1.0,1,INE08PH01015
SAKSOFT LIMITED,SAKSOFT,NSE,EQ,1.0,1,INE667G01023
SHREE RENUKA SUGARS LTD,RENUKA,NSE,EQ,1.0,1,INE087H01022
RADIANT CASH MGMT SER LTD,RADIANTCMS,NSE,EQ,1.0,1,INE855R01021
BAJAJ HINDUSTHAN SUGAR LT,BAJAJHIND,NSE,EQ,1.0,1,INE306A01021
JARO INS OF TEC MG N RE L,JARO,NSE,EQ,5.0,1,INE00YJ01010
KRSNAA DIAGNOSTICS LTD,KRSNAA,NSE,EQ,5.0,1,INE08LI01020
GANGES SECURITIES LIMITED,GANGESSECU,NSE,EQ,1.0,1,INE335W01016
SOLAR INDUSTRIES (I) LTD,SOLARINDS,NSE,EQ,100.0,1,INE343H01029
CREATIVE NEWTECH LIMITED,CNL,NSE,EQ,5.0,1,INE985W01018
KIRLOSKAR BROTHERS LTD,KIRLOSBROS,NSE,EQ,10.0,1,INE732A01036
PVR INOX LIMITED,PVRINOX,NSE,EQ,5.0,1,INE191H01014
BIRLASLAMC - ABGSEC,ABGSEC,NSE,EQ,1.0,1,INF209KC1134
QUANTUM GOLD FUND,QGOLDHALF,NSE,EQ,1.0,1,INF082J01408
JNK INDIA LIMITED,JNKINDIA,NSE,EQ,5.0,1,INE0OAF01028
QUANTUM NIFTY 50 ETF,QNIFTY,NSE,EQ,1.0,1,INF082J01499
ODIGMA CONSULTANCY SOL L,ODIGMA,NSE,EQ,1.0,1,INE054301028
VIP INDUSTRIES LTD,VIPIND,NSE,EQ,5.0,1,INE054A01027
UTI ASSET MNGMT CO LTD,UTIAMC,NSE,EQ,5.0,1,INE094J01016
BIRLASLAMC - GSEC10ABSL,GSEC10ABSL,NSE,EQ,1.0,1,INF209KC1142
GINNI FILAMENTS LTD,GINNIFILA,NSE,EQ,1.0,1,INE424C01010
AXITA COTTON LIMITED,AXITA,NSE,EQ,1.0,1,INE02EZ01022
IIFL FINANCE LIMITED,IIFL,NSE,EQ,5.0,1,INE530B01024
ZUARI AGRO CHEMICALS LTD,ZUARI,NSE,EQ,1.0,1,INE840M01016
ZENITH STEEL PIP IND LTD,ZENITHSTL,NSE,EQ,1.0,1,INE318D01020
INDIA SHELTER FIN CORP L,INDIASHLTR,NSE,EQ,5.0,1,INE922K01024
ETERNAL LIMITED,ETERNAL,NSE,EQ,5.0,1,INE758T01015
SIMPLEX INFRASTRUCTURES L,SIMPLEXINF,NSE,EQ,5.0,1,INE059B01024
ITC LTD,ITC,NSE,EQ,5.0,1,INE154A01025
SNOWMAN LOGISTICS LTD.,SNOWMAN,NSE,EQ,1.0,1,INE734N01019
INTRASOFT TECH. LTD,ISFT,NSE,EQ,1.0,1,INE566K01011
POLYCAB INDIA LIMITED,POLYCAB,NSE,EQ,50.0,1,INE455K01017
SRM CONTRACTORS LIMITED,SRM,NSE,EQ,5.0,1,INE0R6Z01013
BAJAJ CONSUMER CARE LTD,BAJAJCON,NSE,EQ,5.0,1,INE933K01021
AUROBINDO PHARMA LTD,AUROPHARMA,NSE,EQ,10.0,1,INE406A01037
GODAVARI BIOREFINERIES L,GODAVARIB,NSE,EQ,5.0,1,INE497S01012
WEALTH FRST PORT. MG. LTD,WEALTH,NSE,EQ,5.0,1,INE658T01017
SUNDRAM FASTENERS LTD,SUNDRMFAST,NSE,EQ,5.0,1,INE387A01021
RATNAMANI MET & TUB LTD.,RATNAMANI,NSE,EQ,10.0,1,INE703B01027
SHRIRAM PROPERTIES LTD,SHRIRAMPPS,NSE,EQ,1.0,1,INE217L01019
GROWWAMC - GROWWSC250,GROWWSC250,NSE,EQ,1.0,1,INF666M01MO0
GROWWAMC - GROWWRLTY,GROWWRLTY,NSE,EQ,1.0,1,INF666M01MN2
CONS. CONST. CONSORT LTD,CCCL,NSE,EQ,1.0,1,INE429I01024
DE NORA INDIA LIMITED,DENORA,NSE,EQ,5.0,1,INE244A01016
GROWWAMC - GROWWCAPM,GROWWCAPM,NSE,EQ,1.0,1,INF666M01MM4
EASY TRIP PLANNERS LTD,EASEMYTRIP,NSE,EQ,1.0,1,INE07O001026
P N GADGIL JEWELLERS LTD,PNGJL,NSE,EQ,5.0,1,INE953R01016
GROWWAMC - GROWWMC150,GROWWMC150,NSE,EQ,1.0,1,INF666M01MV5
MAHINDRA & MAHINDRA LTD,M&M,NSE,EQ,10.0,1,INE101A01026
SBC EXPORTS LIMITED,SBC,NSE,EQ,1.0,1,INE04AK01028
ASHOK LEYLAND LTD,ASHOKLEY,NSE,EQ,1.0,1,INE208A01029
GROWWAMC - GROWWMETAL,GROWWMETAL,NSE,EQ,1.0,1,INF666M01NI0
MATRIMONY.COM LIMITED,MATRIMONY,NSE,EQ,5.0,1,INE866R01028
KAVVERI DFS & WIR TEC LTD,KAVDEFENCE,NSE,EQ,1.0,1,INE641C01019
HEXA TRADEX LIMITED,HEXATRADEX,NSE,EQ,1.0,1,INE750M01017
KALYAN JEWELLERS IND LTD,KALYANKJIL,NSE,EQ,5.0,1,INE303R01014
GROWWAMC - GROWWPSE,GROWWPSE,NSE,EQ,1.0,1,INF666M01NQ3
GROWWAMC - GROWWCHEM,GROWWCHEM,NSE,EQ,1.0,1,INF666M01NP5
CARRARO INDIA LIMITED,CARRARO,NSE,EQ,5.0,1,INE0V7W01012
MAN INFRA LTD,MANINFRA,NSE,EQ,1.0,1,INE949H01023
DCX SYSTEMS LIMITED,DCXINDIA,NSE,EQ,1.0,1,INE0KL801015
INDIA TOUR. DEV. CO. LTD.,ITDC,NSE,EQ,5.0,1,INE353K01014
GROWWAMC - GROWWSLVR,GROWWSLVR,NSE,EQ,1.0,1,INF666M01OF4
GROWWAMC - GROWWGOLD,GROWWGOLD,NSE,EQ,1.0,1,INF666M01OE7
GROWWAMC - GROWWHOSPI,GROWWHOSPI,NSE,EQ,1.0,1,INF666M01OD9
SUBROS LIMITED,SUBROS,NSE,EQ,5.0,1,INE287B01021
WINDSOR MACHINES LIMITED,WINDMACHIN,NSE,EQ,5.0,1,INE052A01021
DELHIVERY LIMITED,DELHIVERY,NSE,EQ,5.0,1,INE148O01028
THE RAMCO CEMENTS LIMITED,RAMCOCEM,NSE,EQ,5.0,1,INE331A01037
CREST VENTURES LIMITED,CREST,NSE,EQ,5.0,1,INE559D01011
DEV INFO TECHNOLOGY LTD,DEVIT,NSE,EQ,1.0,1,INE060X01034
ICICI BANK LTD.,ICICIBANK,NSE,EQ,10.0,1,INE090A01021
BLUE STAR LIMITED,BLUESTARCO,NSE,EQ,10.0,1,INE472A01039
NDTV LTD,NDTV,NSE,EQ,1.0,1,INE155G01029
GROWWAMC - GROWWMOM50,GROWWMOM50,NSE,EQ,1.0,1,INF666M01KJ4
UPL LIMITED,UPL,NSE,EQ,5.0,1,INE628A01036
DIFFUSION ENGINEERS LTD,DIFFNKG,NSE,EQ,5.0,1,INE184O01015
KIRLOSKAR FERROUS IND LTD,KIRLFER,NSE,EQ,5.0,1,INE884B01025
MSP STEEL & POWER LTD.,MSPL,NSE,EQ,1.0,1,INE752G01015
SALASAR TECHNO ENGG. LTD.,SALASAR,NSE,EQ,1.0,1,INE170V01027
LAMBODHARA TEXTILES LTD.,LAMBODHARA,NSE,EQ,1.0,1,INE112F01022
R M DRIP & SPRINK SYS LTD,RMDRIP,NSE,EQ,1.0,1,INE219Y01026
GLAXOSMITHKLINE PHARMA LT,GLAXO,NSE,EQ,10.0,1,INE159A01016
BEST AGROLIFE LIMITED,BESTAGRO,NSE,EQ,1.0,1,INE052T01021
M K PROTEINS LIMITED,MKPL,NSE,EQ,1.0,1,INE964W01021
MITTAL LIFE STYLE LIMITED,MITTAL,NSE,EQ,1.0,1,INE997Y01027
AEROFLEX NEU LIMITED,AERONEU,NSE,EQ,1.0,1,INE035801013
3I INFOTECH LIMITED,3IINFOLTD,NSE,EQ,1.0,1,INE748C01038
IRM ENERGY LIMITED,IRMENERGY,NSE,EQ,5.0,1,INE07U701015
GROWWAMC - GROWWLOVOL,GROWWLOVOL,NSE,EQ,1.0,1,INF666M01LB9
EURO PRATIK SALES LIMITED,EUROPRATIK,NSE,EQ,5.0,1,INE198501012
STAR CEMENT LIMITED,STARCEMENT,NSE,EQ,1.0,1,INE460H01021
GROWWAMC - GROWWPOWER,GROWWPOWER,NSE,EQ,1.0,1,INF666M01LM6
GROWWAMC - GROWWNIFTY,GROWWNIFTY,NSE,EQ,1.0,1,INF666M01LL8
GROWWAMC - GROWWNET,GROWWNET,NSE,EQ,1.0,1,INF666M01LI4
AJMERA REALTY & INF I LTD,AJMERA,NSE,EQ,1.0,1,INE298G01035
GROWWAMC - GROWWNXT50,GROWWNXT50,NSE,EQ,1.0,1,INF666M01LZ8
NATIONAL STAND (INDIA) L,NATIONSTD,NSE,EQ,10.0,1,INE166R01015
JAI CORP LIMITED,JAICORPLTD,NSE,EQ,1.0,1,INE070D01027
JYOTI STRUCTURES LTD,JYOTISTRUC,NSE,EQ,1.0,1,INE197A01024
BALKRISHNA IND. LTD,BALKRISIND,NSE,EQ,10.0,1,INE787D01026
SUZLON ENERGY LIMITED,SUZLON,NSE,EQ,1.0,1,INE040H01021
AKUMS DRUGS AND PHARMA L,AKUMS,NSE,EQ,5.0,1,INE09XN01023
ICICIPRAMC - ICICI10GS,GSEC10IETF,NSE,EQ,1.0,1,INF109KC18O0
TGB BANQUETS&HOTELS LTD,TGBHOTELS,NSE,EQ,1.0,1,INE797H01018
AION-TECH SOLUTIONS LTD,GOLDTECH,NSE,EQ,1.0,1,INE805A01014
LASA SUPERGENERICS LTD,LASA,NSE,EQ,1.0,1,INE670X01014
ICICIPRAMC - OILIETF,OILIETF,NSE,EQ,1.0,1,INF109KC18W3
FINO PAYMENTS BANK LTD,FINOPB,NSE,EQ,1.0,1,INE02NC01014
REGENCY CERAMICS LTD.,REGENCERAM,NSE,EQ,1.0,1,INE277C01012
ICICIPRAMC - ICICIQTY30,QUAL30IETF,NSE,EQ,1.0,1,INF109KC18V5
ICICIPRAMC - ICICIBANKP,PVTBANIETF,NSE,EQ,1.0,1,INF109KC18U7
SIRCA PAINT INDIA LIMITED,SIRCA,NSE,EQ,5.0,1,INE792Z01011
ORIENT ELECTRIC LIMITED,ORIENTELEC,NSE,EQ,1.0,1,INE142Z01019
LARSEN & TOUBRO LTD.,LT,NSE,EQ,10.0,1,INE018A01030
TATAAML-TATSILV,TATSILV,NSE,EQ,1.0,1,INF277KA1984
SESHAASAI TECHNOLOGIES L,STYL,NSE,EQ,5.0,1,INE04VU01023
DHUNSERI VENTURES LIMITED,DVL,NSE,EQ,1.0,1,INE477B01010
ICICIPRAMC - ICICICOMMO,COMMOIETF,NSE,EQ,1.0,1,INF109KC19O8
STEELCAST LIMITED,STEELCAS,NSE,EQ,5.0,1,INE124E01038
ICICIPRAMC - ICICIFMCG,FMCGIETF,NSE,EQ,1.0,1,INF109KC19V3
ICICI PR NIF LW VL 30 ETF,LOWVOLIETF,NSE,EQ,1.0,1,INF109KC19U5
KSB LIMITED,KSB,NSE,EQ,5.0,1,INE999A01023
ICICIPRAMC - METALIETF,METALIETF,NSE,EQ,1.0,1,INF109KC19W1
AEQUS LIMITED,AEQUS,NSE,EQ,1.0,1,INE947N01017
MURUDESHWAR CERAMICS LTD,MURUDCERA,NSE,EQ,1.0,1,INE692B01014
TATAAML-TATAGOLD,TATAGOLD,NSE,EQ,1.0,1,INF277KA1976
PANSARI DEVELOPERS LTD,PANSARI,NSE,EQ,5.0,1,INE697V01011
INDO AMINES LIMITED,INDOAMIN,NSE,EQ,1.0,1,INE760F01028
IDFC FIRST BANK LIMITED,IDFCFIRSTB,NSE,EQ,1.0,1,INE092T01019
GROWWAMC - GROWWPSUBK,GROWWPSUBK,NSE,EQ,1.0,1,INF666M01OG2
KRBL LIMITED,KRBL,NSE,EQ,5.0,1,INE001B01026
JUBILANT PHARMOVA LTD,JUBLPHARMA,NSE,EQ,5.0,1,INE700A01033
BLISS GVS PHARMA LTD,BLISSGVS,NSE,EQ,5.0,1,INE416D01022
GROWWAMC - PVTBKGROWW,PVTBKGROWW,NSE,EQ,1.0,1,INF666M01OT5
PTL ENTERPRISES LTD,PTL,NSE,EQ,1.0,1,INE034D01049
PETRONET LNG LIMITED,PETRONET,NSE,EQ,5.0,1,INE347G01014
MRPL,MRPL,NSE,EQ,1.0,1,INE103A01014
CG POWER AND IND SOL LTD,CGPOWER,NSE,EQ,5.0,1,INE067A01029
GPT HEALTHCARE LIMITED,GPTHEALTH,NSE,EQ,1.0,1,INE486R01017
AMBICA AGAR & AROMAINDLTD,AMBICAAGAR,NSE,EQ,1.0,1,INE792B01012
APOLLO TYRES LTD,APOLLOTYRE,NSE,EQ,5.0,1,INE438A01022
HP ADHESIVES LIMITED,HPAL,NSE,EQ,1.0,1,INE0GSL01024
OLECTRA GREENTECH LIMITED,OLECTRA,NSE,EQ,10.0,1,INE260D01016
DHUNSERI TEA & IND. LTD.,DTIL,NSE,EQ,1.0,1,INE341R01014
SHREE AJIT PULP & PAPER L,SAPPL,NSE,EQ,5.0,1,INE185C01017
TRANSWARRANTY FIN. LTD.,TFL,NSE,EQ,1.0,1,INE804H01012
ELIN ELECTRONICS LIMITED,ELIN,NSE,EQ,1.0,1,INE050401020
NEULAND LAB LTD.,NEULANDLAB,NSE,EQ,100.0,1,INE794A01010
AVONMORE CAP&MGT SERV LTD,AVONMORE,NSE,EQ,1.0,1,INE323B01024
NAHAR POLY FILMS LIMITED,NAHARPOLY,NSE,EQ,5.0,1,INE308A01027
MANORAMA INDUSTRIES LTD,MANORAMA,NSE,EQ,10.0,1,INE00VM01036
JAYKAY ENTERPRISES LTD,JAYKAY,NSE,EQ,1.0,1,INE903A01025
HEMISPHERE PROP IND LTD,HEMIPROP,NSE,EQ,1.0,1,INE0AJG01018
CELEBRITY FASHIONS LTD,CELEBRITY,NSE,EQ,1.0,1,INE185H01016
POWER MECH PROJECTS LTD.,POWERMECH,NSE,EQ,10.0,1,INE211R01019
RELAXO FOOT LTD.,RELAXO,NSE,EQ,5.0,1,INE131B01039
ICICI PRUD NIFTY ETF,NIFTYIETF,NSE,EQ,1.0,1,INF109K012R6
SHREE TIRUPATI BALAJEE L,BALAJEE,NSE,EQ,1.0,1,INE0S2G01011
ADANI ENTERPRISES LIMITED,ADANIENT,NSE,EQ,10.0,1,INE423A01024
GANDHI SPL. TUBES LTD,GANDHITUBE,NSE,EQ,5.0,1,INE524B01027
BAL PHARMA LTD.,BALPHARMA,NSE,EQ,1.0,1,INE083D01012
DIAMOND POWER INFRA LTD,DIACABS,NSE,EQ,1.0,1,INE989C01038
NARMADA AGROBASE LIMITED,NARMADA,NSE,EQ,1.0,1,INE117Z01011
DAMODAR INDUSTRIES LTD,DAMODARIND,NSE,EQ,1.0,1,INE497D01022
TARSONS PRODUCTS LIMITED,TARSONS,NSE,EQ,1.0,1,INE144Z01023
AMINES & PLASTICIZERS LTD,AMNPLST,NSE,EQ,1.0,1,INE275D01022
SHREE RAM TWISTEX LIMITED,SRTL,NSE,EQ,1.0,1,INE19GK01015
ADF FOODS LIMITED,ADFFOODS,NSE,EQ,5.0,1,INE982B01027
ADITYA BIRLA LIFES BRAN L,ABLBL,NSE,EQ,1.0,1,INE14LE01019
METROGLOBAL LTD.,METROGLOBL,NSE,EQ,1.0,1,INE085D01033
KANANI INDUSTRIES LTD,KANANIIND,NSE,EQ,1.0,1,INE879E01037
360ONEAMC - MSCI360,MSCI360,NSE,EQ,1.0,1,INF579M01BP5
EXICOM TELE SYSTEMS LTD,EXICOM,NSE,EQ,1.0,1,INE777F01014
BILCARE LTD.,BI,NSE,EQ,1.0,1,INE986A01012
SPENCER S RETAIL LIMITED,SPENCERS,NSE,EQ,1.0,1,INE020801028
SAURASHTRA CEMENT LIMITED,SAURASHCEM,NSE,EQ,1.0,1,INE626A01014
LG ELECTRONICS INDIA LTD,LGEINDIA,NSE,EQ,10.0,1,INE324D01010
COLGATE PALMOLIVE LTD.,COLPAL,NSE,EQ,10.0,1,INE259A01022
KNOWLEDGE MARINE & EN W L,KMEW,NSE,EQ,10.0,1,INE0CJD01029
ONMOBILE GLOBAL LTD.,ONMOBILE,NSE,EQ,1.0,1,INE809I01019
HITACHI ENERGY INDIA LTD,POWERINDIA,NSE,EQ,500.0,1,INE07Y701011
MARINE ELECTRICAL (I) LTD,MARINE,NSE,EQ,5.0,1,INE01JE01028
ICICI LOMBARD GIC LIMITED,ICICIGI,NSE,EQ,10.0,1,INE765G01017
BHEL,BHEL,NSE,EQ,5.0,1,INE257A01026
TEMBO GLOBAL IND LTD,TEMBO,NSE,EQ,5.0,1,INE869Y01010
EDELWEISS FIN SERV LTD,EDELWEISS,NSE,EQ,1.0,1,INE532F01054
DDEV PLASTIKS IND LTD,DDEVPLSTIK,NSE,EQ,1.0,1,INE0HR601026
D-LINK INDIA LTD,DLINKINDIA,NSE,EQ,5.0,1,INE250K01012
NESCO LTD.,NESCO,NSE,EQ,10.0,1,INE317F01035
PRAJAY ENG. SYN. LTD.,PRAENG,NSE,EQ,1.0,1,INE505C01016
DILIP BUILDCON LIMITED,DBL,NSE,EQ,5.0,1,INE917M01012
BEEKAY STEEL INDS. LTD.,BEEKAY,NSE,EQ,5.0,1,INE213D01015
CENTURY ENKA LTD,CENTENKA,NSE,EQ,5.0,1,INE485A01015
STYRENIX PERFORMANCE LTD,STYRENIX,NSE,EQ,10.0,1,INE189B01011
KHADIM INDIA LIMITED,KHADIM,NSE,EQ,1.0,1,INE834I01025
ESAB INDIA LTD,ESABINDIA,NSE,EQ,50.0,1,INE284A01012
A2Z INFRA ENGINEERING LTD,A2ZINFRA,NSE,EQ,1.0,1,INE619I01012
CONFIDENCE PETRO IND LTD.,CONFIPET,NSE,EQ,1.0,1,INE552D01024
RALLIS INDIA LTD,RALLIS,NSE,EQ,1.0,1,INE613A01020
AIRO LAM LIMITED,AIROLAM,NSE,EQ,1.0,1,INE801L01010
ROYAL ORCHID HOTELS LTD,ROHLTD,NSE,EQ,5.0,1,INE283H01019
VARVEE GLOBAL LIMITED,VGL,NSE,EQ,1.0,1,INE273D01027
360ONEAMC - GOLD360,GOLD360,NSE,EQ,5.0,1,INF579M01BB5
360ONEAMC - SILVER360,SILVER360,NSE,EQ,1.0,1,INF579M01BC3
AYM SYNTEX LIMITED,AYMSYNTEX,NSE,EQ,1.0,1,INE193B01039
MAMATA MACHINERY LIMITED,MAMATA,NSE,EQ,5.0,1,INE0TO701015
GIC HOUSING FINANCE LTD,GICHSGFIN,NSE,EQ,1.0,1,INE289B01019
MANALI PETROCHEMICALS LT,MANALIPETC,NSE,EQ,1.0,1,INE201A01024
D P WIRES LIMITED,DPWIRES,NSE,EQ,1.0,1,INE864X01013
M&M FIN. SERVICES LTD,M&MFIN,NSE,EQ,5.0,1,INE774D01024
KALPATARU LIMITED,KALPATARU,NSE,EQ,5.0,1,INE227J01012
AUTHUM INVEST & INFRA LTD,AIIL,NSE,EQ,5.0,1,INE206F01022
MACPOWER CNC MACHINES LTD,MACPOWER,NSE,EQ,5.0,1,INE155Z01011
TRIGYN TECHNOLOGIES LTD,TRIGYN,NSE,EQ,1.0,1,INE948A01012
PRINCE PIPES FITTINGS LTD,PRINCEPIPE,NSE,EQ,5.0,1,INE689W01016
BOROSIL SCIENTIFIC LTD,BOROSCI,NSE,EQ,1.0,1,INE02L001032
BHAGIRADHA CHEM & INDS L,BHAGCHEM,NSE,EQ,1.0,1,INE414D01027
EVEREST INDUSTRIES LTD,EVERESTIND,NSE,EQ,5.0,1,INE295A01018
TIL LTD,TIL,NSE,EQ,1.0,1,INE806C01018
SHILPA MEDICARE LTD,SHILPAMED,NSE,EQ,5.0,1,INE790G01031
SUN TV NETWORK LIMITED,SUNTV,NSE,EQ,5.0,1,INE424H01027
GRINDWELL NORTON LIMITED,GRINDWELL,NSE,EQ,10.0,1,INE536A01023
E2E NETWORKS LIMITED,E2E,NSE,EQ,10.0,1,INE255Z01027
RAJPUTANA STAINLESS LTD,RSL,NSE,EQ,1.0,1,INE313L01016
HINDUSTAN MEDIA VENT LTD,HMVL,NSE,EQ,1.0,1,INE871K01015
ARVEE LABORATORIES I LTD,ARVEE,NSE,EQ,1.0,1,INE006Z01016
TTK HEALTHCARE LIMITED,TTKHLTCARE,NSE,EQ,5.0,1,INE910C01018
TAINWALA CHEMICAL AND PLA,TAINWALCHM,NSE,EQ,1.0,1,INE123C01018
UNIPARTS INDIA LIMITED,UNIPARTS,NSE,EQ,5.0,1,INE244O01017
MINDA CORPORATION LTD,MINDACORP,NSE,EQ,5.0,1,INE842C01021
INDRAPRASTHA MEDICAL CORP,INDRAMEDCO,NSE,EQ,5.0,1,INE681B01017
XCHANGING SOLUTIONS LTD,XCHANGING,NSE,EQ,1.0,1,INE692G01013
ICICIPRAMC - ICICINXT50,NEXT50IETF,NSE,EQ,1.0,1,INF109KC1NS5
ICICI PRUDENTIAL GOLD ETF,GOLDIETF,NSE,EQ,1.0,1,INF109KC1NT3
SBIAMC - SBIETFIT,SBIETFIT,NSE,EQ,1.0,1,INF200KA1S14
GUJARAT ALKALIES & CHEM,GUJALKALI,NSE,EQ,5.0,1,INE186A01019
M AND B ENGINEERING LTD,MBEL,NSE,EQ,5.0,1,INE08N601015
SBIAMC - SBIETFPB,SBIETFPB,NSE,EQ,1.0,1,INF200KA1S22
LANDMARK CARS LIMITED,LANDMARK,NSE,EQ,5.0,1,INE559R01029
AWL AGRI BUSINESS LIMITED,AWL,NSE,EQ,1.0,1,INE699H01024
PEARL GLOBAL IND LIMITED,PGIL,NSE,EQ,10.0,1,INE940H01022
VINDHYA TELELINKS LTD,VINDHYATEL,NSE,EQ,10.0,1,INE707A01012
ADITYA BIRLA FASHION & RT,ABFRL,NSE,EQ,1.0,1,INE647O01011
HIMADRI SPECIALITY CHEM L,HSCL,NSE,EQ,5.0,1,INE019C01026
TATAAML - NPBET,NPBET,NSE,EQ,1.0,1,INF277K010X4
GAIL (INDIA) LTD,GAIL,NSE,EQ,1.0,1,INE129A01019
ARIHANT SUPERSTRUCT LTD,ARIHANTSUP,NSE,EQ,5.0,1,INE643K01018
TAMBOLI INDUSTRIES LTD.,TAMBOLIIN,NSE,EQ,1.0,1,INE864J01012
PRATAAP SNACKS LIMITED,DIAMONDYD,NSE,EQ,10.0,1,INE393P01035
MARKOLINES PAVEMENT TEC L,MARKOLINES,NSE,EQ,1.0,1,INE0FW001016
ION EXCHANGE (INDIA) LTD,IONEXCHANG,NSE,EQ,5.0,1,INE570A01022
ICICIPRAMC - ICICIPHARM,HEALTHIETF,NSE,EQ,1.0,1,INF109KC1Q72
VEDANT FASHIONS LIMITED,MANYAVAR,NSE,EQ,5.0,1,INE825V01034
KIRLOSKAR PNEUMATIC COM L,KIRLPNU,NSE,EQ,10.0,1,INE811A01020
ACTION CONST EQUIP LTD,ACE,NSE,EQ,5.0,1,INE731H01025
SUKHJIT STARCH & CHEM LTD,SUKHJITS,NSE,EQ,1.0,1,INE450E01029
SBFC FINANCE LIMITED,SBFC,NSE,EQ,1.0,1,INE423Y01016
COMPUCOM SOFTWARE LTD,COMPUSOFT,NSE,EQ,1.0,1,INE453B01029
ULTRATECH CEMENT LIMITED,ULTRACEMCO,NSE,EQ,100.0,1,INE481G01011
TCC CONCEPT LIMITED,TCC,NSE,EQ,5.0,1,INE887D01016
BHILWARA TECHNICAL TEXT L,BTTL,NSE,EQ,1.0,1,INE274K01012
SHAH METACORP LIMITED,SHAH,NSE,EQ,1.0,1,INE482J01021
CYBERTECH SYSTEMS & SOFTW,CYBERTECH,NSE,EQ,1.0,1,INE214A01019
MEDICO REMEDIES LIMITED,MEDICO,NSE,EQ,1.0,1,INE630Y01024
J B CHEMICALS AND PHARMA,JBCHEPHARM,NSE,EQ,10.0,1,INE572A01036
CUPID LIMITED,CUPID,NSE,EQ,1.0,1,INE509F01029
PATEL RETAIL LIMITED,PATELRMART,NSE,EQ,1.0,1,INE0R8B01010
HINDUSTAN CONSTRUCTION CO,HCC,NSE,EQ,1.0,1,INE549A01026
LATENT VIEW ANALYTICS LTD,LATENTVIEW,NSE,EQ,5.0,1,INE0I7C01011
ATUL AUTO LIMITED,ATULAUTO,NSE,EQ,5.0,1,INE951D01028
GODREJ INDUSTRIES LTD,GODREJIND,NSE,EQ,10.0,1,INE233A01035
PROSTARM INFO SYSTEMS LTD,PROSTARM,NSE,EQ,1.0,1,INE0BX301013
CAMBRIDGE TECH ENTER LTD,CTE,NSE,EQ,1.0,1,INE627H01017
R SYS INTERNATIONAL LTD,RSYSTEMS,NSE,EQ,5.0,1,INE411H01032
SEL MANUFACTURING CO LTD,SELMC,NSE,EQ,1.0,1,INE105I01020
THIRUMALAI CHEMICALS LTD,TIRUMALCHM,NSE,EQ,1.0,1,INE338A01024
STEEL AUTHORITY OF INDIA,SAIL,NSE,EQ,1.0,1,INE114A01011
VLS FINANCE LTD,VLSFINANCE,NSE,EQ,1.0,1,INE709A01018
AJANTA PHARMA LIMITED,AJANTPHARM,NSE,EQ,10.0,1,INE031B01049
ICICIPRAMC - ICICILIQ,LIQUIDIETF,NSE,EQ,1.0,1,INF109KC1KT9
VIKAS LIFECARE LIMITED,VIKASLIFE,NSE,EQ,1.0,1,INE161L01027
JSW DULUX LIMITED,JSWDULUX,NSE,EQ,10.0,1,INE133A01011
CSB BANK LIMITED,CSBBANK,NSE,EQ,5.0,1,INE679A01013
INDO THAI SEC LTD,INDOTHAI,NSE,EQ,1.0,1,INE337M01021
ASHOKA METCAST LIMITED,ASHOKAMET,NSE,EQ,1.0,1,INE760Y01011
BODHI TREE MULTIMEDIA LTD,BTML,NSE,EQ,1.0,1,INE0EEJ01023
GLENMARK PHARMACEUTICALS,GLENMARK,NSE,EQ,10.0,1,INE935A01035
LOTUS EYE HOSP & INST L,LOTUSEYE,NSE,EQ,1.0,1,INE947I01017
AUTOMOTIVE AXLES LIMITED,AUTOAXLES,NSE,EQ,10.0,1,INE449A01011
BELLA CASA FASH AND RET L,BELLACASA,NSE,EQ,1.0,1,INE344T01014
GUJARAT NATURAL RES L,GNRL,NSE,EQ,1.0,1,INE207H01018
GAYATRI HIGHWAYS LIMITED,GAYAHWS,NSE,EQ,1.0,1,INE287Z01012
SIEMENS LTD,SIEMENS,NSE,EQ,10.0,1,INE003A01024
SOLARA ACTIVE PHA SCI LTD,SOLARA,NSE,EQ,5.0,1,INE624Z01016
ALLCARGO LOGISTICS LTD,ALLCARGO,NSE,EQ,1.0,1,INE418H01029
BHARAT PETROLEUM CORP  LT,BPCL,NSE,EQ,5.0,1,INE029A01011
WALCHANDNAGAR INDUSTRIES,WALCHANNAG,NSE,EQ,5.0,1,INE711A01022
ABM INTERNATIONAL LTD,ABMINTLLTD,NSE,EQ,1.0,1,INE251C01025
OM INFRA LIMITED,OMINFRAL,NSE,EQ,1.0,1,INE239D01028
TATA ELXSI LIMITED,TATAELXSI,NSE,EQ,10.0,1,INE670A01012
GOLDIAM INTERNATIONAL LTD,GOLDIAM,NSE,EQ,5.0,1,INE025B01025
MADHAV MARBLE & GRANITE,MADHAV,NSE,EQ,1.0,1,INE925C01016
BHANSALI ENG. POLYMERS LT,BEPL,NSE,EQ,1.0,1,INE922A01025
EURO PANEL PRODUCTS LTD,EUROBOND,NSE,EQ,1.0,1,INE505V01016
R&B DENIMS LIMITED,RNBDENIMS,NSE,EQ,1.0,1,INE012Q01039
APCOTEX INDUSTRIES LIMITE,APCOTEXIND,NSE,EQ,5.0,1,INE116A01032
WAAREE RENEWABLE TECH LTD,WAAREERTL,NSE,EQ,5.0,1,INE299N01021
TSF INVESTMENTS LIMITED,TSFINV,NSE,EQ,5.0,1,INE202Z01029
RAJSHREE SUGAR & CHEMICAL,RAJSREESUG,NSE,EQ,1.0,1,INE562B01019
V-GUARD IND LTD.,VGUARD,NSE,EQ,5.0,1,INE951I01027
SBIAMC - SBIETFCON,SBIETFCON,NSE,EQ,1.0,1,INF200KA1X17
ANMOL INDIA LIMITED,ANMOL,NSE,EQ,1.0,1,INE02AR01019
XPRO INDIA LIMITED,XPROINDIA,NSE,EQ,10.0,1,INE445C01015
SBIAMC - SBIETFQLTY,SBIETFQLTY,NSE,EQ,1.0,1,INF200KA1WX6
TIPS MUSIC LIMITED,TIPSMUSIC,NSE,EQ,5.0,1,INE716B01029
PARAG MILK FOODS LTD.,PARAGMILK,NSE,EQ,1.0,1,INE883N01014
VIKRAN ENGINEERING LTD,VIKRAN,NSE,EQ,1.0,1,INE01R501028
RAMA STEEL TUBES LIMITED,RAMASTEEL,NSE,EQ,1.0,1,INE230R01035
TATA CHEMICALS LTD,TATACHEM,NSE,EQ,5.0,1,INE092A01019
SPACENET ENTERS IND LTD,SPCENET,NSE,EQ,1.0,1,INE970N01027
ICICIPRAMC - ICICISILVE,SILVERIETF,NSE,EQ,1.0,1,INF109KC1Y56
VARUN BEVERAGES LIMITED,VBL,NSE,EQ,5.0,1,INE200M01039
GANESH HOUSING LIMITED,GANESHHOU,NSE,EQ,5.0,1,INE460C01014
PARAS DEF AND SPCE TECH L,PARAS,NSE,EQ,5.0,1,INE045601023
SYRMA SGS TECHNOLOGY LTD,SYRMA,NSE,EQ,10.0,1,INE0DYJ01015
SOMANY CERAMICS LIMITED,SOMANYCERA,NSE,EQ,5.0,1,INE355A01028
ARVIND FASHIONS LIMITED,ARVINDFASN,NSE,EQ,5.0,1,INE955V01021
TCI EXPRESS LIMITED,TCIEXP,NSE,EQ,5.0,1,INE586V01016
ECLERX SERVICES LTD,ECLERX,NSE,EQ,10.0,1,INE738I01010
LE MERITE EXPORTS LIMITED,LEMERITE,NSE,EQ,1.0,1,INE0G1L01025
GROWWAMC - GROWWEV,GROWWEV,NSE,EQ,1.0,1,INF666M01IH2
DHARMAJ CROP GUARD LTD,DHARMAJ,NSE,EQ,5.0,1,INE00OQ01016
FERMENTA BIOTECH LTD.,FERMENTA,NSE,EQ,5.0,1,INE225B01021
GROWWAMC - GROWWLIQID,GROWWLIQID,NSE,EQ,1.0,1,INF666M01IP5
GROWWAMC - GROWWDEFNC,GROWWDEFNC,NSE,EQ,1.0,1,INF666M01IO8
CRAFTSMAN AUTOMATION LTD,CRAFTSMAN,NSE,EQ,50.0,1,INE00LO01017
ORISSA BENGAL CARRIER LTD,OBCL,NSE,EQ,1.0,1,INE426Z01016
SIGMA SOLVE LIMITED,SIGMA,NSE,EQ,1.0,1,INE0A0S01028
GROWWAMC - GROWWRAIL,GROWWRAIL,NSE,EQ,1.0,1,INF666M01JJ6
HONASA CONSUMER LIMITED,HONASA,NSE,EQ,5.0,1,INE0J5401028
FILATEX INDIA LTD,FILATEX,NSE,EQ,1.0,1,INE816B01035
ALLDIGI TECH LIMITED,ALLDIGI,NSE,EQ,5.0,1,INE835G01018
FEDBANK FINANCIAL SER L,FEDFINA,NSE,EQ,1.0,1,INE007N01010
GROWWAMC - GROWWN200,GROWWN200,NSE,EQ,1.0,1,INF666M01JV1
FLEXITUFF VENTURES INT L,FLEXITUFF,NSE,EQ,1.0,1,INE060J01017
FLAIR WRITING INDUST LTD,FLAIR,NSE,EQ,5.0,1,INE00Y201027
GO FASHION INDIA LTD,GOCOLORS,NSE,EQ,5.0,1,INE0BJS01011
INTL GEMOLOGICAL INST LTD,IGIL,NSE,EQ,5.0,1,INE0Q9301021
DABUR INDIA LTD,DABUR,NSE,EQ,5.0,1,INE016A01026
ORIENT CERATECH LIMITED,ORIENTCER,NSE,EQ,1.0,1,INE569C01020
SMARTWORKS COWORKING SP L,SMARTWORKS,NSE,EQ,5.0,1,INE0NAZ01010
INTENSE TECHNOLOGIES LTD,INTENTECH,NSE,EQ,1.0,1,INE781A01025
KCP SUGAR IND CORP LTD.,KCPSUGIND,NSE,EQ,1.0,1,INE790B01024
TATAAML - NETF,NETF,NSE,EQ,1.0,1,INF277K015R5
BILLIONBRAINS GARAGE VN L,GROWW,NSE,EQ,1.0,1,INE0HOQ01053
BEARDSELL LIMITED,BEARDSELL,NSE,EQ,1.0,1,INE520H01022
PROCTER & GAMBLE HEALTH L,PGHL,NSE,EQ,50.0,1,INE199A01012
RAVINDER HEIGHTS LIMITED,RVHL,NSE,EQ,1.0,1,INE09E501017
FUSION FINANCE LIMITED,FUSION,NSE,EQ,1.0,1,INE139R01012
AURUM PROPTECH LIMITED,AURUM,NSE,EQ,1.0,1,INE898S01029
ICICIPRAMC - ICICICONSU,CONSUMIETF,NSE,EQ,1.0,1,INF109KC1V42
SHARDA MOTOR INDS LTD,SHARDAMOTR,NSE,EQ,5.0,1,INE597I01028
PTC INDUSTRIES LIMITED,PTCIL,NSE,EQ,100.0,1,INE596F01018
TECIL CHEMICALS,TECILCHEM,NSE,EQ,1.0,1,INE014B01011
APOLLO MICRO SYSTEMS LTD,APOLLO,NSE,EQ,5.0,1,INE713T01028
ICICIPRAMC - ICICI500,BSE500IETF,NSE,EQ,1.0,1,INF109KC1V59
ANTELOPUS SELAN ENRGY LTD,ANTELOPUS,NSE,EQ,5.0,1,INE818A01017
