symbol,timeframe,source_rows,source_min_ts,source_max_ts,pg_rows,parquet_rows,min_ts,max_ts,successful_batches,failed_batches,row_diff,completion_pct
IOB,3,126267,2022-01-03T09:15:00.000000,2026-02-03T15:27:00.000000,126267,126267,2022-01-03T09:15:00.000000,2026-02-03T15:27:00.000000,50,0,0,100
SUNPHARMA,1440,1014,2022-01-03T00:00:00.000000,2026-02-02T00:00:00.000000,1014,1014,2022-01-03T00:00:00.000000,2026-02-02T00:00:00.000000,50,0,0,100
TATACONSUM,5,75689,2022-01-03T09:15:00.000000,2026-02-02T15:25:00.000000,75689,75689,2022-01-03T09:15:00.000000,2026-02-02T15:25:00.000000,50,0,0,100
BALKRISIND,5,75689,2022-01-03T09:15:00.000000,2026-02-02T15:25:00.000000,75689,75689,2022-01-03T09:15:00.000000,2026-02-02T15:25:00.000000,50,0,0,100
JYOTICNC,1440,512,2024-01-16T00:00:00.000000,2026-02-05T00:00:00.000000,512,512,2024-01-16T00:00:00.000000,2026-02-05T00:00:00.000000,26,0,0,100
LTFOODS,5,75911,2022-01-03T09:15:00.000000,2026-02-05T15:25:00.000000,75911,75911,2022-01-03T09:15:00.000000,2026-02-05T15:25:00.000000,50,0,0,100
HBLENGINE,1,379161,2022-01-03T09:15:00.000000,2026-02-04T15:29:00.000000,379161,379161,2022-01-03T09:15:00.000000,2026-02-04T15:29:00.000000,50,0,0,100
LT,15,25255,2022-01-03T09:15:00.000000,2026-02-03T15:15:00.000000,25255,25255,2022-01-03T09:15:00.000000,2026-02-03T15:15:00.000000,50,0,0,100
GODFRYPHLP,15,25255,2022-01-03T09:15:00.000000,2026-02-03T15:15:00.000000,25255,25255,2022-01-03T09:15:00.000000,2026-02-03T15:15:00.000000,50,0,0,100
GRSE,5,75836,2022-01-03T09:15:00.000000,2026-02-04T15:25:00.000000,75836,75836,2022-01-03T09:15:00.000000,2026-02-04T15:25:00.000000,50,0,0,100
LAURUSLABS,10080,215,2021-12-27T00:00:00.000000,2026-02-02T00:00:00.000000,215,215,2021-12-27T00:00:00.000000,2026-02-02T00:00:00.000000,51,0,0,100
CHENNPETRO,30,13149,2022-01-03T09:00:00.000000,2026-02-04T15:00:00.000000,13149,13149,2022-01-03T09:00:00.000000,2026-02-04T15:00:00.000000,50,0,0,100
GLAXO,15,25255,2022-01-03T09:15:00.000000,2026-02-03T15:15:00.000000,25255,25255,2022-01-03T09:15:00.000000,2026-02-03T15:15:00.000000,50,0,0,100
FORTIS,10080,215,2021-12-27T00:00:00.000000,2026-02-02T00:00:00.000000,215,215,2021-12-27T00:00:00.000000,2026-02-02T00:00:00.000000,51,0,0,100
KIMS,1,376753,2022-01-03T09:15:00.000000,2026-02-03T15:29:00.000000,376753,376753,2022-01-03T09:15:00.000000,2026-02-03T15:29:00.000000,50,0,0,100
KIRLOSENG,60,7076,2022-01-03T09:00:00.000000,2026-02-03T15:00:00.000000,7076,7076,2022-01-03T09:00:00.000000,2026-02-03T15:00:00.000000,50,0,0,100
NTPC,10080,215,2021-12-27T00:00:00.000000,2026-02-02T00:00:00.000000,215,215,2021-12-27T00:00:00.000000,2026-02-02T00:00:00.000000,51,0,0,100
ASIANPAINT,1,378429,2022-01-03T09:15:00.000000,2026-02-02T15:29:00.000000,378429,378429,2022-01-03T09:15:00.000000,2026-02-02T15:29:00.000000,50,0,0,100
JKTYRE,5,22062,2024-12-02T09:15:00.000000,2026-02-05T15:25:00.000000,22062,22062,2024-12-02T09:15:00.000000,2026-02-05T15:25:00.000000,15,0,0,100
YESBANK,60,7076,2022-01-03T09:00:00.000000,2026-02-03T15:00:00.000000,7076,7076,2022-01-03T09:00:00.000000,2026-02-03T15:00:00.000000,50,0,0,100
ATGL,5,75838,2022-01-03T09:15:00.000000,2026-02-04T15:25:00.000000,75838,75838,2022-01-03T09:15:00.000000,2026-02-04T15:25:00.000000,50,0,0,100
AKZOINDIA,15,25280,2022-01-03T09:15:00.000000,2026-02-04T15:15:00.000000,25280,25280,2022-01-03T09:15:00.000000,2026-02-04T15:15:00.000000,50,0,0,100
KALYANKJIL,15,7354,2024-12-02T09:15:00.000000,2026-02-05T15:15:00.000000,7354,7354,2024-12-02T09:15:00.000000,2026-02-05T15:15:00.000000,15,0,0,100
NAUKRI,5,75689,2022-01-03T09:15:00.000000,2026-02-02T15:25:00.000000,75689,75689,2022-01-03T09:15:00.000000,2026-02-02T15:25:00.000000,50,0,0,100
TATACHEM,1440,1015,2022-01-03T00:00:00.000000,2026-02-03T00:00:00.000000,1015,1015,2022-01-03T00:00:00.000000,2026-02-03T00:00:00.000000,50,0,0,100
INFY,60,7062,2022-01-03T09:00:00.000000,2026-02-01T15:00:00.000000,7062,7062,2022-01-03T09:00:00.000000,2026-02-01T15:00:00.000000,50,0,0,100
MAXHEALTH,30,13136,2022-01-03T09:00:00.000000,2026-02-03T15:00:00.000000,13136,13136,2022-01-03T09:00:00.000000,2026-02-03T15:00:00.000000,50,0,0,100
CYIENT,10080,215,2021-12-27T00:00:00.000000,2026-02-02T00:00:00.000000,215,215,2021-12-27T00:00:00.000000,2026-02-02T00:00:00.000000,51,0,0,100
BALKRISIND,1,378428,2022-01-03T09:15:00.000000,2026-02-02T15:29:00.000000,378428,378428,2022-01-03T09:15:00.000000,2026-02-02T15:29:00.000000,50,0,0,100
POLYCAB,5,75689,2022-01-03T09:15:00.000000,2026-02-02T15:25:00.000000,75689,75689,2022-01-03T09:15:00.000000,2026-02-02T15:25:00.000000,50,0,0,100
UBL,10080,215,2021-12-27T00:00:00.000000,2026-02-02T00:00:00.000000,215,215,2021-12-27T00:00:00.000000,2026-02-02T00:00:00.000000,51,0,0,100
GUJGASLTD,5,75764,2022-01-03T09:15:00.000000,2026-02-03T15:25:00.000000,75764,75764,2022-01-03T09:15:00.000000,2026-02-03T15:25:00.000000,50,0,0,100
JBMA,3,126266,2022-01-03T09:15:00.000000,2026-02-03T15:27:00.000000,126266,126266,2022-01-03T09:15:00.000000,2026-02-03T15:27:00.000000,50,0,0,100
JBMA,30,13136,2022-01-03T09:00:00.000000,2026-02-03T15:00:00.000000,13136,13136,2022-01-03T09:00:00.000000,2026-02-03T15:00:00.000000,50,0,0,100
ENGINERSIN,3,36520,2024-12-02T09:15:00.000000,2026-02-03T15:27:00.000000,36520,36520,2024-12-02T09:15:00.000000,2026-02-03T15:27:00.000000,15,0,0,100
AWL,5,73958,2022-02-08T09:15:00.000000,2026-02-04T15:25:00.000000,73958,73958,2022-02-08T09:15:00.000000,2026-02-04T15:25:00.000000,49,0,0,100
LICHSGFIN,1,378803,2022-01-03T09:15:00.000000,2026-02-03T15:29:00.000000,378803,378803,2022-01-03T09:15:00.000000,2026-02-03T15:29:00.000000,50,0,0,100
HONASA,1,208030,2023-11-07T09:15:00.000000,2026-02-04T15:29:00.000000,208030,208030,2023-11-07T09:15:00.000000,2026-02-04T15:29:00.000000,28,0,0,100
THELEELA,3,21380,2025-06-02T10:00:00.000000,2026-02-05T15:27:00.000000,21380,21380,2025-06-02T10:00:00.000000,2026-02-05T15:27:00.000000,9,0,0,100
AARTIIND,5,75835,2022-01-03T09:15:00.000000,2026-02-04T15:25:00.000000,75835,75835,2022-01-03T09:15:00.000000,2026-02-04T15:25:00.000000,50,0,0,100
TITAN,1,378425,2022-01-03T09:15:00.000000,2026-02-02T15:29:00.000000,378425,378425,2022-01-03T09:15:00.000000,2026-02-02T15:29:00.000000,50,0,0,100
JBMA,10080,215,2021-12-27T00:00:00.000000,2026-02-02T00:00:00.000000,215,215,2021-12-27T00:00:00.000000,2026-02-02T00:00:00.000000,51,0,0,100
JKCEMENT,30,5086,2022-01-03T09:00:00.000000,2023-08-01T15:00:00.000000,5086,5086,2022-01-03T09:00:00.000000,2023-08-01T15:00:00.000000,20,0,0,100
TATASTEEL,60,7069,2022-01-03T09:00:00.000000,2026-02-02T15:00:00.000000,7069,7069,2022-01-03T09:00:00.000000,2026-02-02T15:00:00.000000,50,0,0,100
BATAINDIA,1,109185,2024-12-02T09:15:00.000000,2026-02-02T15:29:00.000000,109185,109185,2024-12-02T09:15:00.000000,2026-02-02T15:29:00.000000,15,0,0,100
BPCL,3,126148,2022-01-03T09:15:00.000000,2026-02-02T15:27:00.000000,126148,126148,2022-01-03T09:15:00.000000,2026-02-02T15:27:00.000000,50,0,0,100
JINDALSAW,60,7076,2022-01-03T09:00:00.000000,2026-02-03T15:00:00.000000,7076,7076,2022-01-03T09:00:00.000000,2026-02-03T15:00:00.000000,50,0,0,100
HAL,10080,215,2021-12-27T00:00:00.000000,2026-02-02T00:00:00.000000,215,215,2021-12-27T00:00:00.000000,2026-02-02T00:00:00.000000,51,0,0,100
ASTERDM,15,25280,2022-01-03T09:15:00.000000,2026-02-04T15:15:00.000000,25280,25280,2022-01-03T09:15:00.000000,2026-02-04T15:15:00.000000,50,0,0,100
BAJAJHFL,1,129086,2024-09-16T09:15:00.000000,2026-02-04T15:29:00.000000,129086,129086,2024-09-16T09:15:00.000000,2026-02-04T15:29:00.000000,18,0,0,100
KAJARIACER,15,25255,2022-01-03T09:15:00.000000,2026-02-03T15:15:00.000000,25255,25255,2022-01-03T09:15:00.000000,2026-02-03T15:15:00.000000,50,0,0,100
GVT&D,1,356599,2022-01-03T09:15:00.000000,2026-02-04T15:29:00.000000,356599,356599,2022-01-03T09:15:00.000000,2026-02-04T15:29:00.000000,50,0,0,100
UTIAMC,1,378396,2022-01-03T09:15:00.000000,2026-02-03T15:29:00.000000,378396,378396,2022-01-03T09:15:00.000000,2026-02-03T15:29:00.000000,50,0,0,100
CAMS,5,69526,2022-01-03T09:15:00.000000,2025-10-01T15:25:00.000000,69526,69526,2022-01-03T09:15:00.000000,2025-10-01T15:25:00.000000,46,0,0,100
SJVN,1,378759,2022-01-03T09:15:00.000000,2026-02-03T15:29:00.000000,378759,378759,2022-01-03T09:15:00.000000,2026-02-03T15:29:00.000000,50,0,0,100
AJANTPHARM,3,126269,2022-01-03T09:15:00.000000,2026-02-03T15:27:00.000000,126269,126269,2022-01-03T09:15:00.000000,2026-02-03T15:27:00.000000,50,0,0,100
ASAHIINDIA,15,25280,2022-01-03T09:15:00.000000,2026-02-04T15:15:00.000000,25280,25280,2022-01-03T09:15:00.000000,2026-02-04T15:15:00.000000,50,0,0,100
ADANIPORTS,1440,1014,2022-01-03T00:00:00.000000,2026-02-02T00:00:00.000000,1014,1014,2022-01-03T00:00:00.000000,2026-02-02T00:00:00.000000,50,0,0,100
ANANDRATHI,1,373107,2022-01-03T09:15:00.000000,2026-02-04T15:29:00.000000,373107,373107,2022-01-03T09:15:00.000000,2026-02-04T15:29:00.000000,50,0,0,100
NCC,60,7076,2022-01-03T09:00:00.000000,2026-02-03T15:00:00.000000,7076,7076,2022-01-03T09:00:00.000000,2026-02-03T15:00:00.000000,50,0,0,100
CHOICEIN,15,23626,2022-04-08T09:15:00.000000,2026-02-04T15:15:00.000000,23626,23626,2022-04-08T09:15:00.000000,2026-02-04T15:15:00.000000,47,0,0,100
DEVYANI,3,126267,2022-01-03T09:15:00.000000,2026-02-03T15:27:00.000000,126267,126267,2022-01-03T09:15:00.000000,2026-02-03T15:27:00.000000,50,0,0,100
SCHNEIDER,5,75762,2022-01-03T09:15:00.000000,2026-02-03T15:25:00.000000,75762,75762,2022-01-03T09:15:00.000000,2026-02-03T15:25:00.000000,50,0,0,100
LTIM,5,75689,2022-01-03T09:15:00.000000,2026-02-02T15:25:00.000000,75689,75689,2022-01-03T09:15:00.000000,2026-02-02T15:25:00.000000,50,0,0,100
INDIANB,1440,1015,2022-01-03T00:00:00.000000,2026-02-03T00:00:00.000000,1015,1015,2022-01-03T00:00:00.000000,2026-02-03T00:00:00.000000,50,0,0,100
SKFINDIA,10080,215,2021-12-27T00:00:00.000000,2026-02-02T00:00:00.000000,215,215,2021-12-27T00:00:00.000000,2026-02-02T00:00:00.000000,51,0,0,100
ADANIENSOL,3,126394,2022-01-03T09:15:00.000000,2026-02-04T15:27:00.000000,126394,126394,2022-01-03T09:15:00.000000,2026-02-04T15:27:00.000000,50,0,0,100
VGUARD,10080,215,2021-12-27T00:00:00.000000,2026-02-02T00:00:00.000000,215,215,2021-12-27T00:00:00.000000,2026-02-02T00:00:00.000000,51,0,0,100
AKZOINDIA,3,126140,2022-01-03T09:15:00.000000,2026-02-04T15:27:00.000000,126140,126140,2022-01-03T09:15:00.000000,2026-02-04T15:27:00.000000,50,0,0,100
NMDC,15,25230,2022-01-03T09:15:00.000000,2026-02-02T15:15:00.000000,25230,25230,2022-01-03T09:15:00.000000,2026-02-02T15:15:00.000000,50,0,0,100
ADANIENSOL,60,7083,2022-01-03T09:00:00.000000,2026-02-04T15:00:00.000000,7083,7083,2022-01-03T09:00:00.000000,2026-02-04T15:00:00.000000,50,0,0,100
ACC,3,126149,2022-01-03T09:15:00.000000,2026-02-02T15:27:00.000000,126149,126149,2022-01-03T09:15:00.000000,2026-02-02T15:27:00.000000,50,0,0,100
JKTYRE,1440,1017,2022-01-03T00:00:00.000000,2026-02-05T00:00:00.000000,1017,1017,2022-01-03T00:00:00.000000,2026-02-05T00:00:00.000000,50,0,0,100
AFFLE,30,13136,2022-01-03T09:00:00.000000,2026-02-03T15:00:00.000000,13136,13136,2022-01-03T09:00:00.000000,2026-02-03T15:00:00.000000,50,0,0,100
UCOBANK,1,378735,2022-01-03T09:15:00.000000,2026-02-03T15:29:00.000000,378735,378735,2022-01-03T09:15:00.000000,2026-02-03T15:29:00.000000,50,0,0,100
KARURVYSYA,10080,215,2021-12-27T00:00:00.000000,2026-02-02T00:00:00.000000,215,215,2021-12-27T00:00:00.000000,2026-02-02T00:00:00.000000,51,0,0,100
NESTLEIND,5,75689,2022-01-03T09:15:00.000000,2026-02-02T15:25:00.000000,75689,75689,2022-01-03T09:15:00.000000,2026-02-02T15:25:00.000000,50,0,0,100
YESBANK,5,75762,2022-01-03T09:15:00.000000,2026-02-03T15:25:00.000000,75762,75762,2022-01-03T09:15:00.000000,2026-02-03T15:25:00.000000,50,0,0,100
NHPC,60,7069,2022-01-03T09:00:00.000000,2026-02-02T15:00:00.000000,7069,7069,2022-01-03T09:00:00.000000,2026-02-02T15:00:00.000000,50,0,0,100
ULTRACEMCO,1,378425,2022-01-03T09:15:00.000000,2026-02-02T15:29:00.000000,378425,378425,2022-01-03T09:15:00.000000,2026-02-02T15:29:00.000000,50,0,0,100
BLS,10080,215,2021-12-27T00:00:00.000000,2026-02-02T00:00:00.000000,215,215,2021-12-27T00:00:00.000000,2026-02-02T00:00:00.000000,51,0,0,100
GPIL,1440,1015,2022-01-03T00:00:00.000000,2026-02-03T00:00:00.000000,1015,1015,2022-01-03T00:00:00.000000,2026-02-03T00:00:00.000000,50,0,0,100
BAJAJHFL,30,4477,2024-09-16T09:00:00.000000,2026-02-04T15:00:00.000000,4477,4477,2024-09-16T09:00:00.000000,2026-02-04T15:00:00.000000,18,0,0,100
INDIAMART,3,126274,2022-01-03T09:15:00.000000,2026-02-03T15:27:00.000000,126274,126274,2022-01-03T09:15:00.000000,2026-02-03T15:27:00.000000,50,0,0,100
NESTLEIND,3,126149,2022-01-03T09:15:00.000000,2026-02-02T15:27:00.000000,126149,126149,2022-01-03T09:15:00.000000,2026-02-02T15:27:00.000000,50,0,0,100
MEDANTA,60,2046,2024-12-02T09:00:00.000000,2026-02-03T15:00:00.000000,2046,2046,2024-12-02T09:00:00.000000,2026-02-03T15:00:00.000000,15,0,0,100
KOTAKBANK,1,378429,2022-01-03T09:15:00.000000,2026-02-02T15:29:00.000000,378429,378429,2022-01-03T09:15:00.000000,2026-02-02T15:29:00.000000,50,0,0,100
DEEPAKNTR,1,378424,2022-01-03T09:15:00.000000,2026-02-02T15:29:00.000000,378424,378424,2022-01-03T09:15:00.000000,2026-02-02T15:29:00.000000,50,0,0,100
TCS,15,25305,2022-01-03T09:15:00.000000,2026-02-05T15:15:00.000000,25305,25305,2022-01-03T09:15:00.000000,2026-02-05T15:15:00.000000,50,0,0,100
PNB,15,25230,2022-01-03T09:15:00.000000,2026-02-02T15:15:00.000000,25230,25230,2022-01-03T09:15:00.000000,2026-02-02T15:15:00.000000,50,0,0,100
IGIL,10080,60,2024-12-16T00:00:00.000000,2026-02-02T00:00:00.000000,60,60,2024-12-16T00:00:00.000000,2026-02-02T00:00:00.000000,15,0,0,100
BLUEJET,10080,119,2023-10-30T00:00:00.000000,2026-02-02T00:00:00.000000,119,119,2023-10-30T00:00:00.000000,2026-02-02T00:00:00.000000,29,0,0,100
TATACHEM,5,75764,2022-01-03T09:15:00.000000,2026-02-03T15:25:00.000000,75764,75764,2022-01-03T09:15:00.000000,2026-02-03T15:25:00.000000,50,0,0,100
MANKIND,5,51074,2023-05-09T09:15:00.000000,2026-02-05T15:25:00.000000,51074,51074,2023-05-09T09:15:00.000000,2026-02-05T15:25:00.000000,34,0,0,100
VGUARD,1,378562,2022-01-03T09:15:00.000000,2026-02-03T15:29:00.000000,378562,378562,2022-01-03T09:15:00.000000,2026-02-03T15:29:00.000000,50,0,0,100
JSL,1440,1015,2022-01-03T00:00:00.000000,2026-02-03T00:00:00.000000,1015,1015,2022-01-03T00:00:00.000000,2026-02-03T00:00:00.000000,50,0,0,100
LLOYDSME,15,15776,2023-07-17T09:15:00.000000,2026-02-03T15:15:00.000000,15776,15776,2023-07-17T09:15:00.000000,2026-02-03T15:15:00.000000,32,0,0,100
JBMA,15,25255,2022-01-03T09:15:00.000000,2026-02-03T15:15:00.000000,25255,25255,2022-01-03T09:15:00.000000,2026-02-03T15:15:00.000000,50,0,0,100
MGL,1,378802,2022-01-03T09:15:00.000000,2026-02-03T15:29:00.000000,378802,378802,2022-01-03T09:15:00.000000,2026-02-03T15:29:00.000000,50,0,0,100
COHANCE,15,25280,2022-01-03T09:15:00.000000,2026-02-04T15:15:00.000000,25280,25280,2022-01-03T09:15:00.000000,2026-02-04T15:15:00.000000,50,0,0,100
HAPPSTMNDS,1440,1015,2022-01-03T00:00:00.000000,2026-02-03T00:00:00.000000,1015,1015,2022-01-03T00:00:00.000000,2026-02-03T00:00:00.000000,50,0,0,100
TVSMOTOR,15,7279,2024-12-02T09:15:00.000000,2026-02-02T15:15:00.000000,7279,7279,2024-12-02T09:15:00.000000,2026-02-02T15:15:00.000000,15,0,0,100
FORTIS,30,13136,2022-01-03T09:00:00.000000,2026-02-03T15:00:00.000000,13136,13136,2022-01-03T09:00:00.000000,2026-02-03T15:00:00.000000,50,0,0,100
KEI,15,25255,2022-01-03T09:15:00.000000,2026-02-03T15:15:00.000000,25255,25255,2022-01-03T09:15:00.000000,2026-02-03T15:15:00.000000,50,0,0,100
MAPMYINDIA,60,7076,2022-01-03T09:00:00.000000,2026-02-03T15:00:00.000000,7076,7076,2022-01-03T09:00:00.000000,2026-02-03T15:00:00.000000,50,0,0,100
MOTHERSON,60,7069,2022-01-03T09:00:00.000000,2026-02-02T15:00:00.000000,7069,7069,2022-01-03T09:00:00.000000,2026-02-02T15:00:00.000000,50,0,0,100
KEC,60,7076,2022-01-03T09:00:00.000000,2026-02-03T15:00:00.000000,7076,7076,2022-01-03T09:00:00.000000,2026-02-03T15:00:00.000000,50,0,0,100
FINPIPE,5,75836,2022-01-03T09:15:00.000000,2026-02-04T15:25:00.000000,75836,75836,2022-01-03T09:15:00.000000,2026-02-04T15:25:00.000000,50,0,0,100
APOLLOHOSP,10080,215,2021-12-27T00:00:00.000000,2026-02-02T00:00:00.000000,215,215,2021-12-27T00:00:00.000000,2026-02-02T00:00:00.000000,51,0,0,100
NLCINDIA,5,75763,2022-01-03T09:15:00.000000,2026-02-03T15:25:00.000000,75763,75763,2022-01-03T09:15:00.000000,2026-02-03T15:25:00.000000,50,0,0,100
TRITURBINE,1440,1015,2022-01-03T00:00:00.000000,2026-02-03T00:00:00.000000,1015,1015,2022-01-03T00:00:00.000000,2026-02-03T00:00:00.000000,50,0,0,100
BOSCHLTD,1440,1014,2022-01-03T00:00:00.000000,2026-02-02T00:00:00.000000,1014,1014,2022-01-03T00:00:00.000000,2026-02-02T00:00:00.000000,50,0,0,100
INDIACEM,60,7076,2022-01-03T09:00:00.000000,2026-02-03T15:00:00.000000,7076,7076,2022-01-03T09:00:00.000000,2026-02-03T15:00:00.000000,50,0,0,100
NBCC,10080,215,2021-12-27T00:00:00.000000,2026-02-02T00:00:00.000000,215,215,2021-12-27T00:00:00.000000,2026-02-02T00:00:00.000000,51,0,0,100
AXISBANK,30,13123,2022-01-03T09:00:00.000000,2026-02-02T15:00:00.000000,13123,13123,2022-01-03T09:00:00.000000,2026-02-02T15:00:00.000000,50,0,0,100
HONAUT,5,75839,2022-01-03T09:15:00.000000,2026-02-04T15:25:00.000000,75839,75839,2022-01-03T09:15:00.000000,2026-02-04T15:25:00.000000,50,0,0,100
BALRAMCHIN,1,379176,2022-01-03T09:15:00.000000,2026-02-04T15:29:00.000000,379176,379176,2022-01-03T09:15:00.000000,2026-02-04T15:29:00.000000,50,0,0,100
TVSMOTOR,60,2039,2024-12-02T09:00:00.000000,2026-02-02T15:00:00.000000,2039,2039,2024-12-02T09:00:00.000000,2026-02-02T15:00:00.000000,15,0,0,100
OIL,10080,215,2021-12-27T00:00:00.000000,2026-02-02T00:00:00.000000,215,215,2021-12-27T00:00:00.000000,2026-02-02T00:00:00.000000,51,0,0,100
VOLTAS,5,75764,2022-01-03T09:15:00.000000,2026-02-03T15:25:00.000000,75764,75764,2022-01-03T09:15:00.000000,2026-02-03T15:25:00.000000,50,0,0,100
MARICO,3,126149,2022-01-03T09:15:00.000000,2026-02-02T15:27:00.000000,126149,126149,2022-01-03T09:15:00.000000,2026-02-02T15:27:00.000000,50,0,0,100
KIRLOSENG,15,25255,2022-01-03T09:15:00.000000,2026-02-03T15:15:00.000000,25255,25255,2022-01-03T09:15:00.000000,2026-02-03T15:15:00.000000,50,0,0,100
AFFLE,60,7076,2022-01-03T09:00:00.000000,2026-02-03T15:00:00.000000,7076,7076,2022-01-03T09:00:00.000000,2026-02-03T15:00:00.000000,50,0,0,100
CESC,3,126269,2022-01-03T09:15:00.000000,2026-02-03T15:27:00.000000,126269,126269,2022-01-03T09:15:00.000000,2026-02-03T15:27:00.000000,50,0,0,100
MAZDOCK,3,126269,2022-01-03T09:15:00.000000,2026-02-03T15:27:00.000000,126269,126269,2022-01-03T09:15:00.000000,2026-02-03T15:27:00.000000,50,0,0,100
MSUMI,60,6677,2022-03-28T09:00:00.000000,2026-02-03T15:00:00.000000,6677,6677,2022-03-28T09:00:00.000000,2026-02-03T15:00:00.000000,48,0,0,100
VGUARD,15,25255,2022-01-03T09:15:00.000000,2026-02-03T15:15:00.000000,25255,25255,2022-01-03T09:15:00.000000,2026-02-03T15:15:00.000000,50,0,0,100
ANANDRATHI,60,7083,2022-01-03T09:00:00.000000,2026-02-04T15:00:00.000000,7083,7083,2022-01-03T09:00:00.000000,2026-02-04T15:00:00.000000,50,0,0,100
OBEROIRLTY,15,25230,2022-01-03T09:15:00.000000,2026-02-02T15:15:00.000000,25230,25230,2022-01-03T09:15:00.000000,2026-02-02T15:15:00.000000,50,0,0,100
ABBOTINDIA,1440,1016,2022-01-03T00:00:00.000000,2026-02-04T00:00:00.000000,1016,1016,2022-01-03T00:00:00.000000,2026-02-04T00:00:00.000000,50,0,0,100
JSWENERGY,1440,1015,2022-01-03T00:00:00.000000,2026-02-03T00:00:00.000000,1015,1015,2022-01-03T00:00:00.000000,2026-02-03T00:00:00.000000,50,0,0,100
NMDC,1,378401,2022-01-03T09:15:00.000000,2026-02-02T15:29:00.000000,378401,378401,2022-01-03T09:15:00.000000,2026-02-02T15:29:00.000000,50,0,0,100
MAPMYINDIA,30,13136,2022-01-03T09:00:00.000000,2026-02-03T15:00:00.000000,13136,13136,2022-01-03T09:00:00.000000,2026-02-03T15:00:00.000000,50,0,0,100
IPCALAB,3,126274,2022-01-03T09:15:00.000000,2026-02-03T15:27:00.000000,126274,126274,2022-01-03T09:15:00.000000,2026-02-03T15:27:00.000000,50,0,0,100
SBICARD,1,378425,2022-01-03T09:15:00.000000,2026-02-02T15:29:00.000000,378425,378425,2022-01-03T09:15:00.000000,2026-02-02T15:29:00.000000,50,0,0,100
COLPAL,10080,215,2021-12-27T00:00:00.000000,2026-02-02T00:00:00.000000,215,215,2021-12-27T00:00:00.000000,2026-02-02T00:00:00.000000,51,0,0,100
MEDANTA,15,7304,2024-12-02T09:15:00.000000,2026-02-03T15:15:00.000000,7304,7304,2024-12-02T09:15:00.000000,2026-02-03T15:15:00.000000,15,0,0,100
CANFINHOME,5,75689,2022-01-03T09:15:00.000000,2026-02-02T15:25:00.000000,75689,75689,2022-01-03T09:15:00.000000,2026-02-02T15:25:00.000000,50,0,0,100
ANGELONE,60,7076,2022-01-03T09:00:00.000000,2026-02-03T15:00:00.000000,7076,7076,2022-01-03T09:00:00.000000,2026-02-03T15:00:00.000000,50,0,0,100
NSLNISP,1440,735,2023-02-20T00:00:00.000000,2026-02-05T00:00:00.000000,735,735,2023-02-20T00:00:00.000000,2026-02-05T00:00:00.000000,37,0,0,100
TITAN,30,13123,2022-01-03T09:00:00.000000,2026-02-02T15:00:00.000000,13123,13123,2022-01-03T09:00:00.000000,2026-02-02T15:00:00.000000,50,0,0,100
SUPREMEIND,30,13136,2022-01-03T09:00:00.000000,2026-02-03T15:00:00.000000,13136,13136,2022-01-03T09:00:00.000000,2026-02-03T15:00:00.000000,50,0,0,100
GRAPHITE,60,7076,2022-01-03T09:00:00.000000,2026-02-03T15:00:00.000000,7076,7076,2022-01-03T09:00:00.000000,2026-02-03T15:00:00.000000,50,0,0,100
ASIANPAINT,15,25230,2022-01-03T09:15:00.000000,2026-02-02T15:15:00.000000,25230,25230,2022-01-03T09:15:00.000000,2026-02-02T15:15:00.000000,50,0,0,100
TORNTPOWER,15,25255,2022-01-03T09:15:00.000000,2026-02-03T15:15:00.000000,25255,25255,2022-01-03T09:15:00.000000,2026-02-03T15:15:00.000000,50,0,0,100
NUVOCO,15,24705,2022-01-03T09:15:00.000000,2026-01-01T15:15:00.000000,24705,24705,2022-01-03T09:15:00.000000,2026-01-01T15:15:00.000000,49,0,0,100
REDINGTON,3,126267,2022-01-03T09:15:00.000000,2026-02-03T15:27:00.000000,126267,126267,2022-01-03T09:15:00.000000,2026-02-03T15:27:00.000000,50,0,0,100
NUVOCO,1,369570,2022-01-03T09:15:00.000000,2026-01-01T15:29:00.000000,369570,369570,2022-01-03T09:15:00.000000,2026-01-01T15:29:00.000000,49,0,0,100
GMDCLTD,5,75836,2022-01-03T09:15:00.000000,2026-02-04T15:25:00.000000,75836,75836,2022-01-03T09:15:00.000000,2026-02-04T15:25:00.000000,50,0,0,100
DABUR,1440,1014,2022-01-03T00:00:00.000000,2026-02-02T00:00:00.000000,1014,1014,2022-01-03T00:00:00.000000,2026-02-02T00:00:00.000000,50,0,0,100
GSPL,10080,215,2021-12-27T00:00:00.000000,2026-02-02T00:00:00.000000,215,215,2021-12-27T00:00:00.000000,2026-02-02T00:00:00.000000,51,0,0,100
MMTC,10080,215,2021-12-27T00:00:00.000000,2026-02-02T00:00:00.000000,215,215,2021-12-27T00:00:00.000000,2026-02-02T00:00:00.000000,51,0,0,100
TECHM,1,378425,2022-01-03T09:15:00.000000,2026-02-02T15:29:00.000000,378425,378425,2022-01-03T09:15:00.000000,2026-02-02T15:29:00.000000,50,0,0,100
BHEL,60,7069,2022-01-03T09:00:00.000000,2026-02-02T15:00:00.000000,7069,7069,2022-01-03T09:00:00.000000,2026-02-02T15:00:00.000000,50,0,0,100
INDIGO,30,13136,2022-01-03T09:00:00.000000,2026-02-03T15:00:00.000000,13136,13136,2022-01-03T09:00:00.000000,2026-02-03T15:00:00.000000,50,0,0,100
COALINDIA,3,126149,2022-01-03T09:15:00.000000,2026-02-02T15:27:00.000000,126149,126149,2022-01-03T09:15:00.000000,2026-02-02T15:27:00.000000,50,0,0,100
INDIAMART,15,25255,2022-01-03T09:15:00.000000,2026-02-03T15:15:00.000000,25255,25255,2022-01-03T09:15:00.000000,2026-02-03T15:15:00.000000,50,0,0,100
DEEPAKFERT,1,379141,2022-01-03T09:15:00.000000,2026-02-04T15:29:00.000000,379141,379141,2022-01-03T09:15:00.000000,2026-02-04T15:29:00.000000,50,0,0,100
INOXWIND,5,75909,2022-01-03T09:15:00.000000,2026-02-05T15:25:00.000000,75909,75909,2022-01-03T09:15:00.000000,2026-02-05T15:25:00.000000,50,0,0,100
JSWSTEEL,30,13123,2022-01-03T09:00:00.000000,2026-02-02T15:00:00.000000,13123,13123,2022-01-03T09:00:00.000000,2026-02-02T15:00:00.000000,50,0,0,100
GPIL,15,25255,2022-01-03T09:15:00.000000,2026-02-03T15:15:00.000000,25255,25255,2022-01-03T09:15:00.000000,2026-02-03T15:15:00.000000,50,0,0,100
CONCORDBIO,3,76121,2023-08-18T09:15:00.000000,2026-02-04T15:27:00.000000,76121,76121,2023-08-18T09:15:00.000000,2026-02-04T15:27:00.000000,31,0,0,100
IKS,1440,282,2024-12-19T00:00:00.000000,2026-02-05T00:00:00.000000,282,282,2024-12-19T00:00:00.000000,2026-02-05T00:00:00.000000,15,0,0,100
SKFINDIA,15,25252,2022-01-03T09:15:00.000000,2026-02-03T15:15:00.000000,25252,25252,2022-01-03T09:15:00.000000,2026-02-03T15:15:00.000000,50,0,0,100
CANFINHOME,1,378429,2022-01-03T09:15:00.000000,2026-02-02T15:29:00.000000,378429,378429,2022-01-03T09:15:00.000000,2026-02-02T15:29:00.000000,50,0,0,100
BHARATFORG,1440,1015,2022-01-03T00:00:00.000000,2026-02-03T00:00:00.000000,1015,1015,2022-01-03T00:00:00.000000,2026-02-03T00:00:00.000000,50,0,0,100
EIDPARRY,5,75836,2022-01-03T09:15:00.000000,2026-02-04T15:25:00.000000,75836,75836,2022-01-03T09:15:00.000000,2026-02-04T15:25:00.000000,50,0,0,100
MANKIND,1,255350,2023-05-09T09:15:00.000000,2026-02-05T15:29:00.000000,255350,255350,2023-05-09T09:15:00.000000,2026-02-05T15:29:00.000000,34,0,0,100
TIINDIA,5,75762,2022-01-03T09:15:00.000000,2026-02-03T15:25:00.000000,75762,75762,2022-01-03T09:15:00.000000,2026-02-03T15:25:00.000000,50,0,0,100
KAYNES,60,5562,2022-11-22T09:00:00.000000,2026-02-05T15:00:00.000000,5562,5562,2022-11-22T09:00:00.000000,2026-02-05T15:00:00.000000,40,0,0,100
HINDCOPPER,15,25255,2022-01-03T09:15:00.000000,2026-02-03T15:15:00.000000,25255,25255,2022-01-03T09:15:00.000000,2026-02-03T15:15:00.000000,50,0,0,100
GAIL,60,7069,2022-01-03T09:00:00.000000,2026-02-02T15:00:00.000000,7069,7069,2022-01-03T09:00:00.000000,2026-02-02T15:00:00.000000,50,0,0,100
POWERINDIA,1440,1016,2022-01-03T00:00:00.000000,2026-02-04T00:00:00.000000,1016,1016,2022-01-03T00:00:00.000000,2026-02-04T00:00:00.000000,50,0,0,100
AXISBANK,60,7069,2022-01-03T09:00:00.000000,2026-02-02T15:00:00.000000,7069,7069,2022-01-03T09:00:00.000000,2026-02-02T15:00:00.000000,50,0,0,100
PERSISTENT,3,36395,2024-12-02T09:15:00.000000,2026-02-02T15:27:00.000000,36395,36395,2024-12-02T09:15:00.000000,2026-02-02T15:27:00.000000,15,0,0,100
EMAMILTD,60,7076,2022-01-03T09:00:00.000000,2026-02-03T15:00:00.000000,7076,7076,2022-01-03T09:00:00.000000,2026-02-03T15:00:00.000000,50,0,0,100
ATHERENERG,10080,40,2025-05-05T00:00:00.000000,2026-02-02T00:00:00.000000,40,40,2025-05-05T00:00:00.000000,2026-02-02T00:00:00.000000,10,0,0,100
COLPAL,1440,1014,2022-01-03T00:00:00.000000,2026-02-02T00:00:00.000000,1014,1014,2022-01-03T00:00:00.000000,2026-02-02T00:00:00.000000,50,0,0,100
GRANULES,5,75764,2022-01-03T09:15:00.000000,2026-02-03T15:25:00.000000,75764,75764,2022-01-03T09:15:00.000000,2026-02-03T15:25:00.000000,50,0,0,100
AKUMS,3,46532,2024-08-06T09:15:00.000000,2026-02-04T15:27:00.000000,46532,46532,2024-08-06T09:15:00.000000,2026-02-04T15:27:00.000000,19,0,0,100
SBFC,1,228723,2023-08-16T09:15:00.000000,2026-02-03T15:29:00.000000,228723,228723,2023-08-16T09:15:00.000000,2026-02-03T15:29:00.000000,31,0,0,100
BLUESTARCO,15,25255,2022-01-03T09:15:00.000000,2026-02-03T15:15:00.000000,25255,25255,2022-01-03T09:15:00.000000,2026-02-03T15:15:00.000000,50,0,0,100
CUMMINSIND,5,75764,2022-01-03T09:15:00.000000,2026-02-03T15:25:00.000000,75764,75764,2022-01-03T09:15:00.000000,2026-02-03T15:25:00.000000,50,0,0,100
ESCORTS,10080,215,2021-12-27T00:00:00.000000,2026-02-02T00:00:00.000000,215,215,2021-12-27T00:00:00.000000,2026-02-02T00:00:00.000000,51,0,0,100
SBIN,10080,214,2021-12-27T00:00:00.000000,2026-01-26T00:00:00.000000,214,214,2021-12-27T00:00:00.000000,2026-01-26T00:00:00.000000,50,0,0,100
M&MFIN,30,13162,2022-01-03T09:00:00.000000,2026-02-05T15:00:00.000000,13162,13162,2022-01-03T09:00:00.000000,2026-02-05T15:00:00.000000,50,0,0,100
TATASTEEL,3,126149,2022-01-03T09:15:00.000000,2026-02-02T15:27:00.000000,126149,126149,2022-01-03T09:15:00.000000,2026-02-02T15:27:00.000000,50,0,0,100
BPCL,15,25230,2022-01-03T09:15:00.000000,2026-02-02T15:15:00.000000,25230,25230,2022-01-03T09:15:00.000000,2026-02-02T15:15:00.000000,50,0,0,100
APLAPOLLO,60,7076,2022-01-03T09:00:00.000000,2026-02-03T15:00:00.000000,7076,7076,2022-01-03T09:00:00.000000,2026-02-03T15:00:00.000000,50,0,0,100
CRISIL,1,378296,2022-01-03T09:15:00.000000,2026-02-03T15:29:00.000000,378296,378296,2022-01-03T09:15:00.000000,2026-02-03T15:29:00.000000,50,0,0,100
BALKRISIND,60,7069,2022-01-03T09:00:00.000000,2026-02-02T15:00:00.000000,7069,7069,2022-01-03T09:00:00.000000,2026-02-02T15:00:00.000000,50,0,0,100
AMBUJACEM,3,126149,2022-01-03T09:15:00.000000,2026-02-02T15:27:00.000000,126149,126149,2022-01-03T09:15:00.000000,2026-02-02T15:27:00.000000,50,0,0,100
ELGIEQUIP,60,7076,2022-01-03T09:00:00.000000,2026-02-03T15:00:00.000000,7076,7076,2022-01-03T09:00:00.000000,2026-02-03T15:00:00.000000,50,0,0,100
ARE&M,1440,1016,2022-01-03T00:00:00.000000,2026-02-04T00:00:00.000000,1016,1016,2022-01-03T00:00:00.000000,2026-02-04T00:00:00.000000,50,0,0,100
AGARWALEYE,1440,248,2025-02-04T00:00:00.000000,2026-02-04T00:00:00.000000,248,248,2025-02-04T00:00:00.000000,2026-02-04T00:00:00.000000,13,0,0,100
GRANULES,1440,1015,2022-01-03T00:00:00.000000,2026-02-03T00:00:00.000000,1015,1015,2022-01-03T00:00:00.000000,2026-02-03T00:00:00.000000,50,0,0,100
KPITTECH,1440,1015,2022-01-03T00:00:00.000000,2026-02-03T00:00:00.000000,1015,1015,2022-01-03T00:00:00.000000,2026-02-03T00:00:00.000000,50,0,0,100
SCHNEIDER,1440,1015,2022-01-03T00:00:00.000000,2026-02-03T00:00:00.000000,1015,1015,2022-01-03T00:00:00.000000,2026-02-03T00:00:00.000000,50,0,0,100
GILLETTE,1440,1016,2022-01-03T00:00:00.000000,2026-02-04T00:00:00.000000,1016,1016,2022-01-03T00:00:00.000000,2026-02-04T00:00:00.000000,50,0,0,100
HDFCAMC,30,13136,2022-01-03T09:00:00.000000,2026-02-03T15:00:00.000000,13136,13136,2022-01-03T09:00:00.000000,2026-02-03T15:00:00.000000,50,0,0,100
CENTURYPLY,1440,1015,2022-01-03T00:00:00.000000,2026-02-03T00:00:00.000000,1015,1015,2022-01-03T00:00:00.000000,2026-02-03T00:00:00.000000,50,0,0,100
BAJFINANCE,15,25230,2022-01-03T09:15:00.000000,2026-02-02T15:15:00.000000,25230,25230,2022-01-03T09:15:00.000000,2026-02-02T15:15:00.000000,50,0,0,100
BANDHANBNK,5,75689,2022-01-03T09:15:00.000000,2026-02-02T15:25:00.000000,75689,75689,2022-01-03T09:15:00.000000,2026-02-02T15:25:00.000000,50,0,0,100
TRITURBINE,1,378483,2022-01-03T09:15:00.000000,2026-02-03T15:29:00.000000,378483,378483,2022-01-03T09:15:00.000000,2026-02-03T15:29:00.000000,50,0,0,100
JMFINANCIL,10080,215,2021-12-27T00:00:00.000000,2026-02-02T00:00:00.000000,215,215,2021-12-27T00:00:00.000000,2026-02-02T00:00:00.000000,51,0,0,100
INDIANB,10080,215,2021-12-27T00:00:00.000000,2026-02-02T00:00:00.000000,215,215,2021-12-27T00:00:00.000000,2026-02-02T00:00:00.000000,51,0,0,100
GESHIP,30,13149,2022-01-03T09:00:00.000000,2026-02-04T15:00:00.000000,13149,13149,2022-01-03T09:00:00.000000,2026-02-04T15:00:00.000000,50,0,0,100
ADANIGREEN,10080,215,2021-12-27T00:00:00.000000,2026-02-02T00:00:00.000000,215,215,2021-12-27T00:00:00.000000,2026-02-02T00:00:00.000000,51,0,0,100
IOB,5,75761,2022-01-03T09:15:00.000000,2026-02-03T15:25:00.000000,75761,75761,2022-01-03T09:15:00.000000,2026-02-03T15:25:00.000000,50,0,0,100
MRPL,5,75763,2022-01-03T09:15:00.000000,2026-02-03T15:25:00.000000,75763,75763,2022-01-03T09:15:00.000000,2026-02-03T15:25:00.000000,50,0,0,100
SHRIRAMFIN,60,7069,2022-01-03T09:00:00.000000,2026-02-02T15:00:00.000000,7069,7069,2022-01-03T09:00:00.000000,2026-02-02T15:00:00.000000,50,0,0,100
BRIGADE,1440,1015,2022-01-03T00:00:00.000000,2026-02-03T00:00:00.000000,1015,1015,2022-01-03T00:00:00.000000,2026-02-03T00:00:00.000000,50,0,0,100
TATAELXSI,5,75762,2022-01-03T09:15:00.000000,2026-02-03T15:25:00.000000,75762,75762,2022-01-03T09:15:00.000000,2026-02-03T15:25:00.000000,50,0,0,100
JWL,5,75877,2022-01-03T09:15:00.000000,2026-02-05T15:25:00.000000,75877,75877,2022-01-03T09:15:00.000000,2026-02-05T15:25:00.000000,50,0,0,100
BAJAJFINSV,5,75689,2022-01-03T09:15:00.000000,2026-02-02T15:25:00.000000,75689,75689,2022-01-03T09:15:00.000000,2026-02-02T15:25:00.000000,50,0,0,100
KIMS,5,75763,2022-01-03T09:15:00.000000,2026-02-03T15:25:00.000000,75763,75763,2022-01-03T09:15:00.000000,2026-02-03T15:25:00.000000,50,0,0,100
KSB,1,375977,2022-01-03T09:15:00.000000,2026-02-04T15:29:00.000000,375977,375977,2022-01-03T09:15:00.000000,2026-02-04T15:29:00.000000,50,0,0,100
NATCOPHARM,1440,1015,2022-01-03T00:00:00.000000,2026-02-03T00:00:00.000000,1015,1015,2022-01-03T00:00:00.000000,2026-02-03T00:00:00.000000,50,0,0,100
MRPL,15,25255,2022-01-03T09:15:00.000000,2026-02-03T15:15:00.000000,25255,25255,2022-01-03T09:15:00.000000,2026-02-03T15:15:00.000000,50,0,0,100
DEEPAKFERT,15,25280,2022-01-03T09:15:00.000000,2026-02-04T15:15:00.000000,25280,25280,2022-01-03T09:15:00.000000,2026-02-04T15:15:00.000000,50,0,0,100
ALKYLAMINE,10080,215,2021-12-27T00:00:00.000000,2026-02-02T00:00:00.000000,215,215,2021-12-27T00:00:00.000000,2026-02-02T00:00:00.000000,51,0,0,100
CREDITACC,60,7083,2022-01-03T09:00:00.000000,2026-02-04T15:00:00.000000,7083,7083,2022-01-03T09:00:00.000000,2026-02-04T15:00:00.000000,50,0,0,100
GLAND,60,7083,2022-01-03T09:00:00.000000,2026-02-04T15:00:00.000000,7083,7083,2022-01-03T09:00:00.000000,2026-02-04T15:00:00.000000,50,0,0,100
NTPC,60,7069,2022-01-03T09:00:00.000000,2026-02-02T15:00:00.000000,7069,7069,2022-01-03T09:00:00.000000,2026-02-02T15:00:00.000000,50,0,0,100
HOMEFIRST,1440,1015,2022-01-03T00:00:00.000000,2026-02-03T00:00:00.000000,1015,1015,2022-01-03T00:00:00.000000,2026-02-03T00:00:00.000000,50,0,0,100
HINDZINC,1,378790,2022-01-03T09:15:00.000000,2026-02-03T15:29:00.000000,378790,378790,2022-01-03T09:15:00.000000,2026-02-03T15:29:00.000000,50,0,0,100
NESTLEIND,30,13123,2022-01-03T09:00:00.000000,2026-02-02T15:00:00.000000,13123,13123,2022-01-03T09:00:00.000000,2026-02-02T15:00:00.000000,50,0,0,100
HYUNDAI,1440,321,2024-10-22T00:00:00.000000,2026-02-04T00:00:00.000000,321,321,2024-10-22T00:00:00.000000,2026-02-04T00:00:00.000000,17,0,0,100
HOMEFIRST,10080,215,2021-12-27T00:00:00.000000,2026-02-02T00:00:00.000000,215,215,2021-12-27T00:00:00.000000,2026-02-02T00:00:00.000000,51,0,0,100
COCHINSHIP,1440,1015,2022-01-03T00:00:00.000000,2026-02-03T00:00:00.000000,1015,1015,2022-01-03T00:00:00.000000,2026-02-03T00:00:00.000000,50,0,0,100
ASAHIINDIA,10080,215,2021-12-27T00:00:00.000000,2026-02-02T00:00:00.000000,215,215,2021-12-27T00:00:00.000000,2026-02-02T00:00:00.000000,51,0,0,100
CEATLTD,10080,215,2021-12-27T00:00:00.000000,2026-02-02T00:00:00.000000,215,215,2021-12-27T00:00:00.000000,2026-02-02T00:00:00.000000,51,0,0,100
JBCHEPHARM,5,75763,2022-01-03T09:15:00.000000,2026-02-03T15:25:00.000000,75763,75763,2022-01-03T09:15:00.000000,2026-02-03T15:25:00.000000,50,0,0,100
SONACOMS,30,13136,2022-01-03T09:00:00.000000,2026-02-03T15:00:00.000000,13136,13136,2022-01-03T09:00:00.000000,2026-02-03T15:00:00.000000,50,0,0,100
DOMS,30,6838,2023-12-20T09:00:00.000000,2026-02-04T15:00:00.000000,6838,6838,2023-12-20T09:00:00.000000,2026-02-04T15:00:00.000000,27,0,0,100
FIVESTAR,15,19851,2022-11-21T09:15:00.000000,2026-02-04T15:15:00.000000,19851,19851,2022-11-21T09:15:00.000000,2026-02-04T15:15:00.000000,40,0,0,100
MPHASIS,15,25255,2022-01-03T09:15:00.000000,2026-02-03T15:15:00.000000,25255,25255,2022-01-03T09:15:00.000000,2026-02-03T15:15:00.000000,50,0,0,100
CHOLAHLDNG,5,75811,2022-01-03T09:15:00.000000,2026-02-04T15:25:00.000000,75811,75811,2022-01-03T09:15:00.000000,2026-02-04T15:25:00.000000,50,0,0,100
NUVOCO,5,74113,2022-01-03T09:15:00.000000,2026-01-01T15:25:00.000000,74113,74113,2022-01-03T09:15:00.000000,2026-01-01T15:25:00.000000,49,0,0,100
MAHABANK,5,75838,2022-01-03T09:15:00.000000,2026-02-04T15:25:00.000000,75838,75838,2022-01-03T09:15:00.000000,2026-02-04T15:25:00.000000,50,0,0,100
MCX,30,13136,2022-01-03T09:00:00.000000,2026-02-03T15:00:00.000000,13136,13136,2022-01-03T09:00:00.000000,2026-02-03T15:00:00.000000,50,0,0,100
TATAPOWER,10080,215,2021-12-27T00:00:00.000000,2026-02-02T00:00:00.000000,215,215,2021-12-27T00:00:00.000000,2026-02-02T00:00:00.000000,51,0,0,100
REDINGTON,1,378788,2022-01-03T09:15:00.000000,2026-02-03T15:29:00.000000,378788,378788,2022-01-03T09:15:00.000000,2026-02-03T15:29:00.000000,50,0,0,100
IRB,10080,215,2021-12-27T00:00:00.000000,2026-02-02T00:00:00.000000,215,215,2021-12-27T00:00:00.000000,2026-02-02T00:00:00.000000,51,0,0,100
COFORGE,10080,215,2021-12-27T00:00:00.000000,2026-02-02T00:00:00.000000,215,215,2021-12-27T00:00:00.000000,2026-02-02T00:00:00.000000,51,0,0,100
PRESTIGE,30,13136,2022-01-03T09:00:00.000000,2026-02-03T15:00:00.000000,13136,13136,2022-01-03T09:00:00.000000,2026-02-03T15:00:00.000000,50,0,0,100
SUNPHARMA,5,75689,2022-01-03T09:15:00.000000,2026-02-02T15:25:00.000000,75689,75689,2022-01-03T09:15:00.000000,2026-02-02T15:25:00.000000,50,0,0,100
KPITTECH,5,75763,2022-01-03T09:15:00.000000,2026-02-03T15:25:00.000000,75763,75763,2022-01-03T09:15:00.000000,2026-02-03T15:25:00.000000,50,0,0,100
STARHEALTH,30,13136,2022-01-03T09:00:00.000000,2026-02-03T15:00:00.000000,13136,13136,2022-01-03T09:00:00.000000,2026-02-03T15:00:00.000000,50,0,0,100
ACE,10080,215,2021-12-27T00:00:00.000000,2026-02-02T00:00:00.000000,215,215,2021-12-27T00:00:00.000000,2026-02-02T00:00:00.000000,51,0,0,100
IOC,10080,215,2021-12-27T00:00:00.000000,2026-02-02T00:00:00.000000,215,215,2021-12-27T00:00:00.000000,2026-02-02T00:00:00.000000,51,0,0,100
CLEAN,60,7076,2022-01-03T09:00:00.000000,2026-02-03T15:00:00.000000,7076,7076,2022-01-03T09:00:00.000000,2026-02-03T15:00:00.000000,50,0,0,100
CONCOR,3,126399,2022-01-03T09:15:00.000000,2026-02-04T15:27:00.000000,126399,126399,2022-01-03T09:15:00.000000,2026-02-04T15:27:00.000000,50,0,0,100
SKFINDIA,5,75753,2022-01-03T09:15:00.000000,2026-02-03T15:25:00.000000,75753,75753,2022-01-03T09:15:00.000000,2026-02-03T15:25:00.000000,50,0,0,100
SUNDARMFIN,1440,1015,2022-01-03T00:00:00.000000,2026-02-03T00:00:00.000000,1015,1015,2022-01-03T00:00:00.000000,2026-02-03T00:00:00.000000,50,0,0,100
JSWENERGY,15,22180,2022-07-01T09:15:00.000000,2026-02-03T15:15:00.000000,22180,22180,2022-07-01T09:15:00.000000,2026-02-03T15:15:00.000000,44,0,0,100
TVSMOTOR,5,21837,2024-12-02T09:15:00.000000,2026-02-02T15:25:00.000000,21837,21837,2024-12-02T09:15:00.000000,2026-02-02T15:25:00.000000,15,0,0,100
CASTROLIND,60,7076,2022-01-03T09:00:00.000000,2026-02-03T15:00:00.000000,7076,7076,2022-01-03T09:00:00.000000,2026-02-03T15:00:00.000000,50,0,0,100
IDFCFIRSTB,5,21912,2024-12-02T09:15:00.000000,2026-02-03T15:25:00.000000,21912,21912,2024-12-02T09:15:00.000000,2026-02-03T15:25:00.000000,15,0,0,100
LTFOODS,10080,215,2021-12-27T00:00:00.000000,2026-02-02T00:00:00.000000,215,215,2021-12-27T00:00:00.000000,2026-02-02T00:00:00.000000,51,0,0,100
POWERGRID,60,2039,2024-12-02T09:00:00.000000,2026-02-02T15:00:00.000000,2039,2039,2024-12-02T09:00:00.000000,2026-02-02T15:00:00.000000,15,0,0,100
DELHIVERY,1440,921,2022-05-24T00:00:00.000000,2026-02-04T00:00:00.000000,921,921,2022-05-24T00:00:00.000000,2026-02-04T00:00:00.000000,46,0,0,100
SBFC,5,45749,2023-08-16T09:15:00.000000,2026-02-03T15:25:00.000000,45749,45749,2023-08-16T09:15:00.000000,2026-02-03T15:25:00.000000,31,0,0,100
BANDHANBNK,1,378428,2022-01-03T09:15:00.000000,2026-02-02T15:29:00.000000,378428,378428,2022-01-03T09:15:00.000000,2026-02-02T15:29:00.000000,50,0,0,100
MARICO,10080,215,2021-12-27T00:00:00.000000,2026-02-02T00:00:00.000000,215,215,2021-12-27T00:00:00.000000,2026-02-02T00:00:00.000000,51,0,0,100
NAUKRI,60,7069,2022-01-03T09:00:00.000000,2026-02-02T15:00:00.000000,7069,7069,2022-01-03T09:00:00.000000,2026-02-02T15:00:00.000000,50,0,0,100
BHARATFORG,5,75764,2022-01-03T09:15:00.000000,2026-02-03T15:25:00.000000,75764,75764,2022-01-03T09:15:00.000000,2026-02-03T15:25:00.000000,50,0,0,100
PNBHOUSING,60,7076,2022-01-03T09:00:00.000000,2026-02-03T15:00:00.000000,7076,7076,2022-01-03T09:00:00.000000,2026-02-03T15:00:00.000000,50,0,0,100
UCOBANK,60,7076,2022-01-03T09:00:00.000000,2026-02-03T15:00:00.000000,7076,7076,2022-01-03T09:00:00.000000,2026-02-03T15:00:00.000000,50,0,0,100
TIMKEN,3,126266,2022-01-03T09:15:00.000000,2026-02-03T15:27:00.000000,126266,126266,2022-01-03T09:15:00.000000,2026-02-03T15:27:00.000000,50,0,0,100
POONAWALLA,3,126269,2022-01-03T09:15:00.000000,2026-02-03T15:27:00.000000,126269,126269,2022-01-03T09:15:00.000000,2026-02-03T15:27:00.000000,50,0,0,100
ABREL,10080,215,2021-12-27T00:00:00.000000,2026-02-02T00:00:00.000000,215,215,2021-12-27T00:00:00.000000,2026-02-02T00:00:00.000000,51,0,0,100
EIDPARRY,30,13149,2022-01-03T09:00:00.000000,2026-02-04T15:00:00.000000,13149,13149,2022-01-03T09:00:00.000000,2026-02-04T15:00:00.000000,50,0,0,100
INFY,1440,1013,2022-01-03T00:00:00.000000,2026-02-01T00:00:00.000000,1013,1013,2022-01-03T00:00:00.000000,2026-02-01T00:00:00.000000,50,0,0,100
POLYMED,3,126206,2022-01-03T09:15:00.000000,2026-02-03T15:27:00.000000,126206,126206,2022-01-03T09:15:00.000000,2026-02-03T15:27:00.000000,50,0,0,100
CHAMBLFERT,1440,1015,2022-01-03T00:00:00.000000,2026-02-03T00:00:00.000000,1015,1015,2022-01-03T00:00:00.000000,2026-02-03T00:00:00.000000,50,0,0,100
ASTERDM,1440,1016,2022-01-03T00:00:00.000000,2026-02-04T00:00:00.000000,1016,1016,2022-01-03T00:00:00.000000,2026-02-04T00:00:00.000000,50,0,0,100
OBEROIRLTY,60,7069,2022-01-03T09:00:00.000000,2026-02-02T15:00:00.000000,7069,7069,2022-01-03T09:00:00.000000,2026-02-02T15:00:00.000000,50,0,0,100
MAXHEALTH,15,25255,2022-01-03T09:15:00.000000,2026-02-03T15:15:00.000000,25255,25255,2022-01-03T09:15:00.000000,2026-02-03T15:15:00.000000,50,0,0,100
ANGELONE,30,13136,2022-01-03T09:00:00.000000,2026-02-03T15:00:00.000000,13136,13136,2022-01-03T09:00:00.000000,2026-02-03T15:00:00.000000,50,0,0,100
CASTROLIND,15,25255,2022-01-03T09:15:00.000000,2026-02-03T15:15:00.000000,25255,25255,2022-01-03T09:15:00.000000,2026-02-03T15:15:00.000000,50,0,0,100
PETRONET,1,378803,2022-01-03T09:15:00.000000,2026-02-03T15:29:00.000000,378803,378803,2022-01-03T09:15:00.000000,2026-02-03T15:29:00.000000,50,0,0,100
HFCL,1,379166,2022-01-03T09:15:00.000000,2026-02-04T15:29:00.000000,379166,379166,2022-01-03T09:15:00.000000,2026-02-04T15:29:00.000000,50,0,0,100
COFORGE,30,13123,2022-01-03T09:00:00.000000,2026-02-02T15:00:00.000000,13123,13123,2022-01-03T09:00:00.000000,2026-02-02T15:00:00.000000,50,0,0,100
ASTERDM,30,13149,2022-01-03T09:00:00.000000,2026-02-04T15:00:00.000000,13149,13149,2022-01-03T09:00:00.000000,2026-02-04T15:00:00.000000,50,0,0,100
INOXINDIA,60,3684,2023-12-21T09:00:00.000000,2026-02-05T15:00:00.000000,3684,3684,2023-12-21T09:00:00.000000,2026-02-05T15:00:00.000000,27,0,0,100
LAURUSLABS,1440,1015,2022-01-03T00:00:00.000000,2026-02-03T00:00:00.000000,1015,1015,2022-01-03T00:00:00.000000,2026-02-03T00:00:00.000000,50,0,0,100
APARINDS,30,13149,2022-01-03T09:00:00.000000,2026-02-04T15:00:00.000000,13149,13149,2022-01-03T09:00:00.000000,2026-02-04T15:00:00.000000,50,0,0,100
AKUMS,5,27920,2024-08-06T09:15:00.000000,2026-02-04T15:25:00.000000,27920,27920,2024-08-06T09:15:00.000000,2026-02-04T15:25:00.000000,19,0,0,100
POLYMED,5,75758,2022-01-03T09:15:00.000000,2026-02-03T15:25:00.000000,75758,75758,2022-01-03T09:15:00.000000,2026-02-03T15:25:00.000000,50,0,0,100
ASTRAZEN,60,2053,2024-12-02T09:00:00.000000,2026-02-04T15:00:00.000000,2053,2053,2024-12-02T09:00:00.000000,2026-02-04T15:00:00.000000,15,0,0,100
ONGC,30,13123,2022-01-03T09:00:00.000000,2026-02-02T15:00:00.000000,13123,13123,2022-01-03T09:00:00.000000,2026-02-02T15:00:00.000000,50,0,0,100
ADANIPORTS,15,25230,2022-01-03T09:15:00.000000,2026-02-02T15:15:00.000000,25230,25230,2022-01-03T09:15:00.000000,2026-02-02T15:15:00.000000,50,0,0,100
NAVA,30,2668,2022-01-03T09:00:00.000000,2022-11-01T15:00:00.000000,2668,2668,2022-01-03T09:00:00.000000,2022-11-01T15:00:00.000000,11,0,0,100
KPIL,1440,1017,2022-01-03T00:00:00.000000,2026-02-05T00:00:00.000000,1017,1017,2022-01-03T00:00:00.000000,2026-02-05T00:00:00.000000,50,0,0,100
ELECON,1440,1016,2022-01-03T00:00:00.000000,2026-02-04T00:00:00.000000,1016,1016,2022-01-03T00:00:00.000000,2026-02-04T00:00:00.000000,50,0,0,100
APOLLOHOSP,5,75689,2022-01-03T09:15:00.000000,2026-02-02T15:25:00.000000,75689,75689,2022-01-03T09:15:00.000000,2026-02-02T15:25:00.000000,50,0,0,100
GESHIP,3,126390,2022-01-03T09:15:00.000000,2026-02-04T15:27:00.000000,126390,126390,2022-01-03T09:15:00.000000,2026-02-04T15:27:00.000000,50,0,0,100
INDUSTOWER,15,25230,2022-01-03T09:15:00.000000,2026-02-02T15:15:00.000000,25230,25230,2022-01-03T09:15:00.000000,2026-02-02T15:15:00.000000,50,0,0,100
BEL,3,126148,2022-01-03T09:15:00.000000,2026-02-02T15:27:00.000000,126148,126148,2022-01-03T09:15:00.000000,2026-02-02T15:27:00.000000,50,0,0,100
SCHNEIDER,10080,215,2021-12-27T00:00:00.000000,2026-02-02T00:00:00.000000,215,215,2021-12-27T00:00:00.000000,2026-02-02T00:00:00.000000,51,0,0,100
FEDERALBNK,10080,215,2021-12-27T00:00:00.000000,2026-02-02T00:00:00.000000,215,215,2021-12-27T00:00:00.000000,2026-02-02T00:00:00.000000,51,0,0,100
SUNPHARMA,1,378425,2022-01-03T09:15:00.000000,2026-02-02T15:29:00.000000,378425,378425,2022-01-03T09:15:00.000000,2026-02-02T15:29:00.000000,50,0,0,100
VOLTAS,10080,215,2021-12-27T00:00:00.000000,2026-02-02T00:00:00.000000,215,215,2021-12-27T00:00:00.000000,2026-02-02T00:00:00.000000,51,0,0,100
GAIL,1,378424,2022-01-03T09:15:00.000000,2026-02-02T15:29:00.000000,378424,378424,2022-01-03T09:15:00.000000,2026-02-02T15:29:00.000000,50,0,0,100
ABLBL,1440,156,2025-06-23T00:00:00.000000,2026-02-04T00:00:00.000000,156,156,2025-06-23T00:00:00.000000,2026-02-04T00:00:00.000000,9,0,0,100
GMDCLTD,10080,215,2021-12-27T00:00:00.000000,2026-02-02T00:00:00.000000,215,215,2021-12-27T00:00:00.000000,2026-02-02T00:00:00.000000,51,0,0,100
LINDEINDIA,1440,1015,2022-01-03T00:00:00.000000,2026-02-03T00:00:00.000000,1015,1015,2022-01-03T00:00:00.000000,2026-02-03T00:00:00.000000,50,0,0,100
VEDL,15,25230,2022-01-03T09:15:00.000000,2026-02-02T15:15:00.000000,25230,25230,2022-01-03T09:15:00.000000,2026-02-02T15:15:00.000000,50,0,0,100
JUBLINGREA,1440,1017,2022-01-03T00:00:00.000000,2026-02-05T00:00:00.000000,1017,1017,2022-01-03T00:00:00.000000,2026-02-05T00:00:00.000000,50,0,0,100
JUBLINGREA,3,126519,2022-01-03T09:15:00.000000,2026-02-05T15:27:00.000000,126519,126519,2022-01-03T09:15:00.000000,2026-02-05T15:27:00.000000,50,0,0,100
OLECTRA,3,126269,2022-01-03T09:15:00.000000,2026-02-03T15:27:00.000000,126269,126269,2022-01-03T09:15:00.000000,2026-02-03T15:27:00.000000,50,0,0,100
BHARTIARTL,3,28394,2022-01-03T09:15:00.000000,2026-02-02T15:27:00.000000,28394,28394,2022-01-03T09:15:00.000000,2026-02-02T15:27:00.000000,50,0,0,100
BAJAJ-AUTO,15,25280,2022-01-03T09:15:00.000000,2026-02-04T15:15:00.000000,25280,25280,2022-01-03T09:15:00.000000,2026-02-04T15:15:00.000000,50,0,0,100
DALBHARAT,10080,215,2021-12-27T00:00:00.000000,2026-02-02T00:00:00.000000,215,215,2021-12-27T00:00:00.000000,2026-02-02T00:00:00.000000,51,0,0,100
LICHSGFIN,1440,1015,2022-01-03T00:00:00.000000,2026-02-03T00:00:00.000000,1015,1015,2022-01-03T00:00:00.000000,2026-02-03T00:00:00.000000,50,0,0,100
KIRLOSBROS,15,25305,2022-01-03T09:15:00.000000,2026-02-05T15:15:00.000000,25305,25305,2022-01-03T09:15:00.000000,2026-02-05T15:15:00.000000,50,0,0,100
BHARTIHEXA,1,168560,2024-04-12T09:15:00.000000,2026-02-04T15:29:00.000000,168560,168560,2024-04-12T09:15:00.000000,2026-02-04T15:29:00.000000,23,0,0,100
TRENT,60,7069,2022-01-03T09:00:00.000000,2026-02-02T15:00:00.000000,7069,7069,2022-01-03T09:00:00.000000,2026-02-02T15:00:00.000000,50,0,0,100
CIPLA,5,75689,2022-01-03T09:15:00.000000,2026-02-02T15:25:00.000000,75689,75689,2022-01-03T09:15:00.000000,2026-02-02T15:25:00.000000,50,0,0,100
NTPCGREEN,3,37138,2024-11-27T09:36:00.000000,2026-02-05T15:27:00.000000,37138,37138,2024-11-27T09:36:00.000000,2026-02-05T15:27:00.000000,16,0,0,100
CONCORDBIO,1,228320,2023-08-18T09:15:00.000000,2026-02-04T15:29:00.000000,228320,228320,2023-08-18T09:15:00.000000,2026-02-04T15:29:00.000000,31,0,0,100
IOC,60,2046,2024-12-02T09:00:00.000000,2026-02-03T15:00:00.000000,2046,2046,2024-12-02T09:00:00.000000,2026-02-03T15:00:00.000000,15,0,0,100
MPHASIS,60,7076,2022-01-03T09:00:00.000000,2026-02-03T15:00:00.000000,7076,7076,2022-01-03T09:00:00.000000,2026-02-03T15:00:00.000000,50,0,0,100
ULTRACEMCO,60,7069,2022-01-03T09:00:00.000000,2026-02-02T15:00:00.000000,7069,7069,2022-01-03T09:00:00.000000,2026-02-02T15:00:00.000000,50,0,0,100
FINCABLES,1440,1015,2022-01-03T00:00:00.000000,2026-02-03T00:00:00.000000,1015,1015,2022-01-03T00:00:00.000000,2026-02-03T00:00:00.000000,50,0,0,100
AADHARHFC,30,5573,2024-05-15T09:00:00.000000,2026-02-04T15:00:00.000000,5573,5573,2024-05-15T09:00:00.000000,2026-02-04T15:00:00.000000,22,0,0,100
FORTIS,60,7076,2022-01-03T09:00:00.000000,2026-02-03T15:00:00.000000,7076,7076,2022-01-03T09:00:00.000000,2026-02-03T15:00:00.000000,50,0,0,100
SJVN,30,13136,2022-01-03T09:00:00.000000,2026-02-03T15:00:00.000000,13136,13136,2022-01-03T09:00:00.000000,2026-02-03T15:00:00.000000,50,0,0,100
BLUEDART,60,7083,2022-01-03T09:00:00.000000,2026-02-04T15:00:00.000000,7083,7083,2022-01-03T09:00:00.000000,2026-02-04T15:00:00.000000,50,0,0,100
JUBLPHARMA,5,75913,2022-01-03T09:15:00.000000,2026-02-05T15:25:00.000000,75913,75913,2022-01-03T09:15:00.000000,2026-02-05T15:25:00.000000,50,0,0,100
JBMA,1440,1015,2022-01-03T00:00:00.000000,2026-02-03T00:00:00.000000,1015,1015,2022-01-03T00:00:00.000000,2026-02-03T00:00:00.000000,50,0,0,100
GODREJIND,15,25280,2022-01-03T09:15:00.000000,2026-02-04T15:15:00.000000,25280,25280,2022-01-03T09:15:00.000000,2026-02-04T15:15:00.000000,50,0,0,100
ABSLAMC,15,25280,2022-01-03T09:15:00.000000,2026-02-04T15:15:00.000000,25280,25280,2022-01-03T09:15:00.000000,2026-02-04T15:15:00.000000,50,0,0,100
RAMCOCEM,3,126274,2022-01-03T09:15:00.000000,2026-02-03T15:27:00.000000,126274,126274,2022-01-03T09:15:00.000000,2026-02-03T15:27:00.000000,50,0,0,100
BANDHANBNK,60,7069,2022-01-03T09:00:00.000000,2026-02-02T15:00:00.000000,7069,7069,2022-01-03T09:00:00.000000,2026-02-02T15:00:00.000000,50,0,0,100
GRAPHITE,10080,215,2021-12-27T00:00:00.000000,2026-02-02T00:00:00.000000,215,215,2021-12-27T00:00:00.000000,2026-02-02T00:00:00.000000,51,0,0,100
LICI,3,114890,2022-05-17T09:42:00.000000,2026-02-02T15:27:00.000000,114890,114890,2022-05-17T09:42:00.000000,2026-02-02T15:27:00.000000,46,0,0,100
AJANTPHARM,5,75763,2022-01-03T09:15:00.000000,2026-02-03T15:25:00.000000,75763,75763,2022-01-03T09:15:00.000000,2026-02-03T15:25:00.000000,50,0,0,100
ACMESOLAR,10080,65,2024-11-11T00:00:00.000000,2026-02-02T00:00:00.000000,65,65,2024-11-11T00:00:00.000000,2026-02-02T00:00:00.000000,16,0,0,100
TORNTPHARM,60,7069,2022-01-03T09:00:00.000000,2026-02-02T15:00:00.000000,7069,7069,2022-01-03T09:00:00.000000,2026-02-02T15:00:00.000000,50,0,0,100
ABSLAMC,5,75838,2022-01-03T09:15:00.000000,2026-02-04T15:25:00.000000,75838,75838,2022-01-03T09:15:00.000000,2026-02-04T15:25:00.000000,50,0,0,100
CROMPTON,10080,215,2021-12-27T00:00:00.000000,2026-02-02T00:00:00.000000,215,215,2021-12-27T00:00:00.000000,2026-02-02T00:00:00.000000,51,0,0,100
HAL,3,126274,2022-01-03T09:15:00.000000,2026-02-03T15:27:00.000000,126274,126274,2022-01-03T09:15:00.000000,2026-02-03T15:27:00.000000,50,0,0,100
EIDPARRY,3,126392,2022-01-03T09:15:00.000000,2026-02-04T15:27:00.000000,126392,126392,2022-01-03T09:15:00.000000,2026-02-04T15:27:00.000000,50,0,0,100
ALKYLAMINE,1,378695,2022-01-03T09:15:00.000000,2026-02-03T15:29:00.000000,378695,378695,2022-01-03T09:15:00.000000,2026-02-03T15:29:00.000000,50,0,0,100
BEML,15,25255,2022-01-03T09:15:00.000000,2026-02-03T15:15:00.000000,25255,25255,2022-01-03T09:15:00.000000,2026-02-03T15:15:00.000000,50,0,0,100
ICICIPRULI,1440,1014,2022-01-03T00:00:00.000000,2026-02-02T00:00:00.000000,1014,1014,2022-01-03T00:00:00.000000,2026-02-02T00:00:00.000000,50,0,0,100
PNB,1,378429,2022-01-03T09:15:00.000000,2026-02-02T15:29:00.000000,378429,378429,2022-01-03T09:15:00.000000,2026-02-02T15:29:00.000000,50,0,0,100
CHOICEIN,3,116729,2022-04-08T09:15:00.000000,2026-02-04T15:27:00.000000,116729,116729,2022-04-08T09:15:00.000000,2026-02-04T15:27:00.000000,47,0,0,100
BPCL,60,7069,2022-01-03T09:00:00.000000,2026-02-02T15:00:00.000000,7069,7069,2022-01-03T09:00:00.000000,2026-02-02T15:00:00.000000,50,0,0,100
PAGEIND,1,378427,2022-01-03T09:15:00.000000,2026-02-02T15:29:00.000000,378427,378427,2022-01-03T09:15:00.000000,2026-02-02T15:29:00.000000,50,0,0,100
SOLARINDS,10080,215,2021-12-27T00:00:00.000000,2026-02-02T00:00:00.000000,215,215,2021-12-27T00:00:00.000000,2026-02-02T00:00:00.000000,51,0,0,100
IRB,30,13136,2022-01-03T09:00:00.000000,2026-02-03T15:00:00.000000,13136,13136,2022-01-03T09:00:00.000000,2026-02-03T15:00:00.000000,50,0,0,100
NYKAA,1440,1016,2022-01-03T00:00:00.000000,2026-02-04T00:00:00.000000,1016,1016,2022-01-03T00:00:00.000000,2026-02-04T00:00:00.000000,50,0,0,100
ICICIBANK,10080,214,2021-12-27T00:00:00.000000,2026-01-26T00:00:00.000000,214,214,2021-12-27T00:00:00.000000,2026-01-26T00:00:00.000000,50,0,0,100
METROPOLIS,10080,215,2021-12-27T00:00:00.000000,2026-02-02T00:00:00.000000,215,215,2021-12-27T00:00:00.000000,2026-02-02T00:00:00.000000,51,0,0,100
BSOFT,3,126398,2022-01-03T09:15:00.000000,2026-02-04T15:27:00.000000,126398,126398,2022-01-03T09:15:00.000000,2026-02-04T15:27:00.000000,50,0,0,100
GRANULES,15,25255,2022-01-03T09:15:00.000000,2026-02-03T15:15:00.000000,25255,25255,2022-01-03T09:15:00.000000,2026-02-03T15:15:00.000000,50,0,0,100
POWERINDIA,1,378487,2022-01-03T09:15:00.000000,2026-02-04T15:29:00.000000,378487,378487,2022-01-03T09:15:00.000000,2026-02-04T15:29:00.000000,50,0,0,100
UPL,5,75764,2022-01-03T09:15:00.000000,2026-02-03T15:25:00.000000,75764,75764,2022-01-03T09:15:00.000000,2026-02-03T15:25:00.000000,50,0,0,100
BBTC,3,126370,2022-01-03T09:15:00.000000,2026-02-04T15:27:00.000000,126370,126370,2022-01-03T09:15:00.000000,2026-02-04T15:27:00.000000,50,0,0,100
CHENNPETRO,60,7083,2022-01-03T09:00:00.000000,2026-02-04T15:00:00.000000,7083,7083,2022-01-03T09:00:00.000000,2026-02-04T15:00:00.000000,50,0,0,100
FINPIPE,15,25280,2022-01-03T09:15:00.000000,2026-02-04T15:15:00.000000,25280,25280,2022-01-03T09:15:00.000000,2026-02-04T15:15:00.000000,50,0,0,100
TATAINVEST,1440,1015,2022-01-03T00:00:00.000000,2026-02-03T00:00:00.000000,1015,1015,2022-01-03T00:00:00.000000,2026-02-03T00:00:00.000000,50,0,0,100
IOC,5,21912,2024-12-02T09:15:00.000000,2026-02-03T15:25:00.000000,21912,21912,2024-12-02T09:15:00.000000,2026-02-03T15:25:00.000000,15,0,0,100
MAPMYINDIA,10080,215,2021-12-27T00:00:00.000000,2026-02-02T00:00:00.000000,215,215,2021-12-27T00:00:00.000000,2026-02-02T00:00:00.000000,51,0,0,100
CARBORUNIV,1440,1015,2022-01-03T00:00:00.000000,2026-02-03T00:00:00.000000,1015,1015,2022-01-03T00:00:00.000000,2026-02-03T00:00:00.000000,50,0,0,100
BATAINDIA,30,3786,2024-12-02T09:00:00.000000,2026-02-02T15:00:00.000000,3786,3786,2024-12-02T09:00:00.000000,2026-02-02T15:00:00.000000,15,0,0,100
KARURVYSYA,60,7076,2022-01-03T09:00:00.000000,2026-02-03T15:00:00.000000,7076,7076,2022-01-03T09:00:00.000000,2026-02-03T15:00:00.000000,50,0,0,100
ERIS,30,13136,2022-01-03T09:00:00.000000,2026-02-03T15:00:00.000000,13136,13136,2022-01-03T09:00:00.000000,2026-02-03T15:00:00.000000,50,0,0,100
CAPLIPOINT,1440,1016,2022-01-03T00:00:00.000000,2026-02-04T00:00:00.000000,1016,1016,2022-01-03T00:00:00.000000,2026-02-04T00:00:00.000000,50,0,0,100
ESCORTS,3,36520,2024-12-02T09:15:00.000000,2026-02-03T15:27:00.000000,36520,36520,2024-12-02T09:15:00.000000,2026-02-03T15:27:00.000000,15,0,0,100
HAPPSTMNDS,30,13136,2022-01-03T09:00:00.000000,2026-02-03T15:00:00.000000,13136,13136,2022-01-03T09:00:00.000000,2026-02-03T15:00:00.000000,50,0,0,100
ABBOTINDIA,3,126399,2022-01-03T09:15:00.000000,2026-02-04T15:27:00.000000,126399,126399,2022-01-03T09:15:00.000000,2026-02-04T15:27:00.000000,50,0,0,100
CENTRALBK,10080,215,2021-12-27T00:00:00.000000,2026-02-02T00:00:00.000000,215,215,2021-12-27T00:00:00.000000,2026-02-02T00:00:00.000000,51,0,0,100
ADANIGREEN,60,7069,2022-01-03T09:00:00.000000,2026-02-02T15:00:00.000000,7069,7069,2022-01-03T09:00:00.000000,2026-02-02T15:00:00.000000,50,0,0,100
RECLTD,3,126149,2022-01-03T09:15:00.000000,2026-02-02T15:27:00.000000,126149,126149,2022-01-03T09:15:00.000000,2026-02-02T15:27:00.000000,50,0,0,100
TATAINVEST,5,41853,2023-11-01T09:15:00.000000,2026-02-03T15:25:00.000000,41853,41853,2023-11-01T09:15:00.000000,2026-02-03T15:25:00.000000,28,0,0,100
IFCI,3,126517,2022-01-03T09:15:00.000000,2026-02-05T15:27:00.000000,126517,126517,2022-01-03T09:15:00.000000,2026-02-05T15:27:00.000000,50,0,0,100
INDHOTEL,60,7069,2022-01-03T09:00:00.000000,2026-02-02T15:00:00.000000,7069,7069,2022-01-03T09:00:00.000000,2026-02-02T15:00:00.000000,50,0,0,100
BRITANNIA,30,13123,2022-01-03T09:00:00.000000,2026-02-02T15:00:00.000000,13123,13123,2022-01-03T09:00:00.000000,2026-02-02T15:00:00.000000,50,0,0,100
HINDPETRO,60,7083,2022-01-03T09:00:00.000000,2026-02-04T15:00:00.000000,7083,7083,2022-01-03T09:00:00.000000,2026-02-04T15:00:00.000000,50,0,0,100
REDINGTON,60,7076,2022-01-03T09:00:00.000000,2026-02-03T15:00:00.000000,7076,7076,2022-01-03T09:00:00.000000,2026-02-03T15:00:00.000000,50,0,0,100
ATUL,15,25255,2022-01-03T09:15:00.000000,2026-02-03T15:15:00.000000,25255,25255,2022-01-03T09:15:00.000000,2026-02-03T15:15:00.000000,50,0,0,100
SKFINDIA,1,378241,2022-01-03T09:15:00.000000,2026-02-03T15:29:00.000000,378241,378241,2022-01-03T09:15:00.000000,2026-02-03T15:29:00.000000,50,0,0,100
CENTRALBK,30,13136,2022-01-03T09:00:00.000000,2026-02-03T15:00:00.000000,13136,13136,2022-01-03T09:00:00.000000,2026-02-03T15:00:00.000000,50,0,0,100
NHPC,30,13123,2022-01-03T09:00:00.000000,2026-02-02T15:00:00.000000,13123,13123,2022-01-03T09:00:00.000000,2026-02-02T15:00:00.000000,50,0,0,100
PIIND,1,378804,2022-01-03T09:15:00.000000,2026-02-03T15:29:00.000000,378804,378804,2022-01-03T09:15:00.000000,2026-02-03T15:29:00.000000,50,0,0,100
BANKINDIA,1440,1016,2022-01-03T00:00:00.000000,2026-02-04T00:00:00.000000,1016,1016,2022-01-03T00:00:00.000000,2026-02-04T00:00:00.000000,50,0,0,100
JSL,5,75763,2022-01-03T09:15:00.000000,2026-02-03T15:25:00.000000,75763,75763,2022-01-03T09:15:00.000000,2026-02-03T15:25:00.000000,50,0,0,100
NLCINDIA,30,13136,2022-01-03T09:00:00.000000,2026-02-03T15:00:00.000000,13136,13136,2022-01-03T09:00:00.000000,2026-02-03T15:00:00.000000,50,0,0,100
NAUKRI,15,25230,2022-01-03T09:15:00.000000,2026-02-02T15:15:00.000000,25230,25230,2022-01-03T09:15:00.000000,2026-02-02T15:15:00.000000,50,0,0,100
KAYNES,10080,168,2022-11-21T00:00:00.000000,2026-02-02T00:00:00.000000,168,168,2022-11-21T00:00:00.000000,2026-02-02T00:00:00.000000,40,0,0,100
CERA,1440,1016,2022-01-03T00:00:00.000000,2026-02-04T00:00:00.000000,1016,1016,2022-01-03T00:00:00.000000,2026-02-04T00:00:00.000000,50,0,0,100
POWERGRID,10080,215,2021-12-27T00:00:00.000000,2026-02-02T00:00:00.000000,215,215,2021-12-27T00:00:00.000000,2026-02-02T00:00:00.000000,51,0,0,100
SYNGENE,30,13136,2022-01-03T09:00:00.000000,2026-02-03T15:00:00.000000,13136,13136,2022-01-03T09:00:00.000000,2026-02-03T15:00:00.000000,50,0,0,100
CUB,10080,215,2021-12-27T00:00:00.000000,2026-02-02T00:00:00.000000,215,215,2021-12-27T00:00:00.000000,2026-02-02T00:00:00.000000,51,0,0,100
CAMPUS,3,115765,2022-05-09T09:15:00.000000,2026-02-03T15:27:00.000000,115765,115765,2022-05-09T09:15:00.000000,2026-02-03T15:27:00.000000,46,0,0,100
JBCHEPHARM,10080,215,2021-12-27T00:00:00.000000,2026-02-02T00:00:00.000000,215,215,2021-12-27T00:00:00.000000,2026-02-02T00:00:00.000000,51,0,0,100
BEML,3,126258,2022-01-03T09:15:00.000000,2026-02-03T15:27:00.000000,126258,126258,2022-01-03T09:15:00.000000,2026-02-03T15:27:00.000000,50,0,0,100
GRASIM,5,75689,2022-01-03T09:15:00.000000,2026-02-02T15:25:00.000000,75689,75689,2022-01-03T09:15:00.000000,2026-02-02T15:25:00.000000,50,0,0,100
DATAPATTNS,30,13143,2022-01-03T09:00:00.000000,2026-02-04T15:00:00.000000,13143,13143,2022-01-03T09:00:00.000000,2026-02-04T15:00:00.000000,50,0,0,100
BLUEDART,1440,1016,2022-01-03T00:00:00.000000,2026-02-04T00:00:00.000000,1016,1016,2022-01-03T00:00:00.000000,2026-02-04T00:00:00.000000,50,0,0,100
CLEAN,30,13136,2022-01-03T09:00:00.000000,2026-02-03T15:00:00.000000,13136,13136,2022-01-03T09:00:00.000000,2026-02-03T15:00:00.000000,50,0,0,100
POLYCAB,15,25230,2022-01-03T09:15:00.000000,2026-02-02T15:15:00.000000,25230,25230,2022-01-03T09:15:00.000000,2026-02-02T15:15:00.000000,50,0,0,100
POONAWALLA,30,13136,2022-01-03T09:00:00.000000,2026-02-03T15:00:00.000000,13136,13136,2022-01-03T09:00:00.000000,2026-02-03T15:00:00.000000,50,0,0,100
SBFC,10080,130,2023-08-14T00:00:00.000000,2026-02-02T00:00:00.000000,130,130,2023-08-14T00:00:00.000000,2026-02-02T00:00:00.000000,31,0,0,100
ZEEL,3,126274,2022-01-03T09:15:00.000000,2026-02-03T15:27:00.000000,126274,126274,2022-01-03T09:15:00.000000,2026-02-03T15:27:00.000000,50,0,0,100
HEG,1,124620,2024-10-01T09:15:00.000000,2026-02-03T15:29:00.000000,124620,124620,2024-10-01T09:15:00.000000,2026-02-03T15:29:00.000000,17,0,0,100
COALINDIA,5,75689,2022-01-03T09:15:00.000000,2026-02-02T15:25:00.000000,75689,75689,2022-01-03T09:15:00.000000,2026-02-02T15:25:00.000000,50,0,0,100
JSWINFRA,3,72246,2023-10-03T09:15:00.000000,2026-02-03T15:27:00.000000,72246,72246,2023-10-03T09:15:00.000000,2026-02-03T15:27:00.000000,29,0,0,100
CGCL,60,7083,2022-01-03T09:00:00.000000,2026-02-04T15:00:00.000000,7083,7083,2022-01-03T09:00:00.000000,2026-02-04T15:00:00.000000,50,0,0,100
PHOENIXLTD,60,7076,2022-01-03T09:00:00.000000,2026-02-03T15:00:00.000000,7076,7076,2022-01-03T09:00:00.000000,2026-02-03T15:00:00.000000,50,0,0,100
CENTURYPLY,3,126268,2022-01-03T09:15:00.000000,2026-02-03T15:27:00.000000,126268,126268,2022-01-03T09:15:00.000000,2026-02-03T15:27:00.000000,50,0,0,100
HBLENGINE,60,7083,2022-01-03T09:00:00.000000,2026-02-04T15:00:00.000000,7083,7083,2022-01-03T09:00:00.000000,2026-02-04T15:00:00.000000,50,0,0,100
KIRLOSENG,1440,1015,2022-01-03T00:00:00.000000,2026-02-03T00:00:00.000000,1015,1015,2022-01-03T00:00:00.000000,2026-02-03T00:00:00.000000,50,0,0,100
ASIANPAINT,5,75689,2022-01-03T09:15:00.000000,2026-02-02T15:25:00.000000,75689,75689,2022-01-03T09:15:00.000000,2026-02-02T15:25:00.000000,50,0,0,100
KAJARIACER,5,75763,2022-01-03T09:15:00.000000,2026-02-03T15:25:00.000000,75763,75763,2022-01-03T09:15:00.000000,2026-02-03T15:25:00.000000,50,0,0,100
APLLTD,60,5065,2023-03-01T09:00:00.000000,2026-02-04T15:00:00.000000,5065,5065,2023-03-01T09:00:00.000000,2026-02-04T15:00:00.000000,36,0,0,100
PRAJIND,30,13136,2022-01-03T09:00:00.000000,2026-02-03T15:00:00.000000,13136,13136,2022-01-03T09:00:00.000000,2026-02-03T15:00:00.000000,50,0,0,100
TATAPOWER,15,25230,2022-01-03T09:15:00.000000,2026-02-02T15:15:00.000000,25230,25230,2022-01-03T09:15:00.000000,2026-02-02T15:15:00.000000,50,0,0,100
JINDALSTEL,1,109185,2024-12-02T09:15:00.000000,2026-02-02T15:29:00.000000,109185,109185,2024-12-02T09:15:00.000000,2026-02-02T15:29:00.000000,15,0,0,100
ICICIPRULI,1,378423,2022-01-03T09:15:00.000000,2026-02-02T15:29:00.000000,378423,378423,2022-01-03T09:15:00.000000,2026-02-02T15:29:00.000000,50,0,0,100
ENGINERSIN,15,7304,2024-12-02T09:15:00.000000,2026-02-03T15:15:00.000000,7304,7304,2024-12-02T09:15:00.000000,2026-02-03T15:15:00.000000,15,0,0,100
HYUNDAI,5,23944,2024-10-22T09:40:00.000000,2026-02-04T15:25:00.000000,23944,23944,2024-10-22T09:40:00.000000,2026-02-04T15:25:00.000000,17,0,0,100
KSB,5,75832,2022-01-03T09:15:00.000000,2026-02-04T15:25:00.000000,75832,75832,2022-01-03T09:15:00.000000,2026-02-04T15:25:00.000000,50,0,0,100
CROMPTON,1,378429,2022-01-03T09:15:00.000000,2026-02-02T15:29:00.000000,378429,378429,2022-01-03T09:15:00.000000,2026-02-02T15:29:00.000000,50,0,0,100
HEXT,3,29513,2025-02-19T09:36:00.000000,2026-02-04T15:27:00.000000,29513,29513,2025-02-19T09:36:00.000000,2026-02-04T15:27:00.000000,13,0,0,100
KIMS,15,25255,2022-01-03T09:15:00.000000,2026-02-03T15:15:00.000000,25255,25255,2022-01-03T09:15:00.000000,2026-02-03T15:15:00.000000,50,0,0,100
CDSL,15,25255,2022-01-03T09:15:00.000000,2026-02-03T15:15:00.000000,25255,25255,2022-01-03T09:15:00.000000,2026-02-03T15:15:00.000000,50,0,0,100
ARE&M,1,379178,2022-01-03T09:15:00.000000,2026-02-04T15:29:00.000000,379178,379178,2022-01-03T09:15:00.000000,2026-02-04T15:29:00.000000,50,0,0,100
BHARTIARTL,10080,215,2021-12-27T00:00:00.000000,2026-02-02T00:00:00.000000,215,215,2021-12-27T00:00:00.000000,2026-02-02T00:00:00.000000,51,0,0,100
ACMESOLAR,1440,305,2024-11-13T00:00:00.000000,2026-02-04T00:00:00.000000,305,305,2024-11-13T00:00:00.000000,2026-02-04T00:00:00.000000,16,0,0,100
SKFINDIA,1440,1015,2022-01-03T00:00:00.000000,2026-02-03T00:00:00.000000,1015,1015,2022-01-03T00:00:00.000000,2026-02-03T00:00:00.000000,50,0,0,100
CCL,60,7083,2022-01-03T09:00:00.000000,2026-02-04T15:00:00.000000,7083,7083,2022-01-03T09:00:00.000000,2026-02-04T15:00:00.000000,50,0,0,100
AWL,30,12824,2022-02-08T09:00:00.000000,2026-02-04T15:00:00.000000,12824,12824,2022-02-08T09:00:00.000000,2026-02-04T15:00:00.000000,49,0,0,100
LT,3,126273,2022-01-03T09:15:00.000000,2026-02-03T15:27:00.000000,126273,126273,2022-01-03T09:15:00.000000,2026-02-03T15:27:00.000000,50,0,0,100
WELCORP,30,13136,2022-01-03T09:00:00.000000,2026-02-03T15:00:00.000000,13136,13136,2022-01-03T09:00:00.000000,2026-02-03T15:00:00.000000,50,0,0,100
BANDHANBNK,10080,215,2021-12-27T00:00:00.000000,2026-02-02T00:00:00.000000,215,215,2021-12-27T00:00:00.000000,2026-02-02T00:00:00.000000,51,0,0,100
MAZDOCK,60,7076,2022-01-03T09:00:00.000000,2026-02-03T15:00:00.000000,7076,7076,2022-01-03T09:00:00.000000,2026-02-03T15:00:00.000000,50,0,0,100
CRISIL,1440,1015,2022-01-03T00:00:00.000000,2026-02-03T00:00:00.000000,1015,1015,2022-01-03T00:00:00.000000,2026-02-03T00:00:00.000000,50,0,0,100
NUVAMA,60,4078,2023-09-26T09:00:00.000000,2026-02-03T15:00:00.000000,4078,4078,2023-09-26T09:00:00.000000,2026-02-03T15:00:00.000000,30,0,0,100
VGUARD,30,13136,2022-01-03T09:00:00.000000,2026-02-03T15:00:00.000000,13136,13136,2022-01-03T09:00:00.000000,2026-02-03T15:00:00.000000,50,0,0,100
HBLENGINE,5,75836,2022-01-03T09:15:00.000000,2026-02-04T15:25:00.000000,75836,75836,2022-01-03T09:15:00.000000,2026-02-04T15:25:00.000000,50,0,0,100
PNB,30,13123,2022-01-03T09:00:00.000000,2026-02-02T15:00:00.000000,13123,13123,2022-01-03T09:00:00.000000,2026-02-02T15:00:00.000000,50,0,0,100
NMDC,30,13123,2022-01-03T09:00:00.000000,2026-02-02T15:00:00.000000,13123,13123,2022-01-03T09:00:00.000000,2026-02-02T15:00:00.000000,50,0,0,100
MFSL,60,2046,2024-12-02T09:00:00.000000,2026-02-03T15:00:00.000000,2046,2046,2024-12-02T09:00:00.000000,2026-02-03T15:00:00.000000,15,0,0,100
ABREL,5,75838,2022-01-03T09:15:00.000000,2026-02-04T15:25:00.000000,75838,75838,2022-01-03T09:15:00.000000,2026-02-04T15:25:00.000000,50,0,0,100
PIDILITIND,15,25230,2022-01-03T09:15:00.000000,2026-02-02T15:15:00.000000,25230,25230,2022-01-03T09:15:00.000000,2026-02-02T15:15:00.000000,50,0,0,100
PNBHOUSING,10080,215,2021-12-27T00:00:00.000000,2026-02-02T00:00:00.000000,215,215,2021-12-27T00:00:00.000000,2026-02-02T00:00:00.000000,51,0,0,100
ALKEM,1440,1014,2022-01-03T00:00:00.000000,2026-02-02T00:00:00.000000,1014,1014,2022-01-03T00:00:00.000000,2026-02-02T00:00:00.000000,50,0,0,100
JUBLINGREA,15,25305,2022-01-03T09:15:00.000000,2026-02-05T15:15:00.000000,25305,25305,2022-01-03T09:15:00.000000,2026-02-05T15:15:00.000000,50,0,0,100
WIPRO,3,126149,2022-01-03T09:15:00.000000,2026-02-02T15:27:00.000000,126149,126149,2022-01-03T09:15:00.000000,2026-02-02T15:27:00.000000,50,0,0,100
BAJAJFINSV,3,126148,2022-01-03T09:15:00.000000,2026-02-02T15:27:00.000000,126148,126148,2022-01-03T09:15:00.000000,2026-02-02T15:27:00.000000,50,0,0,100
AADHARHFC,3,53567,2024-05-15T09:15:00.000000,2026-02-04T15:27:00.000000,53567,53567,2024-05-15T09:15:00.000000,2026-02-04T15:27:00.000000,22,0,0,100
ALKEM,60,7069,2022-01-03T09:00:00.000000,2026-02-02T15:00:00.000000,7069,7069,2022-01-03T09:00:00.000000,2026-02-02T15:00:00.000000,50,0,0,100
CERA,3,126380,2022-01-03T09:15:00.000000,2026-02-04T15:27:00.000000,126380,126380,2022-01-03T09:15:00.000000,2026-02-04T15:27:00.000000,50,0,0,100
FORCEMOT,60,6556,2022-01-03T09:00:00.000000,2026-02-04T15:00:00.000000,6556,6556,2022-01-03T09:00:00.000000,2026-02-04T15:00:00.000000,50,0,0,100
HUDCO,30,13136,2022-01-03T09:00:00.000000,2026-02-03T15:00:00.000000,13136,13136,2022-01-03T09:00:00.000000,2026-02-03T15:00:00.000000,50,0,0,100
EXIDEIND,15,25255,2022-01-03T09:15:00.000000,2026-02-03T15:15:00.000000,25255,25255,2022-01-03T09:15:00.000000,2026-02-03T15:15:00.000000,50,0,0,100
DATAPATTNS,10080,215,2021-12-27T00:00:00.000000,2026-02-02T00:00:00.000000,215,215,2021-12-27T00:00:00.000000,2026-02-02T00:00:00.000000,51,0,0,100
UBL,60,7076,2022-01-03T09:00:00.000000,2026-02-03T15:00:00.000000,7076,7076,2022-01-03T09:00:00.000000,2026-02-03T15:00:00.000000,50,0,0,100
M&M,5,75914,2022-01-03T09:15:00.000000,2026-02-05T15:25:00.000000,75914,75914,2022-01-03T09:15:00.000000,2026-02-05T15:25:00.000000,50,0,0,100
SYNGENE,15,25255,2022-01-03T09:15:00.000000,2026-02-03T15:15:00.000000,25255,25255,2022-01-03T09:15:00.000000,2026-02-03T15:15:00.000000,50,0,0,100
GRANULES,10080,215,2021-12-27T00:00:00.000000,2026-02-02T00:00:00.000000,215,215,2021-12-27T00:00:00.000000,2026-02-02T00:00:00.000000,51,0,0,100
DRREDDY,3,126149,2022-01-03T09:15:00.000000,2026-02-02T15:27:00.000000,126149,126149,2022-01-03T09:15:00.000000,2026-02-02T15:27:00.000000,50,0,0,100
IFCI,5,75911,2022-01-03T09:15:00.000000,2026-02-05T15:25:00.000000,75911,75911,2022-01-03T09:15:00.000000,2026-02-05T15:25:00.000000,50,0,0,100
GICRE,30,13149,2022-01-03T09:00:00.000000,2026-02-04T15:00:00.000000,13149,13149,2022-01-03T09:00:00.000000,2026-02-04T15:00:00.000000,50,0,0,100
BDL,1440,1015,2022-01-03T00:00:00.000000,2026-02-03T00:00:00.000000,1015,1015,2022-01-03T00:00:00.000000,2026-02-03T00:00:00.000000,50,0,0,100
ABBOTINDIA,15,25280,2022-01-03T09:15:00.000000,2026-02-04T15:15:00.000000,25280,25280,2022-01-03T09:15:00.000000,2026-02-04T15:15:00.000000,50,0,0,100
BAJAJHLDNG,15,7304,2024-12-02T09:15:00.000000,2026-02-03T15:15:00.000000,7304,7304,2024-12-02T09:15:00.000000,2026-02-03T15:15:00.000000,15,0,0,100
EIHOTEL,10080,215,2021-12-27T00:00:00.000000,2026-02-02T00:00:00.000000,215,215,2021-12-27T00:00:00.000000,2026-02-02T00:00:00.000000,51,0,0,100
PNBHOUSING,15,25255,2022-01-03T09:15:00.000000,2026-02-03T15:15:00.000000,25255,25255,2022-01-03T09:15:00.000000,2026-02-03T15:15:00.000000,50,0,0,100
FINCABLES,10080,215,2021-12-27T00:00:00.000000,2026-02-02T00:00:00.000000,215,215,2021-12-27T00:00:00.000000,2026-02-02T00:00:00.000000,51,0,0,100
KPIL,1,378407,2022-01-03T09:15:00.000000,2026-02-05T15:29:00.000000,378407,378407,2022-01-03T09:15:00.000000,2026-02-05T15:29:00.000000,50,0,0,100
GICRE,1440,1016,2022-01-03T00:00:00.000000,2026-02-04T00:00:00.000000,1016,1016,2022-01-03T00:00:00.000000,2026-02-04T00:00:00.000000,50,0,0,100
KEI,1440,1015,2022-01-03T00:00:00.000000,2026-02-03T00:00:00.000000,1015,1015,2022-01-03T00:00:00.000000,2026-02-03T00:00:00.000000,50,0,0,100
CHAMBLFERT,15,25255,2022-01-03T09:15:00.000000,2026-02-03T15:15:00.000000,25255,25255,2022-01-03T09:15:00.000000,2026-02-03T15:15:00.000000,50,0,0,100
JINDALSTEL,1440,1014,2022-01-03T00:00:00.000000,2026-02-02T00:00:00.000000,1014,1014,2022-01-03T00:00:00.000000,2026-02-02T00:00:00.000000,50,0,0,100
BIKAJI,60,2053,2024-12-02T09:00:00.000000,2026-02-04T15:00:00.000000,2053,2053,2024-12-02T09:00:00.000000,2026-02-04T15:00:00.000000,15,0,0,100
LICI,10080,195,2022-05-16T00:00:00.000000,2026-02-02T00:00:00.000000,195,195,2022-05-16T00:00:00.000000,2026-02-02T00:00:00.000000,46,0,0,100
FLUOROCHEM,1,109935,2024-12-02T09:15:00.000000,2026-02-04T15:29:00.000000,109935,109935,2024-12-02T09:15:00.000000,2026-02-04T15:29:00.000000,15,0,0,100
IGL,30,13136,2022-01-03T09:00:00.000000,2026-02-03T15:00:00.000000,13136,13136,2022-01-03T09:00:00.000000,2026-02-03T15:00:00.000000,50,0,0,100
MMTC,1440,1015,2022-01-03T00:00:00.000000,2026-02-03T00:00:00.000000,1015,1015,2022-01-03T00:00:00.000000,2026-02-03T00:00:00.000000,50,0,0,100
SUPREMEIND,1440,1015,2022-01-03T00:00:00.000000,2026-02-03T00:00:00.000000,1015,1015,2022-01-03T00:00:00.000000,2026-02-03T00:00:00.000000,50,0,0,100
BRIGADE,5,75763,2022-01-03T09:15:00.000000,2026-02-03T15:25:00.000000,75763,75763,2022-01-03T09:15:00.000000,2026-02-03T15:25:00.000000,50,0,0,100
EMAMILTD,3,126267,2022-01-03T09:15:00.000000,2026-02-03T15:27:00.000000,126267,126267,2022-01-03T09:15:00.000000,2026-02-03T15:27:00.000000,50,0,0,100
GPIL,60,7076,2022-01-03T09:00:00.000000,2026-02-03T15:00:00.000000,7076,7076,2022-01-03T09:00:00.000000,2026-02-03T15:00:00.000000,50,0,0,100
ABREL,30,13149,2022-01-03T09:00:00.000000,2026-02-04T15:00:00.000000,13149,13149,2022-01-03T09:00:00.000000,2026-02-04T15:00:00.000000,50,0,0,100
BIOCON,60,7069,2022-01-03T09:00:00.000000,2026-02-02T15:00:00.000000,7069,7069,2022-01-03T09:00:00.000000,2026-02-02T15:00:00.000000,50,0,0,100
INDUSINDBK,3,36395,2024-12-02T09:15:00.000000,2026-02-02T15:27:00.000000,36395,36395,2024-12-02T09:15:00.000000,2026-02-02T15:27:00.000000,15,0,0,100
SUNDRMFAST,15,25255,2022-01-03T09:15:00.000000,2026-02-03T15:15:00.000000,25255,25255,2022-01-03T09:15:00.000000,2026-02-03T15:15:00.000000,50,0,0,100
CUB,30,13149,2022-01-03T09:00:00.000000,2026-02-04T15:00:00.000000,13149,13149,2022-01-03T09:00:00.000000,2026-02-04T15:00:00.000000,50,0,0,100
KOTAKBANK,10080,215,2021-12-27T00:00:00.000000,2026-02-02T00:00:00.000000,215,215,2021-12-27T00:00:00.000000,2026-02-02T00:00:00.000000,51,0,0,100
GAIL,15,25230,2022-01-03T09:15:00.000000,2026-02-02T15:15:00.000000,25230,25230,2022-01-03T09:15:00.000000,2026-02-02T15:15:00.000000,50,0,0,100
IRFC,3,126267,2022-01-03T09:15:00.000000,2026-02-03T15:27:00.000000,126267,126267,2022-01-03T09:15:00.000000,2026-02-03T15:27:00.000000,50,0,0,100
PIDILITIND,3,126149,2022-01-03T09:15:00.000000,2026-02-02T15:27:00.000000,126149,126149,2022-01-03T09:15:00.000000,2026-02-02T15:27:00.000000,50,0,0,100
DEEPAKNTR,15,25230,2022-01-03T09:15:00.000000,2026-02-02T15:15:00.000000,25230,25230,2022-01-03T09:15:00.000000,2026-02-02T15:15:00.000000,50,0,0,100
SUNTV,15,25255,2022-01-03T09:15:00.000000,2026-02-03T15:15:00.000000,25255,25255,2022-01-03T09:15:00.000000,2026-02-03T15:15:00.000000,50,0,0,100
CAMPUS,15,23154,2022-05-09T09:15:00.000000,2026-02-03T15:15:00.000000,23154,23154,2022-05-09T09:15:00.000000,2026-02-03T15:15:00.000000,46,0,0,100
SYNGENE,5,75764,2022-01-03T09:15:00.000000,2026-02-03T15:25:00.000000,75764,75764,2022-01-03T09:15:00.000000,2026-02-03T15:25:00.000000,50,0,0,100
IRCON,1,379476,2022-01-03T09:15:00.000000,2026-02-05T15:29:00.000000,379476,379476,2022-01-03T09:15:00.000000,2026-02-05T15:29:00.000000,50,0,0,100
JUBLINGREA,60,7090,2022-01-03T09:00:00.000000,2026-02-05T15:00:00.000000,7090,7090,2022-01-03T09:00:00.000000,2026-02-05T15:00:00.000000,50,0,0,100
INDIAMART,1,378798,2022-01-03T09:15:00.000000,2026-02-03T15:29:00.000000,378798,378798,2022-01-03T09:15:00.000000,2026-02-03T15:29:00.000000,50,0,0,100
CRAFTSMAN,1,377925,2022-01-03T09:15:00.000000,2026-02-04T15:29:00.000000,377925,377925,2022-01-03T09:15:00.000000,2026-02-04T15:29:00.000000,50,0,0,100
MAPMYINDIA,15,25255,2022-01-03T09:15:00.000000,2026-02-03T15:15:00.000000,25255,25255,2022-01-03T09:15:00.000000,2026-02-03T15:15:00.000000,50,0,0,100
POONAWALLA,1440,1015,2022-01-03T00:00:00.000000,2026-02-03T00:00:00.000000,1015,1015,2022-01-03T00:00:00.000000,2026-02-03T00:00:00.000000,50,0,0,100
CERA,60,7083,2022-01-03T09:00:00.000000,2026-02-04T15:00:00.000000,7083,7083,2022-01-03T09:00:00.000000,2026-02-04T15:00:00.000000,50,0,0,100
ITC,10080,214,2021-12-27T00:00:00.000000,2026-01-26T00:00:00.000000,214,214,2021-12-27T00:00:00.000000,2026-01-26T00:00:00.000000,50,0,0,100
MAHSEAMLES,15,25255,2022-01-03T09:15:00.000000,2026-02-03T15:15:00.000000,25255,25255,2022-01-03T09:15:00.000000,2026-02-03T15:15:00.000000,50,0,0,100
RECLTD,1440,1014,2022-01-03T00:00:00.000000,2026-02-02T00:00:00.000000,1014,1014,2022-01-03T00:00:00.000000,2026-02-02T00:00:00.000000,50,0,0,100
ZYDUSLIFE,3,126274,2022-01-03T09:15:00.000000,2026-02-03T15:27:00.000000,126274,126274,2022-01-03T09:15:00.000000,2026-02-03T15:27:00.000000,50,0,0,100
ABREL,3,126394,2022-01-03T09:15:00.000000,2026-02-04T15:27:00.000000,126394,126394,2022-01-03T09:15:00.000000,2026-02-04T15:27:00.000000,50,0,0,100
AKZOINDIA,1,370170,2022-01-03T09:15:00.000000,2026-02-04T15:29:00.000000,370170,370170,2022-01-03T09:15:00.000000,2026-02-04T15:29:00.000000,50,0,0,100
POLYMED,1440,1015,2022-01-03T00:00:00.000000,2026-02-03T00:00:00.000000,1015,1015,2022-01-03T00:00:00.000000,2026-02-03T00:00:00.000000,50,0,0,100
KFINTECH,1,287456,2022-12-29T09:15:00.000000,2026-02-05T15:29:00.000000,287456,287456,2022-12-29T09:15:00.000000,2026-02-05T15:29:00.000000,39,0,0,100
AKZOINDIA,1440,1016,2022-01-03T00:00:00.000000,2026-02-04T00:00:00.000000,1016,1016,2022-01-03T00:00:00.000000,2026-02-04T00:00:00.000000,50,0,0,100
ULTRACEMCO,1440,1014,2022-01-03T00:00:00.000000,2026-02-02T00:00:00.000000,1014,1014,2022-01-03T00:00:00.000000,2026-02-02T00:00:00.000000,50,0,0,100
MINDACORP,3,126519,2022-01-03T09:15:00.000000,2026-02-05T15:27:00.000000,126519,126519,2022-01-03T09:15:00.000000,2026-02-05T15:27:00.000000,50,0,0,100
BIKAJI,1440,801,2022-11-16T00:00:00.000000,2026-02-04T00:00:00.000000,801,801,2022-11-16T00:00:00.000000,2026-02-04T00:00:00.000000,40,0,0,100
NTPCGREEN,5,22283,2024-11-27T09:35:00.000000,2026-02-05T15:25:00.000000,22283,22283,2024-11-27T09:35:00.000000,2026-02-05T15:25:00.000000,16,0,0,100
FACT,3,126367,2022-01-03T09:15:00.000000,2026-02-04T15:27:00.000000,126367,126367,2022-01-03T09:15:00.000000,2026-02-04T15:27:00.000000,50,0,0,100
TRITURBINE,15,25255,2022-01-03T09:15:00.000000,2026-02-03T15:15:00.000000,25255,25255,2022-01-03T09:15:00.000000,2026-02-03T15:15:00.000000,50,0,0,100
BALRAMCHIN,60,7083,2022-01-03T09:00:00.000000,2026-02-04T15:00:00.000000,7083,7083,2022-01-03T09:00:00.000000,2026-02-04T15:00:00.000000,50,0,0,100
ZENSARTECH,3,126392,2022-01-03T09:15:00.000000,2026-02-04T15:27:00.000000,126392,126392,2022-01-03T09:15:00.000000,2026-02-04T15:27:00.000000,50,0,0,100
ENGINERSIN,1440,1015,2022-01-03T00:00:00.000000,2026-02-03T00:00:00.000000,1015,1015,2022-01-03T00:00:00.000000,2026-02-03T00:00:00.000000,50,0,0,100
GMDCLTD,3,126392,2022-01-03T09:15:00.000000,2026-02-04T15:27:00.000000,126392,126392,2022-01-03T09:15:00.000000,2026-02-04T15:27:00.000000,50,0,0,100
HBLENGINE,10080,215,2021-12-27T00:00:00.000000,2026-02-02T00:00:00.000000,215,215,2021-12-27T00:00:00.000000,2026-02-02T00:00:00.000000,51,0,0,100
HSCL,30,13136,2022-01-03T09:00:00.000000,2026-02-03T15:00:00.000000,13136,13136,2022-01-03T09:00:00.000000,2026-02-03T15:00:00.000000,50,0,0,100
NTPCGREEN,10080,63,2024-11-25T00:00:00.000000,2026-02-02T00:00:00.000000,63,63,2024-11-25T00:00:00.000000,2026-02-02T00:00:00.000000,16,0,0,100
COROMANDEL,10080,215,2021-12-27T00:00:00.000000,2026-02-02T00:00:00.000000,215,215,2021-12-27T00:00:00.000000,2026-02-02T00:00:00.000000,51,0,0,100
HOMEFIRST,15,25255,2022-01-03T09:15:00.000000,2026-02-03T15:15:00.000000,25255,25255,2022-01-03T09:15:00.000000,2026-02-03T15:15:00.000000,50,0,0,100
SRF,5,75689,2022-01-03T09:15:00.000000,2026-02-02T15:25:00.000000,75689,75689,2022-01-03T09:15:00.000000,2026-02-02T15:25:00.000000,50,0,0,100
MAHSEAMLES,3,126260,2022-01-03T09:15:00.000000,2026-02-03T15:27:00.000000,126260,126260,2022-01-03T09:15:00.000000,2026-02-03T15:27:00.000000,50,0,0,100
ASTRAL,10080,215,2021-12-27T00:00:00.000000,2026-02-02T00:00:00.000000,215,215,2021-12-27T00:00:00.000000,2026-02-02T00:00:00.000000,51,0,0,100
ENDURANCE,10080,215,2021-12-27T00:00:00.000000,2026-02-02T00:00:00.000000,215,215,2021-12-27T00:00:00.000000,2026-02-02T00:00:00.000000,51,0,0,100
COROMANDEL,3,126149,2022-01-03T09:15:00.000000,2026-02-02T15:27:00.000000,126149,126149,2022-01-03T09:15:00.000000,2026-02-02T15:27:00.000000,50,0,0,100
AJANTPHARM,30,13136,2022-01-03T09:00:00.000000,2026-02-03T15:00:00.000000,13136,13136,2022-01-03T09:00:00.000000,2026-02-03T15:00:00.000000,50,0,0,100
HEG,15,8308,2024-10-01T09:15:00.000000,2026-02-03T15:15:00.000000,8308,8308,2024-10-01T09:15:00.000000,2026-02-03T15:15:00.000000,17,0,0,100
HINDALCO,1,378424,2022-01-03T09:15:00.000000,2026-02-02T15:29:00.000000,378424,378424,2022-01-03T09:15:00.000000,2026-02-02T15:29:00.000000,50,0,0,100
SCHNEIDER,1,378190,2022-01-03T09:15:00.000000,2026-02-03T15:29:00.000000,378190,378190,2022-01-03T09:15:00.000000,2026-02-03T15:29:00.000000,50,0,0,100
SONACOMS,5,75762,2022-01-03T09:15:00.000000,2026-02-03T15:25:00.000000,75762,75762,2022-01-03T09:15:00.000000,2026-02-03T15:25:00.000000,50,0,0,100
KFINTECH,5,57524,2022-12-29T09:15:00.000000,2026-02-05T15:25:00.000000,57524,57524,2022-12-29T09:15:00.000000,2026-02-05T15:25:00.000000,39,0,0,100
NESTLEIND,1,378429,2022-01-03T09:15:00.000000,2026-02-02T15:29:00.000000,378429,378429,2022-01-03T09:15:00.000000,2026-02-02T15:29:00.000000,50,0,0,100
ASHOKLEY,3,126149,2022-01-03T09:15:00.000000,2026-02-02T15:27:00.000000,126149,126149,2022-01-03T09:15:00.000000,2026-02-02T15:27:00.000000,50,0,0,100
JYOTICNC,60,3565,2024-01-16T09:00:00.000000,2026-02-05T15:00:00.000000,3565,3565,2024-01-16T09:00:00.000000,2026-02-05T15:00:00.000000,26,0,0,100
JWL,30,13162,2022-01-03T09:00:00.000000,2026-02-05T15:00:00.000000,13162,13162,2022-01-03T09:00:00.000000,2026-02-05T15:00:00.000000,50,0,0,100
SBILIFE,1,378425,2022-01-03T09:15:00.000000,2026-02-02T15:29:00.000000,378425,378425,2022-01-03T09:15:00.000000,2026-02-02T15:29:00.000000,50,0,0,100
KIRLOSENG,3,126232,2022-01-03T09:15:00.000000,2026-02-03T15:27:00.000000,126232,126232,2022-01-03T09:15:00.000000,2026-02-03T15:27:00.000000,50,0,0,100
BALKRISIND,15,25230,2022-01-03T09:15:00.000000,2026-02-02T15:15:00.000000,25230,25230,2022-01-03T09:15:00.000000,2026-02-02T15:15:00.000000,50,0,0,100
FINCABLES,1,378545,2022-01-03T09:15:00.000000,2026-02-03T15:29:00.000000,378545,378545,2022-01-03T09:15:00.000000,2026-02-03T15:29:00.000000,50,0,0,100
IIFL,60,7076,2022-01-03T09:00:00.000000,2026-02-03T15:00:00.000000,7076,7076,2022-01-03T09:00:00.000000,2026-02-03T15:00:00.000000,50,0,0,100
INOXWIND,3,126466,2022-01-03T09:15:00.000000,2026-02-05T15:27:00.000000,126466,126466,2022-01-03T09:15:00.000000,2026-02-05T15:27:00.000000,50,0,0,100
GODREJAGRO,5,75836,2022-01-03T09:15:00.000000,2026-02-04T15:25:00.000000,75836,75836,2022-01-03T09:15:00.000000,2026-02-04T15:25:00.000000,50,0,0,100
APOLLOHOSP,30,13123,2022-01-03T09:00:00.000000,2026-02-02T15:00:00.000000,13123,13123,2022-01-03T09:00:00.000000,2026-02-02T15:00:00.000000,50,0,0,100
SJVN,10080,215,2021-12-27T00:00:00.000000,2026-02-02T00:00:00.000000,215,215,2021-12-27T00:00:00.000000,2026-02-02T00:00:00.000000,51,0,0,100
ADANIPOWER,5,75838,2022-01-03T09:15:00.000000,2026-02-04T15:25:00.000000,75838,75838,2022-01-03T09:15:00.000000,2026-02-04T15:25:00.000000,50,0,0,100
JYOTICNC,3,63601,2024-01-16T09:15:00.000000,2026-02-05T15:27:00.000000,63601,63601,2024-01-16T09:15:00.000000,2026-02-05T15:27:00.000000,26,0,0,100
HYUNDAI,3,39906,2024-10-22T09:42:00.000000,2026-02-04T15:27:00.000000,39906,39906,2024-10-22T09:42:00.000000,2026-02-04T15:27:00.000000,17,0,0,100
JPPOWER,15,25305,2022-01-03T09:15:00.000000,2026-02-05T15:15:00.000000,25305,25305,2022-01-03T09:15:00.000000,2026-02-05T15:15:00.000000,50,0,0,100
EIDPARRY,15,25280,2022-01-03T09:15:00.000000,2026-02-04T15:15:00.000000,25280,25280,2022-01-03T09:15:00.000000,2026-02-04T15:15:00.000000,50,0,0,100
NATIONALUM,1,378804,2022-01-03T09:15:00.000000,2026-02-03T15:29:00.000000,378804,378804,2022-01-03T09:15:00.000000,2026-02-03T15:29:00.000000,50,0,0,100
CARBORUNIV,10080,215,2021-12-27T00:00:00.000000,2026-02-02T00:00:00.000000,215,215,2021-12-27T00:00:00.000000,2026-02-02T00:00:00.000000,51,0,0,100
SOLARINDS,1,378345,2022-01-03T09:15:00.000000,2026-02-03T15:29:00.000000,378345,378345,2022-01-03T09:15:00.000000,2026-02-03T15:29:00.000000,50,0,0,100
ARE&M,15,25280,2022-01-03T09:15:00.000000,2026-02-04T15:15:00.000000,25280,25280,2022-01-03T09:15:00.000000,2026-02-04T15:15:00.000000,50,0,0,100
POLYCAB,10080,215,2021-12-27T00:00:00.000000,2026-02-02T00:00:00.000000,215,215,2021-12-27T00:00:00.000000,2026-02-02T00:00:00.000000,51,0,0,100
FORCEMOT,3,116981,2022-01-03T09:15:00.000000,2026-02-04T15:27:00.000000,116981,116981,2022-01-03T09:15:00.000000,2026-02-04T15:27:00.000000,50,0,0,100
PFC,1,378429,2022-01-03T09:15:00.000000,2026-02-02T15:29:00.000000,378429,378429,2022-01-03T09:15:00.000000,2026-02-02T15:29:00.000000,50,0,0,100
DMART,5,75761,2022-01-03T09:15:00.000000,2026-02-03T15:25:00.000000,75761,75761,2022-01-03T09:15:00.000000,2026-02-03T15:25:00.000000,50,0,0,100
ADANIPOWER,3,126394,2022-01-03T09:15:00.000000,2026-02-04T15:27:00.000000,126394,126394,2022-01-03T09:15:00.000000,2026-02-04T15:27:00.000000,50,0,0,100
IFCI,1440,1017,2022-01-03T00:00:00.000000,2026-02-05T00:00:00.000000,1017,1017,2022-01-03T00:00:00.000000,2026-02-05T00:00:00.000000,50,0,0,100
ANANTRAJ,1440,1016,2022-01-03T00:00:00.000000,2026-02-04T00:00:00.000000,1016,1016,2022-01-03T00:00:00.000000,2026-02-04T00:00:00.000000,50,0,0,100
AMBUJACEM,60,7069,2022-01-03T09:00:00.000000,2026-02-02T15:00:00.000000,7069,7069,2022-01-03T09:00:00.000000,2026-02-02T15:00:00.000000,50,0,0,100
ASTERDM,60,7083,2022-01-03T09:00:00.000000,2026-02-04T15:00:00.000000,7083,7083,2022-01-03T09:00:00.000000,2026-02-04T15:00:00.000000,50,0,0,100
BAJAJFINSV,1,378428,2022-01-03T09:15:00.000000,2026-02-02T15:29:00.000000,378428,378428,2022-01-03T09:15:00.000000,2026-02-02T15:29:00.000000,50,0,0,100
LLOYDSME,5,47328,2023-07-17T09:15:00.000000,2026-02-03T15:25:00.000000,47328,47328,2023-07-17T09:15:00.000000,2026-02-03T15:25:00.000000,32,0,0,100
360ONE,10080,215,2021-12-27T00:00:00.000000,2026-02-02T00:00:00.000000,215,215,2021-12-27T00:00:00.000000,2026-02-02T00:00:00.000000,51,0,0,100
SUNPHARMA,30,13123,2022-01-03T09:00:00.000000,2026-02-02T15:00:00.000000,13123,13123,2022-01-03T09:00:00.000000,2026-02-02T15:00:00.000000,50,0,0,100
MOTILALOFS,1440,576,2022-01-03T00:00:00.000000,2024-04-30T00:00:00.000000,576,576,2022-01-03T00:00:00.000000,2024-04-30T00:00:00.000000,28,0,0,100
NSLNISP,15,18276,2023-02-20T09:15:00.000000,2026-02-05T15:15:00.000000,18276,18276,2023-02-20T09:15:00.000000,2026-02-05T15:15:00.000000,37,0,0,100
ADANIENSOL,1,379152,2022-01-03T09:15:00.000000,2026-02-04T15:29:00.000000,379152,379152,2022-01-03T09:15:00.000000,2026-02-04T15:29:00.000000,50,0,0,100
EMCURE,3,48782,2024-07-10T09:15:00.000000,2026-02-04T15:27:00.000000,48782,48782,2024-07-10T09:15:00.000000,2026-02-04T15:27:00.000000,20,0,0,100
RELIANCE,10080,215,2021-12-27T00:00:00.000000,2026-02-02T00:00:00.000000,215,215,2021-12-27T00:00:00.000000,2026-02-02T00:00:00.000000,51,0,0,100
APTUS,5,75763,2022-01-03T09:15:00.000000,2026-02-03T15:25:00.000000,75763,75763,2022-01-03T09:15:00.000000,2026-02-03T15:25:00.000000,50,0,0,100
MAZDOCK,15,25255,2022-01-03T09:15:00.000000,2026-02-03T15:15:00.000000,25255,25255,2022-01-03T09:15:00.000000,2026-02-03T15:15:00.000000,50,0,0,100
ASTRAZEN,1440,1016,2022-01-03T00:00:00.000000,2026-02-04T00:00:00.000000,1016,1016,2022-01-03T00:00:00.000000,2026-02-04T00:00:00.000000,50,0,0,100
JSWINFRA,15,14451,2023-10-03T09:15:00.000000,2026-02-03T15:15:00.000000,14451,14451,2023-10-03T09:15:00.000000,2026-02-03T15:15:00.000000,29,0,0,100
NSLNISP,3,91371,2023-02-20T09:15:00.000000,2026-02-05T15:27:00.000000,91371,91371,2023-02-20T09:15:00.000000,2026-02-05T15:27:00.000000,37,0,0,100
MAHSEAMLES,60,7076,2022-01-03T09:00:00.000000,2026-02-03T15:00:00.000000,7076,7076,2022-01-03T09:00:00.000000,2026-02-03T15:00:00.000000,50,0,0,100
GRAPHITE,5,75761,2022-01-03T09:15:00.000000,2026-02-03T15:25:00.000000,75761,75761,2022-01-03T09:15:00.000000,2026-02-03T15:25:00.000000,50,0,0,100
ASTRAZEN,3,36645,2024-12-02T09:15:00.000000,2026-02-04T15:27:00.000000,36645,36645,2024-12-02T09:15:00.000000,2026-02-04T15:27:00.000000,15,0,0,100
ABLBL,15,3876,2025-06-23T10:00:00.000000,2026-02-04T15:15:00.000000,3876,3876,2025-06-23T10:00:00.000000,2026-02-04T15:15:00.000000,9,0,0,100
BSE,30,13136,2022-01-03T09:00:00.000000,2026-02-03T15:00:00.000000,13136,13136,2022-01-03T09:00:00.000000,2026-02-03T15:00:00.000000,50,0,0,100
HEG,5,24924,2024-10-01T09:15:00.000000,2026-02-03T15:25:00.000000,24924,24924,2024-10-01T09:15:00.000000,2026-02-03T15:25:00.000000,17,0,0,100
MAHSCOOTER,5,75548,2022-01-03T09:15:00.000000,2026-02-05T15:25:00.000000,75548,75548,2022-01-03T09:15:00.000000,2026-02-05T15:25:00.000000,50,0,0,100
ADANIPOWER,60,7083,2022-01-03T09:00:00.000000,2026-02-04T15:00:00.000000,7083,7083,2022-01-03T09:00:00.000000,2026-02-04T15:00:00.000000,50,0,0,100
VBL,1440,1015,2022-01-03T00:00:00.000000,2026-02-03T00:00:00.000000,1015,1015,2022-01-03T00:00:00.000000,2026-02-03T00:00:00.000000,50,0,0,100
CRAFTSMAN,10080,215,2021-12-27T00:00:00.000000,2026-02-02T00:00:00.000000,215,215,2021-12-27T00:00:00.000000,2026-02-02T00:00:00.000000,51,0,0,100
PIIND,1440,1015,2022-01-03T00:00:00.000000,2026-02-03T00:00:00.000000,1015,1015,2022-01-03T00:00:00.000000,2026-02-03T00:00:00.000000,50,0,0,100
FINPIPE,30,13149,2022-01-03T09:00:00.000000,2026-02-04T15:00:00.000000,13149,13149,2022-01-03T09:00:00.000000,2026-02-04T15:00:00.000000,50,0,0,100
VOLTAS,15,25255,2022-01-03T09:15:00.000000,2026-02-03T15:15:00.000000,25255,25255,2022-01-03T09:15:00.000000,2026-02-03T15:15:00.000000,50,0,0,100
INDIACEM,1440,1015,2022-01-03T00:00:00.000000,2026-02-03T00:00:00.000000,1015,1015,2022-01-03T00:00:00.000000,2026-02-03T00:00:00.000000,50,0,0,100
FEDERALBNK,30,13136,2022-01-03T09:00:00.000000,2026-02-03T15:00:00.000000,13136,13136,2022-01-03T09:00:00.000000,2026-02-03T15:00:00.000000,50,0,0,100
ACC,1,378429,2022-01-03T09:15:00.000000,2026-02-02T15:29:00.000000,378429,378429,2022-01-03T09:15:00.000000,2026-02-02T15:29:00.000000,50,0,0,100
VOLTAS,60,7076,2022-01-03T09:00:00.000000,2026-02-03T15:00:00.000000,7076,7076,2022-01-03T09:00:00.000000,2026-02-03T15:00:00.000000,50,0,0,100
AUROPHARMA,10080,215,2021-12-27T00:00:00.000000,2026-02-02T00:00:00.000000,215,215,2021-12-27T00:00:00.000000,2026-02-02T00:00:00.000000,51,0,0,100
RVNL,3,126267,2022-01-03T09:15:00.000000,2026-02-03T15:27:00.000000,126267,126267,2022-01-03T09:15:00.000000,2026-02-03T15:27:00.000000,50,0,0,100
MGL,1440,1015,2022-01-03T00:00:00.000000,2026-02-03T00:00:00.000000,1015,1015,2022-01-03T00:00:00.000000,2026-02-03T00:00:00.000000,50,0,0,100
BAYERCROP,1,375790,2022-01-03T09:15:00.000000,2026-02-03T15:29:00.000000,375790,375790,2022-01-03T09:15:00.000000,2026-02-03T15:29:00.000000,50,0,0,100
IRCON,5,75911,2022-01-03T09:15:00.000000,2026-02-05T15:25:00.000000,75911,75911,2022-01-03T09:15:00.000000,2026-02-05T15:25:00.000000,50,0,0,100
PGHH,10080,215,2021-12-27T00:00:00.000000,2026-02-02T00:00:00.000000,215,215,2021-12-27T00:00:00.000000,2026-02-02T00:00:00.000000,51,0,0,100
ULTRACEMCO,15,25230,2022-01-03T09:15:00.000000,2026-02-02T15:15:00.000000,25230,25230,2022-01-03T09:15:00.000000,2026-02-02T15:15:00.000000,50,0,0,100
JINDALSTEL,30,3786,2024-12-02T09:00:00.000000,2026-02-02T15:00:00.000000,3786,3786,2024-12-02T09:00:00.000000,2026-02-02T15:00:00.000000,15,0,0,100
AGARWALEYE,1,92665,2025-02-04T09:35:00.000000,2026-02-04T15:29:00.000000,92665,92665,2025-02-04T09:35:00.000000,2026-02-04T15:29:00.000000,13,0,0,100
AARTIIND,3,126391,2022-01-03T09:15:00.000000,2026-02-04T15:27:00.000000,126391,126391,2022-01-03T09:15:00.000000,2026-02-04T15:27:00.000000,50,0,0,100
MRF,60,7076,2022-01-03T09:00:00.000000,2026-02-03T15:00:00.000000,7076,7076,2022-01-03T09:00:00.000000,2026-02-03T15:00:00.000000,50,0,0,100
SUNDRMFAST,5,75762,2022-01-03T09:15:00.000000,2026-02-03T15:25:00.000000,75762,75762,2022-01-03T09:15:00.000000,2026-02-03T15:25:00.000000,50,0,0,100
JYOTHYLAB,1,148619,2024-07-01T09:15:00.000000,2026-02-03T15:29:00.000000,148619,148619,2024-07-01T09:15:00.000000,2026-02-03T15:29:00.000000,20,0,0,100
OIL,60,7076,2022-01-03T09:00:00.000000,2026-02-03T15:00:00.000000,7076,7076,2022-01-03T09:00:00.000000,2026-02-03T15:00:00.000000,50,0,0,100
NTPC,3,126149,2022-01-03T09:15:00.000000,2026-02-02T15:27:00.000000,126149,126149,2022-01-03T09:15:00.000000,2026-02-02T15:27:00.000000,50,0,0,100
APOLLOTYRE,1,379179,2022-01-03T09:15:00.000000,2026-02-04T15:29:00.000000,379179,379179,2022-01-03T09:15:00.000000,2026-02-04T15:29:00.000000,50,0,0,100
CHENNPETRO,1440,1016,2022-01-03T00:00:00.000000,2026-02-04T00:00:00.000000,1016,1016,2022-01-03T00:00:00.000000,2026-02-04T00:00:00.000000,50,0,0,100
JSL,15,25255,2022-01-03T09:15:00.000000,2026-02-03T15:15:00.000000,25255,25255,2022-01-03T09:15:00.000000,2026-02-03T15:15:00.000000,50,0,0,100
DEEPAKNTR,3,126149,2022-01-03T09:15:00.000000,2026-02-02T15:27:00.000000,126149,126149,2022-01-03T09:15:00.000000,2026-02-02T15:27:00.000000,50,0,0,100
GICRE,10080,215,2021-12-27T00:00:00.000000,2026-02-02T00:00:00.000000,215,215,2021-12-27T00:00:00.000000,2026-02-02T00:00:00.000000,51,0,0,100
NHPC,10080,215,2021-12-27T00:00:00.000000,2026-02-02T00:00:00.000000,215,215,2021-12-27T00:00:00.000000,2026-02-02T00:00:00.000000,51,0,0,100
CHENNPETRO,5,75838,2022-01-03T09:15:00.000000,2026-02-04T15:25:00.000000,75838,75838,2022-01-03T09:15:00.000000,2026-02-04T15:25:00.000000,50,0,0,100
INDUSINDBK,5,21837,2024-12-02T09:15:00.000000,2026-02-02T15:25:00.000000,21837,21837,2024-12-02T09:15:00.000000,2026-02-02T15:25:00.000000,15,0,0,100
HEROMOTOCO,60,2039,2024-12-02T09:00:00.000000,2026-02-02T15:00:00.000000,2039,2039,2024-12-02T09:00:00.000000,2026-02-02T15:00:00.000000,15,0,0,100
FIVESTAR,10080,168,2022-11-21T00:00:00.000000,2026-02-02T00:00:00.000000,168,168,2022-11-21T00:00:00.000000,2026-02-02T00:00:00.000000,40,0,0,100
JSWINFRA,60,4050,2023-10-03T09:00:00.000000,2026-02-03T15:00:00.000000,4050,4050,2023-10-03T09:00:00.000000,2026-02-03T15:00:00.000000,29,0,0,100
HONASA,10080,118,2023-11-06T00:00:00.000000,2026-02-02T00:00:00.000000,118,118,2023-11-06T00:00:00.000000,2026-02-02T00:00:00.000000,28,0,0,100
HEG,60,2327,2024-10-01T09:00:00.000000,2026-02-03T15:00:00.000000,2327,2327,2024-10-01T09:00:00.000000,2026-02-03T15:00:00.000000,17,0,0,100
NAUKRI,30,13123,2022-01-03T09:00:00.000000,2026-02-02T15:00:00.000000,13123,13123,2022-01-03T09:00:00.000000,2026-02-02T15:00:00.000000,50,0,0,100
AWL,15,24654,2022-02-08T09:15:00.000000,2026-02-04T15:15:00.000000,24654,24654,2022-02-08T09:15:00.000000,2026-02-04T15:15:00.000000,49,0,0,100
VBL,3,49540,2024-07-01T09:15:00.000000,2026-02-03T15:27:00.000000,49540,49540,2024-07-01T09:15:00.000000,2026-02-03T15:27:00.000000,20,0,0,100
GLAXO,10080,215,2021-12-27T00:00:00.000000,2026-02-02T00:00:00.000000,215,215,2021-12-27T00:00:00.000000,2026-02-02T00:00:00.000000,51,0,0,100
GILLETTE,3,126097,2022-01-03T09:15:00.000000,2026-02-04T15:27:00.000000,126097,126097,2022-01-03T09:15:00.000000,2026-02-04T15:27:00.000000,50,0,0,100
IIFL,1,378695,2022-01-03T09:15:00.000000,2026-02-03T15:29:00.000000,378695,378695,2022-01-03T09:15:00.000000,2026-02-03T15:29:00.000000,50,0,0,100
THERMAX,1,378358,2022-01-03T09:15:00.000000,2026-02-03T15:29:00.000000,378358,378358,2022-01-03T09:15:00.000000,2026-02-03T15:29:00.000000,50,0,0,100
KALYANKJIL,5,22062,2024-12-02T09:15:00.000000,2026-02-05T15:25:00.000000,22062,22062,2024-12-02T09:15:00.000000,2026-02-05T15:25:00.000000,15,0,0,100
AKUMS,60,2607,2024-08-06T09:00:00.000000,2026-02-04T15:00:00.000000,2607,2607,2024-08-06T09:00:00.000000,2026-02-04T15:00:00.000000,19,0,0,100
GODIGIT,1,158708,2024-05-23T09:15:00.000000,2026-02-04T15:29:00.000000,158708,158708,2024-05-23T09:15:00.000000,2026-02-04T15:29:00.000000,22,0,0,100
ABLBL,30,2016,2025-06-23T10:00:00.000000,2026-02-04T15:00:00.000000,2016,2016,2025-06-23T10:00:00.000000,2026-02-04T15:00:00.000000,9,0,0,100
GRAVITA,10080,215,2021-12-27T00:00:00.000000,2026-02-02T00:00:00.000000,215,215,2021-12-27T00:00:00.000000,2026-02-02T00:00:00.000000,51,0,0,100
ATUL,1,378797,2022-01-03T09:15:00.000000,2026-02-03T15:29:00.000000,378797,378797,2022-01-03T09:15:00.000000,2026-02-03T15:29:00.000000,50,0,0,100
MAZDOCK,10080,215,2021-12-27T00:00:00.000000,2026-02-02T00:00:00.000000,215,215,2021-12-27T00:00:00.000000,2026-02-02T00:00:00.000000,51,0,0,100
TIMKEN,30,13136,2022-01-03T09:00:00.000000,2026-02-03T15:00:00.000000,13136,13136,2022-01-03T09:00:00.000000,2026-02-03T15:00:00.000000,50,0,0,100
WOCKPHARMA,5,75762,2022-01-03T09:15:00.000000,2026-02-03T15:25:00.000000,75762,75762,2022-01-03T09:15:00.000000,2026-02-03T15:25:00.000000,50,0,0,100
HCLTECH,30,13123,2022-01-03T09:00:00.000000,2026-02-02T15:00:00.000000,13123,13123,2022-01-03T09:00:00.000000,2026-02-02T15:00:00.000000,50,0,0,100
GODFRYPHLP,5,75758,2022-01-03T09:15:00.000000,2026-02-03T15:25:00.000000,75758,75758,2022-01-03T09:15:00.000000,2026-02-03T15:25:00.000000,50,0,0,100
MMTC,15,25255,2022-01-03T09:15:00.000000,2026-02-03T15:15:00.000000,25255,25255,2022-01-03T09:15:00.000000,2026-02-03T15:15:00.000000,50,0,0,100
JSL,30,13136,2022-01-03T09:00:00.000000,2026-02-03T15:00:00.000000,13136,13136,2022-01-03T09:00:00.000000,2026-02-03T15:00:00.000000,50,0,0,100
SBICARD,10080,215,2021-12-27T00:00:00.000000,2026-02-02T00:00:00.000000,215,215,2021-12-27T00:00:00.000000,2026-02-02T00:00:00.000000,51,0,0,100
BSOFT,10080,215,2021-12-27T00:00:00.000000,2026-02-02T00:00:00.000000,215,215,2021-12-27T00:00:00.000000,2026-02-02T00:00:00.000000,51,0,0,100
GSPL,5,75764,2022-01-03T09:15:00.000000,2026-02-03T15:25:00.000000,75764,75764,2022-01-03T09:15:00.000000,2026-02-03T15:25:00.000000,50,0,0,100
TECHNOE,15,25255,2022-01-03T09:15:00.000000,2026-02-03T15:15:00.000000,25255,25255,2022-01-03T09:15:00.000000,2026-02-03T15:15:00.000000,50,0,0,100
PAGEIND,3,126149,2022-01-03T09:15:00.000000,2026-02-02T15:27:00.000000,126149,126149,2022-01-03T09:15:00.000000,2026-02-02T15:27:00.000000,50,0,0,100
AMBER,3,126394,2022-01-03T09:15:00.000000,2026-02-04T15:27:00.000000,126394,126394,2022-01-03T09:15:00.000000,2026-02-04T15:27:00.000000,50,0,0,100
THERMAX,3,126265,2022-01-03T09:15:00.000000,2026-02-03T15:27:00.000000,126265,126265,2022-01-03T09:15:00.000000,2026-02-03T15:27:00.000000,50,0,0,100
CRAFTSMAN,5,75837,2022-01-03T09:15:00.000000,2026-02-04T15:25:00.000000,75837,75837,2022-01-03T09:15:00.000000,2026-02-04T15:25:00.000000,50,0,0,100
IFCI,30,13162,2022-01-03T09:00:00.000000,2026-02-05T15:00:00.000000,13162,13162,2022-01-03T09:00:00.000000,2026-02-05T15:00:00.000000,50,0,0,100
LICI,60,6439,2022-05-17T09:00:00.000000,2026-02-02T15:00:00.000000,6439,6439,2022-05-17T09:00:00.000000,2026-02-02T15:00:00.000000,46,0,0,100
ESCORTS,30,3799,2024-12-02T09:00:00.000000,2026-02-03T15:00:00.000000,3799,3799,2024-12-02T09:00:00.000000,2026-02-03T15:00:00.000000,15,0,0,100
BLUESTARCO,1,378206,2022-01-03T09:15:00.000000,2026-02-03T15:29:00.000000,378206,378206,2022-01-03T09:15:00.000000,2026-02-03T15:29:00.000000,50,0,0,100
BANKINDIA,15,25280,2022-01-03T09:15:00.000000,2026-02-04T15:15:00.000000,25280,25280,2022-01-03T09:15:00.000000,2026-02-04T15:15:00.000000,50,0,0,100
ABBOTINDIA,10080,215,2021-12-27T00:00:00.000000,2026-02-02T00:00:00.000000,215,215,2021-12-27T00:00:00.000000,2026-02-02T00:00:00.000000,51,0,0,100
COCHINSHIP,5,21912,2024-12-02T09:15:00.000000,2026-02-03T15:25:00.000000,21912,21912,2024-12-02T09:15:00.000000,2026-02-03T15:25:00.000000,15,0,0,100
BIOCON,1440,1014,2022-01-03T00:00:00.000000,2026-02-02T00:00:00.000000,1014,1014,2022-01-03T00:00:00.000000,2026-02-02T00:00:00.000000,50,0,0,100
HINDPETRO,15,25280,2022-01-03T09:15:00.000000,2026-02-04T15:15:00.000000,25280,25280,2022-01-03T09:15:00.000000,2026-02-04T15:15:00.000000,50,0,0,100
BDL,1,378794,2022-01-03T09:15:00.000000,2026-02-03T15:29:00.000000,378794,378794,2022-01-03T09:15:00.000000,2026-02-03T15:29:00.000000,50,0,0,100
ABB,10080,215,2021-12-27T00:00:00.000000,2026-02-02T00:00:00.000000,215,215,2021-12-27T00:00:00.000000,2026-02-02T00:00:00.000000,51,0,0,100
CENTURYPLY,60,7076,2022-01-03T09:00:00.000000,2026-02-03T15:00:00.000000,7076,7076,2022-01-03T09:00:00.000000,2026-02-03T15:00:00.000000,50,0,0,100
SOBHA,30,13136,2022-01-03T09:00:00.000000,2026-02-03T15:00:00.000000,13136,13136,2022-01-03T09:00:00.000000,2026-02-03T15:00:00.000000,50,0,0,100
AUBANK,5,75689,2022-01-03T09:15:00.000000,2026-02-02T15:25:00.000000,75689,75689,2022-01-03T09:15:00.000000,2026-02-02T15:25:00.000000,50,0,0,100
HFCL,3,126392,2022-01-03T09:15:00.000000,2026-02-04T15:27:00.000000,126392,126392,2022-01-03T09:15:00.000000,2026-02-04T15:27:00.000000,50,0,0,100
CAPLIPOINT,30,13149,2022-01-03T09:00:00.000000,2026-02-04T15:00:00.000000,13149,13149,2022-01-03T09:00:00.000000,2026-02-04T15:00:00.000000,50,0,0,100
IRFC,1,378792,2022-01-03T09:15:00.000000,2026-02-03T15:29:00.000000,378792,378792,2022-01-03T09:15:00.000000,2026-02-03T15:29:00.000000,50,0,0,100
HBLENGINE,1440,1016,2022-01-03T00:00:00.000000,2026-02-04T00:00:00.000000,1016,1016,2022-01-03T00:00:00.000000,2026-02-04T00:00:00.000000,50,0,0,100
M&M,10080,215,2021-12-27T00:00:00.000000,2026-02-02T00:00:00.000000,215,215,2021-12-27T00:00:00.000000,2026-02-02T00:00:00.000000,51,0,0,100
MARUTI,1,378427,2022-01-03T09:15:00.000000,2026-02-02T15:29:00.000000,378427,378427,2022-01-03T09:15:00.000000,2026-02-02T15:29:00.000000,50,0,0,100
KIMS,1440,1015,2022-01-03T00:00:00.000000,2026-02-03T00:00:00.000000,1015,1015,2022-01-03T00:00:00.000000,2026-02-03T00:00:00.000000,50,0,0,100
MINDACORP,15,25305,2022-01-03T09:15:00.000000,2026-02-05T15:15:00.000000,25305,25305,2022-01-03T09:15:00.000000,2026-02-05T15:15:00.000000,50,0,0,100
MAHABANK,10080,215,2021-12-27T00:00:00.000000,2026-02-02T00:00:00.000000,215,215,2021-12-27T00:00:00.000000,2026-02-02T00:00:00.000000,51,0,0,100
BLUEDART,10080,215,2021-12-27T00:00:00.000000,2026-02-02T00:00:00.000000,215,215,2021-12-27T00:00:00.000000,2026-02-02T00:00:00.000000,51,0,0,100
RADICO,5,75762,2022-01-03T09:15:00.000000,2026-02-03T15:25:00.000000,75762,75762,2022-01-03T09:15:00.000000,2026-02-03T15:25:00.000000,50,0,0,100
JINDALSAW,5,75763,2022-01-03T09:15:00.000000,2026-02-03T15:25:00.000000,75763,75763,2022-01-03T09:15:00.000000,2026-02-03T15:25:00.000000,50,0,0,100
AEGISLOG,30,13149,2022-01-03T09:00:00.000000,2026-02-04T15:00:00.000000,13149,13149,2022-01-03T09:00:00.000000,2026-02-04T15:00:00.000000,50,0,0,100
RVNL,5,75762,2022-01-03T09:15:00.000000,2026-02-03T15:25:00.000000,75762,75762,2022-01-03T09:15:00.000000,2026-02-03T15:25:00.000000,50,0,0,100
NAUKRI,1440,1014,2022-01-03T00:00:00.000000,2026-02-02T00:00:00.000000,1014,1014,2022-01-03T00:00:00.000000,2026-02-02T00:00:00.000000,50,0,0,100
NLCINDIA,10080,215,2021-12-27T00:00:00.000000,2026-02-02T00:00:00.000000,215,215,2021-12-27T00:00:00.000000,2026-02-02T00:00:00.000000,51,0,0,100
SUNTV,1,378798,2022-01-03T09:15:00.000000,2026-02-03T15:29:00.000000,378798,378798,2022-01-03T09:15:00.000000,2026-02-03T15:29:00.000000,50,0,0,100
ICICIBANK,60,7062,2022-01-03T09:00:00.000000,2026-02-01T15:00:00.000000,7062,7062,2022-01-03T09:00:00.000000,2026-02-01T15:00:00.000000,50,0,0,100
NH,10080,215,2021-12-27T00:00:00.000000,2026-02-02T00:00:00.000000,215,215,2021-12-27T00:00:00.000000,2026-02-02T00:00:00.000000,51,0,0,100
HEXT,1440,237,2025-02-19T00:00:00.000000,2026-02-04T00:00:00.000000,237,237,2025-02-19T00:00:00.000000,2026-02-04T00:00:00.000000,13,0,0,100
ICICIPRULI,10080,215,2021-12-27T00:00:00.000000,2026-02-02T00:00:00.000000,215,215,2021-12-27T00:00:00.000000,2026-02-02T00:00:00.000000,51,0,0,100
MAPMYINDIA,1,378708,2022-01-03T09:15:00.000000,2026-02-03T15:29:00.000000,378708,378708,2022-01-03T09:15:00.000000,2026-02-03T15:29:00.000000,50,0,0,100
CANBK,3,126149,2022-01-03T09:15:00.000000,2026-02-02T15:27:00.000000,126149,126149,2022-01-03T09:15:00.000000,2026-02-02T15:27:00.000000,50,0,0,100
ADANIPOWER,1,379173,2022-01-03T09:15:00.000000,2026-02-04T15:29:00.000000,379173,379173,2022-01-03T09:15:00.000000,2026-02-04T15:29:00.000000,50,0,0,100
JIOFIN,60,4267,2023-08-21T09:00:00.000000,2026-02-05T15:00:00.000000,4267,4267,2023-08-21T09:00:00.000000,2026-02-05T15:00:00.000000,31,0,0,100
TATACOMM,1440,1015,2022-01-03T00:00:00.000000,2026-02-03T00:00:00.000000,1015,1015,2022-01-03T00:00:00.000000,2026-02-03T00:00:00.000000,50,0,0,100
HYUNDAI,10080,68,2024-10-21T00:00:00.000000,2026-02-02T00:00:00.000000,68,68,2024-10-21T00:00:00.000000,2026-02-02T00:00:00.000000,17,0,0,100
IKS,15,7028,2024-12-19T09:30:00.000000,2026-02-05T15:15:00.000000,7028,7028,2024-12-19T09:30:00.000000,2026-02-05T15:15:00.000000,15,0,0,100
VIJAYA,60,7076,2022-01-03T09:00:00.000000,2026-02-03T15:00:00.000000,7076,7076,2022-01-03T09:00:00.000000,2026-02-03T15:00:00.000000,50,0,0,100
AUROPHARMA,5,75689,2022-01-03T09:15:00.000000,2026-02-02T15:25:00.000000,75689,75689,2022-01-03T09:15:00.000000,2026-02-02T15:25:00.000000,50,0,0,100
TCS,1,379550,2022-01-03T09:15:00.000000,2026-02-05T15:29:00.000000,379550,379550,2022-01-03T09:15:00.000000,2026-02-05T15:29:00.000000,50,0,0,100
POLYMED,60,7076,2022-01-03T09:00:00.000000,2026-02-03T15:00:00.000000,7076,7076,2022-01-03T09:00:00.000000,2026-02-03T15:00:00.000000,50,0,0,100
AARTIIND,15,25280,2022-01-03T09:15:00.000000,2026-02-04T15:15:00.000000,25280,25280,2022-01-03T09:15:00.000000,2026-02-04T15:15:00.000000,50,0,0,100
COHANCE,60,7083,2022-01-03T09:00:00.000000,2026-02-04T15:00:00.000000,7083,7083,2022-01-03T09:00:00.000000,2026-02-04T15:00:00.000000,50,0,0,100
AFFLE,1440,1015,2022-01-03T00:00:00.000000,2026-02-03T00:00:00.000000,1015,1015,2022-01-03T00:00:00.000000,2026-02-03T00:00:00.000000,50,0,0,100
HINDALCO,15,25230,2022-01-03T09:15:00.000000,2026-02-02T15:15:00.000000,25230,25230,2022-01-03T09:15:00.000000,2026-02-02T15:15:00.000000,50,0,0,100
AEGISLOG,1440,1016,2022-01-03T00:00:00.000000,2026-02-04T00:00:00.000000,1016,1016,2022-01-03T00:00:00.000000,2026-02-04T00:00:00.000000,50,0,0,100
ASHOKLEY,10080,215,2021-12-27T00:00:00.000000,2026-02-02T00:00:00.000000,215,215,2021-12-27T00:00:00.000000,2026-02-02T00:00:00.000000,51,0,0,100
MAHABANK,60,7083,2022-01-03T09:00:00.000000,2026-02-04T15:00:00.000000,7083,7083,2022-01-03T09:00:00.000000,2026-02-04T15:00:00.000000,50,0,0,100
BSE,3,126269,2022-01-03T09:15:00.000000,2026-02-03T15:27:00.000000,126269,126269,2022-01-03T09:15:00.000000,2026-02-03T15:27:00.000000,50,0,0,100
NAVA,5,16960,2022-01-03T09:15:00.000000,2022-12-01T15:25:00.000000,16960,16960,2022-01-03T09:15:00.000000,2022-12-01T15:25:00.000000,12,0,0,100
HONASA,15,13876,2023-11-07T09:15:00.000000,2026-02-04T15:15:00.000000,13876,13876,2023-11-07T09:15:00.000000,2026-02-04T15:15:00.000000,28,0,0,100
LATENTVIEW,30,13136,2022-01-03T09:00:00.000000,2026-02-03T15:00:00.000000,13136,13136,2022-01-03T09:00:00.000000,2026-02-03T15:00:00.000000,50,0,0,100
BIOCON,10080,215,2021-12-27T00:00:00.000000,2026-02-02T00:00:00.000000,215,215,2021-12-27T00:00:00.000000,2026-02-02T00:00:00.000000,51,0,0,100
TRENT,3,126149,2022-01-03T09:15:00.000000,2026-02-02T15:27:00.000000,126149,126149,2022-01-03T09:15:00.000000,2026-02-02T15:27:00.000000,50,0,0,100
HCLTECH,1440,1014,2022-01-03T00:00:00.000000,2026-02-02T00:00:00.000000,1014,1014,2022-01-03T00:00:00.000000,2026-02-02T00:00:00.000000,50,0,0,100
VBL,10080,215,2021-12-27T00:00:00.000000,2026-02-02T00:00:00.000000,215,215,2021-12-27T00:00:00.000000,2026-02-02T00:00:00.000000,51,0,0,100
TRIDENT,30,13136,2022-01-03T09:00:00.000000,2026-02-03T15:00:00.000000,13136,13136,2022-01-03T09:00:00.000000,2026-02-03T15:00:00.000000,50,0,0,100
NMDC,60,7069,2022-01-03T09:00:00.000000,2026-02-02T15:00:00.000000,7069,7069,2022-01-03T09:00:00.000000,2026-02-02T15:00:00.000000,50,0,0,100
MAXHEALTH,1440,1015,2022-01-03T00:00:00.000000,2026-02-03T00:00:00.000000,1015,1015,2022-01-03T00:00:00.000000,2026-02-03T00:00:00.000000,50,0,0,100
SRF,1,378425,2022-01-03T09:15:00.000000,2026-02-02T15:29:00.000000,378425,378425,2022-01-03T09:15:00.000000,2026-02-02T15:29:00.000000,50,0,0,100
TIINDIA,1,378740,2022-01-03T09:15:00.000000,2026-02-03T15:29:00.000000,378740,378740,2022-01-03T09:15:00.000000,2026-02-03T15:29:00.000000,50,0,0,100
TORNTPHARM,3,126149,2022-01-03T09:15:00.000000,2026-02-02T15:27:00.000000,126149,126149,2022-01-03T09:15:00.000000,2026-02-02T15:27:00.000000,50,0,0,100
LTIM,15,25230,2022-01-03T09:15:00.000000,2026-02-02T15:15:00.000000,25230,25230,2022-01-03T09:15:00.000000,2026-02-02T15:15:00.000000,50,0,0,100
SRF,3,126149,2022-01-03T09:15:00.000000,2026-02-02T15:27:00.000000,126149,126149,2022-01-03T09:15:00.000000,2026-02-02T15:27:00.000000,50,0,0,100
GMRAIRPORT,30,3812,2024-12-02T09:00:00.000000,2026-02-04T15:00:00.000000,3812,3812,2024-12-02T09:00:00.000000,2026-02-04T15:00:00.000000,15,0,0,100
BRIGADE,10080,215,2021-12-27T00:00:00.000000,2026-02-02T00:00:00.000000,215,215,2021-12-27T00:00:00.000000,2026-02-02T00:00:00.000000,51,0,0,100
CRISIL,10080,215,2021-12-27T00:00:00.000000,2026-02-02T00:00:00.000000,215,215,2021-12-27T00:00:00.000000,2026-02-02T00:00:00.000000,51,0,0,100
GMDCLTD,60,7083,2022-01-03T09:00:00.000000,2026-02-04T15:00:00.000000,7083,7083,2022-01-03T09:00:00.000000,2026-02-04T15:00:00.000000,50,0,0,100
LICI,1,344660,2022-05-17T09:44:00.000000,2026-02-02T15:29:00.000000,344660,344660,2022-05-17T09:44:00.000000,2026-02-02T15:29:00.000000,46,0,0,100
MAXHEALTH,60,7076,2022-01-03T09:00:00.000000,2026-02-03T15:00:00.000000,7076,7076,2022-01-03T09:00:00.000000,2026-02-03T15:00:00.000000,50,0,0,100
ACMESOLAR,1,114038,2024-11-13T09:37:00.000000,2026-02-04T15:29:00.000000,114038,114038,2024-11-13T09:37:00.000000,2026-02-04T15:29:00.000000,16,0,0,100
CERA,5,75836,2022-01-03T09:15:00.000000,2026-02-04T15:25:00.000000,75836,75836,2022-01-03T09:15:00.000000,2026-02-04T15:25:00.000000,50,0,0,100
JMFINANCIL,30,13136,2022-01-03T09:00:00.000000,2026-02-03T15:00:00.000000,13136,13136,2022-01-03T09:00:00.000000,2026-02-03T15:00:00.000000,50,0,0,100
AEGISVOPAK,1,63765,2025-06-02T10:00:00.000000,2026-02-04T15:29:00.000000,63765,63765,2025-06-02T10:00:00.000000,2026-02-04T15:29:00.000000,9,0,0,100
BLUESTARCO,60,7076,2022-01-03T09:00:00.000000,2026-02-03T15:00:00.000000,7076,7076,2022-01-03T09:00:00.000000,2026-02-03T15:00:00.000000,50,0,0,100
NH,60,7090,2022-01-03T09:00:00.000000,2026-02-05T15:00:00.000000,7090,7090,2022-01-03T09:00:00.000000,2026-02-05T15:00:00.000000,50,0,0,100
GRASIM,1440,1014,2022-01-03T00:00:00.000000,2026-02-02T00:00:00.000000,1014,1014,2022-01-03T00:00:00.000000,2026-02-02T00:00:00.000000,50,0,0,100
GILLETTE,60,7083,2022-01-03T09:00:00.000000,2026-02-04T15:00:00.000000,7083,7083,2022-01-03T09:00:00.000000,2026-02-04T15:00:00.000000,50,0,0,100
JUBLFOOD,5,75764,2022-01-03T09:15:00.000000,2026-02-03T15:25:00.000000,75764,75764,2022-01-03T09:15:00.000000,2026-02-03T15:25:00.000000,50,0,0,100
NAVINFLUOR,15,25255,2022-01-03T09:15:00.000000,2026-02-03T15:15:00.000000,25255,25255,2022-01-03T09:15:00.000000,2026-02-03T15:15:00.000000,50,0,0,100
TORNTPOWER,1,378773,2022-01-03T09:15:00.000000,2026-02-03T15:29:00.000000,378773,378773,2022-01-03T09:15:00.000000,2026-02-03T15:29:00.000000,50,0,0,100
GRAVITA,1,375949,2022-01-03T09:15:00.000000,2026-02-04T15:29:00.000000,375949,375949,2022-01-03T09:15:00.000000,2026-02-04T15:29:00.000000,50,0,0,100
THELEELA,15,4276,2025-06-02T10:00:00.000000,2026-02-05T15:15:00.000000,4276,4276,2025-06-02T10:00:00.000000,2026-02-05T15:15:00.000000,9,0,0,100
MMTC,30,13136,2022-01-03T09:00:00.000000,2026-02-03T15:00:00.000000,13136,13136,2022-01-03T09:00:00.000000,2026-02-03T15:00:00.000000,50,0,0,100
YESBANK,15,25255,2022-01-03T09:15:00.000000,2026-02-03T15:15:00.000000,25255,25255,2022-01-03T09:15:00.000000,2026-02-03T15:15:00.000000,50,0,0,100
THERMAX,30,13136,2022-01-03T09:00:00.000000,2026-02-03T15:00:00.000000,13136,13136,2022-01-03T09:00:00.000000,2026-02-03T15:00:00.000000,50,0,0,100
GLENMARK,10080,215,2021-12-27T00:00:00.000000,2026-02-02T00:00:00.000000,215,215,2021-12-27T00:00:00.000000,2026-02-02T00:00:00.000000,51,0,0,100
MEDANTA,30,3799,2024-12-02T09:00:00.000000,2026-02-03T15:00:00.000000,3799,3799,2024-12-02T09:00:00.000000,2026-02-03T15:00:00.000000,15,0,0,100
FIVESTAR,30,10325,2022-11-21T09:00:00.000000,2026-02-04T15:00:00.000000,10325,10325,2022-11-21T09:00:00.000000,2026-02-04T15:00:00.000000,40,0,0,100
SKFINDIA,3,126249,2022-01-03T09:15:00.000000,2026-02-03T15:27:00.000000,126249,126249,2022-01-03T09:15:00.000000,2026-02-03T15:27:00.000000,50,0,0,100
AKUMS,1440,374,2024-08-06T00:00:00.000000,2026-02-04T00:00:00.000000,374,374,2024-08-06T00:00:00.000000,2026-02-04T00:00:00.000000,19,0,0,100
FSL,1440,1015,2022-01-03T00:00:00.000000,2026-02-03T00:00:00.000000,1015,1015,2022-01-03T00:00:00.000000,2026-02-03T00:00:00.000000,50,0,0,100
AWL,10080,195,2022-02-07T00:00:00.000000,2026-02-02T00:00:00.000000,195,195,2022-02-07T00:00:00.000000,2026-02-02T00:00:00.000000,49,0,0,100
ITI,5,75761,2022-01-03T09:15:00.000000,2026-02-03T15:25:00.000000,75761,75761,2022-01-03T09:15:00.000000,2026-02-03T15:25:00.000000,50,0,0,100
IOC,3,36520,2024-12-02T09:15:00.000000,2026-02-03T15:27:00.000000,36520,36520,2024-12-02T09:15:00.000000,2026-02-03T15:27:00.000000,15,0,0,100
HDFCAMC,10080,215,2021-12-27T00:00:00.000000,2026-02-02T00:00:00.000000,215,215,2021-12-27T00:00:00.000000,2026-02-02T00:00:00.000000,51,0,0,100
NATIONALUM,30,13136,2022-01-03T09:00:00.000000,2026-02-03T15:00:00.000000,13136,13136,2022-01-03T09:00:00.000000,2026-02-03T15:00:00.000000,50,0,0,100
DABUR,3,126149,2022-01-03T09:15:00.000000,2026-02-02T15:27:00.000000,126149,126149,2022-01-03T09:15:00.000000,2026-02-02T15:27:00.000000,50,0,0,100
HAVELLS,3,126149,2022-01-03T09:15:00.000000,2026-02-02T15:27:00.000000,126149,126149,2022-01-03T09:15:00.000000,2026-02-02T15:27:00.000000,50,0,0,100
FACT,15,25280,2022-01-03T09:15:00.000000,2026-02-04T15:15:00.000000,25280,25280,2022-01-03T09:15:00.000000,2026-02-04T15:15:00.000000,50,0,0,100
MMTC,1,378535,2022-01-03T09:15:00.000000,2026-02-03T15:29:00.000000,378535,378535,2022-01-03T09:15:00.000000,2026-02-03T15:29:00.000000,50,0,0,100
TECHM,15,25230,2022-01-03T09:15:00.000000,2026-02-02T15:15:00.000000,25230,25230,2022-01-03T09:15:00.000000,2026-02-02T15:15:00.000000,50,0,0,100
LTFOODS,15,25305,2022-01-03T09:15:00.000000,2026-02-05T15:15:00.000000,25305,25305,2022-01-03T09:15:00.000000,2026-02-05T15:15:00.000000,50,0,0,100
ZENSARTECH,10080,215,2021-12-27T00:00:00.000000,2026-02-02T00:00:00.000000,215,215,2021-12-27T00:00:00.000000,2026-02-02T00:00:00.000000,51,0,0,100
ANGELONE,1,378798,2022-01-03T09:15:00.000000,2026-02-03T15:29:00.000000,378798,378798,2022-01-03T09:15:00.000000,2026-02-03T15:29:00.000000,50,0,0,100
DMART,30,13136,2022-01-03T09:00:00.000000,2026-02-03T15:00:00.000000,13136,13136,2022-01-03T09:00:00.000000,2026-02-03T15:00:00.000000,50,0,0,100
DRREDDY,1,378424,2022-01-03T09:15:00.000000,2026-02-02T15:29:00.000000,378424,378424,2022-01-03T09:15:00.000000,2026-02-02T15:29:00.000000,50,0,0,100
AIAENG,1,377842,2022-01-03T09:15:00.000000,2026-02-03T15:29:00.000000,377842,377842,2022-01-03T09:15:00.000000,2026-02-03T15:29:00.000000,50,0,0,100
LEMONTREE,3,126269,2022-01-03T09:15:00.000000,2026-02-03T15:27:00.000000,126269,126269,2022-01-03T09:15:00.000000,2026-02-03T15:27:00.000000,50,0,0,100
JINDALSTEL,5,21837,2024-12-02T09:15:00.000000,2026-02-02T15:25:00.000000,21837,21837,2024-12-02T09:15:00.000000,2026-02-02T15:25:00.000000,15,0,0,100
TATACHEM,60,7076,2022-01-03T09:00:00.000000,2026-02-03T15:00:00.000000,7076,7076,2022-01-03T09:00:00.000000,2026-02-03T15:00:00.000000,50,0,0,100
UCOBANK,10080,215,2021-12-27T00:00:00.000000,2026-02-02T00:00:00.000000,215,215,2021-12-27T00:00:00.000000,2026-02-02T00:00:00.000000,51,0,0,100
CEATLTD,1,378712,2022-01-03T09:15:00.000000,2026-02-03T15:29:00.000000,378712,378712,2022-01-03T09:15:00.000000,2026-02-03T15:29:00.000000,50,0,0,100
IIFL,5,75761,2022-01-03T09:15:00.000000,2026-02-03T15:25:00.000000,75761,75761,2022-01-03T09:15:00.000000,2026-02-03T15:25:00.000000,50,0,0,100
HSCL,1440,1015,2022-01-03T00:00:00.000000,2026-02-03T00:00:00.000000,1015,1015,2022-01-03T00:00:00.000000,2026-02-03T00:00:00.000000,50,0,0,100
WHIRLPOOL,15,25255,2022-01-03T09:15:00.000000,2026-02-03T15:15:00.000000,25255,25255,2022-01-03T09:15:00.000000,2026-02-03T15:15:00.000000,50,0,0,100
KSB,10080,215,2021-12-27T00:00:00.000000,2026-02-02T00:00:00.000000,215,215,2021-12-27T00:00:00.000000,2026-02-02T00:00:00.000000,51,0,0,100
IRCTC,30,13136,2022-01-03T09:00:00.000000,2026-02-03T15:00:00.000000,13136,13136,2022-01-03T09:00:00.000000,2026-02-03T15:00:00.000000,50,0,0,100
RAMCOCEM,30,13136,2022-01-03T09:00:00.000000,2026-02-03T15:00:00.000000,13136,13136,2022-01-03T09:00:00.000000,2026-02-03T15:00:00.000000,50,0,0,100
KEC,1440,1015,2022-01-03T00:00:00.000000,2026-02-03T00:00:00.000000,1015,1015,2022-01-03T00:00:00.000000,2026-02-03T00:00:00.000000,50,0,0,100
RAMCOCEM,60,7076,2022-01-03T09:00:00.000000,2026-02-03T15:00:00.000000,7076,7076,2022-01-03T09:00:00.000000,2026-02-03T15:00:00.000000,50,0,0,100
DELHIVERY,1,343484,2022-05-24T09:15:00.000000,2026-02-04T15:29:00.000000,343484,343484,2022-05-24T09:15:00.000000,2026-02-04T15:29:00.000000,46,0,0,100
JUBLFOOD,30,13136,2022-01-03T09:00:00.000000,2026-02-03T15:00:00.000000,13136,13136,2022-01-03T09:00:00.000000,2026-02-03T15:00:00.000000,50,0,0,100
MAHSEAMLES,1440,1015,2022-01-03T00:00:00.000000,2026-02-03T00:00:00.000000,1015,1015,2022-01-03T00:00:00.000000,2026-02-03T00:00:00.000000,50,0,0,100
BAJFINANCE,3,126148,2022-01-03T09:15:00.000000,2026-02-02T15:27:00.000000,126148,126148,2022-01-03T09:15:00.000000,2026-02-02T15:27:00.000000,50,0,0,100
TIMKEN,15,25255,2022-01-03T09:15:00.000000,2026-02-03T15:15:00.000000,25255,25255,2022-01-03T09:15:00.000000,2026-02-03T15:15:00.000000,50,0,0,100
KIMS,30,13136,2022-01-03T09:00:00.000000,2026-02-03T15:00:00.000000,13136,13136,2022-01-03T09:00:00.000000,2026-02-03T15:00:00.000000,50,0,0,100
JIOFIN,10080,129,2023-08-21T00:00:00.000000,2026-02-02T00:00:00.000000,129,129,2023-08-21T00:00:00.000000,2026-02-02T00:00:00.000000,31,0,0,100
DABUR,10080,215,2021-12-27T00:00:00.000000,2026-02-02T00:00:00.000000,215,215,2021-12-27T00:00:00.000000,2026-02-02T00:00:00.000000,51,0,0,100
ZYDUSLIFE,15,25255,2022-01-03T09:15:00.000000,2026-02-03T15:15:00.000000,25255,25255,2022-01-03T09:15:00.000000,2026-02-03T15:15:00.000000,50,0,0,100
PIIND,60,7076,2022-01-03T09:00:00.000000,2026-02-03T15:00:00.000000,7076,7076,2022-01-03T09:00:00.000000,2026-02-03T15:00:00.000000,50,0,0,100
MAHSEAMLES,10080,215,2021-12-27T00:00:00.000000,2026-02-02T00:00:00.000000,215,215,2021-12-27T00:00:00.000000,2026-02-02T00:00:00.000000,51,0,0,100
GRASIM,15,25230,2022-01-03T09:15:00.000000,2026-02-02T15:15:00.000000,25230,25230,2022-01-03T09:15:00.000000,2026-02-02T15:15:00.000000,50,0,0,100
APOLLOHOSP,1,378429,2022-01-03T09:15:00.000000,2026-02-02T15:29:00.000000,378429,378429,2022-01-03T09:15:00.000000,2026-02-02T15:29:00.000000,50,0,0,100
IPCALAB,1,378799,2022-01-03T09:15:00.000000,2026-02-03T15:29:00.000000,378799,378799,2022-01-03T09:15:00.000000,2026-02-03T15:29:00.000000,50,0,0,100
J&KBANK,5,75913,2022-01-03T09:15:00.000000,2026-02-05T15:25:00.000000,75913,75913,2022-01-03T09:15:00.000000,2026-02-05T15:25:00.000000,50,0,0,100
MAHSCOOTER,15,25223,2022-01-03T09:15:00.000000,2026-02-05T15:15:00.000000,25223,25223,2022-01-03T09:15:00.000000,2026-02-05T15:15:00.000000,50,0,0,100
CHOLAFIN,5,75689,2022-01-03T09:15:00.000000,2026-02-02T15:25:00.000000,75689,75689,2022-01-03T09:15:00.000000,2026-02-02T15:25:00.000000,50,0,0,100
LTTS,15,25255,2022-01-03T09:15:00.000000,2026-02-03T15:15:00.000000,25255,25255,2022-01-03T09:15:00.000000,2026-02-03T15:15:00.000000,50,0,0,100
SIEMENS,60,7068,2022-01-03T09:00:00.000000,2026-02-02T15:00:00.000000,7068,7068,2022-01-03T09:00:00.000000,2026-02-02T15:00:00.000000,50,0,0,100
HINDALCO,10080,215,2021-12-27T00:00:00.000000,2026-02-02T00:00:00.000000,215,215,2021-12-27T00:00:00.000000,2026-02-02T00:00:00.000000,51,0,0,100
UBL,3,126274,2022-01-03T09:15:00.000000,2026-02-03T15:27:00.000000,126274,126274,2022-01-03T09:15:00.000000,2026-02-03T15:27:00.000000,50,0,0,100
CHOLAHLDNG,1440,1016,2022-01-03T00:00:00.000000,2026-02-04T00:00:00.000000,1016,1016,2022-01-03T00:00:00.000000,2026-02-04T00:00:00.000000,50,0,0,100
FSL,1,378794,2022-01-03T09:15:00.000000,2026-02-03T15:29:00.000000,378794,378794,2022-01-03T09:15:00.000000,2026-02-03T15:29:00.000000,50,0,0,100
GUJGASLTD,10080,215,2021-12-27T00:00:00.000000,2026-02-02T00:00:00.000000,215,215,2021-12-27T00:00:00.000000,2026-02-02T00:00:00.000000,51,0,0,100
HCLTECH,10080,215,2021-12-27T00:00:00.000000,2026-02-02T00:00:00.000000,215,215,2021-12-27T00:00:00.000000,2026-02-02T00:00:00.000000,51,0,0,100
CGCL,15,25280,2022-01-03T09:15:00.000000,2026-02-04T15:15:00.000000,25280,25280,2022-01-03T09:15:00.000000,2026-02-04T15:15:00.000000,50,0,0,100
CANFINHOME,15,25230,2022-01-03T09:15:00.000000,2026-02-02T15:15:00.000000,25230,25230,2022-01-03T09:15:00.000000,2026-02-02T15:15:00.000000,50,0,0,100
KIRLOSBROS,3,126170,2022-01-03T09:15:00.000000,2026-02-05T15:27:00.000000,126170,126170,2022-01-03T09:15:00.000000,2026-02-05T15:27:00.000000,50,0,0,100
LICI,5,68935,2022-05-17T09:40:00.000000,2026-02-02T15:25:00.000000,68935,68935,2022-05-17T09:40:00.000000,2026-02-02T15:25:00.000000,46,0,0,100
ACE,3,126269,2022-01-03T09:15:00.000000,2026-02-03T15:27:00.000000,126269,126269,2022-01-03T09:15:00.000000,2026-02-03T15:27:00.000000,50,0,0,100
CGCL,30,13149,2022-01-03T09:00:00.000000,2026-02-04T15:00:00.000000,13149,13149,2022-01-03T09:00:00.000000,2026-02-04T15:00:00.000000,50,0,0,100
MCX,15,25255,2022-01-03T09:15:00.000000,2026-02-03T15:15:00.000000,25255,25255,2022-01-03T09:15:00.000000,2026-02-03T15:15:00.000000,50,0,0,100
COHANCE,5,75837,2022-01-03T09:15:00.000000,2026-02-04T15:25:00.000000,75837,75837,2022-01-03T09:15:00.000000,2026-02-04T15:25:00.000000,50,0,0,100
AWL,60,6908,2022-02-08T09:00:00.000000,2026-02-04T15:00:00.000000,6908,6908,2022-02-08T09:00:00.000000,2026-02-04T15:00:00.000000,49,0,0,100
ICICIBANK,1,378049,2022-01-03T09:15:00.000000,2026-02-01T15:29:00.000000,378049,378049,2022-01-03T09:15:00.000000,2026-02-01T15:29:00.000000,50,0,0,100
GVT&D,10080,215,2021-12-27T00:00:00.000000,2026-02-02T00:00:00.000000,215,215,2021-12-27T00:00:00.000000,2026-02-02T00:00:00.000000,51,0,0,100
WELCORP,60,7076,2022-01-03T09:00:00.000000,2026-02-03T15:00:00.000000,7076,7076,2022-01-03T09:00:00.000000,2026-02-03T15:00:00.000000,50,0,0,100
GODFRYPHLP,1440,1015,2022-01-03T00:00:00.000000,2026-02-03T00:00:00.000000,1015,1015,2022-01-03T00:00:00.000000,2026-02-03T00:00:00.000000,50,0,0,100
PERSISTENT,30,3786,2024-12-02T09:00:00.000000,2026-02-02T15:00:00.000000,3786,3786,2024-12-02T09:00:00.000000,2026-02-02T15:00:00.000000,15,0,0,100
RELIANCE,3,126509,2022-01-03T09:15:00.000000,2026-02-05T15:27:00.000000,126509,126509,2022-01-03T09:15:00.000000,2026-02-05T15:27:00.000000,50,0,0,100
REDINGTON,1440,1015,2022-01-03T00:00:00.000000,2026-02-03T00:00:00.000000,1015,1015,2022-01-03T00:00:00.000000,2026-02-03T00:00:00.000000,50,0,0,100
POWERINDIA,10080,215,2021-12-27T00:00:00.000000,2026-02-02T00:00:00.000000,215,215,2021-12-27T00:00:00.000000,2026-02-02T00:00:00.000000,51,0,0,100
GRAPHITE,1440,1015,2022-01-03T00:00:00.000000,2026-02-03T00:00:00.000000,1015,1015,2022-01-03T00:00:00.000000,2026-02-03T00:00:00.000000,50,0,0,100
EXIDEIND,3,126273,2022-01-03T09:15:00.000000,2026-02-03T15:27:00.000000,126273,126273,2022-01-03T09:15:00.000000,2026-02-03T15:27:00.000000,50,0,0,100
EMCURE,15,9758,2024-07-10T09:15:00.000000,2026-02-04T15:15:00.000000,9758,9758,2024-07-10T09:15:00.000000,2026-02-04T15:15:00.000000,20,0,0,100
UBL,5,75764,2022-01-03T09:15:00.000000,2026-02-03T15:25:00.000000,75764,75764,2022-01-03T09:15:00.000000,2026-02-03T15:25:00.000000,50,0,0,100
BIKAJI,1,109935,2024-12-02T09:15:00.000000,2026-02-04T15:29:00.000000,109935,109935,2024-12-02T09:15:00.000000,2026-02-04T15:29:00.000000,15,0,0,100
CENTURYPLY,5,75763,2022-01-03T09:15:00.000000,2026-02-03T15:25:00.000000,75763,75763,2022-01-03T09:15:00.000000,2026-02-03T15:25:00.000000,50,0,0,100
KIRLOSBROS,1,371233,2022-01-03T09:15:00.000000,2026-02-05T15:29:00.000000,371233,371233,2022-01-03T09:15:00.000000,2026-02-05T15:29:00.000000,50,0,0,100
ALKYLAMINE,5,75763,2022-01-03T09:15:00.000000,2026-02-03T15:25:00.000000,75763,75763,2022-01-03T09:15:00.000000,2026-02-03T15:25:00.000000,50,0,0,100
FINCABLES,5,75761,2022-01-03T09:15:00.000000,2026-02-03T15:25:00.000000,75761,75761,2022-01-03T09:15:00.000000,2026-02-03T15:25:00.000000,50,0,0,100
PRAJIND,1440,1015,2022-01-03T00:00:00.000000,2026-02-03T00:00:00.000000,1015,1015,2022-01-03T00:00:00.000000,2026-02-03T00:00:00.000000,50,0,0,100
LAURUSLABS,5,75764,2022-01-03T09:15:00.000000,2026-02-03T15:25:00.000000,75764,75764,2022-01-03T09:15:00.000000,2026-02-03T15:25:00.000000,50,0,0,100
HFCL,10080,215,2021-12-27T00:00:00.000000,2026-02-02T00:00:00.000000,215,215,2021-12-27T00:00:00.000000,2026-02-02T00:00:00.000000,51,0,0,100
JYOTICNC,15,12722,2024-01-16T09:15:00.000000,2026-02-05T15:15:00.000000,12722,12722,2024-01-16T09:15:00.000000,2026-02-05T15:15:00.000000,26,0,0,100
SRF,30,13123,2022-01-03T09:00:00.000000,2026-02-02T15:00:00.000000,13123,13123,2022-01-03T09:00:00.000000,2026-02-02T15:00:00.000000,50,0,0,100
BHARTIARTL,60,1591,2022-01-03T09:00:00.000000,2026-02-02T15:00:00.000000,1591,1591,2022-01-03T09:00:00.000000,2026-02-02T15:00:00.000000,50,0,0,100
BALKRISIND,3,126148,2022-01-03T09:15:00.000000,2026-02-02T15:27:00.000000,126148,126148,2022-01-03T09:15:00.000000,2026-02-02T15:27:00.000000,50,0,0,100
FORCEMOT,15,23401,2022-01-03T09:15:00.000000,2026-02-04T15:15:00.000000,23401,23401,2022-01-03T09:15:00.000000,2026-02-04T15:15:00.000000,50,0,0,100
HONAUT,3,126390,2022-01-03T09:15:00.000000,2026-02-04T15:27:00.000000,126390,126390,2022-01-03T09:15:00.000000,2026-02-04T15:27:00.000000,50,0,0,100
CRISIL,15,25255,2022-01-03T09:15:00.000000,2026-02-03T15:15:00.000000,25255,25255,2022-01-03T09:15:00.000000,2026-02-03T15:15:00.000000,50,0,0,100
INDIANB,60,7076,2022-01-03T09:00:00.000000,2026-02-03T15:00:00.000000,7076,7076,2022-01-03T09:00:00.000000,2026-02-03T15:00:00.000000,50,0,0,100
HINDALCO,60,7069,2022-01-03T09:00:00.000000,2026-02-02T15:00:00.000000,7069,7069,2022-01-03T09:00:00.000000,2026-02-02T15:00:00.000000,50,0,0,100
ULTRACEMCO,3,126149,2022-01-03T09:15:00.000000,2026-02-02T15:27:00.000000,126149,126149,2022-01-03T09:15:00.000000,2026-02-02T15:27:00.000000,50,0,0,100
SAIL,5,75764,2022-01-03T09:15:00.000000,2026-02-03T15:25:00.000000,75764,75764,2022-01-03T09:15:00.000000,2026-02-03T15:25:00.000000,50,0,0,100
CCL,1,379113,2022-01-03T09:15:00.000000,2026-02-04T15:29:00.000000,379113,379113,2022-01-03T09:15:00.000000,2026-02-04T15:29:00.000000,50,0,0,100
ABFRL,1440,1016,2022-01-03T00:00:00.000000,2026-02-04T00:00:00.000000,1016,1016,2022-01-03T00:00:00.000000,2026-02-04T00:00:00.000000,50,0,0,100
KFINTECH,3,95871,2022-12-29T09:15:00.000000,2026-02-05T15:27:00.000000,95871,95871,2022-12-29T09:15:00.000000,2026-02-05T15:27:00.000000,39,0,0,100
INTELLECT,5,75914,2022-01-03T09:15:00.000000,2026-02-05T15:25:00.000000,75914,75914,2022-01-03T09:15:00.000000,2026-02-05T15:25:00.000000,50,0,0,100
TATAINVEST,60,3910,2023-11-01T09:00:00.000000,2026-02-03T15:00:00.000000,3910,3910,2023-11-01T09:00:00.000000,2026-02-03T15:00:00.000000,28,0,0,100
JWL,1440,1017,2022-01-03T00:00:00.000000,2026-02-05T00:00:00.000000,1017,1017,2022-01-03T00:00:00.000000,2026-02-05T00:00:00.000000,50,0,0,100
LT,1440,1015,2022-01-03T00:00:00.000000,2026-02-03T00:00:00.000000,1015,1015,2022-01-03T00:00:00.000000,2026-02-03T00:00:00.000000,50,0,0,100
BPCL,10080,215,2021-12-27T00:00:00.000000,2026-02-02T00:00:00.000000,215,215,2021-12-27T00:00:00.000000,2026-02-02T00:00:00.000000,51,0,0,100
OIL,3,126269,2022-01-03T09:15:00.000000,2026-02-03T15:27:00.000000,126269,126269,2022-01-03T09:15:00.000000,2026-02-03T15:27:00.000000,50,0,0,100
BASF,3,126216,2022-01-03T09:15:00.000000,2026-02-03T15:27:00.000000,126216,126216,2022-01-03T09:15:00.000000,2026-02-03T15:27:00.000000,50,0,0,100
ERIS,1,374755,2022-01-03T09:15:00.000000,2026-02-03T15:29:00.000000,374755,374755,2022-01-03T09:15:00.000000,2026-02-03T15:29:00.000000,50,0,0,100
NATIONALUM,60,7076,2022-01-03T09:00:00.000000,2026-02-03T15:00:00.000000,7076,7076,2022-01-03T09:00:00.000000,2026-02-03T15:00:00.000000,50,0,0,100
JSWENERGY,3,110899,2022-07-01T09:15:00.000000,2026-02-03T15:27:00.000000,110899,110899,2022-07-01T09:15:00.000000,2026-02-03T15:27:00.000000,44,0,0,100
HAVELLS,15,25230,2022-01-03T09:15:00.000000,2026-02-02T15:15:00.000000,25230,25230,2022-01-03T09:15:00.000000,2026-02-02T15:15:00.000000,50,0,0,100
VEDL,1440,1014,2022-01-03T00:00:00.000000,2026-02-02T00:00:00.000000,1014,1014,2022-01-03T00:00:00.000000,2026-02-02T00:00:00.000000,50,0,0,100
HBLENGINE,3,126392,2022-01-03T09:15:00.000000,2026-02-04T15:27:00.000000,126392,126392,2022-01-03T09:15:00.000000,2026-02-04T15:27:00.000000,50,0,0,100
JYOTICNC,1,190773,2024-01-16T09:15:00.000000,2026-02-05T15:29:00.000000,190773,190773,2024-01-16T09:15:00.000000,2026-02-05T15:29:00.000000,26,0,0,100
CEATLTD,5,75763,2022-01-03T09:15:00.000000,2026-02-03T15:25:00.000000,75763,75763,2022-01-03T09:15:00.000000,2026-02-03T15:25:00.000000,50,0,0,100
KAJARIACER,1440,1015,2022-01-03T00:00:00.000000,2026-02-03T00:00:00.000000,1015,1015,2022-01-03T00:00:00.000000,2026-02-03T00:00:00.000000,50,0,0,100
AFCONS,3,38887,2024-11-04T09:39:00.000000,2026-02-04T15:27:00.000000,38887,38887,2024-11-04T09:39:00.000000,2026-02-04T15:27:00.000000,16,0,0,100
LTTS,1,378803,2022-01-03T09:15:00.000000,2026-02-03T15:29:00.000000,378803,378803,2022-01-03T09:15:00.000000,2026-02-03T15:29:00.000000,50,0,0,100
ASTRAL,5,75689,2022-01-03T09:15:00.000000,2026-02-02T15:25:00.000000,75689,75689,2022-01-03T09:15:00.000000,2026-02-02T15:25:00.000000,50,0,0,100
COCHINSHIP,30,3799,2024-12-02T09:00:00.000000,2026-02-03T15:00:00.000000,3799,3799,2024-12-02T09:00:00.000000,2026-02-03T15:00:00.000000,15,0,0,100
INDIACEM,1,378797,2022-01-03T09:15:00.000000,2026-02-03T15:29:00.000000,378797,378797,2022-01-03T09:15:00.000000,2026-02-03T15:29:00.000000,50,0,0,100
HEROMOTOCO,30,3786,2024-12-02T09:00:00.000000,2026-02-02T15:00:00.000000,3786,3786,2024-12-02T09:00:00.000000,2026-02-02T15:00:00.000000,15,0,0,100
SHREECEM,1440,1014,2022-01-03T00:00:00.000000,2026-02-02T00:00:00.000000,1014,1014,2022-01-03T00:00:00.000000,2026-02-02T00:00:00.000000,50,0,0,100
J&KBANK,10080,215,2021-12-27T00:00:00.000000,2026-02-02T00:00:00.000000,215,215,2021-12-27T00:00:00.000000,2026-02-02T00:00:00.000000,51,0,0,100
SHREECEM,30,13123,2022-01-03T09:00:00.000000,2026-02-02T15:00:00.000000,13123,13123,2022-01-03T09:00:00.000000,2026-02-02T15:00:00.000000,50,0,0,100
KALYANKJIL,1,110310,2024-12-02T09:15:00.000000,2026-02-05T15:29:00.000000,110310,110310,2024-12-02T09:15:00.000000,2026-02-05T15:29:00.000000,15,0,0,100
LICI,15,22979,2022-05-17T09:30:00.000000,2026-02-02T15:15:00.000000,22979,22979,2022-05-17T09:30:00.000000,2026-02-02T15:15:00.000000,46,0,0,100
DEVYANI,10080,215,2021-12-27T00:00:00.000000,2026-02-02T00:00:00.000000,215,215,2021-12-27T00:00:00.000000,2026-02-02T00:00:00.000000,51,0,0,100
MANKIND,3,85121,2023-05-09T09:15:00.000000,2026-02-05T15:27:00.000000,85121,85121,2023-05-09T09:15:00.000000,2026-02-05T15:27:00.000000,34,0,0,100
BAJAJFINSV,30,13123,2022-01-03T09:00:00.000000,2026-02-02T15:00:00.000000,13123,13123,2022-01-03T09:00:00.000000,2026-02-02T15:00:00.000000,50,0,0,100
CAMPUS,30,12044,2022-05-09T09:00:00.000000,2026-02-03T15:00:00.000000,12044,12044,2022-05-09T09:00:00.000000,2026-02-03T15:00:00.000000,46,0,0,100
HINDUNILVR,30,13108,2022-01-03T09:00:00.000000,2026-02-01T15:00:00.000000,13108,13108,2022-01-03T09:00:00.000000,2026-02-01T15:00:00.000000,50,0,0,100
CONCOR,30,13149,2022-01-03T09:00:00.000000,2026-02-04T15:00:00.000000,13149,13149,2022-01-03T09:00:00.000000,2026-02-04T15:00:00.000000,50,0,0,100
BLUESTARCO,1440,1015,2022-01-03T00:00:00.000000,2026-02-03T00:00:00.000000,1015,1015,2022-01-03T00:00:00.000000,2026-02-03T00:00:00.000000,50,0,0,100
DELHIVERY,30,11914,2022-05-24T09:00:00.000000,2026-02-04T15:00:00.000000,11914,11914,2022-05-24T09:00:00.000000,2026-02-04T15:00:00.000000,46,0,0,100
BRITANNIA,15,25230,2022-01-03T09:15:00.000000,2026-02-02T15:15:00.000000,25230,25230,2022-01-03T09:15:00.000000,2026-02-02T15:15:00.000000,50,0,0,100
HAVELLS,1,378424,2022-01-03T09:15:00.000000,2026-02-02T15:29:00.000000,378424,378424,2022-01-03T09:15:00.000000,2026-02-02T15:29:00.000000,50,0,0,100
DIXON,60,7076,2022-01-03T09:00:00.000000,2026-02-03T15:00:00.000000,7076,7076,2022-01-03T09:00:00.000000,2026-02-03T15:00:00.000000,50,0,0,100
MEDANTA,1,109560,2024-12-02T09:15:00.000000,2026-02-03T15:29:00.000000,109560,109560,2024-12-02T09:15:00.000000,2026-02-03T15:29:00.000000,15,0,0,100
UPL,60,7076,2022-01-03T09:00:00.000000,2026-02-03T15:00:00.000000,7076,7076,2022-01-03T09:00:00.000000,2026-02-03T15:00:00.000000,50,0,0,100
MFSL,10080,215,2021-12-27T00:00:00.000000,2026-02-02T00:00:00.000000,215,215,2021-12-27T00:00:00.000000,2026-02-02T00:00:00.000000,51,0,0,100
SBICARD,15,25230,2022-01-03T09:15:00.000000,2026-02-02T15:15:00.000000,25230,25230,2022-01-03T09:15:00.000000,2026-02-02T15:15:00.000000,50,0,0,100
ULTRACEMCO,10080,215,2021-12-27T00:00:00.000000,2026-02-02T00:00:00.000000,215,215,2021-12-27T00:00:00.000000,2026-02-02T00:00:00.000000,51,0,0,100
POWERGRID,1,109185,2024-12-02T09:15:00.000000,2026-02-02T15:29:00.000000,109185,109185,2024-12-02T09:15:00.000000,2026-02-02T15:29:00.000000,15,0,0,100
TVSMOTOR,30,3786,2024-12-02T09:00:00.000000,2026-02-02T15:00:00.000000,3786,3786,2024-12-02T09:00:00.000000,2026-02-02T15:00:00.000000,15,0,0,100
MAZDOCK,5,75763,2022-01-03T09:15:00.000000,2026-02-03T15:25:00.000000,75763,75763,2022-01-03T09:15:00.000000,2026-02-03T15:25:00.000000,50,0,0,100
SUNTV,1440,1015,2022-01-03T00:00:00.000000,2026-02-03T00:00:00.000000,1015,1015,2022-01-03T00:00:00.000000,2026-02-03T00:00:00.000000,50,0,0,100
DLF,60,7069,2022-01-03T09:00:00.000000,2026-02-02T15:00:00.000000,7069,7069,2022-01-03T09:00:00.000000,2026-02-02T15:00:00.000000,50,0,0,100
TCS,1440,1017,2022-01-03T00:00:00.000000,2026-02-05T00:00:00.000000,1017,1017,2022-01-03T00:00:00.000000,2026-02-05T00:00:00.000000,50,0,0,100
BEL,60,7069,2022-01-03T09:00:00.000000,2026-02-02T15:00:00.000000,7069,7069,2022-01-03T09:00:00.000000,2026-02-02T15:00:00.000000,50,0,0,100
NYKAA,30,13149,2022-01-03T09:00:00.000000,2026-02-04T15:00:00.000000,13149,13149,2022-01-03T09:00:00.000000,2026-02-04T15:00:00.000000,50,0,0,100
AIAENG,1440,1015,2022-01-03T00:00:00.000000,2026-02-03T00:00:00.000000,1015,1015,2022-01-03T00:00:00.000000,2026-02-03T00:00:00.000000,50,0,0,100
WELSPUNLIV,10080,215,2021-12-27T00:00:00.000000,2026-02-02T00:00:00.000000,215,215,2021-12-27T00:00:00.000000,2026-02-02T00:00:00.000000,51,0,0,100
BALRAMCHIN,30,13149,2022-01-03T09:00:00.000000,2026-02-04T15:00:00.000000,13149,13149,2022-01-03T09:00:00.000000,2026-02-04T15:00:00.000000,50,0,0,100
NAVA,1,84570,2022-01-03T09:15:00.000000,2022-12-01T15:29:00.000000,84570,84570,2022-01-03T09:15:00.000000,2022-12-01T15:29:00.000000,12,0,0,100
GODIGIT,60,2964,2024-05-23T09:00:00.000000,2026-02-04T15:00:00.000000,2964,2964,2024-05-23T09:00:00.000000,2026-02-04T15:00:00.000000,22,0,0,100
TORNTPHARM,1,378425,2022-01-03T09:15:00.000000,2026-02-02T15:29:00.000000,378425,378425,2022-01-03T09:15:00.000000,2026-02-02T15:29:00.000000,50,0,0,100
TATACONSUM,60,7069,2022-01-03T09:00:00.000000,2026-02-02T15:00:00.000000,7069,7069,2022-01-03T09:00:00.000000,2026-02-02T15:00:00.000000,50,0,0,100
CARBORUNIV,60,2046,2024-12-02T09:00:00.000000,2026-02-03T15:00:00.000000,2046,2046,2024-12-02T09:00:00.000000,2026-02-03T15:00:00.000000,15,0,0,100
BASF,10080,215,2021-12-27T00:00:00.000000,2026-02-02T00:00:00.000000,215,215,2021-12-27T00:00:00.000000,2026-02-02T00:00:00.000000,51,0,0,100
CAMPUS,5,69460,2022-05-09T09:15:00.000000,2026-02-03T15:25:00.000000,69460,69460,2022-05-09T09:15:00.000000,2026-02-03T15:25:00.000000,46,0,0,100
APLAPOLLO,5,75763,2022-01-03T09:15:00.000000,2026-02-03T15:25:00.000000,75763,75763,2022-01-03T09:15:00.000000,2026-02-03T15:25:00.000000,50,0,0,100
GVT&D,30,13149,2022-01-03T09:00:00.000000,2026-02-04T15:00:00.000000,13149,13149,2022-01-03T09:00:00.000000,2026-02-04T15:00:00.000000,50,0,0,100
INTELLECT,60,7090,2022-01-03T09:00:00.000000,2026-02-05T15:00:00.000000,7090,7090,2022-01-03T09:00:00.000000,2026-02-05T15:00:00.000000,50,0,0,100
NSLNISP,30,9506,2023-02-20T09:00:00.000000,2026-02-05T15:00:00.000000,9506,9506,2023-02-20T09:00:00.000000,2026-02-05T15:00:00.000000,37,0,0,100
ASAHIINDIA,60,7083,2022-01-03T09:00:00.000000,2026-02-04T15:00:00.000000,7083,7083,2022-01-03T09:00:00.000000,2026-02-04T15:00:00.000000,50,0,0,100
HCLTECH,60,7069,2022-01-03T09:00:00.000000,2026-02-02T15:00:00.000000,7069,7069,2022-01-03T09:00:00.000000,2026-02-02T15:00:00.000000,50,0,0,100
THELEELA,10080,36,2025-06-02T00:00:00.000000,2026-02-02T00:00:00.000000,36,36,2025-06-02T00:00:00.000000,2026-02-02T00:00:00.000000,9,0,0,100
KEC,3,126269,2022-01-03T09:15:00.000000,2026-02-03T15:27:00.000000,126269,126269,2022-01-03T09:15:00.000000,2026-02-03T15:27:00.000000,50,0,0,100
JSWSTEEL,15,25230,2022-01-03T09:15:00.000000,2026-02-02T15:15:00.000000,25230,25230,2022-01-03T09:15:00.000000,2026-02-02T15:15:00.000000,50,0,0,100
HEROMOTOCO,1440,1014,2022-01-03T00:00:00.000000,2026-02-02T00:00:00.000000,1014,1014,2022-01-03T00:00:00.000000,2026-02-02T00:00:00.000000,50,0,0,100
POLYCAB,1,378429,2022-01-03T09:15:00.000000,2026-02-02T15:29:00.000000,378429,378429,2022-01-03T09:15:00.000000,2026-02-02T15:29:00.000000,50,0,0,100
DOMS,1440,529,2023-12-20T00:00:00.000000,2026-02-04T00:00:00.000000,529,529,2023-12-20T00:00:00.000000,2026-02-04T00:00:00.000000,27,0,0,100
NTPC,5,75689,2022-01-03T09:15:00.000000,2026-02-02T15:25:00.000000,75689,75689,2022-01-03T09:15:00.000000,2026-02-02T15:25:00.000000,50,0,0,100
ULTRACEMCO,30,13123,2022-01-03T09:00:00.000000,2026-02-02T15:00:00.000000,13123,13123,2022-01-03T09:00:00.000000,2026-02-02T15:00:00.000000,50,0,0,100
COALINDIA,1,378429,2022-01-03T09:15:00.000000,2026-02-02T15:29:00.000000,378429,378429,2022-01-03T09:15:00.000000,2026-02-02T15:29:00.000000,50,0,0,100
HINDCOPPER,60,7076,2022-01-03T09:00:00.000000,2026-02-03T15:00:00.000000,7076,7076,2022-01-03T09:00:00.000000,2026-02-03T15:00:00.000000,50,0,0,100
LODHA,1440,1017,2022-01-03T00:00:00.000000,2026-02-05T00:00:00.000000,1017,1017,2022-01-03T00:00:00.000000,2026-02-05T00:00:00.000000,50,0,0,100
SUNDRMFAST,3,126260,2022-01-03T09:15:00.000000,2026-02-03T15:27:00.000000,126260,126260,2022-01-03T09:15:00.000000,2026-02-03T15:27:00.000000,50,0,0,100
IGL,3,126274,2022-01-03T09:15:00.000000,2026-02-03T15:27:00.000000,126274,126274,2022-01-03T09:15:00.000000,2026-02-03T15:27:00.000000,50,0,0,100
ADANIPORTS,30,13123,2022-01-03T09:00:00.000000,2026-02-02T15:00:00.000000,13123,13123,2022-01-03T09:00:00.000000,2026-02-02T15:00:00.000000,50,0,0,100
ABB,5,75689,2022-01-03T09:15:00.000000,2026-02-02T15:25:00.000000,75689,75689,2022-01-03T09:15:00.000000,2026-02-02T15:25:00.000000,50,0,0,100
HYUNDAI,15,7982,2024-10-22T09:30:00.000000,2026-02-04T15:15:00.000000,7982,7982,2024-10-22T09:30:00.000000,2026-02-04T15:15:00.000000,17,0,0,100
APTUS,1440,1015,2022-01-03T00:00:00.000000,2026-02-03T00:00:00.000000,1015,1015,2022-01-03T00:00:00.000000,2026-02-03T00:00:00.000000,50,0,0,100
ITC,5,75610,2022-01-03T09:15:00.000000,2026-02-01T15:25:00.000000,75610,75610,2022-01-03T09:15:00.000000,2026-02-01T15:25:00.000000,50,0,0,100
IFCI,1,379369,2022-01-03T09:15:00.000000,2026-02-05T15:29:00.000000,379369,379369,2022-01-03T09:15:00.000000,2026-02-05T15:29:00.000000,50,0,0,100
GODIGIT,15,10583,2024-05-23T09:15:00.000000,2026-02-04T15:15:00.000000,10583,10583,2024-05-23T09:15:00.000000,2026-02-04T15:15:00.000000,22,0,0,100
SBIN,60,7062,2022-01-03T09:00:00.000000,2026-02-01T15:00:00.000000,7062,7062,2022-01-03T09:00:00.000000,2026-02-01T15:00:00.000000,50,0,0,100
ETERNAL,10080,215,2021-12-27T00:00:00.000000,2026-02-02T00:00:00.000000,215,215,2021-12-27T00:00:00.000000,2026-02-02T00:00:00.000000,51,0,0,100
IIFL,10080,215,2021-12-27T00:00:00.000000,2026-02-02T00:00:00.000000,215,215,2021-12-27T00:00:00.000000,2026-02-02T00:00:00.000000,51,0,0,100
SCHNEIDER,30,13136,2022-01-03T09:00:00.000000,2026-02-03T15:00:00.000000,13136,13136,2022-01-03T09:00:00.000000,2026-02-03T15:00:00.000000,50,0,0,100
BLUEDART,30,13149,2022-01-03T09:00:00.000000,2026-02-04T15:00:00.000000,13149,13149,2022-01-03T09:00:00.000000,2026-02-04T15:00:00.000000,50,0,0,100
SHREECEM,3,126149,2022-01-03T09:15:00.000000,2026-02-02T15:27:00.000000,126149,126149,2022-01-03T09:15:00.000000,2026-02-02T15:27:00.000000,50,0,0,100
BERGEPAINT,5,75689,2022-01-03T09:15:00.000000,2026-02-02T15:25:00.000000,75689,75689,2022-01-03T09:15:00.000000,2026-02-02T15:25:00.000000,50,0,0,100
IRCTC,1440,1015,2022-01-03T00:00:00.000000,2026-02-03T00:00:00.000000,1015,1015,2022-01-03T00:00:00.000000,2026-02-03T00:00:00.000000,50,0,0,100
GLENMARK,1440,1015,2022-01-03T00:00:00.000000,2026-02-03T00:00:00.000000,1015,1015,2022-01-03T00:00:00.000000,2026-02-03T00:00:00.000000,50,0,0,100
APLAPOLLO,1440,1015,2022-01-03T00:00:00.000000,2026-02-03T00:00:00.000000,1015,1015,2022-01-03T00:00:00.000000,2026-02-03T00:00:00.000000,50,0,0,100
APARINDS,60,7083,2022-01-03T09:00:00.000000,2026-02-04T15:00:00.000000,7083,7083,2022-01-03T09:00:00.000000,2026-02-04T15:00:00.000000,50,0,0,100
BLUEDART,5,75838,2022-01-03T09:15:00.000000,2026-02-04T15:25:00.000000,75838,75838,2022-01-03T09:15:00.000000,2026-02-04T15:25:00.000000,50,0,0,100
NBCC,5,75764,2022-01-03T09:15:00.000000,2026-02-03T15:25:00.000000,75764,75764,2022-01-03T09:15:00.000000,2026-02-03T15:25:00.000000,50,0,0,100
3MINDIA,60,2046,2024-12-02T09:00:00.000000,2026-02-03T15:00:00.000000,2046,2046,2024-12-02T09:00:00.000000,2026-02-03T15:00:00.000000,15,0,0,100
BHARTIARTL,30,2954,2022-01-03T09:00:00.000000,2026-02-02T15:00:00.000000,2954,2954,2022-01-03T09:00:00.000000,2026-02-02T15:00:00.000000,50,0,0,100
BLS,1,378549,2022-01-03T09:15:00.000000,2026-02-04T15:29:00.000000,378549,378549,2022-01-03T09:15:00.000000,2026-02-04T15:29:00.000000,50,0,0,100
VEDL,5,75689,2022-01-03T09:15:00.000000,2026-02-02T15:25:00.000000,75689,75689,2022-01-03T09:15:00.000000,2026-02-02T15:25:00.000000,50,0,0,100
CUMMINSIND,60,7076,2022-01-03T09:00:00.000000,2026-02-03T15:00:00.000000,7076,7076,2022-01-03T09:00:00.000000,2026-02-03T15:00:00.000000,50,0,0,100
CANBK,10080,215,2021-12-27T00:00:00.000000,2026-02-02T00:00:00.000000,215,215,2021-12-27T00:00:00.000000,2026-02-02T00:00:00.000000,51,0,0,100
SIEMENS,1,378380,2022-01-03T09:15:00.000000,2026-02-02T15:29:00.000000,378380,378380,2022-01-03T09:15:00.000000,2026-02-02T15:29:00.000000,50,0,0,100
GPIL,5,75761,2022-01-03T09:15:00.000000,2026-02-03T15:25:00.000000,75761,75761,2022-01-03T09:15:00.000000,2026-02-03T15:25:00.000000,50,0,0,100
GODREJPROP,10080,215,2021-12-27T00:00:00.000000,2026-02-02T00:00:00.000000,215,215,2021-12-27T00:00:00.000000,2026-02-02T00:00:00.000000,51,0,0,100
NH,3,126519,2022-01-03T09:15:00.000000,2026-02-05T15:27:00.000000,126519,126519,2022-01-03T09:15:00.000000,2026-02-05T15:27:00.000000,50,0,0,100
FINPIPE,10080,215,2021-12-27T00:00:00.000000,2026-02-02T00:00:00.000000,215,215,2021-12-27T00:00:00.000000,2026-02-02T00:00:00.000000,51,0,0,100
WHIRLPOOL,1,378726,2022-01-03T09:15:00.000000,2026-02-03T15:29:00.000000,378726,378726,2022-01-03T09:15:00.000000,2026-02-03T15:29:00.000000,50,0,0,100
SBIN,5,75614,2022-01-03T09:15:00.000000,2026-02-01T15:25:00.000000,75614,75614,2022-01-03T09:15:00.000000,2026-02-01T15:25:00.000000,50,0,0,100
MAZDOCK,1440,1015,2022-01-03T00:00:00.000000,2026-02-03T00:00:00.000000,1015,1015,2022-01-03T00:00:00.000000,2026-02-03T00:00:00.000000,50,0,0,100
BBTC,1,377384,2022-01-03T09:15:00.000000,2026-02-04T15:29:00.000000,377384,377384,2022-01-03T09:15:00.000000,2026-02-04T15:29:00.000000,50,0,0,100
TRIDENT,1440,1015,2022-01-03T00:00:00.000000,2026-02-03T00:00:00.000000,1015,1015,2022-01-03T00:00:00.000000,2026-02-03T00:00:00.000000,50,0,0,100
BIOCON,15,25230,2022-01-03T09:15:00.000000,2026-02-02T15:15:00.000000,25230,25230,2022-01-03T09:15:00.000000,2026-02-02T15:15:00.000000,50,0,0,100
NCC,1440,1015,2022-01-03T00:00:00.000000,2026-02-03T00:00:00.000000,1015,1015,2022-01-03T00:00:00.000000,2026-02-03T00:00:00.000000,50,0,0,100
JBCHEPHARM,1440,1015,2022-01-03T00:00:00.000000,2026-02-03T00:00:00.000000,1015,1015,2022-01-03T00:00:00.000000,2026-02-03T00:00:00.000000,50,0,0,100
DCMSHRIRAM,30,13136,2022-01-03T09:00:00.000000,2026-02-03T15:00:00.000000,13136,13136,2022-01-03T09:00:00.000000,2026-02-03T15:00:00.000000,50,0,0,100
GSPL,1440,1015,2022-01-03T00:00:00.000000,2026-02-03T00:00:00.000000,1015,1015,2022-01-03T00:00:00.000000,2026-02-03T00:00:00.000000,50,0,0,100
BANKINDIA,1,379172,2022-01-03T09:15:00.000000,2026-02-04T15:29:00.000000,379172,379172,2022-01-03T09:15:00.000000,2026-02-04T15:29:00.000000,50,0,0,100
THELEELA,60,1198,2025-06-02T10:00:00.000000,2026-02-05T15:00:00.000000,1198,1198,2025-06-02T10:00:00.000000,2026-02-05T15:00:00.000000,9,0,0,100
GODREJAGRO,30,13149,2022-01-03T09:00:00.000000,2026-02-04T15:00:00.000000,13149,13149,2022-01-03T09:00:00.000000,2026-02-04T15:00:00.000000,50,0,0,100
MAXHEALTH,1,378777,2022-01-03T09:15:00.000000,2026-02-03T15:29:00.000000,378777,378777,2022-01-03T09:15:00.000000,2026-02-03T15:29:00.000000,50,0,0,100
LTF,15,25255,2022-01-03T09:15:00.000000,2026-02-03T15:15:00.000000,25255,25255,2022-01-03T09:15:00.000000,2026-02-03T15:15:00.000000,50,0,0,100
PIDILITIND,1,378429,2022-01-03T09:15:00.000000,2026-02-02T15:29:00.000000,378429,378429,2022-01-03T09:15:00.000000,2026-02-02T15:29:00.000000,50,0,0,100
INDIGO,60,7076,2022-01-03T09:00:00.000000,2026-02-03T15:00:00.000000,7076,7076,2022-01-03T09:00:00.000000,2026-02-03T15:00:00.000000,50,0,0,100
KIRLOSBROS,5,75858,2022-01-03T09:15:00.000000,2026-02-05T15:25:00.000000,75858,75858,2022-01-03T09:15:00.000000,2026-02-05T15:25:00.000000,50,0,0,100
AIIL,3,55394,2024-04-23T09:15:00.000000,2026-02-04T15:27:00.000000,55394,55394,2024-04-23T09:15:00.000000,2026-02-04T15:27:00.000000,23,0,0,100
DIXON,1,378799,2022-01-03T09:15:00.000000,2026-02-03T15:29:00.000000,378799,378799,2022-01-03T09:15:00.000000,2026-02-03T15:29:00.000000,50,0,0,100
SUNTV,10080,215,2021-12-27T00:00:00.000000,2026-02-02T00:00:00.000000,215,215,2021-12-27T00:00:00.000000,2026-02-02T00:00:00.000000,51,0,0,100
DRREDDY,1440,1014,2022-01-03T00:00:00.000000,2026-02-02T00:00:00.000000,1014,1014,2022-01-03T00:00:00.000000,2026-02-02T00:00:00.000000,50,0,0,100
AXISBANK,15,25230,2022-01-03T09:15:00.000000,2026-02-02T15:15:00.000000,25230,25230,2022-01-03T09:15:00.000000,2026-02-02T15:15:00.000000,50,0,0,100
CYIENT,1440,1015,2022-01-03T00:00:00.000000,2026-02-03T00:00:00.000000,1015,1015,2022-01-03T00:00:00.000000,2026-02-03T00:00:00.000000,50,0,0,100
HEXT,5,17708,2025-02-19T09:35:00.000000,2026-02-04T15:25:00.000000,17708,17708,2025-02-19T09:35:00.000000,2026-02-04T15:25:00.000000,13,0,0,100
BHARTIARTL,1440,1014,2022-01-03T00:00:00.000000,2026-02-02T00:00:00.000000,1014,1014,2022-01-03T00:00:00.000000,2026-02-02T00:00:00.000000,50,0,0,100
LEMONTREE,10080,215,2021-12-27T00:00:00.000000,2026-02-02T00:00:00.000000,215,215,2021-12-27T00:00:00.000000,2026-02-02T00:00:00.000000,51,0,0,100
360ONE,1440,1016,2022-01-03T00:00:00.000000,2026-02-04T00:00:00.000000,1016,1016,2022-01-03T00:00:00.000000,2026-02-04T00:00:00.000000,50,0,0,100
BANKBARODA,60,7069,2022-01-03T09:00:00.000000,2026-02-02T15:00:00.000000,7069,7069,2022-01-03T09:00:00.000000,2026-02-02T15:00:00.000000,50,0,0,100
HDFCBANK,60,7062,2022-01-03T09:00:00.000000,2026-02-01T15:00:00.000000,7062,7062,2022-01-03T09:00:00.000000,2026-02-01T15:00:00.000000,50,0,0,100
ABSLAMC,1,378603,2022-01-03T09:15:00.000000,2026-02-04T15:29:00.000000,378603,378603,2022-01-03T09:15:00.000000,2026-02-04T15:29:00.000000,50,0,0,100
INOXWIND,60,7090,2022-01-03T09:00:00.000000,2026-02-05T15:00:00.000000,7090,7090,2022-01-03T09:00:00.000000,2026-02-05T15:00:00.000000,50,0,0,100
CAMPUS,1440,931,2022-05-09T00:00:00.000000,2026-02-03T00:00:00.000000,931,931,2022-05-09T00:00:00.000000,2026-02-03T00:00:00.000000,46,0,0,100
FORCEMOT,10080,200,2021-12-27T00:00:00.000000,2026-02-02T00:00:00.000000,200,200,2021-12-27T00:00:00.000000,2026-02-02T00:00:00.000000,51,0,0,100
SBFC,60,4274,2023-08-16T09:00:00.000000,2026-02-03T15:00:00.000000,4274,4274,2023-08-16T09:00:00.000000,2026-02-03T15:00:00.000000,31,0,0,100
HFCL,30,13149,2022-01-03T09:00:00.000000,2026-02-04T15:00:00.000000,13149,13149,2022-01-03T09:00:00.000000,2026-02-04T15:00:00.000000,50,0,0,100
KARURVYSYA,5,75763,2022-01-03T09:15:00.000000,2026-02-03T15:25:00.000000,75763,75763,2022-01-03T09:15:00.000000,2026-02-03T15:25:00.000000,50,0,0,100
INDIANB,1,378788,2022-01-03T09:15:00.000000,2026-02-03T15:29:00.000000,378788,378788,2022-01-03T09:15:00.000000,2026-02-03T15:29:00.000000,50,0,0,100
INDHOTEL,5,75689,2022-01-03T09:15:00.000000,2026-02-02T15:25:00.000000,75689,75689,2022-01-03T09:15:00.000000,2026-02-02T15:25:00.000000,50,0,0,100
COFORGE,1440,1014,2022-01-03T00:00:00.000000,2026-02-02T00:00:00.000000,1014,1014,2022-01-03T00:00:00.000000,2026-02-02T00:00:00.000000,50,0,0,100
ASTRAL,60,7069,2022-01-03T09:00:00.000000,2026-02-02T15:00:00.000000,7069,7069,2022-01-03T09:00:00.000000,2026-02-02T15:00:00.000000,50,0,0,100
BBTC,60,7083,2022-01-03T09:00:00.000000,2026-02-04T15:00:00.000000,7083,7083,2022-01-03T09:00:00.000000,2026-02-04T15:00:00.000000,50,0,0,100
ICICIGI,1,378423,2022-01-03T09:15:00.000000,2026-02-02T15:29:00.000000,378423,378423,2022-01-03T09:15:00.000000,2026-02-02T15:29:00.000000,50,0,0,100
NUVAMA,15,14551,2023-09-26T09:15:00.000000,2026-02-03T15:15:00.000000,14551,14551,2023-09-26T09:15:00.000000,2026-02-03T15:15:00.000000,30,0,0,100
JYOTHYLAB,30,5153,2024-07-01T09:00:00.000000,2026-02-03T15:00:00.000000,5153,5153,2024-07-01T09:00:00.000000,2026-02-03T15:00:00.000000,20,0,0,100
ULTRACEMCO,5,75689,2022-01-03T09:15:00.000000,2026-02-02T15:25:00.000000,75689,75689,2022-01-03T09:15:00.000000,2026-02-02T15:25:00.000000,50,0,0,100
STARHEALTH,3,126267,2022-01-03T09:15:00.000000,2026-02-03T15:27:00.000000,126267,126267,2022-01-03T09:15:00.000000,2026-02-03T15:27:00.000000,50,0,0,100
IRFC,5,75761,2022-01-03T09:15:00.000000,2026-02-03T15:25:00.000000,75761,75761,2022-01-03T09:15:00.000000,2026-02-03T15:25:00.000000,50,0,0,100
NYKAA,5,75838,2022-01-03T09:15:00.000000,2026-02-04T15:25:00.000000,75838,75838,2022-01-03T09:15:00.000000,2026-02-04T15:25:00.000000,50,0,0,100
AUBANK,15,25230,2022-01-03T09:15:00.000000,2026-02-02T15:15:00.000000,25230,25230,2022-01-03T09:15:00.000000,2026-02-02T15:15:00.000000,50,0,0,100
BEML,60,7076,2022-01-03T09:00:00.000000,2026-02-03T15:00:00.000000,7076,7076,2022-01-03T09:00:00.000000,2026-02-03T15:00:00.000000,50,0,0,100
ANANDRATHI,30,13149,2022-01-03T09:00:00.000000,2026-02-04T15:00:00.000000,13149,13149,2022-01-03T09:00:00.000000,2026-02-04T15:00:00.000000,50,0,0,100
COFORGE,15,25230,2022-01-03T09:15:00.000000,2026-02-02T15:15:00.000000,25230,25230,2022-01-03T09:15:00.000000,2026-02-02T15:15:00.000000,50,0,0,100
BEL,10080,215,2021-12-27T00:00:00.000000,2026-02-02T00:00:00.000000,215,215,2021-12-27T00:00:00.000000,2026-02-02T00:00:00.000000,51,0,0,100
JBMA,1,377818,2022-01-03T09:15:00.000000,2026-02-03T15:29:00.000000,377818,377818,2022-01-03T09:15:00.000000,2026-02-03T15:29:00.000000,50,0,0,100
PIIND,3,126274,2022-01-03T09:15:00.000000,2026-02-03T15:27:00.000000,126274,126274,2022-01-03T09:15:00.000000,2026-02-03T15:27:00.000000,50,0,0,100
BOSCHLTD,3,126148,2022-01-03T09:15:00.000000,2026-02-02T15:27:00.000000,126148,126148,2022-01-03T09:15:00.000000,2026-02-02T15:27:00.000000,50,0,0,100
360ONE,1,376377,2022-01-03T09:15:00.000000,2026-02-04T15:29:00.000000,376377,376377,2022-01-03T09:15:00.000000,2026-02-04T15:29:00.000000,50,0,0,100
CROMPTON,5,75689,2022-01-03T09:15:00.000000,2026-02-02T15:25:00.000000,75689,75689,2022-01-03T09:15:00.000000,2026-02-02T15:25:00.000000,50,0,0,100
JKTYRE,60,2060,2024-12-02T09:00:00.000000,2026-02-05T15:00:00.000000,2060,2060,2024-12-02T09:00:00.000000,2026-02-05T15:00:00.000000,15,0,0,100
LTF,60,7076,2022-01-03T09:00:00.000000,2026-02-03T15:00:00.000000,7076,7076,2022-01-03T09:00:00.000000,2026-02-03T15:00:00.000000,50,0,0,100
JYOTICNC,10080,108,2024-01-15T00:00:00.000000,2026-02-02T00:00:00.000000,108,108,2024-01-15T00:00:00.000000,2026-02-02T00:00:00.000000,26,0,0,100
CHOICEIN,1440,950,2022-04-08T00:00:00.000000,2026-02-04T00:00:00.000000,950,950,2022-04-08T00:00:00.000000,2026-02-04T00:00:00.000000,47,0,0,100
KPIL,3,126514,2022-01-03T09:15:00.000000,2026-02-05T15:27:00.000000,126514,126514,2022-01-03T09:15:00.000000,2026-02-05T15:27:00.000000,50,0,0,100
ERIS,5,75752,2022-01-03T09:15:00.000000,2026-02-03T15:25:00.000000,75752,75752,2022-01-03T09:15:00.000000,2026-02-03T15:25:00.000000,50,0,0,100
SONACOMS,60,7076,2022-01-03T09:00:00.000000,2026-02-03T15:00:00.000000,7076,7076,2022-01-03T09:00:00.000000,2026-02-03T15:00:00.000000,50,0,0,100
ASTRAL,3,126149,2022-01-03T09:15:00.000000,2026-02-02T15:27:00.000000,126149,126149,2022-01-03T09:15:00.000000,2026-02-02T15:27:00.000000,50,0,0,100
ITI,1440,1015,2022-01-03T00:00:00.000000,2026-02-03T00:00:00.000000,1015,1015,2022-01-03T00:00:00.000000,2026-02-03T00:00:00.000000,50,0,0,100
TATASTEEL,1440,1014,2022-01-03T00:00:00.000000,2026-02-02T00:00:00.000000,1014,1014,2022-01-03T00:00:00.000000,2026-02-02T00:00:00.000000,50,0,0,100
INDUSINDBK,30,3786,2024-12-02T09:00:00.000000,2026-02-02T15:00:00.000000,3786,3786,2024-12-02T09:00:00.000000,2026-02-02T15:00:00.000000,15,0,0,100
MAHSCOOTER,1,362739,2022-01-03T09:15:00.000000,2026-02-05T15:29:00.000000,362739,362739,2022-01-03T09:15:00.000000,2026-02-05T15:29:00.000000,50,0,0,100
PETRONET,3,126274,2022-01-03T09:15:00.000000,2026-02-03T15:27:00.000000,126274,126274,2022-01-03T09:15:00.000000,2026-02-03T15:27:00.000000,50,0,0,100
WHIRLPOOL,30,13136,2022-01-03T09:00:00.000000,2026-02-03T15:00:00.000000,13136,13136,2022-01-03T09:00:00.000000,2026-02-03T15:00:00.000000,50,0,0,100
SJVN,60,7076,2022-01-03T09:00:00.000000,2026-02-03T15:00:00.000000,7076,7076,2022-01-03T09:00:00.000000,2026-02-03T15:00:00.000000,50,0,0,100
DEVYANI,30,13136,2022-01-03T09:00:00.000000,2026-02-03T15:00:00.000000,13136,13136,2022-01-03T09:00:00.000000,2026-02-03T15:00:00.000000,50,0,0,100
ASTERDM,1,378554,2022-01-03T09:15:00.000000,2026-02-04T15:29:00.000000,378554,378554,2022-01-03T09:15:00.000000,2026-02-04T15:29:00.000000,50,0,0,100
NUVOCO,3,123515,2022-01-03T09:15:00.000000,2026-01-01T15:27:00.000000,123515,123515,2022-01-03T09:15:00.000000,2026-01-01T15:27:00.000000,49,0,0,100
IRCTC,3,126274,2022-01-03T09:15:00.000000,2026-02-03T15:27:00.000000,126274,126274,2022-01-03T09:15:00.000000,2026-02-03T15:27:00.000000,50,0,0,100
IGIL,60,1962,2024-12-20T09:00:00.000000,2026-02-05T15:00:00.000000,1962,1962,2024-12-20T09:00:00.000000,2026-02-05T15:00:00.000000,15,0,0,100
ADANIENT,60,7069,2022-01-03T09:00:00.000000,2026-02-02T15:00:00.000000,7069,7069,2022-01-03T09:00:00.000000,2026-02-02T15:00:00.000000,50,0,0,100
RELIANCE,30,13160,2022-01-03T09:00:00.000000,2026-02-05T15:00:00.000000,13160,13160,2022-01-03T09:00:00.000000,2026-02-05T15:00:00.000000,50,0,0,100
BLUEJET,1,209430,2023-11-01T09:15:00.000000,2026-02-04T15:29:00.000000,209430,209430,2023-11-01T09:15:00.000000,2026-02-04T15:29:00.000000,28,0,0,100
RBLBANK,1440,1015,2022-01-03T00:00:00.000000,2026-02-03T00:00:00.000000,1015,1015,2022-01-03T00:00:00.000000,2026-02-03T00:00:00.000000,50,0,0,100
SUNDARMFIN,10080,215,2021-12-27T00:00:00.000000,2026-02-02T00:00:00.000000,215,215,2021-12-27T00:00:00.000000,2026-02-02T00:00:00.000000,51,0,0,100
3MINDIA,30,3799,2024-12-02T09:00:00.000000,2026-02-03T15:00:00.000000,3799,3799,2024-12-02T09:00:00.000000,2026-02-03T15:00:00.000000,15,0,0,100
TCS,60,7090,2022-01-03T09:00:00.000000,2026-02-05T15:00:00.000000,7090,7090,2022-01-03T09:00:00.000000,2026-02-05T15:00:00.000000,50,0,0,100
CIPLA,1440,1014,2022-01-03T00:00:00.000000,2026-02-02T00:00:00.000000,1014,1014,2022-01-03T00:00:00.000000,2026-02-02T00:00:00.000000,50,0,0,100
UCOBANK,1440,1015,2022-01-03T00:00:00.000000,2026-02-03T00:00:00.000000,1015,1015,2022-01-03T00:00:00.000000,2026-02-03T00:00:00.000000,50,0,0,100
AKUMS,30,4841,2024-08-06T09:00:00.000000,2026-02-04T15:00:00.000000,4841,4841,2024-08-06T09:00:00.000000,2026-02-04T15:00:00.000000,19,0,0,100
GODFRYPHLP,10080,215,2021-12-27T00:00:00.000000,2026-02-02T00:00:00.000000,215,215,2021-12-27T00:00:00.000000,2026-02-02T00:00:00.000000,51,0,0,100
NBCC,60,7076,2022-01-03T09:00:00.000000,2026-02-03T15:00:00.000000,7076,7076,2022-01-03T09:00:00.000000,2026-02-03T15:00:00.000000,50,0,0,100
SKFINDIA,30,13134,2022-01-03T09:00:00.000000,2026-02-03T15:00:00.000000,13134,13134,2022-01-03T09:00:00.000000,2026-02-03T15:00:00.000000,50,0,0,100
ABB,1440,1014,2022-01-03T00:00:00.000000,2026-02-02T00:00:00.000000,1014,1014,2022-01-03T00:00:00.000000,2026-02-02T00:00:00.000000,50,0,0,100
OBEROIRLTY,10080,215,2021-12-27T00:00:00.000000,2026-02-02T00:00:00.000000,215,215,2021-12-27T00:00:00.000000,2026-02-02T00:00:00.000000,51,0,0,100
SUNDRMFAST,60,7076,2022-01-03T09:00:00.000000,2026-02-03T15:00:00.000000,7076,7076,2022-01-03T09:00:00.000000,2026-02-03T15:00:00.000000,50,0,0,100
IREDA,5,40637,2023-11-29T09:15:00.000000,2026-02-05T15:25:00.000000,40637,40637,2023-11-29T09:15:00.000000,2026-02-05T15:25:00.000000,28,0,0,100
GRAVITA,15,25280,2022-01-03T09:15:00.000000,2026-02-04T15:15:00.000000,25280,25280,2022-01-03T09:15:00.000000,2026-02-04T15:15:00.000000,50,0,0,100
CONCOR,5,75839,2022-01-03T09:15:00.000000,2026-02-04T15:25:00.000000,75839,75839,2022-01-03T09:15:00.000000,2026-02-04T15:25:00.000000,50,0,0,100
BHARATFORG,60,7076,2022-01-03T09:00:00.000000,2026-02-03T15:00:00.000000,7076,7076,2022-01-03T09:00:00.000000,2026-02-03T15:00:00.000000,50,0,0,100
INDUSINDBK,1,109185,2024-12-02T09:15:00.000000,2026-02-02T15:29:00.000000,109185,109185,2024-12-02T09:15:00.000000,2026-02-02T15:29:00.000000,15,0,0,100
IPCALAB,1440,1015,2022-01-03T00:00:00.000000,2026-02-03T00:00:00.000000,1015,1015,2022-01-03T00:00:00.000000,2026-02-03T00:00:00.000000,50,0,0,100
JINDALSAW,1,378503,2022-01-03T09:15:00.000000,2026-02-03T15:29:00.000000,378503,378503,2022-01-03T09:15:00.000000,2026-02-03T15:29:00.000000,50,0,0,100
NH,30,13162,2022-01-03T09:00:00.000000,2026-02-05T15:00:00.000000,13162,13162,2022-01-03T09:00:00.000000,2026-02-05T15:00:00.000000,50,0,0,100
CENTRALBK,3,126269,2022-01-03T09:15:00.000000,2026-02-03T15:27:00.000000,126269,126269,2022-01-03T09:15:00.000000,2026-02-03T15:27:00.000000,50,0,0,100
BRITANNIA,60,7069,2022-01-03T09:00:00.000000,2026-02-02T15:00:00.000000,7069,7069,2022-01-03T09:00:00.000000,2026-02-02T15:00:00.000000,50,0,0,100
EMCURE,60,2733,2024-07-10T09:00:00.000000,2026-02-04T15:00:00.000000,2733,2733,2024-07-10T09:00:00.000000,2026-02-04T15:00:00.000000,20,0,0,100
HDFCBANK,3,126024,2022-01-03T09:15:00.000000,2026-02-01T15:27:00.000000,126024,126024,2022-01-03T09:15:00.000000,2026-02-01T15:27:00.000000,50,0,0,100
LUPIN,60,7069,2022-01-03T09:00:00.000000,2026-02-02T15:00:00.000000,7069,7069,2022-01-03T09:00:00.000000,2026-02-02T15:00:00.000000,50,0,0,100
ASIANPAINT,30,13123,2022-01-03T09:00:00.000000,2026-02-02T15:00:00.000000,13123,13123,2022-01-03T09:00:00.000000,2026-02-02T15:00:00.000000,50,0,0,100
BHEL,5,75689,2022-01-03T09:15:00.000000,2026-02-02T15:25:00.000000,75689,75689,2022-01-03T09:15:00.000000,2026-02-02T15:25:00.000000,50,0,0,100
MCX,5,75764,2022-01-03T09:15:00.000000,2026-02-03T15:25:00.000000,75764,75764,2022-01-03T09:15:00.000000,2026-02-03T15:25:00.000000,50,0,0,100
TATACOMM,1,378799,2022-01-03T09:15:00.000000,2026-02-03T15:29:00.000000,378799,378799,2022-01-03T09:15:00.000000,2026-02-03T15:29:00.000000,50,0,0,100
LTFOODS,1,379504,2022-01-03T09:15:00.000000,2026-02-05T15:29:00.000000,379504,379504,2022-01-03T09:15:00.000000,2026-02-05T15:29:00.000000,50,0,0,100
PERSISTENT,5,21837,2024-12-02T09:15:00.000000,2026-02-02T15:25:00.000000,21837,21837,2024-12-02T09:15:00.000000,2026-02-02T15:25:00.000000,15,0,0,100
GRSE,3,126391,2022-01-03T09:15:00.000000,2026-02-04T15:27:00.000000,126391,126391,2022-01-03T09:15:00.000000,2026-02-04T15:27:00.000000,50,0,0,100
DRREDDY,15,25230,2022-01-03T09:15:00.000000,2026-02-02T15:15:00.000000,25230,25230,2022-01-03T09:15:00.000000,2026-02-02T15:15:00.000000,50,0,0,100
HDFCAMC,15,25255,2022-01-03T09:15:00.000000,2026-02-03T15:15:00.000000,25255,25255,2022-01-03T09:15:00.000000,2026-02-03T15:15:00.000000,50,0,0,100
NAVA,3,28264,2022-01-03T09:15:00.000000,2022-12-01T15:27:00.000000,28264,28264,2022-01-03T09:15:00.000000,2022-12-01T15:27:00.000000,12,0,0,100
ZYDUSLIFE,60,7076,2022-01-03T09:00:00.000000,2026-02-03T15:00:00.000000,7076,7076,2022-01-03T09:00:00.000000,2026-02-03T15:00:00.000000,50,0,0,100
SBIN,1440,1013,2022-01-03T00:00:00.000000,2026-02-01T00:00:00.000000,1013,1013,2022-01-03T00:00:00.000000,2026-02-01T00:00:00.000000,50,0,0,100
DMART,60,7076,2022-01-03T09:00:00.000000,2026-02-03T15:00:00.000000,7076,7076,2022-01-03T09:00:00.000000,2026-02-03T15:00:00.000000,50,0,0,100
AIAENG,10080,215,2021-12-27T00:00:00.000000,2026-02-02T00:00:00.000000,215,215,2021-12-27T00:00:00.000000,2026-02-02T00:00:00.000000,51,0,0,100
IEX,3,126274,2022-01-03T09:15:00.000000,2026-02-03T15:27:00.000000,126274,126274,2022-01-03T09:15:00.000000,2026-02-03T15:27:00.000000,50,0,0,100
3MINDIA,10080,215,2021-12-27T00:00:00.000000,2026-02-02T00:00:00.000000,215,215,2021-12-27T00:00:00.000000,2026-02-02T00:00:00.000000,51,0,0,100
BAJFINANCE,60,7069,2022-01-03T09:00:00.000000,2026-02-02T15:00:00.000000,7069,7069,2022-01-03T09:00:00.000000,2026-02-02T15:00:00.000000,50,0,0,100
HAL,15,25255,2022-01-03T09:15:00.000000,2026-02-03T15:15:00.000000,25255,25255,2022-01-03T09:15:00.000000,2026-02-03T15:15:00.000000,50,0,0,100
AMBER,30,13149,2022-01-03T09:00:00.000000,2026-02-04T15:00:00.000000,13149,13149,2022-01-03T09:00:00.000000,2026-02-04T15:00:00.000000,50,0,0,100
J&KBANK,1440,1017,2022-01-03T00:00:00.000000,2026-02-05T00:00:00.000000,1017,1017,2022-01-03T00:00:00.000000,2026-02-05T00:00:00.000000,50,0,0,100
STARHEALTH,1,378677,2022-01-03T09:15:00.000000,2026-02-03T15:29:00.000000,378677,378677,2022-01-03T09:15:00.000000,2026-02-03T15:29:00.000000,50,0,0,100
TECHNOE,60,7076,2022-01-03T09:00:00.000000,2026-02-03T15:00:00.000000,7076,7076,2022-01-03T09:00:00.000000,2026-02-03T15:00:00.000000,50,0,0,100
DELHIVERY,5,68711,2022-05-24T09:15:00.000000,2026-02-04T15:25:00.000000,68711,68711,2022-05-24T09:15:00.000000,2026-02-04T15:25:00.000000,46,0,0,100
BHARTIHEXA,3,56191,2024-04-12T09:15:00.000000,2026-02-04T15:27:00.000000,56191,56191,2024-04-12T09:15:00.000000,2026-02-04T15:27:00.000000,23,0,0,100
EICHERMOT,3,126148,2022-01-03T09:15:00.000000,2026-02-02T15:27:00.000000,126148,126148,2022-01-03T09:15:00.000000,2026-02-02T15:27:00.000000,50,0,0,100
CESC,60,7076,2022-01-03T09:00:00.000000,2026-02-03T15:00:00.000000,7076,7076,2022-01-03T09:00:00.000000,2026-02-03T15:00:00.000000,50,0,0,100
ABREL,1,378961,2022-01-03T09:15:00.000000,2026-02-04T15:29:00.000000,378961,378961,2022-01-03T09:15:00.000000,2026-02-04T15:29:00.000000,50,0,0,100
RADICO,1,378742,2022-01-03T09:15:00.000000,2026-02-03T15:29:00.000000,378742,378742,2022-01-03T09:15:00.000000,2026-02-03T15:29:00.000000,50,0,0,100
BIKAJI,30,3812,2024-12-02T09:00:00.000000,2026-02-04T15:00:00.000000,3812,3812,2024-12-02T09:00:00.000000,2026-02-04T15:00:00.000000,15,0,0,100
AKZOINDIA,5,75816,2022-01-03T09:15:00.000000,2026-02-04T15:25:00.000000,75816,75816,2022-01-03T09:15:00.000000,2026-02-04T15:25:00.000000,50,0,0,100
GODREJPROP,5,75764,2022-01-03T09:15:00.000000,2026-02-03T15:25:00.000000,75764,75764,2022-01-03T09:15:00.000000,2026-02-03T15:25:00.000000,50,0,0,100
POONAWALLA,1,378798,2022-01-03T09:15:00.000000,2026-02-03T15:29:00.000000,378798,378798,2022-01-03T09:15:00.000000,2026-02-03T15:29:00.000000,50,0,0,100
JPPOWER,30,13162,2022-01-03T09:00:00.000000,2026-02-05T15:00:00.000000,13162,13162,2022-01-03T09:00:00.000000,2026-02-05T15:00:00.000000,50,0,0,100
LEMONTREE,30,13136,2022-01-03T09:00:00.000000,2026-02-03T15:00:00.000000,13136,13136,2022-01-03T09:00:00.000000,2026-02-03T15:00:00.000000,50,0,0,100
FORCEMOT,30,12171,2022-01-03T09:00:00.000000,2026-02-04T15:00:00.000000,12171,12171,2022-01-03T09:00:00.000000,2026-02-04T15:00:00.000000,50,0,0,100
ANGELONE,15,25255,2022-01-03T09:15:00.000000,2026-02-03T15:15:00.000000,25255,25255,2022-01-03T09:15:00.000000,2026-02-03T15:15:00.000000,50,0,0,100
MANKIND,15,17026,2023-05-09T09:15:00.000000,2026-02-05T15:15:00.000000,17026,17026,2023-05-09T09:15:00.000000,2026-02-05T15:15:00.000000,34,0,0,100
GESHIP,5,75836,2022-01-03T09:15:00.000000,2026-02-04T15:25:00.000000,75836,75836,2022-01-03T09:15:00.000000,2026-02-04T15:25:00.000000,50,0,0,100
SIEMENS,3,126134,2022-01-03T09:15:00.000000,2026-02-02T15:27:00.000000,126134,126134,2022-01-03T09:15:00.000000,2026-02-02T15:27:00.000000,50,0,0,100
LUPIN,30,13123,2022-01-03T09:00:00.000000,2026-02-02T15:00:00.000000,13123,13123,2022-01-03T09:00:00.000000,2026-02-02T15:00:00.000000,50,0,0,100
ASAHIINDIA,1,378397,2022-01-03T09:15:00.000000,2026-02-04T15:29:00.000000,378397,378397,2022-01-03T09:15:00.000000,2026-02-04T15:29:00.000000,50,0,0,100
TATAELXSI,1440,1015,2022-01-03T00:00:00.000000,2026-02-03T00:00:00.000000,1015,1015,2022-01-03T00:00:00.000000,2026-02-03T00:00:00.000000,50,0,0,100
AXISBANK,5,75689,2022-01-03T09:15:00.000000,2026-02-02T15:25:00.000000,75689,75689,2022-01-03T09:15:00.000000,2026-02-02T15:25:00.000000,50,0,0,100
MSUMI,1,357407,2022-03-28T09:15:00.000000,2026-02-03T15:29:00.000000,357407,357407,2022-03-28T09:15:00.000000,2026-02-03T15:29:00.000000,48,0,0,100
TORNTPOWER,60,7076,2022-01-03T09:00:00.000000,2026-02-03T15:00:00.000000,7076,7076,2022-01-03T09:00:00.000000,2026-02-03T15:00:00.000000,50,0,0,100
GPIL,10080,215,2021-12-27T00:00:00.000000,2026-02-02T00:00:00.000000,215,215,2021-12-27T00:00:00.000000,2026-02-02T00:00:00.000000,51,0,0,100
ENDURANCE,5,75761,2022-01-03T09:15:00.000000,2026-02-03T15:25:00.000000,75761,75761,2022-01-03T09:15:00.000000,2026-02-03T15:25:00.000000,50,0,0,100
EMCURE,5,29270,2024-07-10T09:15:00.000000,2026-02-04T15:25:00.000000,29270,29270,2024-07-10T09:15:00.000000,2026-02-04T15:25:00.000000,20,0,0,100
NATIONALUM,15,25255,2022-01-03T09:15:00.000000,2026-02-03T15:15:00.000000,25255,25255,2022-01-03T09:15:00.000000,2026-02-03T15:15:00.000000,50,0,0,100
VBL,15,9908,2024-07-01T09:15:00.000000,2026-02-03T15:15:00.000000,9908,9908,2024-07-01T09:15:00.000000,2026-02-03T15:15:00.000000,20,0,0,100
ATGL,3,126394,2022-01-03T09:15:00.000000,2026-02-04T15:27:00.000000,126394,126394,2022-01-03T09:15:00.000000,2026-02-04T15:27:00.000000,50,0,0,100
MCX,10080,215,2021-12-27T00:00:00.000000,2026-02-02T00:00:00.000000,215,215,2021-12-27T00:00:00.000000,2026-02-02T00:00:00.000000,51,0,0,100
PNBHOUSING,5,75763,2022-01-03T09:15:00.000000,2026-02-03T15:25:00.000000,75763,75763,2022-01-03T09:15:00.000000,2026-02-03T15:25:00.000000,50,0,0,100
TORNTPOWER,3,126273,2022-01-03T09:15:00.000000,2026-02-03T15:27:00.000000,126273,126273,2022-01-03T09:15:00.000000,2026-02-03T15:27:00.000000,50,0,0,100
SUNDARMFIN,5,75749,2022-01-03T09:15:00.000000,2026-02-03T15:25:00.000000,75749,75749,2022-01-03T09:15:00.000000,2026-02-03T15:25:00.000000,50,0,0,100
HFCL,60,7083,2022-01-03T09:00:00.000000,2026-02-04T15:00:00.000000,7083,7083,2022-01-03T09:00:00.000000,2026-02-04T15:00:00.000000,50,0,0,100
NAUKRI,1,378429,2022-01-03T09:15:00.000000,2026-02-02T15:29:00.000000,378429,378429,2022-01-03T09:15:00.000000,2026-02-02T15:29:00.000000,50,0,0,100
GVT&D,3,125329,2022-01-03T09:15:00.000000,2026-02-04T15:27:00.000000,125329,125329,2022-01-03T09:15:00.000000,2026-02-04T15:27:00.000000,50,0,0,100
IGL,15,25255,2022-01-03T09:15:00.000000,2026-02-03T15:15:00.000000,25255,25255,2022-01-03T09:15:00.000000,2026-02-03T15:15:00.000000,50,0,0,100
NLCINDIA,1440,1015,2022-01-03T00:00:00.000000,2026-02-03T00:00:00.000000,1015,1015,2022-01-03T00:00:00.000000,2026-02-03T00:00:00.000000,50,0,0,100
LALPATHLAB,10080,215,2021-12-27T00:00:00.000000,2026-02-02T00:00:00.000000,215,215,2021-12-27T00:00:00.000000,2026-02-02T00:00:00.000000,51,0,0,100
HINDALCO,30,13123,2022-01-03T09:00:00.000000,2026-02-02T15:00:00.000000,13123,13123,2022-01-03T09:00:00.000000,2026-02-02T15:00:00.000000,50,0,0,100
HONASA,3,69371,2023-11-07T09:15:00.000000,2026-02-04T15:27:00.000000,69371,69371,2023-11-07T09:15:00.000000,2026-02-04T15:27:00.000000,28,0,0,100
ADANIENT,30,13123,2022-01-03T09:00:00.000000,2026-02-02T15:00:00.000000,13123,13123,2022-01-03T09:00:00.000000,2026-02-02T15:00:00.000000,50,0,0,100
JPPOWER,60,7090,2022-01-03T09:00:00.000000,2026-02-05T15:00:00.000000,7090,7090,2022-01-03T09:00:00.000000,2026-02-05T15:00:00.000000,50,0,0,100
NAUKRI,3,126149,2022-01-03T09:15:00.000000,2026-02-02T15:27:00.000000,126149,126149,2022-01-03T09:15:00.000000,2026-02-02T15:27:00.000000,50,0,0,100
OIL,15,25255,2022-01-03T09:15:00.000000,2026-02-03T15:15:00.000000,25255,25255,2022-01-03T09:15:00.000000,2026-02-03T15:15:00.000000,50,0,0,100
APARINDS,1440,1016,2022-01-03T00:00:00.000000,2026-02-04T00:00:00.000000,1016,1016,2022-01-03T00:00:00.000000,2026-02-04T00:00:00.000000,50,0,0,100
SONACOMS,15,25255,2022-01-03T09:15:00.000000,2026-02-03T15:15:00.000000,25255,25255,2022-01-03T09:15:00.000000,2026-02-03T15:15:00.000000,50,0,0,100
AIIL,30,5768,2024-04-23T09:00:00.000000,2026-02-04T15:00:00.000000,5768,5768,2024-04-23T09:00:00.000000,2026-02-04T15:00:00.000000,23,0,0,100
PNBHOUSING,3,126268,2022-01-03T09:15:00.000000,2026-02-03T15:27:00.000000,126268,126268,2022-01-03T09:15:00.000000,2026-02-03T15:27:00.000000,50,0,0,100
KOTAKBANK,1440,1014,2022-01-03T00:00:00.000000,2026-02-02T00:00:00.000000,1014,1014,2022-01-03T00:00:00.000000,2026-02-02T00:00:00.000000,50,0,0,100
LALPATHLAB,3,126273,2022-01-03T09:15:00.000000,2026-02-03T15:27:00.000000,126273,126273,2022-01-03T09:15:00.000000,2026-02-03T15:27:00.000000,50,0,0,100
ANGELONE,1440,1015,2022-01-03T00:00:00.000000,2026-02-03T00:00:00.000000,1015,1015,2022-01-03T00:00:00.000000,2026-02-03T00:00:00.000000,50,0,0,100
PHOENIXLTD,5,75763,2022-01-03T09:15:00.000000,2026-02-03T15:25:00.000000,75763,75763,2022-01-03T09:15:00.000000,2026-02-03T15:25:00.000000,50,0,0,100
IRFC,60,7076,2022-01-03T09:00:00.000000,2026-02-03T15:00:00.000000,7076,7076,2022-01-03T09:00:00.000000,2026-02-03T15:00:00.000000,50,0,0,100
AUROPHARMA,3,126149,2022-01-03T09:15:00.000000,2026-02-02T15:27:00.000000,126149,126149,2022-01-03T09:15:00.000000,2026-02-02T15:27:00.000000,50,0,0,100
SUNPHARMA,10080,215,2021-12-27T00:00:00.000000,2026-02-02T00:00:00.000000,215,215,2021-12-27T00:00:00.000000,2026-02-02T00:00:00.000000,51,0,0,100
ZENSARTECH,15,25280,2022-01-03T09:15:00.000000,2026-02-04T15:15:00.000000,25280,25280,2022-01-03T09:15:00.000000,2026-02-04T15:15:00.000000,50,0,0,100
INOXWIND,1,376897,2022-01-03T09:15:00.000000,2026-02-05T15:29:00.000000,376897,376897,2022-01-03T09:15:00.000000,2026-02-05T15:29:00.000000,50,0,0,100
FORCEMOT,5,70199,2022-01-03T09:15:00.000000,2026-02-04T15:25:00.000000,70199,70199,2022-01-03T09:15:00.000000,2026-02-04T15:25:00.000000,50,0,0,100
BHARTIHEXA,60,3149,2024-04-12T09:00:00.000000,2026-02-04T15:00:00.000000,3149,3149,2024-04-12T09:00:00.000000,2026-02-04T15:00:00.000000,23,0,0,100
GODREJPROP,1,378798,2022-01-03T09:15:00.000000,2026-02-03T15:29:00.000000,378798,378798,2022-01-03T09:15:00.000000,2026-02-03T15:29:00.000000,50,0,0,100
DLF,5,75689,2022-01-03T09:15:00.000000,2026-02-02T15:25:00.000000,75689,75689,2022-01-03T09:15:00.000000,2026-02-02T15:25:00.000000,50,0,0,100
OBEROIRLTY,3,126149,2022-01-03T09:15:00.000000,2026-02-02T15:27:00.000000,126149,126149,2022-01-03T09:15:00.000000,2026-02-02T15:27:00.000000,50,0,0,100
SHRIRAMFIN,5,75689,2022-01-03T09:15:00.000000,2026-02-02T15:25:00.000000,75689,75689,2022-01-03T09:15:00.000000,2026-02-02T15:25:00.000000,50,0,0,100
MAPMYINDIA,3,126269,2022-01-03T09:15:00.000000,2026-02-03T15:27:00.000000,126269,126269,2022-01-03T09:15:00.000000,2026-02-03T15:27:00.000000,50,0,0,100
DEEPAKNTR,5,75689,2022-01-03T09:15:00.000000,2026-02-02T15:25:00.000000,75689,75689,2022-01-03T09:15:00.000000,2026-02-02T15:25:00.000000,50,0,0,100
ITC,1440,1013,2022-01-03T00:00:00.000000,2026-02-01T00:00:00.000000,1013,1013,2022-01-03T00:00:00.000000,2026-02-01T00:00:00.000000,50,0,0,100
HINDCOPPER,30,13136,2022-01-03T09:00:00.000000,2026-02-03T15:00:00.000000,13136,13136,2022-01-03T09:00:00.000000,2026-02-03T15:00:00.000000,50,0,0,100
ICICIBANK,30,13110,2022-01-03T09:00:00.000000,2026-02-01T15:00:00.000000,13110,13110,2022-01-03T09:00:00.000000,2026-02-01T15:00:00.000000,50,0,0,100
DCMSHRIRAM,10080,215,2021-12-27T00:00:00.000000,2026-02-02T00:00:00.000000,215,215,2021-12-27T00:00:00.000000,2026-02-02T00:00:00.000000,51,0,0,100
ANANTRAJ,30,13149,2022-01-03T09:00:00.000000,2026-02-04T15:00:00.000000,13149,13149,2022-01-03T09:00:00.000000,2026-02-04T15:00:00.000000,50,0,0,100
KARURVYSYA,30,13136,2022-01-03T09:00:00.000000,2026-02-03T15:00:00.000000,13136,13136,2022-01-03T09:00:00.000000,2026-02-03T15:00:00.000000,50,0,0,100
LINDEINDIA,30,13136,2022-01-03T09:00:00.000000,2026-02-03T15:00:00.000000,13136,13136,2022-01-03T09:00:00.000000,2026-02-03T15:00:00.000000,50,0,0,100
INDIACEM,5,75764,2022-01-03T09:15:00.000000,2026-02-03T15:25:00.000000,75764,75764,2022-01-03T09:15:00.000000,2026-02-03T15:25:00.000000,50,0,0,100
AFCONS,1440,312,2024-11-04T00:00:00.000000,2026-02-04T00:00:00.000000,312,312,2024-11-04T00:00:00.000000,2026-02-04T00:00:00.000000,16,0,0,100
CHOLAFIN,1,378429,2022-01-03T09:15:00.000000,2026-02-02T15:29:00.000000,378429,378429,2022-01-03T09:15:00.000000,2026-02-02T15:29:00.000000,50,0,0,100
DEEPAKFERT,60,7083,2022-01-03T09:00:00.000000,2026-02-04T15:00:00.000000,7083,7083,2022-01-03T09:00:00.000000,2026-02-04T15:00:00.000000,50,0,0,100
GRANULES,3,126274,2022-01-03T09:15:00.000000,2026-02-03T15:27:00.000000,126274,126274,2022-01-03T09:15:00.000000,2026-02-03T15:27:00.000000,50,0,0,100
VEDL,30,13123,2022-01-03T09:00:00.000000,2026-02-02T15:00:00.000000,13123,13123,2022-01-03T09:00:00.000000,2026-02-02T15:00:00.000000,50,0,0,100
LATENTVIEW,60,7076,2022-01-03T09:00:00.000000,2026-02-03T15:00:00.000000,7076,7076,2022-01-03T09:00:00.000000,2026-02-03T15:00:00.000000,50,0,0,100
VGUARD,3,126266,2022-01-03T09:15:00.000000,2026-02-03T15:27:00.000000,126266,126266,2022-01-03T09:15:00.000000,2026-02-03T15:27:00.000000,50,0,0,100
METROPOLIS,60,7076,2022-01-03T09:00:00.000000,2026-02-03T15:00:00.000000,7076,7076,2022-01-03T09:00:00.000000,2026-02-03T15:00:00.000000,50,0,0,100
GODREJCP,10080,215,2021-12-27T00:00:00.000000,2026-02-02T00:00:00.000000,215,215,2021-12-27T00:00:00.000000,2026-02-02T00:00:00.000000,51,0,0,100
ADANIPORTS,10080,215,2021-12-27T00:00:00.000000,2026-02-02T00:00:00.000000,215,215,2021-12-27T00:00:00.000000,2026-02-02T00:00:00.000000,51,0,0,100
KAYNES,15,19851,2022-11-22T09:15:00.000000,2026-02-05T15:15:00.000000,19851,19851,2022-11-22T09:15:00.000000,2026-02-05T15:15:00.000000,40,0,0,100
REDINGTON,10080,215,2021-12-27T00:00:00.000000,2026-02-02T00:00:00.000000,215,215,2021-12-27T00:00:00.000000,2026-02-02T00:00:00.000000,51,0,0,100
DMART,3,126267,2022-01-03T09:15:00.000000,2026-02-03T15:27:00.000000,126267,126267,2022-01-03T09:15:00.000000,2026-02-03T15:27:00.000000,50,0,0,100
DIVISLAB,1,378424,2022-01-03T09:15:00.000000,2026-02-02T15:29:00.000000,378424,378424,2022-01-03T09:15:00.000000,2026-02-02T15:29:00.000000,50,0,0,100
EIHOTEL,1440,1016,2022-01-03T00:00:00.000000,2026-02-04T00:00:00.000000,1016,1016,2022-01-03T00:00:00.000000,2026-02-04T00:00:00.000000,50,0,0,100
ELECON,15,25280,2022-01-03T09:15:00.000000,2026-02-04T15:15:00.000000,25280,25280,2022-01-03T09:15:00.000000,2026-02-04T15:15:00.000000,50,0,0,100
FEDERALBNK,3,126273,2022-01-03T09:15:00.000000,2026-02-03T15:27:00.000000,126273,126273,2022-01-03T09:15:00.000000,2026-02-03T15:27:00.000000,50,0,0,100
TIINDIA,10080,215,2021-12-27T00:00:00.000000,2026-02-02T00:00:00.000000,215,215,2021-12-27T00:00:00.000000,2026-02-02T00:00:00.000000,51,0,0,100
JPPOWER,1440,1017,2022-01-03T00:00:00.000000,2026-02-05T00:00:00.000000,1017,1017,2022-01-03T00:00:00.000000,2026-02-05T00:00:00.000000,50,0,0,100
ALKYLAMINE,15,25255,2022-01-03T09:15:00.000000,2026-02-03T15:15:00.000000,25255,25255,2022-01-03T09:15:00.000000,2026-02-03T15:15:00.000000,50,0,0,100
DATAPATTNS,3,126325,2022-01-03T09:15:00.000000,2026-02-04T15:27:00.000000,126325,126325,2022-01-03T09:15:00.000000,2026-02-04T15:27:00.000000,50,0,0,100
FACT,1440,1016,2022-01-03T00:00:00.000000,2026-02-04T00:00:00.000000,1016,1016,2022-01-03T00:00:00.000000,2026-02-04T00:00:00.000000,50,0,0,100
COFORGE,3,126149,2022-01-03T09:15:00.000000,2026-02-02T15:27:00.000000,126149,126149,2022-01-03T09:15:00.000000,2026-02-02T15:27:00.000000,50,0,0,100
AADHARHFC,10080,91,2024-05-13T00:00:00.000000,2026-02-02T00:00:00.000000,91,91,2024-05-13T00:00:00.000000,2026-02-02T00:00:00.000000,22,0,0,100
LLOYDSME,1440,635,2023-07-17T00:00:00.000000,2026-02-03T00:00:00.000000,635,635,2023-07-17T00:00:00.000000,2026-02-03T00:00:00.000000,32,0,0,100
OIL,1,378794,2022-01-03T09:15:00.000000,2026-02-03T15:29:00.000000,378794,378794,2022-01-03T09:15:00.000000,2026-02-03T15:29:00.000000,50,0,0,100
INOXINDIA,15,13147,2023-12-21T09:15:00.000000,2026-02-05T15:15:00.000000,13147,13147,2023-12-21T09:15:00.000000,2026-02-05T15:15:00.000000,27,0,0,100
WELCORP,5,75762,2022-01-03T09:15:00.000000,2026-02-03T15:25:00.000000,75762,75762,2022-01-03T09:15:00.000000,2026-02-03T15:25:00.000000,50,0,0,100
ABLBL,1,58140,2025-06-23T10:00:00.000000,2026-02-04T15:29:00.000000,58140,58140,2025-06-23T10:00:00.000000,2026-02-04T15:29:00.000000,9,0,0,100
MOTHERSON,15,25229,2022-01-03T09:15:00.000000,2026-02-02T15:15:00.000000,25229,25229,2022-01-03T09:15:00.000000,2026-02-02T15:15:00.000000,50,0,0,100
NUVAMA,1440,586,2023-09-26T00:00:00.000000,2026-02-03T00:00:00.000000,586,586,2023-09-26T00:00:00.000000,2026-02-03T00:00:00.000000,30,0,0,100
ABLBL,5,11628,2025-06-23T10:00:00.000000,2026-02-04T15:25:00.000000,11628,11628,2025-06-23T10:00:00.000000,2026-02-04T15:25:00.000000,9,0,0,100
TATASTEEL,5,75689,2022-01-03T09:15:00.000000,2026-02-02T15:25:00.000000,75689,75689,2022-01-03T09:15:00.000000,2026-02-02T15:25:00.000000,50,0,0,100
IGIL,30,3642,2024-12-20T09:30:00.000000,2026-02-05T15:00:00.000000,3642,3642,2024-12-20T09:30:00.000000,2026-02-05T15:00:00.000000,15,0,0,100
HYUNDAI,30,4151,2024-10-22T09:30:00.000000,2026-02-04T15:00:00.000000,4151,4151,2024-10-22T09:30:00.000000,2026-02-04T15:00:00.000000,17,0,0,100
BALKRISIND,10080,215,2021-12-27T00:00:00.000000,2026-02-02T00:00:00.000000,215,215,2021-12-27T00:00:00.000000,2026-02-02T00:00:00.000000,51,0,0,100
LODHA,15,25305,2022-01-03T09:15:00.000000,2026-02-05T15:15:00.000000,25305,25305,2022-01-03T09:15:00.000000,2026-02-05T15:15:00.000000,50,0,0,100
NLCINDIA,1,378789,2022-01-03T09:15:00.000000,2026-02-03T15:29:00.000000,378789,378789,2022-01-03T09:15:00.000000,2026-02-03T15:29:00.000000,50,0,0,100
PGHH,30,13136,2022-01-03T09:00:00.000000,2026-02-03T15:00:00.000000,13136,13136,2022-01-03T09:00:00.000000,2026-02-03T15:00:00.000000,50,0,0,100
SBILIFE,1440,1014,2022-01-03T00:00:00.000000,2026-02-02T00:00:00.000000,1014,1014,2022-01-03T00:00:00.000000,2026-02-02T00:00:00.000000,50,0,0,100
HINDUNILVR,10080,214,2021-12-27T00:00:00.000000,2026-01-26T00:00:00.000000,214,214,2021-12-27T00:00:00.000000,2026-01-26T00:00:00.000000,50,0,0,100
MANKIND,60,4771,2023-05-09T09:00:00.000000,2026-02-05T15:00:00.000000,4771,4771,2023-05-09T09:00:00.000000,2026-02-05T15:00:00.000000,34,0,0,100
JUBLFOOD,3,126274,2022-01-03T09:15:00.000000,2026-02-03T15:27:00.000000,126274,126274,2022-01-03T09:15:00.000000,2026-02-03T15:27:00.000000,50,0,0,100
SOLARINDS,1440,1015,2022-01-03T00:00:00.000000,2026-02-03T00:00:00.000000,1015,1015,2022-01-03T00:00:00.000000,2026-02-03T00:00:00.000000,50,0,0,100
FLUOROCHEM,3,36645,2024-12-02T09:15:00.000000,2026-02-04T15:27:00.000000,36645,36645,2024-12-02T09:15:00.000000,2026-02-04T15:27:00.000000,15,0,0,100
ELGIEQUIP,1,378692,2022-01-03T09:15:00.000000,2026-02-03T15:29:00.000000,378692,378692,2022-01-03T09:15:00.000000,2026-02-03T15:29:00.000000,50,0,0,100
GODIGIT,1440,425,2024-05-23T00:00:00.000000,2026-02-04T00:00:00.000000,425,425,2024-05-23T00:00:00.000000,2026-02-04T00:00:00.000000,22,0,0,100
EMAMILTD,1440,1015,2022-01-03T00:00:00.000000,2026-02-03T00:00:00.000000,1015,1015,2022-01-03T00:00:00.000000,2026-02-03T00:00:00.000000,50,0,0,100
NBCC,15,25255,2022-01-03T09:15:00.000000,2026-02-03T15:15:00.000000,25255,25255,2022-01-03T09:15:00.000000,2026-02-03T15:15:00.000000,50,0,0,100
FINCABLES,30,13136,2022-01-03T09:00:00.000000,2026-02-03T15:00:00.000000,13136,13136,2022-01-03T09:00:00.000000,2026-02-03T15:00:00.000000,50,0,0,100
KARURVYSYA,15,25255,2022-01-03T09:15:00.000000,2026-02-03T15:15:00.000000,25255,25255,2022-01-03T09:15:00.000000,2026-02-03T15:15:00.000000,50,0,0,100
BANKBARODA,3,126148,2022-01-03T09:15:00.000000,2026-02-02T15:27:00.000000,126148,126148,2022-01-03T09:15:00.000000,2026-02-02T15:27:00.000000,50,0,0,100
WOCKPHARMA,10080,215,2021-12-27T00:00:00.000000,2026-02-02T00:00:00.000000,215,215,2021-12-27T00:00:00.000000,2026-02-02T00:00:00.000000,51,0,0,100
CONCOR,15,25280,2022-01-03T09:15:00.000000,2026-02-04T15:15:00.000000,25280,25280,2022-01-03T09:15:00.000000,2026-02-04T15:15:00.000000,50,0,0,100
POWERINDIA,30,13149,2022-01-03T09:00:00.000000,2026-02-04T15:00:00.000000,13149,13149,2022-01-03T09:00:00.000000,2026-02-04T15:00:00.000000,50,0,0,100
CGPOWER,15,25255,2022-01-03T09:15:00.000000,2026-02-03T15:15:00.000000,25255,25255,2022-01-03T09:15:00.000000,2026-02-03T15:15:00.000000,50,0,0,100
CYIENT,60,7076,2022-01-03T09:00:00.000000,2026-02-03T15:00:00.000000,7076,7076,2022-01-03T09:00:00.000000,2026-02-03T15:00:00.000000,50,0,0,100
NAUKRI,10080,215,2021-12-27T00:00:00.000000,2026-02-02T00:00:00.000000,215,215,2021-12-27T00:00:00.000000,2026-02-02T00:00:00.000000,51,0,0,100
NBCC,30,13136,2022-01-03T09:00:00.000000,2026-02-03T15:00:00.000000,13136,13136,2022-01-03T09:00:00.000000,2026-02-03T15:00:00.000000,50,0,0,100
PHOENIXLTD,30,13136,2022-01-03T09:00:00.000000,2026-02-03T15:00:00.000000,13136,13136,2022-01-03T09:00:00.000000,2026-02-03T15:00:00.000000,50,0,0,100
INDIGO,1,378798,2022-01-03T09:15:00.000000,2026-02-03T15:29:00.000000,378798,378798,2022-01-03T09:15:00.000000,2026-02-03T15:29:00.000000,50,0,0,100
FSL,10080,215,2021-12-27T00:00:00.000000,2026-02-02T00:00:00.000000,215,215,2021-12-27T00:00:00.000000,2026-02-02T00:00:00.000000,51,0,0,100
ESCORTS,60,2046,2024-12-02T09:00:00.000000,2026-02-03T15:00:00.000000,2046,2046,2024-12-02T09:00:00.000000,2026-02-03T15:00:00.000000,15,0,0,100
OLECTRA,30,13136,2022-01-03T09:00:00.000000,2026-02-03T15:00:00.000000,13136,13136,2022-01-03T09:00:00.000000,2026-02-03T15:00:00.000000,50,0,0,100
AEGISVOPAK,10080,36,2025-06-02T00:00:00.000000,2026-02-02T00:00:00.000000,36,36,2025-06-02T00:00:00.000000,2026-02-02T00:00:00.000000,9,0,0,100
GPIL,3,126267,2022-01-03T09:15:00.000000,2026-02-03T15:27:00.000000,126267,126267,2022-01-03T09:15:00.000000,2026-02-03T15:27:00.000000,50,0,0,100
HSCL,3,126267,2022-01-03T09:15:00.000000,2026-02-03T15:27:00.000000,126267,126267,2022-01-03T09:15:00.000000,2026-02-03T15:27:00.000000,50,0,0,100
INDHOTEL,15,25230,2022-01-03T09:15:00.000000,2026-02-02T15:15:00.000000,25230,25230,2022-01-03T09:15:00.000000,2026-02-02T15:15:00.000000,50,0,0,100
ABFRL,3,126384,2022-01-03T09:15:00.000000,2026-02-04T15:27:00.000000,126384,126384,2022-01-03T09:15:00.000000,2026-02-04T15:27:00.000000,50,0,0,100
CCL,15,25280,2022-01-03T09:15:00.000000,2026-02-04T15:15:00.000000,25280,25280,2022-01-03T09:15:00.000000,2026-02-04T15:15:00.000000,50,0,0,100
GILLETTE,15,25279,2022-01-03T09:15:00.000000,2026-02-04T15:15:00.000000,25279,25279,2022-01-03T09:15:00.000000,2026-02-04T15:15:00.000000,50,0,0,100
BEML,1,378608,2022-01-03T09:15:00.000000,2026-02-03T15:29:00.000000,378608,378608,2022-01-03T09:15:00.000000,2026-02-03T15:29:00.000000,50,0,0,100
HYUNDAI,1,119716,2024-10-22T09:44:00.000000,2026-02-04T15:29:00.000000,119716,119716,2024-10-22T09:44:00.000000,2026-02-04T15:29:00.000000,17,0,0,100
GODREJCP,15,25230,2022-01-03T09:15:00.000000,2026-02-02T15:15:00.000000,25230,25230,2022-01-03T09:15:00.000000,2026-02-02T15:15:00.000000,50,0,0,100
NATCOPHARM,10080,215,2021-12-27T00:00:00.000000,2026-02-02T00:00:00.000000,215,215,2021-12-27T00:00:00.000000,2026-02-02T00:00:00.000000,51,0,0,100
OLECTRA,5,75763,2022-01-03T09:15:00.000000,2026-02-03T15:25:00.000000,75763,75763,2022-01-03T09:15:00.000000,2026-02-03T15:25:00.000000,50,0,0,100
M&M,15,25305,2022-01-03T09:15:00.000000,2026-02-05T15:15:00.000000,25305,25305,2022-01-03T09:15:00.000000,2026-02-05T15:15:00.000000,50,0,0,100
WELCORP,3,126267,2022-01-03T09:15:00.000000,2026-02-03T15:27:00.000000,126267,126267,2022-01-03T09:15:00.000000,2026-02-03T15:27:00.000000,50,0,0,100
RVNL,1,378791,2022-01-03T09:15:00.000000,2026-02-03T15:29:00.000000,378791,378791,2022-01-03T09:15:00.000000,2026-02-03T15:29:00.000000,50,0,0,100
NH,1,379428,2022-01-03T09:15:00.000000,2026-02-05T15:29:00.000000,379428,379428,2022-01-03T09:15:00.000000,2026-02-05T15:29:00.000000,50,0,0,100
KAYNES,30,10325,2022-11-22T09:00:00.000000,2026-02-05T15:00:00.000000,10325,10325,2022-11-22T09:00:00.000000,2026-02-05T15:00:00.000000,40,0,0,100
AMBER,5,75838,2022-01-03T09:15:00.000000,2026-02-04T15:25:00.000000,75838,75838,2022-01-03T09:15:00.000000,2026-02-04T15:25:00.000000,50,0,0,100
BAYERCROP,30,13136,2022-01-03T09:00:00.000000,2026-02-03T15:00:00.000000,13136,13136,2022-01-03T09:00:00.000000,2026-02-03T15:00:00.000000,50,0,0,100
BAJAJHFL,1440,346,2024-09-16T00:00:00.000000,2026-02-04T00:00:00.000000,346,346,2024-09-16T00:00:00.000000,2026-02-04T00:00:00.000000,18,0,0,100
RBLBANK,1,378800,2022-01-03T09:15:00.000000,2026-02-03T15:29:00.000000,378800,378800,2022-01-03T09:15:00.000000,2026-02-03T15:29:00.000000,50,0,0,100
SRF,1440,1014,2022-01-03T00:00:00.000000,2026-02-02T00:00:00.000000,1014,1014,2022-01-03T00:00:00.000000,2026-02-02T00:00:00.000000,50,0,0,100
PVRINOX,10080,215,2021-12-27T00:00:00.000000,2026-02-02T00:00:00.000000,215,215,2021-12-27T00:00:00.000000,2026-02-02T00:00:00.000000,51,0,0,100
CONCORDBIO,30,7920,2023-08-18T09:00:00.000000,2026-02-04T15:00:00.000000,7920,7920,2023-08-18T09:00:00.000000,2026-02-04T15:00:00.000000,31,0,0,100
PERSISTENT,1,109185,2024-12-02T09:15:00.000000,2026-02-02T15:29:00.000000,109185,109185,2024-12-02T09:15:00.000000,2026-02-02T15:29:00.000000,15,0,0,100
VEDL,1,378425,2022-01-03T09:15:00.000000,2026-02-02T15:29:00.000000,378425,378425,2022-01-03T09:15:00.000000,2026-02-02T15:29:00.000000,50,0,0,100
KPIL,5,75913,2022-01-03T09:15:00.000000,2026-02-05T15:25:00.000000,75913,75913,2022-01-03T09:15:00.000000,2026-02-05T15:25:00.000000,50,0,0,100
LICI,1440,924,2022-05-17T00:00:00.000000,2026-02-02T00:00:00.000000,924,924,2022-05-17T00:00:00.000000,2026-02-02T00:00:00.000000,46,0,0,100
ADANIENT,10080,215,2021-12-27T00:00:00.000000,2026-02-02T00:00:00.000000,215,215,2021-12-27T00:00:00.000000,2026-02-02T00:00:00.000000,51,0,0,100
PRESTIGE,60,7076,2022-01-03T09:00:00.000000,2026-02-03T15:00:00.000000,7076,7076,2022-01-03T09:00:00.000000,2026-02-03T15:00:00.000000,50,0,0,100
KOTAKBANK,30,13123,2022-01-03T09:00:00.000000,2026-02-02T15:00:00.000000,13123,13123,2022-01-03T09:00:00.000000,2026-02-02T15:00:00.000000,50,0,0,100
JUBLFOOD,10080,215,2021-12-27T00:00:00.000000,2026-02-02T00:00:00.000000,215,215,2021-12-27T00:00:00.000000,2026-02-02T00:00:00.000000,51,0,0,100
KAJARIACER,3,126269,2022-01-03T09:15:00.000000,2026-02-03T15:27:00.000000,126269,126269,2022-01-03T09:15:00.000000,2026-02-03T15:27:00.000000,50,0,0,100
PIDILITIND,10080,215,2021-12-27T00:00:00.000000,2026-02-02T00:00:00.000000,215,215,2021-12-27T00:00:00.000000,2026-02-02T00:00:00.000000,51,0,0,100
IEX,1,378798,2022-01-03T09:15:00.000000,2026-02-03T15:29:00.000000,378798,378798,2022-01-03T09:15:00.000000,2026-02-03T15:29:00.000000,50,0,0,100
JYOTHYLAB,3,49540,2024-07-01T09:15:00.000000,2026-02-03T15:27:00.000000,49540,49540,2024-07-01T09:15:00.000000,2026-02-03T15:27:00.000000,20,0,0,100
PIDILITIND,1440,1014,2022-01-03T00:00:00.000000,2026-02-02T00:00:00.000000,1014,1014,2022-01-03T00:00:00.000000,2026-02-02T00:00:00.000000,50,0,0,100
ABCAPITAL,5,21987,2024-12-02T09:15:00.000000,2026-02-04T15:25:00.000000,21987,21987,2024-12-02T09:15:00.000000,2026-02-04T15:25:00.000000,15,0,0,100
MGL,3,126274,2022-01-03T09:15:00.000000,2026-02-03T15:27:00.000000,126274,126274,2022-01-03T09:15:00.000000,2026-02-03T15:27:00.000000,50,0,0,100
CLEAN,3,126269,2022-01-03T09:15:00.000000,2026-02-03T15:27:00.000000,126269,126269,2022-01-03T09:15:00.000000,2026-02-03T15:27:00.000000,50,0,0,100
PGHH,3,126196,2022-01-03T09:15:00.000000,2026-02-03T15:27:00.000000,126196,126196,2022-01-03T09:15:00.000000,2026-02-03T15:27:00.000000,50,0,0,100
APOLLOHOSP,1440,1014,2022-01-03T00:00:00.000000,2026-02-02T00:00:00.000000,1014,1014,2022-01-03T00:00:00.000000,2026-02-02T00:00:00.000000,50,0,0,100
UBL,1,378799,2022-01-03T09:15:00.000000,2026-02-03T15:29:00.000000,378799,378799,2022-01-03T09:15:00.000000,2026-02-03T15:29:00.000000,50,0,0,100
KPIL,15,25305,2022-01-03T09:15:00.000000,2026-02-05T15:15:00.000000,25305,25305,2022-01-03T09:15:00.000000,2026-02-05T15:15:00.000000,50,0,0,100
AAVAS,3,126394,2022-01-03T09:15:00.000000,2026-02-04T15:27:00.000000,126394,126394,2022-01-03T09:15:00.000000,2026-02-04T15:27:00.000000,50,0,0,100
ATHERENERG,15,4726,2025-05-06T10:00:00.000000,2026-02-04T15:15:00.000000,4726,4726,2025-05-06T10:00:00.000000,2026-02-04T15:15:00.000000,10,0,0,100
PIDILITIND,60,7069,2022-01-03T09:00:00.000000,2026-02-02T15:00:00.000000,7069,7069,2022-01-03T09:00:00.000000,2026-02-02T15:00:00.000000,50,0,0,100
AUROPHARMA,30,13123,2022-01-03T09:00:00.000000,2026-02-02T15:00:00.000000,13123,13123,2022-01-03T09:00:00.000000,2026-02-02T15:00:00.000000,50,0,0,100
TRITURBINE,5,75762,2022-01-03T09:15:00.000000,2026-02-03T15:25:00.000000,75762,75762,2022-01-03T09:15:00.000000,2026-02-03T15:25:00.000000,50,0,0,100
HAPPSTMNDS,60,7076,2022-01-03T09:00:00.000000,2026-02-03T15:00:00.000000,7076,7076,2022-01-03T09:00:00.000000,2026-02-03T15:00:00.000000,50,0,0,100
MAXHEALTH,5,75763,2022-01-03T09:15:00.000000,2026-02-03T15:25:00.000000,75763,75763,2022-01-03T09:15:00.000000,2026-02-03T15:25:00.000000,50,0,0,100
WELCORP,10080,215,2021-12-27T00:00:00.000000,2026-02-02T00:00:00.000000,215,215,2021-12-27T00:00:00.000000,2026-02-02T00:00:00.000000,51,0,0,100
GMRAIRPORT,5,21987,2024-12-02T09:15:00.000000,2026-02-04T15:25:00.000000,21987,21987,2024-12-02T09:15:00.000000,2026-02-04T15:25:00.000000,15,0,0,100
CHALET,10080,215,2021-12-27T00:00:00.000000,2026-02-02T00:00:00.000000,215,215,2021-12-27T00:00:00.000000,2026-02-02T00:00:00.000000,51,0,0,100
VEDL,10080,215,2021-12-27T00:00:00.000000,2026-02-02T00:00:00.000000,215,215,2021-12-27T00:00:00.000000,2026-02-02T00:00:00.000000,51,0,0,100
VBL,5,29724,2024-07-01T09:15:00.000000,2026-02-03T15:25:00.000000,29724,29724,2024-07-01T09:15:00.000000,2026-02-03T15:25:00.000000,20,0,0,100
HONAUT,10080,215,2021-12-27T00:00:00.000000,2026-02-02T00:00:00.000000,215,215,2021-12-27T00:00:00.000000,2026-02-02T00:00:00.000000,51,0,0,100
MFSL,30,3799,2024-12-02T09:00:00.000000,2026-02-03T15:00:00.000000,3799,3799,2024-12-02T09:00:00.000000,2026-02-03T15:00:00.000000,15,0,0,100
CONCOR,1,379179,2022-01-03T09:15:00.000000,2026-02-04T15:29:00.000000,379179,379179,2022-01-03T09:15:00.000000,2026-02-04T15:29:00.000000,50,0,0,100
INOXINDIA,3,65726,2023-12-21T09:15:00.000000,2026-02-05T15:27:00.000000,65726,65726,2023-12-21T09:15:00.000000,2026-02-05T15:27:00.000000,27,0,0,100
AGARWALEYE,15,6178,2025-02-04T09:30:00.000000,2026-02-04T15:15:00.000000,6178,6178,2025-02-04T09:30:00.000000,2026-02-04T15:15:00.000000,13,0,0,100
HONASA,1440,559,2023-11-07T00:00:00.000000,2026-02-04T00:00:00.000000,559,559,2023-11-07T00:00:00.000000,2026-02-04T00:00:00.000000,28,0,0,100
CARBORUNIV,15,7304,2024-12-02T09:15:00.000000,2026-02-03T15:15:00.000000,7304,7304,2024-12-02T09:15:00.000000,2026-02-03T15:15:00.000000,15,0,0,100
AIIL,60,3107,2024-04-23T09:00:00.000000,2026-02-04T15:00:00.000000,3107,3107,2024-04-23T09:00:00.000000,2026-02-04T15:00:00.000000,23,0,0,100
ATGL,10080,215,2021-12-27T00:00:00.000000,2026-02-02T00:00:00.000000,215,215,2021-12-27T00:00:00.000000,2026-02-02T00:00:00.000000,51,0,0,100
OLECTRA,15,25255,2022-01-03T09:15:00.000000,2026-02-03T15:15:00.000000,25255,25255,2022-01-03T09:15:00.000000,2026-02-03T15:15:00.000000,50,0,0,100
JUBLFOOD,15,25255,2022-01-03T09:15:00.000000,2026-02-03T15:15:00.000000,25255,25255,2022-01-03T09:15:00.000000,2026-02-03T15:15:00.000000,50,0,0,100
JWL,3,126245,2022-01-03T09:15:00.000000,2026-02-05T15:27:00.000000,126245,126245,2022-01-03T09:15:00.000000,2026-02-05T15:27:00.000000,50,0,0,100
AMBER,1,379045,2022-01-03T09:15:00.000000,2026-02-04T15:29:00.000000,379045,379045,2022-01-03T09:15:00.000000,2026-02-04T15:29:00.000000,50,0,0,100
BSOFT,30,13149,2022-01-03T09:00:00.000000,2026-02-04T15:00:00.000000,13149,13149,2022-01-03T09:00:00.000000,2026-02-04T15:00:00.000000,50,0,0,100
SUNPHARMA,60,7069,2022-01-03T09:00:00.000000,2026-02-02T15:00:00.000000,7069,7069,2022-01-03T09:00:00.000000,2026-02-02T15:00:00.000000,50,0,0,100
SAIL,10080,215,2021-12-27T00:00:00.000000,2026-02-02T00:00:00.000000,215,215,2021-12-27T00:00:00.000000,2026-02-02T00:00:00.000000,51,0,0,100
LAURUSLABS,60,7076,2022-01-03T09:00:00.000000,2026-02-03T15:00:00.000000,7076,7076,2022-01-03T09:00:00.000000,2026-02-03T15:00:00.000000,50,0,0,100
INOXWIND,30,13162,2022-01-03T09:00:00.000000,2026-02-05T15:00:00.000000,13162,13162,2022-01-03T09:00:00.000000,2026-02-05T15:00:00.000000,50,0,0,100
IRB,1,378780,2022-01-03T09:15:00.000000,2026-02-03T15:29:00.000000,378780,378780,2022-01-03T09:15:00.000000,2026-02-03T15:29:00.000000,50,0,0,100
MARUTI,3,126149,2022-01-03T09:15:00.000000,2026-02-02T15:27:00.000000,126149,126149,2022-01-03T09:15:00.000000,2026-02-02T15:27:00.000000,50,0,0,100
COLPAL,30,3786,2024-12-02T09:00:00.000000,2026-02-02T15:00:00.000000,3786,3786,2024-12-02T09:00:00.000000,2026-02-02T15:00:00.000000,15,0,0,100
UTIAMC,5,75762,2022-01-03T09:15:00.000000,2026-02-03T15:25:00.000000,75762,75762,2022-01-03T09:15:00.000000,2026-02-03T15:25:00.000000,50,0,0,100
BERGEPAINT,1,378428,2022-01-03T09:15:00.000000,2026-02-02T15:29:00.000000,378428,378428,2022-01-03T09:15:00.000000,2026-02-02T15:29:00.000000,50,0,0,100
ELGIEQUIP,3,126267,2022-01-03T09:15:00.000000,2026-02-03T15:27:00.000000,126267,126267,2022-01-03T09:15:00.000000,2026-02-03T15:27:00.000000,50,0,0,100
BSOFT,1,379178,2022-01-03T09:15:00.000000,2026-02-04T15:29:00.000000,379178,379178,2022-01-03T09:15:00.000000,2026-02-04T15:29:00.000000,50,0,0,100
BAYERCROP,15,25255,2022-01-03T09:15:00.000000,2026-02-03T15:15:00.000000,25255,25255,2022-01-03T09:15:00.000000,2026-02-03T15:15:00.000000,50,0,0,100
ELECON,60,7083,2022-01-03T09:00:00.000000,2026-02-04T15:00:00.000000,7083,7083,2022-01-03T09:00:00.000000,2026-02-04T15:00:00.000000,50,0,0,100
LODHA,60,7090,2022-01-03T09:00:00.000000,2026-02-05T15:00:00.000000,7090,7090,2022-01-03T09:00:00.000000,2026-02-05T15:00:00.000000,50,0,0,100
MINDACORP,30,13162,2022-01-03T09:00:00.000000,2026-02-05T15:00:00.000000,13162,13162,2022-01-03T09:00:00.000000,2026-02-05T15:00:00.000000,50,0,0,100
SBILIFE,30,13123,2022-01-03T09:00:00.000000,2026-02-02T15:00:00.000000,13123,13123,2022-01-03T09:00:00.000000,2026-02-02T15:00:00.000000,50,0,0,100
ASHOKLEY,15,25230,2022-01-03T09:15:00.000000,2026-02-02T15:15:00.000000,25230,25230,2022-01-03T09:15:00.000000,2026-02-02T15:15:00.000000,50,0,0,100
GRAPHITE,15,25255,2022-01-03T09:15:00.000000,2026-02-03T15:15:00.000000,25255,25255,2022-01-03T09:15:00.000000,2026-02-03T15:15:00.000000,50,0,0,100
CANFINHOME,10080,215,2021-12-27T00:00:00.000000,2026-02-02T00:00:00.000000,215,215,2021-12-27T00:00:00.000000,2026-02-02T00:00:00.000000,51,0,0,100
ADANIPOWER,10080,215,2021-12-27T00:00:00.000000,2026-02-02T00:00:00.000000,215,215,2021-12-27T00:00:00.000000,2026-02-02T00:00:00.000000,51,0,0,100
DEEPAKFERT,30,13149,2022-01-03T09:00:00.000000,2026-02-04T15:00:00.000000,13149,13149,2022-01-03T09:00:00.000000,2026-02-04T15:00:00.000000,50,0,0,100
USHAMART,30,13136,2022-01-03T09:00:00.000000,2026-02-03T15:00:00.000000,13136,13136,2022-01-03T09:00:00.000000,2026-02-03T15:00:00.000000,50,0,0,100
CAMS,3,115874,2022-01-03T09:15:00.000000,2025-10-01T15:27:00.000000,115874,115874,2022-01-03T09:15:00.000000,2025-10-01T15:27:00.000000,46,0,0,100
BRIGADE,15,25255,2022-01-03T09:15:00.000000,2026-02-03T15:15:00.000000,25255,25255,2022-01-03T09:15:00.000000,2026-02-03T15:15:00.000000,50,0,0,100
TATAPOWER,1,378425,2022-01-03T09:15:00.000000,2026-02-02T15:29:00.000000,378425,378425,2022-01-03T09:15:00.000000,2026-02-02T15:29:00.000000,50,0,0,100
FIVESTAR,3,99221,2022-11-21T09:15:00.000000,2026-02-04T15:27:00.000000,99221,99221,2022-11-21T09:15:00.000000,2026-02-04T15:27:00.000000,40,0,0,100
MAHSCOOTER,60,7067,2022-01-03T09:00:00.000000,2026-02-05T15:00:00.000000,7067,7067,2022-01-03T09:00:00.000000,2026-02-05T15:00:00.000000,50,0,0,100
ANGELONE,5,75763,2022-01-03T09:15:00.000000,2026-02-03T15:25:00.000000,75763,75763,2022-01-03T09:15:00.000000,2026-02-03T15:25:00.000000,50,0,0,100
KAYNES,1,297701,2022-11-22T09:15:00.000000,2026-02-05T15:29:00.000000,297701,297701,2022-11-22T09:15:00.000000,2026-02-05T15:29:00.000000,40,0,0,100
WELSPUNLIV,30,13136,2022-01-03T09:00:00.000000,2026-02-03T15:00:00.000000,13136,13136,2022-01-03T09:00:00.000000,2026-02-03T15:00:00.000000,50,0,0,100
MAHABANK,1,379153,2022-01-03T09:15:00.000000,2026-02-04T15:29:00.000000,379153,379153,2022-01-03T09:15:00.000000,2026-02-04T15:29:00.000000,50,0,0,100
UPL,1,378800,2022-01-03T09:15:00.000000,2026-02-03T15:29:00.000000,378800,378800,2022-01-03T09:15:00.000000,2026-02-03T15:29:00.000000,50,0,0,100
BIOCON,3,126148,2022-01-03T09:15:00.000000,2026-02-02T15:27:00.000000,126148,126148,2022-01-03T09:15:00.000000,2026-02-02T15:27:00.000000,50,0,0,100
PRESTIGE,3,126268,2022-01-03T09:15:00.000000,2026-02-03T15:27:00.000000,126268,126268,2022-01-03T09:15:00.000000,2026-02-03T15:27:00.000000,50,0,0,100
CANBK,5,75689,2022-01-03T09:15:00.000000,2026-02-02T15:25:00.000000,75689,75689,2022-01-03T09:15:00.000000,2026-02-02T15:25:00.000000,50,0,0,100
YESBANK,3,126267,2022-01-03T09:15:00.000000,2026-02-03T15:27:00.000000,126267,126267,2022-01-03T09:15:00.000000,2026-02-03T15:27:00.000000,50,0,0,100
ZENTEC,1440,1016,2022-01-03T00:00:00.000000,2026-02-04T00:00:00.000000,1016,1016,2022-01-03T00:00:00.000000,2026-02-04T00:00:00.000000,50,0,0,100
NUVAMA,1,218030,2023-09-26T09:15:00.000000,2026-02-03T15:29:00.000000,218030,218030,2023-09-26T09:15:00.000000,2026-02-03T15:29:00.000000,30,0,0,100
LICHSGFIN,30,13136,2022-01-03T09:00:00.000000,2026-02-03T15:00:00.000000,13136,13136,2022-01-03T09:00:00.000000,2026-02-03T15:00:00.000000,50,0,0,100
ASTRAZEN,5,21987,2024-12-02T09:15:00.000000,2026-02-04T15:25:00.000000,21987,21987,2024-12-02T09:15:00.000000,2026-02-04T15:25:00.000000,15,0,0,100
TATACHEM,15,25255,2022-01-03T09:15:00.000000,2026-02-03T15:15:00.000000,25255,25255,2022-01-03T09:15:00.000000,2026-02-03T15:15:00.000000,50,0,0,100
KALYANKJIL,1440,1017,2022-01-03T00:00:00.000000,2026-02-05T00:00:00.000000,1017,1017,2022-01-03T00:00:00.000000,2026-02-05T00:00:00.000000,50,0,0,100
ITC,30,13109,2022-01-03T09:00:00.000000,2026-02-01T15:00:00.000000,13109,13109,2022-01-03T09:00:00.000000,2026-02-01T15:00:00.000000,50,0,0,100
MOTHERSON,10080,215,2021-12-27T00:00:00.000000,2026-02-02T00:00:00.000000,215,215,2021-12-27T00:00:00.000000,2026-02-02T00:00:00.000000,51,0,0,100
BATAINDIA,15,7279,2024-12-02T09:15:00.000000,2026-02-02T15:15:00.000000,7279,7279,2024-12-02T09:15:00.000000,2026-02-02T15:15:00.000000,15,0,0,100
APTUS,1,377969,2022-01-03T09:15:00.000000,2026-02-03T15:29:00.000000,377969,377969,2022-01-03T09:15:00.000000,2026-02-03T15:29:00.000000,50,0,0,100
SBIN,30,13110,2022-01-03T09:00:00.000000,2026-02-01T15:00:00.000000,13110,13110,2022-01-03T09:00:00.000000,2026-02-01T15:00:00.000000,50,0,0,100
JBCHEPHARM,15,25255,2022-01-03T09:15:00.000000,2026-02-03T15:15:00.000000,25255,25255,2022-01-03T09:15:00.000000,2026-02-03T15:15:00.000000,50,0,0,100
ANANTRAJ,5,75837,2022-01-03T09:15:00.000000,2026-02-04T15:25:00.000000,75837,75837,2022-01-03T09:15:00.000000,2026-02-04T15:25:00.000000,50,0,0,100
ENGINERSIN,5,21912,2024-12-02T09:15:00.000000,2026-02-03T15:25:00.000000,21912,21912,2024-12-02T09:15:00.000000,2026-02-03T15:25:00.000000,15,0,0,100
3MINDIA,5,21912,2024-12-02T09:15:00.000000,2026-02-03T15:25:00.000000,21912,21912,2024-12-02T09:15:00.000000,2026-02-03T15:25:00.000000,15,0,0,100
KPITTECH,3,126269,2022-01-03T09:15:00.000000,2026-02-03T15:27:00.000000,126269,126269,2022-01-03T09:15:00.000000,2026-02-03T15:27:00.000000,50,0,0,100
AMBER,10080,215,2021-12-27T00:00:00.000000,2026-02-02T00:00:00.000000,215,215,2021-12-27T00:00:00.000000,2026-02-02T00:00:00.000000,51,0,0,100
PGHH,5,75760,2022-01-03T09:15:00.000000,2026-02-03T15:25:00.000000,75760,75760,2022-01-03T09:15:00.000000,2026-02-03T15:25:00.000000,50,0,0,100
HAL,30,13136,2022-01-03T09:00:00.000000,2026-02-03T15:00:00.000000,13136,13136,2022-01-03T09:00:00.000000,2026-02-03T15:00:00.000000,50,0,0,100
GODREJCP,1440,1014,2022-01-03T00:00:00.000000,2026-02-02T00:00:00.000000,1014,1014,2022-01-03T00:00:00.000000,2026-02-02T00:00:00.000000,50,0,0,100
ADANIPORTS,60,7069,2022-01-03T09:00:00.000000,2026-02-02T15:00:00.000000,7069,7069,2022-01-03T09:00:00.000000,2026-02-02T15:00:00.000000,50,0,0,100
UNIONBANK,1,378792,2022-01-03T09:15:00.000000,2026-02-03T15:29:00.000000,378792,378792,2022-01-03T09:15:00.000000,2026-02-03T15:29:00.000000,50,0,0,100
STARHEALTH,1440,1015,2022-01-03T00:00:00.000000,2026-02-03T00:00:00.000000,1015,1015,2022-01-03T00:00:00.000000,2026-02-03T00:00:00.000000,50,0,0,100
ASTRAZEN,15,7329,2024-12-02T09:15:00.000000,2026-02-04T15:15:00.000000,7329,7329,2024-12-02T09:15:00.000000,2026-02-04T15:15:00.000000,15,0,0,100
CAMPUS,1,347283,2022-05-09T09:15:00.000000,2026-02-03T15:29:00.000000,347283,347283,2022-05-09T09:15:00.000000,2026-02-03T15:29:00.000000,46,0,0,100
DALBHARAT,3,126149,2022-01-03T09:15:00.000000,2026-02-02T15:27:00.000000,126149,126149,2022-01-03T09:15:00.000000,2026-02-02T15:27:00.000000,50,0,0,100
TATAINVEST,10080,215,2021-12-27T00:00:00.000000,2026-02-02T00:00:00.000000,215,215,2021-12-27T00:00:00.000000,2026-02-02T00:00:00.000000,51,0,0,100
CARBORUNIV,1,109560,2024-12-02T09:15:00.000000,2026-02-03T15:29:00.000000,109560,109560,2024-12-02T09:15:00.000000,2026-02-03T15:29:00.000000,15,0,0,100
PFC,60,7069,2022-01-03T09:00:00.000000,2026-02-02T15:00:00.000000,7069,7069,2022-01-03T09:00:00.000000,2026-02-02T15:00:00.000000,50,0,0,100
BDL,60,7076,2022-01-03T09:00:00.000000,2026-02-03T15:00:00.000000,7076,7076,2022-01-03T09:00:00.000000,2026-02-03T15:00:00.000000,50,0,0,100
ZYDUSLIFE,5,75764,2022-01-03T09:15:00.000000,2026-02-03T15:25:00.000000,75764,75764,2022-01-03T09:15:00.000000,2026-02-03T15:25:00.000000,50,0,0,100
BAJAJHFL,3,43032,2024-09-16T09:15:00.000000,2026-02-04T15:27:00.000000,43032,43032,2024-09-16T09:15:00.000000,2026-02-04T15:27:00.000000,18,0,0,100
CIPLA,60,7069,2022-01-03T09:00:00.000000,2026-02-02T15:00:00.000000,7069,7069,2022-01-03T09:00:00.000000,2026-02-02T15:00:00.000000,50,0,0,100
KEI,1,378785,2022-01-03T09:15:00.000000,2026-02-03T15:29:00.000000,378785,378785,2022-01-03T09:15:00.000000,2026-02-03T15:29:00.000000,50,0,0,100
MARICO,30,13123,2022-01-03T09:00:00.000000,2026-02-02T15:00:00.000000,13123,13123,2022-01-03T09:00:00.000000,2026-02-02T15:00:00.000000,50,0,0,100
LTIM,30,13123,2022-01-03T09:00:00.000000,2026-02-02T15:00:00.000000,13123,13123,2022-01-03T09:00:00.000000,2026-02-02T15:00:00.000000,50,0,0,100
MAHSEAMLES,30,13136,2022-01-03T09:00:00.000000,2026-02-03T15:00:00.000000,13136,13136,2022-01-03T09:00:00.000000,2026-02-03T15:00:00.000000,50,0,0,100
HDFCBANK,1440,1013,2022-01-03T00:00:00.000000,2026-02-01T00:00:00.000000,1013,1013,2022-01-03T00:00:00.000000,2026-02-01T00:00:00.000000,50,0,0,100
LLOYDSME,60,4421,2023-07-17T09:00:00.000000,2026-02-03T15:00:00.000000,4421,4421,2023-07-17T09:00:00.000000,2026-02-03T15:00:00.000000,32,0,0,100
SONACOMS,1,378791,2022-01-03T09:15:00.000000,2026-02-03T15:29:00.000000,378791,378791,2022-01-03T09:15:00.000000,2026-02-03T15:29:00.000000,50,0,0,100
BHARTIHEXA,1440,452,2024-04-12T00:00:00.000000,2026-02-04T00:00:00.000000,452,452,2024-04-12T00:00:00.000000,2026-02-04T00:00:00.000000,23,0,0,100
AEGISLOG,3,126394,2022-01-03T09:15:00.000000,2026-02-04T15:27:00.000000,126394,126394,2022-01-03T09:15:00.000000,2026-02-04T15:27:00.000000,50,0,0,100
CRAFTSMAN,1440,1016,2022-01-03T00:00:00.000000,2026-02-04T00:00:00.000000,1016,1016,2022-01-03T00:00:00.000000,2026-02-04T00:00:00.000000,50,0,0,100
DATAPATTNS,1,378910,2022-01-03T09:15:00.000000,2026-02-04T15:29:00.000000,378910,378910,2022-01-03T09:15:00.000000,2026-02-04T15:29:00.000000,50,0,0,100
LALPATHLAB,60,7076,2022-01-03T09:00:00.000000,2026-02-03T15:00:00.000000,7076,7076,2022-01-03T09:00:00.000000,2026-02-03T15:00:00.000000,50,0,0,100
ABCAPITAL,1440,1016,2022-01-03T00:00:00.000000,2026-02-04T00:00:00.000000,1016,1016,2022-01-03T00:00:00.000000,2026-02-04T00:00:00.000000,50,0,0,100
MOTHERSON,30,13123,2022-01-03T09:00:00.000000,2026-02-02T15:00:00.000000,13123,13123,2022-01-03T09:00:00.000000,2026-02-02T15:00:00.000000,50,0,0,100
DEVYANI,60,7076,2022-01-03T09:00:00.000000,2026-02-03T15:00:00.000000,7076,7076,2022-01-03T09:00:00.000000,2026-02-03T15:00:00.000000,50,0,0,100
SBFC,3,76246,2023-08-16T09:15:00.000000,2026-02-03T15:27:00.000000,76246,76246,2023-08-16T09:15:00.000000,2026-02-03T15:27:00.000000,31,0,0,100
BPCL,5,75689,2022-01-03T09:15:00.000000,2026-02-02T15:25:00.000000,75689,75689,2022-01-03T09:15:00.000000,2026-02-02T15:25:00.000000,50,0,0,100
ARE&M,60,7083,2022-01-03T09:00:00.000000,2026-02-04T15:00:00.000000,7083,7083,2022-01-03T09:00:00.000000,2026-02-04T15:00:00.000000,50,0,0,100
BHARATFORG,10080,215,2021-12-27T00:00:00.000000,2026-02-02T00:00:00.000000,215,215,2021-12-27T00:00:00.000000,2026-02-02T00:00:00.000000,51,0,0,100
EIDPARRY,1440,1016,2022-01-03T00:00:00.000000,2026-02-04T00:00:00.000000,1016,1016,2022-01-03T00:00:00.000000,2026-02-04T00:00:00.000000,50,0,0,100
GILLETTE,10080,215,2021-12-27T00:00:00.000000,2026-02-02T00:00:00.000000,215,215,2021-12-27T00:00:00.000000,2026-02-02T00:00:00.000000,51,0,0,100
ACE,15,25255,2022-01-03T09:15:00.000000,2026-02-03T15:15:00.000000,25255,25255,2022-01-03T09:15:00.000000,2026-02-03T15:15:00.000000,50,0,0,100
APOLLOTYRE,1440,1016,2022-01-03T00:00:00.000000,2026-02-04T00:00:00.000000,1016,1016,2022-01-03T00:00:00.000000,2026-02-04T00:00:00.000000,50,0,0,100
CHENNPETRO,10080,215,2021-12-27T00:00:00.000000,2026-02-02T00:00:00.000000,215,215,2021-12-27T00:00:00.000000,2026-02-02T00:00:00.000000,51,0,0,100
CASTROLIND,1440,1015,2022-01-03T00:00:00.000000,2026-02-03T00:00:00.000000,1015,1015,2022-01-03T00:00:00.000000,2026-02-03T00:00:00.000000,50,0,0,100
HEROMOTOCO,1,109185,2024-12-02T09:15:00.000000,2026-02-02T15:29:00.000000,109185,109185,2024-12-02T09:15:00.000000,2026-02-02T15:29:00.000000,15,0,0,100
ENDURANCE,15,25255,2022-01-03T09:15:00.000000,2026-02-03T15:15:00.000000,25255,25255,2022-01-03T09:15:00.000000,2026-02-03T15:15:00.000000,50,0,0,100
TRIDENT,3,126267,2022-01-03T09:15:00.000000,2026-02-03T15:27:00.000000,126267,126267,2022-01-03T09:15:00.000000,2026-02-03T15:27:00.000000,50,0,0,100
KARURVYSYA,3,126269,2022-01-03T09:15:00.000000,2026-02-03T15:27:00.000000,126269,126269,2022-01-03T09:15:00.000000,2026-02-03T15:27:00.000000,50,0,0,100
AAVAS,1440,1016,2022-01-03T00:00:00.000000,2026-02-04T00:00:00.000000,1016,1016,2022-01-03T00:00:00.000000,2026-02-04T00:00:00.000000,50,0,0,100
CONCORDBIO,60,4267,2023-08-18T09:00:00.000000,2026-02-04T15:00:00.000000,4267,4267,2023-08-18T09:00:00.000000,2026-02-04T15:00:00.000000,31,0,0,100
POWERINDIA,5,75837,2022-01-03T09:15:00.000000,2026-02-04T15:25:00.000000,75837,75837,2022-01-03T09:15:00.000000,2026-02-04T15:25:00.000000,50,0,0,100
MPHASIS,10080,215,2021-12-27T00:00:00.000000,2026-02-02T00:00:00.000000,215,215,2021-12-27T00:00:00.000000,2026-02-02T00:00:00.000000,51,0,0,100
MPHASIS,3,126274,2022-01-03T09:15:00.000000,2026-02-03T15:27:00.000000,126274,126274,2022-01-03T09:15:00.000000,2026-02-03T15:27:00.000000,50,0,0,100
HINDCOPPER,10080,215,2021-12-27T00:00:00.000000,2026-02-02T00:00:00.000000,215,215,2021-12-27T00:00:00.000000,2026-02-02T00:00:00.000000,51,0,0,100
BAJAJ-AUTO,60,7083,2022-01-03T09:00:00.000000,2026-02-04T15:00:00.000000,7083,7083,2022-01-03T09:00:00.000000,2026-02-04T15:00:00.000000,50,0,0,100
NYKAA,1,379173,2022-01-03T09:15:00.000000,2026-02-04T15:29:00.000000,379173,379173,2022-01-03T09:15:00.000000,2026-02-04T15:29:00.000000,50,0,0,100
ADANIENSOL,10080,215,2021-12-27T00:00:00.000000,2026-02-02T00:00:00.000000,215,215,2021-12-27T00:00:00.000000,2026-02-02T00:00:00.000000,51,0,0,100
ZEEL,1440,1015,2022-01-03T00:00:00.000000,2026-02-03T00:00:00.000000,1015,1015,2022-01-03T00:00:00.000000,2026-02-03T00:00:00.000000,50,0,0,100
DCMSHRIRAM,15,25255,2022-01-03T09:15:00.000000,2026-02-03T15:15:00.000000,25255,25255,2022-01-03T09:15:00.000000,2026-02-03T15:15:00.000000,50,0,0,100
KAYNES,3,99246,2022-11-22T09:15:00.000000,2026-02-05T15:27:00.000000,99246,99246,2022-11-22T09:15:00.000000,2026-02-05T15:27:00.000000,40,0,0,100
UPL,3,126274,2022-01-03T09:15:00.000000,2026-02-03T15:27:00.000000,126274,126274,2022-01-03T09:15:00.000000,2026-02-03T15:27:00.000000,50,0,0,100
PGHH,1,375372,2022-01-03T09:15:00.000000,2026-02-03T15:29:00.000000,375372,375372,2022-01-03T09:15:00.000000,2026-02-03T15:29:00.000000,50,0,0,100
CHOICEIN,5,70594,2022-04-08T09:15:00.000000,2026-02-04T15:25:00.000000,70594,70594,2022-04-08T09:15:00.000000,2026-02-04T15:25:00.000000,47,0,0,100
LALPATHLAB,1,378803,2022-01-03T09:15:00.000000,2026-02-03T15:29:00.000000,378803,378803,2022-01-03T09:15:00.000000,2026-02-03T15:29:00.000000,50,0,0,100
FORTIS,3,126267,2022-01-03T09:15:00.000000,2026-02-03T15:27:00.000000,126267,126267,2022-01-03T09:15:00.000000,2026-02-03T15:27:00.000000,50,0,0,100
MRPL,1440,1015,2022-01-03T00:00:00.000000,2026-02-03T00:00:00.000000,1015,1015,2022-01-03T00:00:00.000000,2026-02-03T00:00:00.000000,50,0,0,100
MUTHOOTFIN,1440,1015,2022-01-03T00:00:00.000000,2026-02-03T00:00:00.000000,1015,1015,2022-01-03T00:00:00.000000,2026-02-03T00:00:00.000000,50,0,0,100
NCC,5,75763,2022-01-03T09:15:00.000000,2026-02-03T15:25:00.000000,75763,75763,2022-01-03T09:15:00.000000,2026-02-03T15:25:00.000000,50,0,0,100
KFINTECH,15,19176,2022-12-29T09:15:00.000000,2026-02-05T15:15:00.000000,19176,19176,2022-12-29T09:15:00.000000,2026-02-05T15:15:00.000000,39,0,0,100
CYIENT,1,378798,2022-01-03T09:15:00.000000,2026-02-03T15:29:00.000000,378798,378798,2022-01-03T09:15:00.000000,2026-02-03T15:29:00.000000,50,0,0,100
JSWENERGY,60,6215,2022-07-01T09:00:00.000000,2026-02-03T15:00:00.000000,6215,6215,2022-07-01T09:00:00.000000,2026-02-03T15:00:00.000000,44,0,0,100
KEI,5,75763,2022-01-03T09:15:00.000000,2026-02-03T15:25:00.000000,75763,75763,2022-01-03T09:15:00.000000,2026-02-03T15:25:00.000000,50,0,0,100
INTELLECT,3,126523,2022-01-03T09:15:00.000000,2026-02-05T15:27:00.000000,126523,126523,2022-01-03T09:15:00.000000,2026-02-05T15:27:00.000000,50,0,0,100
CUB,1,379179,2022-01-03T09:15:00.000000,2026-02-04T15:29:00.000000,379179,379179,2022-01-03T09:15:00.000000,2026-02-04T15:29:00.000000,50,0,0,100
MRF,1440,1015,2022-01-03T00:00:00.000000,2026-02-03T00:00:00.000000,1015,1015,2022-01-03T00:00:00.000000,2026-02-03T00:00:00.000000,50,0,0,100
GRAPHITE,1,378785,2022-01-03T09:15:00.000000,2026-02-03T15:29:00.000000,378785,378785,2022-01-03T09:15:00.000000,2026-02-03T15:29:00.000000,50,0,0,100
HAVELLS,60,7069,2022-01-03T09:00:00.000000,2026-02-02T15:00:00.000000,7069,7069,2022-01-03T09:00:00.000000,2026-02-02T15:00:00.000000,50,0,0,100
GLAXO,60,7076,2022-01-03T09:00:00.000000,2026-02-03T15:00:00.000000,7076,7076,2022-01-03T09:00:00.000000,2026-02-03T15:00:00.000000,50,0,0,100
HOMEFIRST,3,126248,2022-01-03T09:15:00.000000,2026-02-03T15:27:00.000000,126248,126248,2022-01-03T09:15:00.000000,2026-02-03T15:27:00.000000,50,0,0,100
ZENTEC,15,25280,2022-01-03T09:15:00.000000,2026-02-04T15:15:00.000000,25280,25280,2022-01-03T09:15:00.000000,2026-02-04T15:15:00.000000,50,0,0,100
DEEPAKFERT,3,126392,2022-01-03T09:15:00.000000,2026-02-04T15:27:00.000000,126392,126392,2022-01-03T09:15:00.000000,2026-02-04T15:27:00.000000,50,0,0,100
MCX,3,126274,2022-01-03T09:15:00.000000,2026-02-03T15:27:00.000000,126274,126274,2022-01-03T09:15:00.000000,2026-02-03T15:27:00.000000,50,0,0,100
SAIL,1440,1015,2022-01-03T00:00:00.000000,2026-02-03T00:00:00.000000,1015,1015,2022-01-03T00:00:00.000000,2026-02-03T00:00:00.000000,50,0,0,100
UTIAMC,10080,215,2021-12-27T00:00:00.000000,2026-02-02T00:00:00.000000,215,215,2021-12-27T00:00:00.000000,2026-02-02T00:00:00.000000,51,0,0,100
INDIAMART,30,13136,2022-01-03T09:00:00.000000,2026-02-03T15:00:00.000000,13136,13136,2022-01-03T09:00:00.000000,2026-02-03T15:00:00.000000,50,0,0,100
GODIGIT,10080,90,2024-05-20T00:00:00.000000,2026-02-02T00:00:00.000000,90,90,2024-05-20T00:00:00.000000,2026-02-02T00:00:00.000000,22,0,0,100
HEXT,1,88538,2025-02-19T09:37:00.000000,2026-02-04T15:29:00.000000,88538,88538,2025-02-19T09:37:00.000000,2026-02-04T15:29:00.000000,13,0,0,100
ITCHOTELS,15,6328,2025-01-29T09:30:00.000000,2026-02-05T15:15:00.000000,6328,6328,2025-01-29T09:30:00.000000,2026-02-05T15:15:00.000000,14,0,0,100
JWL,60,7090,2022-01-03T09:00:00.000000,2026-02-05T15:00:00.000000,7090,7090,2022-01-03T09:00:00.000000,2026-02-05T15:00:00.000000,50,0,0,100
IPCALAB,5,75764,2022-01-03T09:15:00.000000,2026-02-03T15:25:00.000000,75764,75764,2022-01-03T09:15:00.000000,2026-02-03T15:25:00.000000,50,0,0,100
RBLBANK,3,126274,2022-01-03T09:15:00.000000,2026-02-03T15:27:00.000000,126274,126274,2022-01-03T09:15:00.000000,2026-02-03T15:27:00.000000,50,0,0,100
COFORGE,1,378429,2022-01-03T09:15:00.000000,2026-02-02T15:29:00.000000,378429,378429,2022-01-03T09:15:00.000000,2026-02-02T15:29:00.000000,50,0,0,100
BANKINDIA,10080,215,2021-12-27T00:00:00.000000,2026-02-02T00:00:00.000000,215,215,2021-12-27T00:00:00.000000,2026-02-02T00:00:00.000000,51,0,0,100
RELIANCE,15,25302,2022-01-03T09:15:00.000000,2026-02-05T15:15:00.000000,25302,25302,2022-01-03T09:15:00.000000,2026-02-05T15:15:00.000000,50,0,0,100
3MINDIA,1,109560,2024-12-02T09:15:00.000000,2026-02-03T15:29:00.000000,109560,109560,2024-12-02T09:15:00.000000,2026-02-03T15:29:00.000000,15,0,0,100
HOMEFIRST,30,13136,2022-01-03T09:00:00.000000,2026-02-03T15:00:00.000000,13136,13136,2022-01-03T09:00:00.000000,2026-02-03T15:00:00.000000,50,0,0,100
CERA,10080,215,2021-12-27T00:00:00.000000,2026-02-02T00:00:00.000000,215,215,2021-12-27T00:00:00.000000,2026-02-02T00:00:00.000000,51,0,0,100
ABFRL,5,75830,2022-01-03T09:15:00.000000,2026-02-04T15:25:00.000000,75830,75830,2022-01-03T09:15:00.000000,2026-02-04T15:25:00.000000,50,0,0,100
GLAXO,1440,1015,2022-01-03T00:00:00.000000,2026-02-03T00:00:00.000000,1015,1015,2022-01-03T00:00:00.000000,2026-02-03T00:00:00.000000,50,0,0,100
PAGEIND,60,7069,2022-01-03T09:00:00.000000,2026-02-02T15:00:00.000000,7069,7069,2022-01-03T09:00:00.000000,2026-02-02T15:00:00.000000,50,0,0,100
AEGISVOPAK,5,12753,2025-06-02T10:00:00.000000,2026-02-04T15:25:00.000000,12753,12753,2025-06-02T10:00:00.000000,2026-02-04T15:25:00.000000,9,0,0,100
CONCOR,1440,1016,2022-01-03T00:00:00.000000,2026-02-04T00:00:00.000000,1016,1016,2022-01-03T00:00:00.000000,2026-02-04T00:00:00.000000,50,0,0,100
CANBK,1,378429,2022-01-03T09:15:00.000000,2026-02-02T15:29:00.000000,378429,378429,2022-01-03T09:15:00.000000,2026-02-02T15:29:00.000000,50,0,0,100
NTPC,15,25230,2022-01-03T09:15:00.000000,2026-02-02T15:15:00.000000,25230,25230,2022-01-03T09:15:00.000000,2026-02-02T15:15:00.000000,50,0,0,100
TIINDIA,60,7076,2022-01-03T09:00:00.000000,2026-02-03T15:00:00.000000,7076,7076,2022-01-03T09:00:00.000000,2026-02-03T15:00:00.000000,50,0,0,100
MMTC,3,126269,2022-01-03T09:15:00.000000,2026-02-03T15:27:00.000000,126269,126269,2022-01-03T09:15:00.000000,2026-02-03T15:27:00.000000,50,0,0,100
HEG,1440,1015,2022-01-03T00:00:00.000000,2026-02-03T00:00:00.000000,1015,1015,2022-01-03T00:00:00.000000,2026-02-03T00:00:00.000000,50,0,0,100
CLEAN,5,75763,2022-01-03T09:15:00.000000,2026-02-03T15:25:00.000000,75763,75763,2022-01-03T09:15:00.000000,2026-02-03T15:25:00.000000,50,0,0,100
WHIRLPOOL,10080,215,2021-12-27T00:00:00.000000,2026-02-02T00:00:00.000000,215,215,2021-12-27T00:00:00.000000,2026-02-02T00:00:00.000000,51,0,0,100
LATENTVIEW,5,75763,2022-01-03T09:15:00.000000,2026-02-03T15:25:00.000000,75763,75763,2022-01-03T09:15:00.000000,2026-02-03T15:25:00.000000,50,0,0,100
INDIAMART,60,7076,2022-01-03T09:00:00.000000,2026-02-03T15:00:00.000000,7076,7076,2022-01-03T09:00:00.000000,2026-02-03T15:00:00.000000,50,0,0,100
IREDA,10080,115,2023-11-27T00:00:00.000000,2026-02-02T00:00:00.000000,115,115,2023-11-27T00:00:00.000000,2026-02-02T00:00:00.000000,28,0,0,100
3MINDIA,15,7304,2024-12-02T09:15:00.000000,2026-02-03T15:15:00.000000,7304,7304,2024-12-02T09:15:00.000000,2026-02-03T15:15:00.000000,15,0,0,100
ACE,60,7076,2022-01-03T09:00:00.000000,2026-02-03T15:00:00.000000,7076,7076,2022-01-03T09:00:00.000000,2026-02-03T15:00:00.000000,50,0,0,100
CRAFTSMAN,30,13149,2022-01-03T09:00:00.000000,2026-02-04T15:00:00.000000,13149,13149,2022-01-03T09:00:00.000000,2026-02-04T15:00:00.000000,50,0,0,100
GILLETTE,1,370002,2022-01-03T09:15:00.000000,2026-02-04T15:29:00.000000,370002,370002,2022-01-03T09:15:00.000000,2026-02-04T15:29:00.000000,50,0,0,100
SAIL,60,7076,2022-01-03T09:00:00.000000,2026-02-03T15:00:00.000000,7076,7076,2022-01-03T09:00:00.000000,2026-02-03T15:00:00.000000,50,0,0,100
TATAELXSI,10080,215,2021-12-27T00:00:00.000000,2026-02-02T00:00:00.000000,215,215,2021-12-27T00:00:00.000000,2026-02-02T00:00:00.000000,51,0,0,100
MRPL,10080,215,2021-12-27T00:00:00.000000,2026-02-02T00:00:00.000000,215,215,2021-12-27T00:00:00.000000,2026-02-02T00:00:00.000000,51,0,0,100
CUB,60,7083,2022-01-03T09:00:00.000000,2026-02-04T15:00:00.000000,7083,7083,2022-01-03T09:00:00.000000,2026-02-04T15:00:00.000000,50,0,0,100
COALINDIA,60,7069,2022-01-03T09:00:00.000000,2026-02-02T15:00:00.000000,7069,7069,2022-01-03T09:00:00.000000,2026-02-02T15:00:00.000000,50,0,0,100
GODREJIND,1440,1016,2022-01-03T00:00:00.000000,2026-02-04T00:00:00.000000,1016,1016,2022-01-03T00:00:00.000000,2026-02-04T00:00:00.000000,50,0,0,100
POLYMED,1,375509,2022-01-03T09:15:00.000000,2026-02-03T15:29:00.000000,375509,375509,2022-01-03T09:15:00.000000,2026-02-03T15:29:00.000000,50,0,0,100
GAIL,30,13123,2022-01-03T09:00:00.000000,2026-02-02T15:00:00.000000,13123,13123,2022-01-03T09:00:00.000000,2026-02-02T15:00:00.000000,50,0,0,100
PNB,60,7069,2022-01-03T09:00:00.000000,2026-02-02T15:00:00.000000,7069,7069,2022-01-03T09:00:00.000000,2026-02-02T15:00:00.000000,50,0,0,100
TRENT,1,378425,2022-01-03T09:15:00.000000,2026-02-02T15:29:00.000000,378425,378425,2022-01-03T09:15:00.000000,2026-02-02T15:29:00.000000,50,0,0,100
BRITANNIA,10080,215,2021-12-27T00:00:00.000000,2026-02-02T00:00:00.000000,215,215,2021-12-27T00:00:00.000000,2026-02-02T00:00:00.000000,51,0,0,100
BAYERCROP,1440,1015,2022-01-03T00:00:00.000000,2026-02-03T00:00:00.000000,1015,1015,2022-01-03T00:00:00.000000,2026-02-03T00:00:00.000000,50,0,0,100
HAPPSTMNDS,1,378792,2022-01-03T09:15:00.000000,2026-02-03T15:29:00.000000,378792,378792,2022-01-03T09:15:00.000000,2026-02-03T15:29:00.000000,50,0,0,100
ICICIBANK,1440,1013,2022-01-03T00:00:00.000000,2026-02-01T00:00:00.000000,1013,1013,2022-01-03T00:00:00.000000,2026-02-01T00:00:00.000000,50,0,0,100
ALKEM,10080,215,2021-12-27T00:00:00.000000,2026-02-02T00:00:00.000000,215,215,2021-12-27T00:00:00.000000,2026-02-02T00:00:00.000000,51,0,0,100
FINPIPE,60,7083,2022-01-03T09:00:00.000000,2026-02-04T15:00:00.000000,7083,7083,2022-01-03T09:00:00.000000,2026-02-04T15:00:00.000000,50,0,0,100
SBILIFE,60,7069,2022-01-03T09:00:00.000000,2026-02-02T15:00:00.000000,7069,7069,2022-01-03T09:00:00.000000,2026-02-02T15:00:00.000000,50,0,0,100
SOLARINDS,60,7076,2022-01-03T09:00:00.000000,2026-02-03T15:00:00.000000,7076,7076,2022-01-03T09:00:00.000000,2026-02-03T15:00:00.000000,50,0,0,100
CONCOR,10080,215,2021-12-27T00:00:00.000000,2026-02-02T00:00:00.000000,215,215,2021-12-27T00:00:00.000000,2026-02-02T00:00:00.000000,51,0,0,100
LEMONTREE,15,25255,2022-01-03T09:15:00.000000,2026-02-03T15:15:00.000000,25255,25255,2022-01-03T09:15:00.000000,2026-02-03T15:15:00.000000,50,0,0,100
BANKBARODA,5,75689,2022-01-03T09:15:00.000000,2026-02-02T15:25:00.000000,75689,75689,2022-01-03T09:15:00.000000,2026-02-02T15:25:00.000000,50,0,0,100
MUTHOOTFIN,10080,215,2021-12-27T00:00:00.000000,2026-02-02T00:00:00.000000,215,215,2021-12-27T00:00:00.000000,2026-02-02T00:00:00.000000,51,0,0,100
AIAENG,30,13136,2022-01-03T09:00:00.000000,2026-02-03T15:00:00.000000,13136,13136,2022-01-03T09:00:00.000000,2026-02-03T15:00:00.000000,50,0,0,100
JMFINANCIL,5,75763,2022-01-03T09:15:00.000000,2026-02-03T15:25:00.000000,75763,75763,2022-01-03T09:15:00.000000,2026-02-03T15:25:00.000000,50,0,0,100
CONCORDBIO,1440,613,2023-08-18T00:00:00.000000,2026-02-04T00:00:00.000000,613,613,2023-08-18T00:00:00.000000,2026-02-04T00:00:00.000000,31,0,0,100
HINDUNILVR,1,378004,2022-01-03T09:15:00.000000,2026-02-01T15:29:00.000000,378004,378004,2022-01-03T09:15:00.000000,2026-02-01T15:29:00.000000,50,0,0,100
TATACONSUM,30,13123,2022-01-03T09:00:00.000000,2026-02-02T15:00:00.000000,13123,13123,2022-01-03T09:00:00.000000,2026-02-02T15:00:00.000000,50,0,0,100
CAMPUS,10080,196,2022-05-09T00:00:00.000000,2026-02-02T00:00:00.000000,196,196,2022-05-09T00:00:00.000000,2026-02-02T00:00:00.000000,46,0,0,100
PHOENIXLTD,3,126269,2022-01-03T09:15:00.000000,2026-02-03T15:27:00.000000,126269,126269,2022-01-03T09:15:00.000000,2026-02-03T15:27:00.000000,50,0,0,100
PVRINOX,30,3799,2024-12-02T09:00:00.000000,2026-02-03T15:00:00.000000,3799,3799,2024-12-02T09:00:00.000000,2026-02-03T15:00:00.000000,15,0,0,100
MRF,5,75764,2022-01-03T09:15:00.000000,2026-02-03T15:25:00.000000,75764,75764,2022-01-03T09:15:00.000000,2026-02-03T15:25:00.000000,50,0,0,100
CRISIL,3,126265,2022-01-03T09:15:00.000000,2026-02-03T15:27:00.000000,126265,126265,2022-01-03T09:15:00.000000,2026-02-03T15:27:00.000000,50,0,0,100
CHALET,3,36645,2024-12-02T09:15:00.000000,2026-02-04T15:27:00.000000,36645,36645,2024-12-02T09:15:00.000000,2026-02-04T15:27:00.000000,15,0,0,100
BASF,60,7076,2022-01-03T09:00:00.000000,2026-02-03T15:00:00.000000,7076,7076,2022-01-03T09:00:00.000000,2026-02-03T15:00:00.000000,50,0,0,100
AADHARHFC,1440,431,2024-05-15T00:00:00.000000,2026-02-04T00:00:00.000000,431,431,2024-05-15T00:00:00.000000,2026-02-04T00:00:00.000000,22,0,0,100
CRISIL,5,75763,2022-01-03T09:15:00.000000,2026-02-03T15:25:00.000000,75763,75763,2022-01-03T09:15:00.000000,2026-02-03T15:25:00.000000,50,0,0,100
ASIANPAINT,60,7069,2022-01-03T09:00:00.000000,2026-02-02T15:00:00.000000,7069,7069,2022-01-03T09:00:00.000000,2026-02-02T15:00:00.000000,50,0,0,100
GODREJPROP,15,25255,2022-01-03T09:15:00.000000,2026-02-03T15:15:00.000000,25255,25255,2022-01-03T09:15:00.000000,2026-02-03T15:15:00.000000,50,0,0,100
LLOYDSME,10080,134,2023-07-17T00:00:00.000000,2026-02-02T00:00:00.000000,134,134,2023-07-17T00:00:00.000000,2026-02-02T00:00:00.000000,32,0,0,100
JUBLFOOD,1440,1015,2022-01-03T00:00:00.000000,2026-02-03T00:00:00.000000,1015,1015,2022-01-03T00:00:00.000000,2026-02-03T00:00:00.000000,50,0,0,100
EICHERMOT,30,13123,2022-01-03T09:00:00.000000,2026-02-02T15:00:00.000000,13123,13123,2022-01-03T09:00:00.000000,2026-02-02T15:00:00.000000,50,0,0,100
ABBOTINDIA,60,7083,2022-01-03T09:00:00.000000,2026-02-04T15:00:00.000000,7083,7083,2022-01-03T09:00:00.000000,2026-02-04T15:00:00.000000,50,0,0,100
GRASIM,60,7069,2022-01-03T09:00:00.000000,2026-02-02T15:00:00.000000,7069,7069,2022-01-03T09:00:00.000000,2026-02-02T15:00:00.000000,50,0,0,100
KSB,30,13149,2022-01-03T09:00:00.000000,2026-02-04T15:00:00.000000,13149,13149,2022-01-03T09:00:00.000000,2026-02-04T15:00:00.000000,50,0,0,100
EICHERMOT,5,75689,2022-01-03T09:15:00.000000,2026-02-02T15:25:00.000000,75689,75689,2022-01-03T09:15:00.000000,2026-02-02T15:25:00.000000,50,0,0,100
UCOBANK,3,126267,2022-01-03T09:15:00.000000,2026-02-03T15:27:00.000000,126267,126267,2022-01-03T09:15:00.000000,2026-02-03T15:27:00.000000,50,0,0,100
DEEPAKNTR,10080,215,2021-12-27T00:00:00.000000,2026-02-02T00:00:00.000000,215,215,2021-12-27T00:00:00.000000,2026-02-02T00:00:00.000000,51,0,0,100
MANKIND,30,8856,2023-05-09T09:00:00.000000,2026-02-05T15:00:00.000000,8856,8856,2023-05-09T09:00:00.000000,2026-02-05T15:00:00.000000,34,0,0,100
CERA,1,377673,2022-01-03T09:15:00.000000,2026-02-04T15:29:00.000000,377673,377673,2022-01-03T09:15:00.000000,2026-02-04T15:29:00.000000,50,0,0,100
SCHNEIDER,3,126265,2022-01-03T09:15:00.000000,2026-02-03T15:27:00.000000,126265,126265,2022-01-03T09:15:00.000000,2026-02-03T15:27:00.000000,50,0,0,100
GODREJAGRO,15,25280,2022-01-03T09:15:00.000000,2026-02-04T15:15:00.000000,25280,25280,2022-01-03T09:15:00.000000,2026-02-04T15:15:00.000000,50,0,0,100
DABUR,5,75689,2022-01-03T09:15:00.000000,2026-02-02T15:25:00.000000,75689,75689,2022-01-03T09:15:00.000000,2026-02-02T15:25:00.000000,50,0,0,100
BAJAJHLDNG,60,2046,2024-12-02T09:00:00.000000,2026-02-03T15:00:00.000000,2046,2046,2024-12-02T09:00:00.000000,2026-02-03T15:00:00.000000,15,0,0,100
AMBER,1440,1016,2022-01-03T00:00:00.000000,2026-02-04T00:00:00.000000,1016,1016,2022-01-03T00:00:00.000000,2026-02-04T00:00:00.000000,50,0,0,100
IEX,15,25255,2022-01-03T09:15:00.000000,2026-02-03T15:15:00.000000,25255,25255,2022-01-03T09:15:00.000000,2026-02-03T15:15:00.000000,50,0,0,100
ICICIPRULI,60,7069,2022-01-03T09:00:00.000000,2026-02-02T15:00:00.000000,7069,7069,2022-01-03T09:00:00.000000,2026-02-02T15:00:00.000000,50,0,0,100
USHAMART,3,126267,2022-01-03T09:15:00.000000,2026-02-03T15:27:00.000000,126267,126267,2022-01-03T09:15:00.000000,2026-02-03T15:27:00.000000,50,0,0,100
TATAINVEST,30,7257,2023-11-01T09:00:00.000000,2026-02-03T15:00:00.000000,7257,7257,2023-11-01T09:00:00.000000,2026-02-03T15:00:00.000000,28,0,0,100
TATASTEEL,15,25230,2022-01-03T09:15:00.000000,2026-02-02T15:15:00.000000,25230,25230,2022-01-03T09:15:00.000000,2026-02-02T15:15:00.000000,50,0,0,100
MINDACORP,10080,215,2021-12-27T00:00:00.000000,2026-02-02T00:00:00.000000,215,215,2021-12-27T00:00:00.000000,2026-02-02T00:00:00.000000,51,0,0,100
HDFCLIFE,10080,215,2021-12-27T00:00:00.000000,2026-02-02T00:00:00.000000,215,215,2021-12-27T00:00:00.000000,2026-02-02T00:00:00.000000,51,0,0,100
GUJGASLTD,30,13136,2022-01-03T09:00:00.000000,2026-02-03T15:00:00.000000,13136,13136,2022-01-03T09:00:00.000000,2026-02-03T15:00:00.000000,50,0,0,100
KOTAKBANK,5,75689,2022-01-03T09:15:00.000000,2026-02-02T15:25:00.000000,75689,75689,2022-01-03T09:15:00.000000,2026-02-02T15:25:00.000000,50,0,0,100
INDGN,30,5612,2024-05-13T09:00:00.000000,2026-02-05T15:00:00.000000,5612,5612,2024-05-13T09:00:00.000000,2026-02-05T15:00:00.000000,22,0,0,100
BAJAJHLDNG,30,3799,2024-12-02T09:00:00.000000,2026-02-03T15:00:00.000000,3799,3799,2024-12-02T09:00:00.000000,2026-02-03T15:00:00.000000,15,0,0,100
LATENTVIEW,1440,1015,2022-01-03T00:00:00.000000,2026-02-03T00:00:00.000000,1015,1015,2022-01-03T00:00:00.000000,2026-02-03T00:00:00.000000,50,0,0,100
SBICARD,1440,1014,2022-01-03T00:00:00.000000,2026-02-02T00:00:00.000000,1014,1014,2022-01-03T00:00:00.000000,2026-02-02T00:00:00.000000,50,0,0,100
AGARWALEYE,3,30889,2025-02-04T09:33:00.000000,2026-02-04T15:27:00.000000,30889,30889,2025-02-04T09:33:00.000000,2026-02-04T15:27:00.000000,13,0,0,100
EXIDEIND,10080,215,2021-12-27T00:00:00.000000,2026-02-02T00:00:00.000000,215,215,2021-12-27T00:00:00.000000,2026-02-02T00:00:00.000000,51,0,0,100
TRENT,30,13123,2022-01-03T09:00:00.000000,2026-02-02T15:00:00.000000,13123,13123,2022-01-03T09:00:00.000000,2026-02-02T15:00:00.000000,50,0,0,100
COCHINSHIP,15,7304,2024-12-02T09:15:00.000000,2026-02-03T15:15:00.000000,7304,7304,2024-12-02T09:15:00.000000,2026-02-03T15:15:00.000000,15,0,0,100
VEDL,60,7069,2022-01-03T09:00:00.000000,2026-02-02T15:00:00.000000,7069,7069,2022-01-03T09:00:00.000000,2026-02-02T15:00:00.000000,50,0,0,100
CGCL,10080,215,2021-12-27T00:00:00.000000,2026-02-02T00:00:00.000000,215,215,2021-12-27T00:00:00.000000,2026-02-02T00:00:00.000000,51,0,0,100
LT,60,7076,2022-01-03T09:00:00.000000,2026-02-03T15:00:00.000000,7076,7076,2022-01-03T09:00:00.000000,2026-02-03T15:00:00.000000,50,0,0,100
IOB,1,378756,2022-01-03T09:15:00.000000,2026-02-03T15:29:00.000000,378756,378756,2022-01-03T09:15:00.000000,2026-02-03T15:29:00.000000,50,0,0,100
IPCALAB,60,7076,2022-01-03T09:00:00.000000,2026-02-03T15:00:00.000000,7076,7076,2022-01-03T09:00:00.000000,2026-02-03T15:00:00.000000,50,0,0,100
MSUMI,5,71486,2022-03-28T09:15:00.000000,2026-02-03T15:25:00.000000,71486,71486,2022-03-28T09:15:00.000000,2026-02-03T15:25:00.000000,48,0,0,100
GLAXO,1,377930,2022-01-03T09:15:00.000000,2026-02-03T15:29:00.000000,377930,377930,2022-01-03T09:15:00.000000,2026-02-03T15:29:00.000000,50,0,0,100
WOCKPHARMA,3,126267,2022-01-03T09:15:00.000000,2026-02-03T15:27:00.000000,126267,126267,2022-01-03T09:15:00.000000,2026-02-03T15:27:00.000000,50,0,0,100
GODREJAGRO,10080,215,2021-12-27T00:00:00.000000,2026-02-02T00:00:00.000000,215,215,2021-12-27T00:00:00.000000,2026-02-02T00:00:00.000000,51,0,0,100
MRF,3,126274,2022-01-03T09:15:00.000000,2026-02-03T15:27:00.000000,126274,126274,2022-01-03T09:15:00.000000,2026-02-03T15:27:00.000000,50,0,0,100
DALBHARAT,15,25230,2022-01-03T09:15:00.000000,2026-02-02T15:15:00.000000,25230,25230,2022-01-03T09:15:00.000000,2026-02-02T15:15:00.000000,50,0,0,100
PAGEIND,5,75689,2022-01-03T09:15:00.000000,2026-02-02T15:25:00.000000,75689,75689,2022-01-03T09:15:00.000000,2026-02-02T15:25:00.000000,50,0,0,100
FEDERALBNK,1440,1015,2022-01-03T00:00:00.000000,2026-02-03T00:00:00.000000,1015,1015,2022-01-03T00:00:00.000000,2026-02-03T00:00:00.000000,50,0,0,100
SBFC,1440,614,2023-08-16T00:00:00.000000,2026-02-03T00:00:00.000000,614,614,2023-08-16T00:00:00.000000,2026-02-03T00:00:00.000000,31,0,0,100
SOBHA,1,378670,2022-01-03T09:15:00.000000,2026-02-03T15:29:00.000000,378670,378670,2022-01-03T09:15:00.000000,2026-02-03T15:29:00.000000,50,0,0,100
CCL,30,13149,2022-01-03T09:00:00.000000,2026-02-04T15:00:00.000000,13149,13149,2022-01-03T09:00:00.000000,2026-02-04T15:00:00.000000,50,0,0,100
NATCOPHARM,1,378666,2022-01-03T09:15:00.000000,2026-02-03T15:29:00.000000,378666,378666,2022-01-03T09:15:00.000000,2026-02-03T15:29:00.000000,50,0,0,100
LEMONTREE,5,75763,2022-01-03T09:15:00.000000,2026-02-03T15:25:00.000000,75763,75763,2022-01-03T09:15:00.000000,2026-02-03T15:25:00.000000,50,0,0,100
SBICARD,60,7069,2022-01-03T09:00:00.000000,2026-02-02T15:00:00.000000,7069,7069,2022-01-03T09:00:00.000000,2026-02-02T15:00:00.000000,50,0,0,100
JIOFIN,1,228349,2023-08-21T09:15:00.000000,2026-02-05T15:29:00.000000,228349,228349,2023-08-21T09:15:00.000000,2026-02-05T15:29:00.000000,31,0,0,100
JINDALSAW,10080,215,2021-12-27T00:00:00.000000,2026-02-02T00:00:00.000000,215,215,2021-12-27T00:00:00.000000,2026-02-02T00:00:00.000000,51,0,0,100
BALRAMCHIN,5,75839,2022-01-03T09:15:00.000000,2026-02-04T15:25:00.000000,75839,75839,2022-01-03T09:15:00.000000,2026-02-04T15:25:00.000000,50,0,0,100
HONAUT,60,7083,2022-01-03T09:00:00.000000,2026-02-04T15:00:00.000000,7083,7083,2022-01-03T09:00:00.000000,2026-02-04T15:00:00.000000,50,0,0,100
HUDCO,15,25255,2022-01-03T09:15:00.000000,2026-02-03T15:15:00.000000,25255,25255,2022-01-03T09:15:00.000000,2026-02-03T15:15:00.000000,50,0,0,100
MINDACORP,1440,1017,2022-01-03T00:00:00.000000,2026-02-05T00:00:00.000000,1017,1017,2022-01-03T00:00:00.000000,2026-02-05T00:00:00.000000,50,0,0,100
BLUEDART,15,25280,2022-01-03T09:15:00.000000,2026-02-04T15:15:00.000000,25280,25280,2022-01-03T09:15:00.000000,2026-02-04T15:15:00.000000,50,0,0,100
HDFCLIFE,1,378424,2022-01-03T09:15:00.000000,2026-02-02T15:29:00.000000,378424,378424,2022-01-03T09:15:00.000000,2026-02-02T15:29:00.000000,50,0,0,100
CONCOR,60,7083,2022-01-03T09:00:00.000000,2026-02-04T15:00:00.000000,7083,7083,2022-01-03T09:00:00.000000,2026-02-04T15:00:00.000000,50,0,0,100
HINDZINC,3,126267,2022-01-03T09:15:00.000000,2026-02-03T15:27:00.000000,126267,126267,2022-01-03T09:15:00.000000,2026-02-03T15:27:00.000000,50,0,0,100
M&MFIN,1440,1017,2022-01-03T00:00:00.000000,2026-02-05T00:00:00.000000,1017,1017,2022-01-03T00:00:00.000000,2026-02-05T00:00:00.000000,50,0,0,100
ONGC,3,126149,2022-01-03T09:15:00.000000,2026-02-02T15:27:00.000000,126149,126149,2022-01-03T09:15:00.000000,2026-02-02T15:27:00.000000,50,0,0,100
BIOCON,30,13123,2022-01-03T09:00:00.000000,2026-02-02T15:00:00.000000,13123,13123,2022-01-03T09:00:00.000000,2026-02-02T15:00:00.000000,50,0,0,100
BHARTIHEXA,5,33716,2024-04-12T09:15:00.000000,2026-02-04T15:25:00.000000,33716,33716,2024-04-12T09:15:00.000000,2026-02-04T15:25:00.000000,23,0,0,100
LTIM,60,7069,2022-01-03T09:00:00.000000,2026-02-02T15:00:00.000000,7069,7069,2022-01-03T09:00:00.000000,2026-02-02T15:00:00.000000,50,0,0,100
HINDPETRO,1,379174,2022-01-03T09:15:00.000000,2026-02-04T15:29:00.000000,379174,379174,2022-01-03T09:15:00.000000,2026-02-04T15:29:00.000000,50,0,0,100
INOXWIND,10080,215,2021-12-27T00:00:00.000000,2026-02-02T00:00:00.000000,215,215,2021-12-27T00:00:00.000000,2026-02-02T00:00:00.000000,51,0,0,100
LLOYDSME,1,236351,2023-07-17T09:15:00.000000,2026-02-03T15:29:00.000000,236351,236351,2023-07-17T09:15:00.000000,2026-02-03T15:29:00.000000,32,0,0,100
GLAND,15,25280,2022-01-03T09:15:00.000000,2026-02-04T15:15:00.000000,25280,25280,2022-01-03T09:15:00.000000,2026-02-04T15:15:00.000000,50,0,0,100
NSLNISP,1,274097,2023-02-20T09:15:00.000000,2026-02-05T15:29:00.000000,274097,274097,2023-02-20T09:15:00.000000,2026-02-05T15:29:00.000000,37,0,0,100
BERGEPAINT,1440,1014,2022-01-03T00:00:00.000000,2026-02-02T00:00:00.000000,1014,1014,2022-01-03T00:00:00.000000,2026-02-02T00:00:00.000000,50,0,0,100
COROMANDEL,30,13123,2022-01-03T09:00:00.000000,2026-02-02T15:00:00.000000,13123,13123,2022-01-03T09:00:00.000000,2026-02-02T15:00:00.000000,50,0,0,100
USHAMART,15,25255,2022-01-03T09:15:00.000000,2026-02-03T15:15:00.000000,25255,25255,2022-01-03T09:15:00.000000,2026-02-03T15:15:00.000000,50,0,0,100
HDFCBANK,15,25205,2022-01-03T09:15:00.000000,2026-02-01T15:15:00.000000,25205,25205,2022-01-03T09:15:00.000000,2026-02-01T15:15:00.000000,50,0,0,100
AGARWALEYE,60,1731,2025-02-04T09:00:00.000000,2026-02-04T15:00:00.000000,1731,1731,2025-02-04T09:00:00.000000,2026-02-04T15:00:00.000000,13,0,0,100
HSCL,1,378784,2022-01-03T09:15:00.000000,2026-02-03T15:29:00.000000,378784,378784,2022-01-03T09:15:00.000000,2026-02-03T15:29:00.000000,50,0,0,100
ACC,60,7069,2022-01-03T09:00:00.000000,2026-02-02T15:00:00.000000,7069,7069,2022-01-03T09:00:00.000000,2026-02-02T15:00:00.000000,50,0,0,100
BRITANNIA,5,75689,2022-01-03T09:15:00.000000,2026-02-02T15:25:00.000000,75689,75689,2022-01-03T09:15:00.000000,2026-02-02T15:25:00.000000,50,0,0,100
GVT&D,1440,1016,2022-01-03T00:00:00.000000,2026-02-04T00:00:00.000000,1016,1016,2022-01-03T00:00:00.000000,2026-02-04T00:00:00.000000,50,0,0,100
BALRAMCHIN,3,126398,2022-01-03T09:15:00.000000,2026-02-04T15:27:00.000000,126398,126398,2022-01-03T09:15:00.000000,2026-02-04T15:27:00.000000,50,0,0,100
JKCEMENT,60,2739,2022-01-03T09:00:00.000000,2023-08-01T15:00:00.000000,2739,2739,2022-01-03T09:00:00.000000,2023-08-01T15:00:00.000000,20,0,0,100
LUPIN,1440,1014,2022-01-03T00:00:00.000000,2026-02-02T00:00:00.000000,1014,1014,2022-01-03T00:00:00.000000,2026-02-02T00:00:00.000000,50,0,0,100
ZYDUSLIFE,1440,1015,2022-01-03T00:00:00.000000,2026-02-03T00:00:00.000000,1015,1015,2022-01-03T00:00:00.000000,2026-02-03T00:00:00.000000,50,0,0,100
POLYMED,15,25255,2022-01-03T09:15:00.000000,2026-02-03T15:15:00.000000,25255,25255,2022-01-03T09:15:00.000000,2026-02-03T15:15:00.000000,50,0,0,100
NCC,30,13136,2022-01-03T09:00:00.000000,2026-02-03T15:00:00.000000,13136,13136,2022-01-03T09:00:00.000000,2026-02-03T15:00:00.000000,50,0,0,100
HDFCLIFE,5,75689,2022-01-03T09:15:00.000000,2026-02-02T15:25:00.000000,75689,75689,2022-01-03T09:15:00.000000,2026-02-02T15:25:00.000000,50,0,0,100
EMAMILTD,30,13136,2022-01-03T09:00:00.000000,2026-02-03T15:00:00.000000,13136,13136,2022-01-03T09:00:00.000000,2026-02-03T15:00:00.000000,50,0,0,100
PFC,3,126149,2022-01-03T09:15:00.000000,2026-02-02T15:27:00.000000,126149,126149,2022-01-03T09:15:00.000000,2026-02-02T15:27:00.000000,50,0,0,100
FSL,30,13136,2022-01-03T09:00:00.000000,2026-02-03T15:00:00.000000,13136,13136,2022-01-03T09:00:00.000000,2026-02-03T15:00:00.000000,50,0,0,100
REDINGTON,5,75762,2022-01-03T09:15:00.000000,2026-02-03T15:25:00.000000,75762,75762,2022-01-03T09:15:00.000000,2026-02-03T15:25:00.000000,50,0,0,100
THERMAX,60,7076,2022-01-03T09:00:00.000000,2026-02-03T15:00:00.000000,7076,7076,2022-01-03T09:00:00.000000,2026-02-03T15:00:00.000000,50,0,0,100
IFCI,15,25305,2022-01-03T09:15:00.000000,2026-02-05T15:15:00.000000,25305,25305,2022-01-03T09:15:00.000000,2026-02-05T15:15:00.000000,50,0,0,100
NAVA,1440,227,2022-01-03T00:00:00.000000,2022-12-01T00:00:00.000000,227,227,2022-01-03T00:00:00.000000,2022-12-01T00:00:00.000000,12,0,0,100
BAJAJFINSV,60,7069,2022-01-03T09:00:00.000000,2026-02-02T15:00:00.000000,7069,7069,2022-01-03T09:00:00.000000,2026-02-02T15:00:00.000000,50,0,0,100
VIJAYA,10080,215,2021-12-27T00:00:00.000000,2026-02-02T00:00:00.000000,215,215,2021-12-27T00:00:00.000000,2026-02-02T00:00:00.000000,51,0,0,100
ADANIPOWER,30,13149,2022-01-03T09:00:00.000000,2026-02-04T15:00:00.000000,13149,13149,2022-01-03T09:00:00.000000,2026-02-04T15:00:00.000000,50,0,0,100
ALKYLAMINE,1440,1015,2022-01-03T00:00:00.000000,2026-02-03T00:00:00.000000,1015,1015,2022-01-03T00:00:00.000000,2026-02-03T00:00:00.000000,50,0,0,100
CLEAN,15,25255,2022-01-03T09:15:00.000000,2026-02-03T15:15:00.000000,25255,25255,2022-01-03T09:15:00.000000,2026-02-03T15:15:00.000000,50,0,0,100
MARUTI,60,7069,2022-01-03T09:00:00.000000,2026-02-02T15:00:00.000000,7069,7069,2022-01-03T09:00:00.000000,2026-02-02T15:00:00.000000,50,0,0,100
NATCOPHARM,30,13136,2022-01-03T09:00:00.000000,2026-02-03T15:00:00.000000,13136,13136,2022-01-03T09:00:00.000000,2026-02-03T15:00:00.000000,50,0,0,100
DATAPATTNS,5,75796,2022-01-03T09:15:00.000000,2026-02-04T15:25:00.000000,75796,75796,2022-01-03T09:15:00.000000,2026-02-04T15:25:00.000000,50,0,0,100
GMRAIRPORT,1,109935,2024-12-02T09:15:00.000000,2026-02-04T15:29:00.000000,109935,109935,2024-12-02T09:15:00.000000,2026-02-04T15:29:00.000000,15,0,0,100
DATAPATTNS,15,25268,2022-01-03T09:15:00.000000,2026-02-04T15:15:00.000000,25268,25268,2022-01-03T09:15:00.000000,2026-02-04T15:15:00.000000,50,0,0,100
COHANCE,1,379085,2022-01-03T09:15:00.000000,2026-02-04T15:29:00.000000,379085,379085,2022-01-03T09:15:00.000000,2026-02-04T15:29:00.000000,50,0,0,100
CDSL,1440,1015,2022-01-03T00:00:00.000000,2026-02-03T00:00:00.000000,1015,1015,2022-01-03T00:00:00.000000,2026-02-03T00:00:00.000000,50,0,0,100
ICICIGI,30,13123,2022-01-03T09:00:00.000000,2026-02-02T15:00:00.000000,13123,13123,2022-01-03T09:00:00.000000,2026-02-02T15:00:00.000000,50,0,0,100
DEEPAKFERT,1440,1016,2022-01-03T00:00:00.000000,2026-02-04T00:00:00.000000,1016,1016,2022-01-03T00:00:00.000000,2026-02-04T00:00:00.000000,50,0,0,100
HINDPETRO,5,75839,2022-01-03T09:15:00.000000,2026-02-04T15:25:00.000000,75839,75839,2022-01-03T09:15:00.000000,2026-02-04T15:25:00.000000,50,0,0,100
BIKAJI,3,36645,2024-12-02T09:15:00.000000,2026-02-04T15:27:00.000000,36645,36645,2024-12-02T09:15:00.000000,2026-02-04T15:27:00.000000,15,0,0,100
HEROMOTOCO,10080,215,2021-12-27T00:00:00.000000,2026-02-02T00:00:00.000000,215,215,2021-12-27T00:00:00.000000,2026-02-02T00:00:00.000000,51,0,0,100
LODHA,10080,215,2021-12-27T00:00:00.000000,2026-02-02T00:00:00.000000,215,215,2021-12-27T00:00:00.000000,2026-02-02T00:00:00.000000,51,0,0,100
INFY,5,75614,2022-01-03T09:15:00.000000,2026-02-01T15:25:00.000000,75614,75614,2022-01-03T09:15:00.000000,2026-02-01T15:25:00.000000,50,0,0,100
DABUR,15,25230,2022-01-03T09:15:00.000000,2026-02-02T15:15:00.000000,25230,25230,2022-01-03T09:15:00.000000,2026-02-02T15:15:00.000000,50,0,0,100
AFCONS,1,116659,2024-11-04T09:41:00.000000,2026-02-04T15:29:00.000000,116659,116659,2024-11-04T09:41:00.000000,2026-02-04T15:29:00.000000,16,0,0,100
INOXINDIA,1,197163,2023-12-21T09:15:00.000000,2026-02-05T15:29:00.000000,197163,197163,2023-12-21T09:15:00.000000,2026-02-05T15:29:00.000000,27,0,0,100
GRASIM,3,126149,2022-01-03T09:15:00.000000,2026-02-02T15:27:00.000000,126149,126149,2022-01-03T09:15:00.000000,2026-02-02T15:27:00.000000,50,0,0,100
CLEAN,1440,1015,2022-01-03T00:00:00.000000,2026-02-03T00:00:00.000000,1015,1015,2022-01-03T00:00:00.000000,2026-02-03T00:00:00.000000,50,0,0,100
BLS,3,126385,2022-01-03T09:15:00.000000,2026-02-04T15:27:00.000000,126385,126385,2022-01-03T09:15:00.000000,2026-02-04T15:27:00.000000,50,0,0,100
EIDPARRY,10080,215,2021-12-27T00:00:00.000000,2026-02-02T00:00:00.000000,215,215,2021-12-27T00:00:00.000000,2026-02-02T00:00:00.000000,51,0,0,100
ITC,15,25204,2022-01-03T09:15:00.000000,2026-02-01T15:15:00.000000,25204,25204,2022-01-03T09:15:00.000000,2026-02-01T15:15:00.000000,50,0,0,100
SUNDARMFIN,30,13136,2022-01-03T09:00:00.000000,2026-02-03T15:00:00.000000,13136,13136,2022-01-03T09:00:00.000000,2026-02-03T15:00:00.000000,50,0,0,100
TIMKEN,1440,1015,2022-01-03T00:00:00.000000,2026-02-03T00:00:00.000000,1015,1015,2022-01-03T00:00:00.000000,2026-02-03T00:00:00.000000,50,0,0,100
BAJAJ-AUTO,1440,1016,2022-01-03T00:00:00.000000,2026-02-04T00:00:00.000000,1016,1016,2022-01-03T00:00:00.000000,2026-02-04T00:00:00.000000,50,0,0,100
KAJARIACER,60,7076,2022-01-03T09:00:00.000000,2026-02-03T15:00:00.000000,7076,7076,2022-01-03T09:00:00.000000,2026-02-03T15:00:00.000000,50,0,0,100
ITCHOTELS,1440,254,2025-01-29T00:00:00.000000,2026-02-05T00:00:00.000000,254,254,2025-01-29T00:00:00.000000,2026-02-05T00:00:00.000000,14,0,0,100
CRAFTSMAN,3,126382,2022-01-03T09:15:00.000000,2026-02-04T15:27:00.000000,126382,126382,2022-01-03T09:15:00.000000,2026-02-04T15:27:00.000000,50,0,0,100
MARUTI,10080,215,2021-12-27T00:00:00.000000,2026-02-02T00:00:00.000000,215,215,2021-12-27T00:00:00.000000,2026-02-02T00:00:00.000000,51,0,0,100
COFORGE,5,75689,2022-01-03T09:15:00.000000,2026-02-02T15:25:00.000000,75689,75689,2022-01-03T09:15:00.000000,2026-02-02T15:25:00.000000,50,0,0,100
LT,5,75764,2022-01-03T09:15:00.000000,2026-02-03T15:25:00.000000,75764,75764,2022-01-03T09:15:00.000000,2026-02-03T15:25:00.000000,50,0,0,100
MOTILALOFS,1,214330,2022-01-03T09:15:00.000000,2024-04-30T15:29:00.000000,214330,214330,2022-01-03T09:15:00.000000,2024-04-30T15:29:00.000000,28,0,0,100
UCOBANK,30,13136,2022-01-03T09:00:00.000000,2026-02-03T15:00:00.000000,13136,13136,2022-01-03T09:00:00.000000,2026-02-03T15:00:00.000000,50,0,0,100
ZENSARTECH,30,13149,2022-01-03T09:00:00.000000,2026-02-04T15:00:00.000000,13149,13149,2022-01-03T09:00:00.000000,2026-02-04T15:00:00.000000,50,0,0,100
ALOKINDS,1,379156,2022-01-03T09:15:00.000000,2026-02-04T15:29:00.000000,379156,379156,2022-01-03T09:15:00.000000,2026-02-04T15:29:00.000000,50,0,0,100
CYIENT,3,126269,2022-01-03T09:15:00.000000,2026-02-03T15:27:00.000000,126269,126269,2022-01-03T09:15:00.000000,2026-02-03T15:27:00.000000,50,0,0,100
GRASIM,30,13123,2022-01-03T09:00:00.000000,2026-02-02T15:00:00.000000,13123,13123,2022-01-03T09:00:00.000000,2026-02-02T15:00:00.000000,50,0,0,100
KALYANKJIL,60,2060,2024-12-02T09:00:00.000000,2026-02-05T15:00:00.000000,2060,2060,2024-12-02T09:00:00.000000,2026-02-05T15:00:00.000000,15,0,0,100
DMART,10080,215,2021-12-27T00:00:00.000000,2026-02-02T00:00:00.000000,215,215,2021-12-27T00:00:00.000000,2026-02-02T00:00:00.000000,51,0,0,100
JSWINFRA,30,7517,2023-10-03T09:00:00.000000,2026-02-03T15:00:00.000000,7517,7517,2023-10-03T09:00:00.000000,2026-02-03T15:00:00.000000,29,0,0,100
WIPRO,15,25230,2022-01-03T09:15:00.000000,2026-02-02T15:15:00.000000,25230,25230,2022-01-03T09:15:00.000000,2026-02-02T15:15:00.000000,50,0,0,100
BALRAMCHIN,1440,1016,2022-01-03T00:00:00.000000,2026-02-04T00:00:00.000000,1016,1016,2022-01-03T00:00:00.000000,2026-02-04T00:00:00.000000,50,0,0,100
IOB,30,13136,2022-01-03T09:00:00.000000,2026-02-03T15:00:00.000000,13136,13136,2022-01-03T09:00:00.000000,2026-02-03T15:00:00.000000,50,0,0,100
MUTHOOTFIN,1,378804,2022-01-03T09:15:00.000000,2026-02-03T15:29:00.000000,378804,378804,2022-01-03T09:15:00.000000,2026-02-03T15:29:00.000000,50,0,0,100
IREDA,60,3796,2023-11-29T09:00:00.000000,2026-02-05T15:00:00.000000,3796,3796,2023-11-29T09:00:00.000000,2026-02-05T15:00:00.000000,28,0,0,100
AUBANK,1440,1014,2022-01-03T00:00:00.000000,2026-02-02T00:00:00.000000,1014,1014,2022-01-03T00:00:00.000000,2026-02-02T00:00:00.000000,50,0,0,100
JINDALSTEL,15,7279,2024-12-02T09:15:00.000000,2026-02-02T15:15:00.000000,7279,7279,2024-12-02T09:15:00.000000,2026-02-02T15:15:00.000000,15,0,0,100
LTF,1,378803,2022-01-03T09:15:00.000000,2026-02-03T15:29:00.000000,378803,378803,2022-01-03T09:15:00.000000,2026-02-03T15:29:00.000000,50,0,0,100
IFCI,60,7090,2022-01-03T09:00:00.000000,2026-02-05T15:00:00.000000,7090,7090,2022-01-03T09:00:00.000000,2026-02-05T15:00:00.000000,50,0,0,100
ITI,10080,215,2021-12-27T00:00:00.000000,2026-02-02T00:00:00.000000,215,215,2021-12-27T00:00:00.000000,2026-02-02T00:00:00.000000,51,0,0,100
COHANCE,3,126392,2022-01-03T09:15:00.000000,2026-02-04T15:27:00.000000,126392,126392,2022-01-03T09:15:00.000000,2026-02-04T15:27:00.000000,50,0,0,100
CDSL,30,13136,2022-01-03T09:00:00.000000,2026-02-03T15:00:00.000000,13136,13136,2022-01-03T09:00:00.000000,2026-02-03T15:00:00.000000,50,0,0,100
PAGEIND,15,25230,2022-01-03T09:15:00.000000,2026-02-02T15:15:00.000000,25230,25230,2022-01-03T09:15:00.000000,2026-02-02T15:15:00.000000,50,0,0,100
IIFL,15,25255,2022-01-03T09:15:00.000000,2026-02-03T15:15:00.000000,25255,25255,2022-01-03T09:15:00.000000,2026-02-03T15:15:00.000000,50,0,0,100
JUBLINGREA,5,75913,2022-01-03T09:15:00.000000,2026-02-05T15:25:00.000000,75913,75913,2022-01-03T09:15:00.000000,2026-02-05T15:25:00.000000,50,0,0,100
AWL,3,123260,2022-02-08T09:15:00.000000,2026-02-04T15:27:00.000000,123260,123260,2022-02-08T09:15:00.000000,2026-02-04T15:27:00.000000,49,0,0,100
INFY,3,126024,2022-01-03T09:15:00.000000,2026-02-01T15:27:00.000000,126024,126024,2022-01-03T09:15:00.000000,2026-02-01T15:27:00.000000,50,0,0,100
RECLTD,1,378425,2022-01-03T09:15:00.000000,2026-02-02T15:29:00.000000,378425,378425,2022-01-03T09:15:00.000000,2026-02-02T15:29:00.000000,50,0,0,100
NMDC,3,126141,2022-01-03T09:15:00.000000,2026-02-02T15:27:00.000000,126141,126141,2022-01-03T09:15:00.000000,2026-02-02T15:27:00.000000,50,0,0,100
GUJGASLTD,3,126274,2022-01-03T09:15:00.000000,2026-02-03T15:27:00.000000,126274,126274,2022-01-03T09:15:00.000000,2026-02-03T15:27:00.000000,50,0,0,100
DEEPAKFERT,10080,215,2021-12-27T00:00:00.000000,2026-02-02T00:00:00.000000,215,215,2021-12-27T00:00:00.000000,2026-02-02T00:00:00.000000,51,0,0,100
APOLLOTYRE,30,13149,2022-01-03T09:00:00.000000,2026-02-04T15:00:00.000000,13149,13149,2022-01-03T09:00:00.000000,2026-02-04T15:00:00.000000,50,0,0,100
CHOLAFIN,10080,215,2021-12-27T00:00:00.000000,2026-02-02T00:00:00.000000,215,215,2021-12-27T00:00:00.000000,2026-02-02T00:00:00.000000,51,0,0,100
GUJGASLTD,1,378799,2022-01-03T09:15:00.000000,2026-02-03T15:29:00.000000,378799,378799,2022-01-03T09:15:00.000000,2026-02-03T15:29:00.000000,50,0,0,100
ESCORTS,1440,1015,2022-01-03T00:00:00.000000,2026-02-03T00:00:00.000000,1015,1015,2022-01-03T00:00:00.000000,2026-02-03T00:00:00.000000,50,0,0,100
ABLBL,60,1086,2025-06-23T10:00:00.000000,2026-02-04T15:00:00.000000,1086,1086,2025-06-23T10:00:00.000000,2026-02-04T15:00:00.000000,9,0,0,100
ONGC,10080,215,2021-12-27T00:00:00.000000,2026-02-02T00:00:00.000000,215,215,2021-12-27T00:00:00.000000,2026-02-02T00:00:00.000000,51,0,0,100
BANKBARODA,15,25230,2022-01-03T09:15:00.000000,2026-02-02T15:15:00.000000,25230,25230,2022-01-03T09:15:00.000000,2026-02-02T15:15:00.000000,50,0,0,100
INDUSTOWER,1440,1014,2022-01-03T00:00:00.000000,2026-02-02T00:00:00.000000,1014,1014,2022-01-03T00:00:00.000000,2026-02-02T00:00:00.000000,50,0,0,100
LALPATHLAB,15,25255,2022-01-03T09:15:00.000000,2026-02-03T15:15:00.000000,25255,25255,2022-01-03T09:15:00.000000,2026-02-03T15:15:00.000000,50,0,0,100
NATIONALUM,1440,1015,2022-01-03T00:00:00.000000,2026-02-03T00:00:00.000000,1015,1015,2022-01-03T00:00:00.000000,2026-02-03T00:00:00.000000,50,0,0,100
CROMPTON,1440,1014,2022-01-03T00:00:00.000000,2026-02-02T00:00:00.000000,1014,1014,2022-01-03T00:00:00.000000,2026-02-02T00:00:00.000000,50,0,0,100
BANKINDIA,30,13149,2022-01-03T09:00:00.000000,2026-02-04T15:00:00.000000,13149,13149,2022-01-03T09:00:00.000000,2026-02-04T15:00:00.000000,50,0,0,100
HAVELLS,30,13123,2022-01-03T09:00:00.000000,2026-02-02T15:00:00.000000,13123,13123,2022-01-03T09:00:00.000000,2026-02-02T15:00:00.000000,50,0,0,100
GLENMARK,1,378799,2022-01-03T09:15:00.000000,2026-02-03T15:29:00.000000,378799,378799,2022-01-03T09:15:00.000000,2026-02-03T15:29:00.000000,50,0,0,100
AAVAS,1,379161,2022-01-03T09:15:00.000000,2026-02-04T15:29:00.000000,379161,379161,2022-01-03T09:15:00.000000,2026-02-04T15:29:00.000000,50,0,0,100
INDIGO,5,75764,2022-01-03T09:15:00.000000,2026-02-03T15:25:00.000000,75764,75764,2022-01-03T09:15:00.000000,2026-02-03T15:25:00.000000,50,0,0,100
IGL,1440,1015,2022-01-03T00:00:00.000000,2026-02-03T00:00:00.000000,1015,1015,2022-01-03T00:00:00.000000,2026-02-03T00:00:00.000000,50,0,0,100
POLYMED,10080,215,2021-12-27T00:00:00.000000,2026-02-02T00:00:00.000000,215,215,2021-12-27T00:00:00.000000,2026-02-02T00:00:00.000000,51,0,0,100
BIKAJI,10080,169,2022-11-14T00:00:00.000000,2026-02-02T00:00:00.000000,169,169,2022-11-14T00:00:00.000000,2026-02-02T00:00:00.000000,40,0,0,100
ACE,30,13136,2022-01-03T09:00:00.000000,2026-02-03T15:00:00.000000,13136,13136,2022-01-03T09:00:00.000000,2026-02-03T15:00:00.000000,50,0,0,100
FEDERALBNK,5,75764,2022-01-03T09:15:00.000000,2026-02-03T15:25:00.000000,75764,75764,2022-01-03T09:15:00.000000,2026-02-03T15:25:00.000000,50,0,0,100
PHOENIXLTD,15,25255,2022-01-03T09:15:00.000000,2026-02-03T15:15:00.000000,25255,25255,2022-01-03T09:15:00.000000,2026-02-03T15:15:00.000000,50,0,0,100
ZEEL,5,75764,2022-01-03T09:15:00.000000,2026-02-03T15:25:00.000000,75764,75764,2022-01-03T09:15:00.000000,2026-02-03T15:25:00.000000,50,0,0,100
JINDALSAW,3,126269,2022-01-03T09:15:00.000000,2026-02-03T15:27:00.000000,126269,126269,2022-01-03T09:15:00.000000,2026-02-03T15:27:00.000000,50,0,0,100
TIMKEN,10080,215,2021-12-27T00:00:00.000000,2026-02-02T00:00:00.000000,215,215,2021-12-27T00:00:00.000000,2026-02-02T00:00:00.000000,51,0,0,100
GLENMARK,5,75764,2022-01-03T09:15:00.000000,2026-02-03T15:25:00.000000,75764,75764,2022-01-03T09:15:00.000000,2026-02-03T15:25:00.000000,50,0,0,100
KALYANKJIL,3,36770,2024-12-02T09:15:00.000000,2026-02-05T15:27:00.000000,36770,36770,2024-12-02T09:15:00.000000,2026-02-05T15:27:00.000000,15,0,0,100
LTFOODS,1440,1017,2022-01-03T00:00:00.000000,2026-02-05T00:00:00.000000,1017,1017,2022-01-03T00:00:00.000000,2026-02-05T00:00:00.000000,50,0,0,100
PIIND,10080,215,2021-12-27T00:00:00.000000,2026-02-02T00:00:00.000000,215,215,2021-12-27T00:00:00.000000,2026-02-02T00:00:00.000000,51,0,0,100
DIXON,5,75764,2022-01-03T09:15:00.000000,2026-02-03T15:25:00.000000,75764,75764,2022-01-03T09:15:00.000000,2026-02-03T15:25:00.000000,50,0,0,100
IRCON,10080,215,2021-12-27T00:00:00.000000,2026-02-02T00:00:00.000000,215,215,2021-12-27T00:00:00.000000,2026-02-02T00:00:00.000000,51,0,0,100
SYNGENE,10080,215,2021-12-27T00:00:00.000000,2026-02-02T00:00:00.000000,215,215,2021-12-27T00:00:00.000000,2026-02-02T00:00:00.000000,51,0,0,100
GICRE,3,126390,2022-01-03T09:15:00.000000,2026-02-04T15:27:00.000000,126390,126390,2022-01-03T09:15:00.000000,2026-02-04T15:27:00.000000,50,0,0,100
360ONE,5,75828,2022-01-03T09:15:00.000000,2026-02-04T15:25:00.000000,75828,75828,2022-01-03T09:15:00.000000,2026-02-04T15:25:00.000000,50,0,0,100
GLAXO,30,13136,2022-01-03T09:00:00.000000,2026-02-03T15:00:00.000000,13136,13136,2022-01-03T09:00:00.000000,2026-02-03T15:00:00.000000,50,0,0,100
3MINDIA,3,36520,2024-12-02T09:15:00.000000,2026-02-03T15:27:00.000000,36520,36520,2024-12-02T09:15:00.000000,2026-02-03T15:27:00.000000,15,0,0,100
CYIENT,5,75763,2022-01-03T09:15:00.000000,2026-02-03T15:25:00.000000,75763,75763,2022-01-03T09:15:00.000000,2026-02-03T15:25:00.000000,50,0,0,100
EXIDEIND,60,7076,2022-01-03T09:00:00.000000,2026-02-03T15:00:00.000000,7076,7076,2022-01-03T09:00:00.000000,2026-02-03T15:00:00.000000,50,0,0,100
SOBHA,5,75762,2022-01-03T09:15:00.000000,2026-02-03T15:25:00.000000,75762,75762,2022-01-03T09:15:00.000000,2026-02-03T15:25:00.000000,50,0,0,100
NYKAA,60,7083,2022-01-03T09:00:00.000000,2026-02-04T15:00:00.000000,7083,7083,2022-01-03T09:00:00.000000,2026-02-04T15:00:00.000000,50,0,0,100
EICHERMOT,1440,1014,2022-01-03T00:00:00.000000,2026-02-02T00:00:00.000000,1014,1014,2022-01-03T00:00:00.000000,2026-02-02T00:00:00.000000,50,0,0,100
TATACHEM,3,126274,2022-01-03T09:15:00.000000,2026-02-03T15:27:00.000000,126274,126274,2022-01-03T09:15:00.000000,2026-02-03T15:27:00.000000,50,0,0,100
CUB,5,75839,2022-01-03T09:15:00.000000,2026-02-04T15:25:00.000000,75839,75839,2022-01-03T09:15:00.000000,2026-02-04T15:25:00.000000,50,0,0,100
IDFCFIRSTB,60,2046,2024-12-02T09:00:00.000000,2026-02-03T15:00:00.000000,2046,2046,2024-12-02T09:00:00.000000,2026-02-03T15:00:00.000000,15,0,0,100
MEDANTA,3,36520,2024-12-02T09:15:00.000000,2026-02-03T15:27:00.000000,36520,36520,2024-12-02T09:15:00.000000,2026-02-03T15:27:00.000000,15,0,0,100
CANBK,30,13123,2022-01-03T09:00:00.000000,2026-02-02T15:00:00.000000,13123,13123,2022-01-03T09:00:00.000000,2026-02-02T15:00:00.000000,50,0,0,100
TORNTPHARM,15,25230,2022-01-03T09:15:00.000000,2026-02-02T15:15:00.000000,25230,25230,2022-01-03T09:15:00.000000,2026-02-02T15:15:00.000000,50,0,0,100
ICICIBANK,3,126024,2022-01-03T09:15:00.000000,2026-02-01T15:27:00.000000,126024,126024,2022-01-03T09:15:00.000000,2026-02-01T15:27:00.000000,50,0,0,100
KAYNES,5,59549,2022-11-22T09:15:00.000000,2026-02-05T15:25:00.000000,59549,59549,2022-11-22T09:15:00.000000,2026-02-05T15:25:00.000000,40,0,0,100
SUNPHARMA,15,25230,2022-01-03T09:15:00.000000,2026-02-02T15:15:00.000000,25230,25230,2022-01-03T09:15:00.000000,2026-02-02T15:15:00.000000,50,0,0,100
TRENT,15,25230,2022-01-03T09:15:00.000000,2026-02-02T15:15:00.000000,25230,25230,2022-01-03T09:15:00.000000,2026-02-02T15:15:00.000000,50,0,0,100
FINPIPE,1,379128,2022-01-03T09:15:00.000000,2026-02-04T15:29:00.000000,379128,379128,2022-01-03T09:15:00.000000,2026-02-04T15:29:00.000000,50,0,0,100
APTUS,60,7076,2022-01-03T09:00:00.000000,2026-02-03T15:00:00.000000,7076,7076,2022-01-03T09:00:00.000000,2026-02-03T15:00:00.000000,50,0,0,100
ESCORTS,5,21912,2024-12-02T09:15:00.000000,2026-02-03T15:25:00.000000,21912,21912,2024-12-02T09:15:00.000000,2026-02-03T15:25:00.000000,15,0,0,100
NUVAMA,30,7569,2023-09-26T09:00:00.000000,2026-02-03T15:00:00.000000,7569,7569,2023-09-26T09:00:00.000000,2026-02-03T15:00:00.000000,30,0,0,100
MGL,30,13136,2022-01-03T09:00:00.000000,2026-02-03T15:00:00.000000,13136,13136,2022-01-03T09:00:00.000000,2026-02-03T15:00:00.000000,50,0,0,100
TATACOMM,15,25255,2022-01-03T09:15:00.000000,2026-02-03T15:15:00.000000,25255,25255,2022-01-03T09:15:00.000000,2026-02-03T15:15:00.000000,50,0,0,100
LTTS,1440,1015,2022-01-03T00:00:00.000000,2026-02-03T00:00:00.000000,1015,1015,2022-01-03T00:00:00.000000,2026-02-03T00:00:00.000000,50,0,0,100
GRASIM,1,378424,2022-01-03T09:15:00.000000,2026-02-02T15:29:00.000000,378424,378424,2022-01-03T09:15:00.000000,2026-02-02T15:29:00.000000,50,0,0,100
NTPC,30,13123,2022-01-03T09:00:00.000000,2026-02-02T15:00:00.000000,13123,13123,2022-01-03T09:00:00.000000,2026-02-02T15:00:00.000000,50,0,0,100
DLF,15,25230,2022-01-03T09:15:00.000000,2026-02-02T15:15:00.000000,25230,25230,2022-01-03T09:15:00.000000,2026-02-02T15:15:00.000000,50,0,0,100
ALOKINDS,60,7083,2022-01-03T09:00:00.000000,2026-02-04T15:00:00.000000,7083,7083,2022-01-03T09:00:00.000000,2026-02-04T15:00:00.000000,50,0,0,100
ANANDRATHI,10080,215,2021-12-27T00:00:00.000000,2026-02-02T00:00:00.000000,215,215,2021-12-27T00:00:00.000000,2026-02-02T00:00:00.000000,51,0,0,100
ACC,5,75689,2022-01-03T09:15:00.000000,2026-02-02T15:25:00.000000,75689,75689,2022-01-03T09:15:00.000000,2026-02-02T15:25:00.000000,50,0,0,100
CREDITACC,1,378772,2022-01-03T09:15:00.000000,2026-02-04T15:29:00.000000,378772,378772,2022-01-03T09:15:00.000000,2026-02-04T15:29:00.000000,50,0,0,100
ABREL,1440,1016,2022-01-03T00:00:00.000000,2026-02-04T00:00:00.000000,1016,1016,2022-01-03T00:00:00.000000,2026-02-04T00:00:00.000000,50,0,0,100
ITCHOTELS,60,1773,2025-01-29T09:00:00.000000,2026-02-05T15:00:00.000000,1773,1773,2025-01-29T09:00:00.000000,2026-02-05T15:00:00.000000,14,0,0,100
COLPAL,60,2039,2024-12-02T09:00:00.000000,2026-02-02T15:00:00.000000,2039,2039,2024-12-02T09:00:00.000000,2026-02-02T15:00:00.000000,15,0,0,100
ICICIBANK,5,75614,2022-01-03T09:15:00.000000,2026-02-01T15:25:00.000000,75614,75614,2022-01-03T09:15:00.000000,2026-02-01T15:25:00.000000,50,0,0,100
SONACOMS,1440,1015,2022-01-03T00:00:00.000000,2026-02-03T00:00:00.000000,1015,1015,2022-01-03T00:00:00.000000,2026-02-03T00:00:00.000000,50,0,0,100
NAVINFLUOR,10080,215,2021-12-27T00:00:00.000000,2026-02-02T00:00:00.000000,215,215,2021-12-27T00:00:00.000000,2026-02-02T00:00:00.000000,51,0,0,100
APTUS,30,13136,2022-01-03T09:00:00.000000,2026-02-03T15:00:00.000000,13136,13136,2022-01-03T09:00:00.000000,2026-02-03T15:00:00.000000,50,0,0,100
BANKINDIA,3,126394,2022-01-03T09:15:00.000000,2026-02-04T15:27:00.000000,126394,126394,2022-01-03T09:15:00.000000,2026-02-04T15:27:00.000000,50,0,0,100
CHENNPETRO,3,126392,2022-01-03T09:15:00.000000,2026-02-04T15:27:00.000000,126392,126392,2022-01-03T09:15:00.000000,2026-02-04T15:27:00.000000,50,0,0,100
NH,5,75913,2022-01-03T09:15:00.000000,2026-02-05T15:25:00.000000,75913,75913,2022-01-03T09:15:00.000000,2026-02-05T15:25:00.000000,50,0,0,100
MINDACORP,60,7090,2022-01-03T09:00:00.000000,2026-02-05T15:00:00.000000,7090,7090,2022-01-03T09:00:00.000000,2026-02-05T15:00:00.000000,50,0,0,100
HINDZINC,1440,1015,2022-01-03T00:00:00.000000,2026-02-03T00:00:00.000000,1015,1015,2022-01-03T00:00:00.000000,2026-02-03T00:00:00.000000,50,0,0,100
ETERNAL,15,25280,2022-01-03T09:15:00.000000,2026-02-04T15:15:00.000000,25280,25280,2022-01-03T09:15:00.000000,2026-02-04T15:15:00.000000,50,0,0,100
GRANULES,30,13136,2022-01-03T09:00:00.000000,2026-02-03T15:00:00.000000,13136,13136,2022-01-03T09:00:00.000000,2026-02-03T15:00:00.000000,50,0,0,100
NHPC,5,75688,2022-01-03T09:15:00.000000,2026-02-02T15:25:00.000000,75688,75688,2022-01-03T09:15:00.000000,2026-02-02T15:25:00.000000,50,0,0,100
LTIM,3,126148,2022-01-03T09:15:00.000000,2026-02-02T15:27:00.000000,126148,126148,2022-01-03T09:15:00.000000,2026-02-02T15:27:00.000000,50,0,0,100
ARE&M,10080,215,2021-12-27T00:00:00.000000,2026-02-02T00:00:00.000000,215,215,2021-12-27T00:00:00.000000,2026-02-02T00:00:00.000000,51,0,0,100
AWL,1440,920,2022-02-08T00:00:00.000000,2026-02-04T00:00:00.000000,920,920,2022-02-08T00:00:00.000000,2026-02-04T00:00:00.000000,49,0,0,100
HDFCAMC,5,75764,2022-01-03T09:15:00.000000,2026-02-03T15:25:00.000000,75764,75764,2022-01-03T09:15:00.000000,2026-02-03T15:25:00.000000,50,0,0,100
CHAMBLFERT,3,126274,2022-01-03T09:15:00.000000,2026-02-03T15:27:00.000000,126274,126274,2022-01-03T09:15:00.000000,2026-02-03T15:27:00.000000,50,0,0,100
COLPAL,15,7279,2024-12-02T09:15:00.000000,2026-02-02T15:15:00.000000,7279,7279,2024-12-02T09:15:00.000000,2026-02-02T15:15:00.000000,15,0,0,100
LTTS,3,126273,2022-01-03T09:15:00.000000,2026-02-03T15:27:00.000000,126273,126273,2022-01-03T09:15:00.000000,2026-02-03T15:27:00.000000,50,0,0,100
SKFINDIA,60,7075,2022-01-03T09:00:00.000000,2026-02-03T15:00:00.000000,7075,7075,2022-01-03T09:00:00.000000,2026-02-03T15:00:00.000000,50,0,0,100
BIOCON,1,378428,2022-01-03T09:15:00.000000,2026-02-02T15:29:00.000000,378428,378428,2022-01-03T09:15:00.000000,2026-02-02T15:29:00.000000,50,0,0,100
UCOBANK,15,25255,2022-01-03T09:15:00.000000,2026-02-03T15:15:00.000000,25255,25255,2022-01-03T09:15:00.000000,2026-02-03T15:15:00.000000,50,0,0,100
ADANIPORTS,1,378429,2022-01-03T09:15:00.000000,2026-02-02T15:29:00.000000,378429,378429,2022-01-03T09:15:00.000000,2026-02-02T15:29:00.000000,50,0,0,100
WELSPUNLIV,3,126267,2022-01-03T09:15:00.000000,2026-02-03T15:27:00.000000,126267,126267,2022-01-03T09:15:00.000000,2026-02-03T15:27:00.000000,50,0,0,100
INDUSTOWER,1,378424,2022-01-03T09:15:00.000000,2026-02-02T15:29:00.000000,378424,378424,2022-01-03T09:15:00.000000,2026-02-02T15:29:00.000000,50,0,0,100
TATASTEEL,30,13123,2022-01-03T09:00:00.000000,2026-02-02T15:00:00.000000,13123,13123,2022-01-03T09:00:00.000000,2026-02-02T15:00:00.000000,50,0,0,100
AKUMS,15,9308,2024-08-06T09:15:00.000000,2026-02-04T15:15:00.000000,9308,9308,2024-08-06T09:15:00.000000,2026-02-04T15:15:00.000000,19,0,0,100
GODREJAGRO,3,126387,2022-01-03T09:15:00.000000,2026-02-04T15:27:00.000000,126387,126387,2022-01-03T09:15:00.000000,2026-02-04T15:27:00.000000,50,0,0,100
IKS,3,35136,2024-12-19T09:42:00.000000,2026-02-05T15:27:00.000000,35136,35136,2024-12-19T09:42:00.000000,2026-02-05T15:27:00.000000,15,0,0,100
ZEEL,60,7076,2022-01-03T09:00:00.000000,2026-02-03T15:00:00.000000,7076,7076,2022-01-03T09:00:00.000000,2026-02-03T15:00:00.000000,50,0,0,100
BHARTIARTL,5,17036,2022-01-03T09:15:00.000000,2026-02-02T15:25:00.000000,17036,17036,2022-01-03T09:15:00.000000,2026-02-02T15:25:00.000000,50,0,0,100
ATHERENERG,5,14178,2025-05-06T10:00:00.000000,2026-02-04T15:25:00.000000,14178,14178,2025-05-06T10:00:00.000000,2026-02-04T15:25:00.000000,10,0,0,100
AUROPHARMA,15,25230,2022-01-03T09:15:00.000000,2026-02-02T15:15:00.000000,25230,25230,2022-01-03T09:15:00.000000,2026-02-02T15:15:00.000000,50,0,0,100
GODFRYPHLP,30,13136,2022-01-03T09:00:00.000000,2026-02-03T15:00:00.000000,13136,13136,2022-01-03T09:00:00.000000,2026-02-03T15:00:00.000000,50,0,0,100
MSUMI,15,23830,2022-03-28T09:15:00.000000,2026-02-03T15:15:00.000000,23830,23830,2022-03-28T09:15:00.000000,2026-02-03T15:15:00.000000,48,0,0,100
ADANIENSOL,30,13149,2022-01-03T09:00:00.000000,2026-02-04T15:00:00.000000,13149,13149,2022-01-03T09:00:00.000000,2026-02-04T15:00:00.000000,50,0,0,100
RVNL,60,7076,2022-01-03T09:00:00.000000,2026-02-03T15:00:00.000000,7076,7076,2022-01-03T09:00:00.000000,2026-02-03T15:00:00.000000,50,0,0,100
NCC,1,378798,2022-01-03T09:15:00.000000,2026-02-03T15:29:00.000000,378798,378798,2022-01-03T09:15:00.000000,2026-02-03T15:29:00.000000,50,0,0,100
WOCKPHARMA,1440,1015,2022-01-03T00:00:00.000000,2026-02-03T00:00:00.000000,1015,1015,2022-01-03T00:00:00.000000,2026-02-03T00:00:00.000000,50,0,0,100
AFCONS,30,4045,2024-11-04T09:30:00.000000,2026-02-04T15:00:00.000000,4045,4045,2024-11-04T09:30:00.000000,2026-02-04T15:00:00.000000,16,0,0,100
DEVYANI,5,75761,2022-01-03T09:15:00.000000,2026-02-03T15:25:00.000000,75761,75761,2022-01-03T09:15:00.000000,2026-02-03T15:25:00.000000,50,0,0,100
LICHSGFIN,15,25255,2022-01-03T09:15:00.000000,2026-02-03T15:15:00.000000,25255,25255,2022-01-03T09:15:00.000000,2026-02-03T15:15:00.000000,50,0,0,100
DIXON,1440,1015,2022-01-03T00:00:00.000000,2026-02-03T00:00:00.000000,1015,1015,2022-01-03T00:00:00.000000,2026-02-03T00:00:00.000000,50,0,0,100
GODREJAGRO,1440,1016,2022-01-03T00:00:00.000000,2026-02-04T00:00:00.000000,1016,1016,2022-01-03T00:00:00.000000,2026-02-04T00:00:00.000000,50,0,0,100
DEEPAKNTR,60,7069,2022-01-03T09:00:00.000000,2026-02-02T15:00:00.000000,7069,7069,2022-01-03T09:00:00.000000,2026-02-02T15:00:00.000000,50,0,0,100
VBL,60,2775,2024-07-01T09:00:00.000000,2026-02-03T15:00:00.000000,2775,2775,2024-07-01T09:00:00.000000,2026-02-03T15:00:00.000000,20,0,0,100
MANKIND,10080,144,2023-05-08T00:00:00.000000,2026-02-02T00:00:00.000000,144,144,2023-05-08T00:00:00.000000,2026-02-02T00:00:00.000000,34,0,0,100
PFC,15,25230,2022-01-03T09:15:00.000000,2026-02-02T15:15:00.000000,25230,25230,2022-01-03T09:15:00.000000,2026-02-02T15:15:00.000000,50,0,0,100
TATAINVEST,15,13951,2023-11-01T09:15:00.000000,2026-02-03T15:15:00.000000,13951,13951,2023-11-01T09:15:00.000000,2026-02-03T15:15:00.000000,28,0,0,100
JUBLINGREA,1,379500,2022-01-03T09:15:00.000000,2026-02-05T15:29:00.000000,379500,379500,2022-01-03T09:15:00.000000,2026-02-05T15:29:00.000000,50,0,0,100
TCS,10080,215,2021-12-27T00:00:00.000000,2026-02-02T00:00:00.000000,215,215,2021-12-27T00:00:00.000000,2026-02-02T00:00:00.000000,51,0,0,100
JPPOWER,10080,215,2021-12-27T00:00:00.000000,2026-02-02T00:00:00.000000,215,215,2021-12-27T00:00:00.000000,2026-02-02T00:00:00.000000,51,0,0,100
FIRSTCRY,30,4774,2024-08-13T10:00:00.000000,2026-02-04T15:00:00.000000,4774,4774,2024-08-13T10:00:00.000000,2026-02-04T15:00:00.000000,19,0,0,100
INOXWIND,1440,1017,2022-01-03T00:00:00.000000,2026-02-05T00:00:00.000000,1017,1017,2022-01-03T00:00:00.000000,2026-02-05T00:00:00.000000,50,0,0,100
BASF,1440,1015,2022-01-03T00:00:00.000000,2026-02-03T00:00:00.000000,1015,1015,2022-01-03T00:00:00.000000,2026-02-03T00:00:00.000000,50,0,0,100
FACT,1,377193,2022-01-03T09:15:00.000000,2026-02-04T15:29:00.000000,377193,377193,2022-01-03T09:15:00.000000,2026-02-04T15:29:00.000000,50,0,0,100
BEL,1440,1014,2022-01-03T00:00:00.000000,2026-02-02T00:00:00.000000,1014,1014,2022-01-03T00:00:00.000000,2026-02-02T00:00:00.000000,50,0,0,100
GRAVITA,30,13149,2022-01-03T09:00:00.000000,2026-02-04T15:00:00.000000,13149,13149,2022-01-03T09:00:00.000000,2026-02-04T15:00:00.000000,50,0,0,100
GODREJPROP,30,13136,2022-01-03T09:00:00.000000,2026-02-03T15:00:00.000000,13136,13136,2022-01-03T09:00:00.000000,2026-02-03T15:00:00.000000,50,0,0,100
DEEPAKNTR,30,13123,2022-01-03T09:00:00.000000,2026-02-02T15:00:00.000000,13123,13123,2022-01-03T09:00:00.000000,2026-02-02T15:00:00.000000,50,0,0,100
BHEL,10080,215,2021-12-27T00:00:00.000000,2026-02-02T00:00:00.000000,215,215,2021-12-27T00:00:00.000000,2026-02-02T00:00:00.000000,51,0,0,100
DIXON,30,13136,2022-01-03T09:00:00.000000,2026-02-03T15:00:00.000000,13136,13136,2022-01-03T09:00:00.000000,2026-02-03T15:00:00.000000,50,0,0,100
AFFLE,15,25255,2022-01-03T09:15:00.000000,2026-02-03T15:15:00.000000,25255,25255,2022-01-03T09:15:00.000000,2026-02-03T15:15:00.000000,50,0,0,100
BHARATFORG,3,126273,2022-01-03T09:15:00.000000,2026-02-03T15:27:00.000000,126273,126273,2022-01-03T09:15:00.000000,2026-02-03T15:27:00.000000,50,0,0,100
BSE,15,25255,2022-01-03T09:15:00.000000,2026-02-03T15:15:00.000000,25255,25255,2022-01-03T09:15:00.000000,2026-02-03T15:15:00.000000,50,0,0,100
BALRAMCHIN,10080,215,2021-12-27T00:00:00.000000,2026-02-02T00:00:00.000000,215,215,2021-12-27T00:00:00.000000,2026-02-02T00:00:00.000000,51,0,0,100
COROMANDEL,15,25230,2022-01-03T09:15:00.000000,2026-02-02T15:15:00.000000,25230,25230,2022-01-03T09:15:00.000000,2026-02-02T15:15:00.000000,50,0,0,100
INTELLECT,1,379539,2022-01-03T09:15:00.000000,2026-02-05T15:29:00.000000,379539,379539,2022-01-03T09:15:00.000000,2026-02-05T15:29:00.000000,50,0,0,100
EMCURE,1,146335,2024-07-10T09:15:00.000000,2026-02-04T15:29:00.000000,146335,146335,2024-07-10T09:15:00.000000,2026-02-04T15:29:00.000000,20,0,0,100
SIEMENS,10080,215,2021-12-27T00:00:00.000000,2026-02-02T00:00:00.000000,215,215,2021-12-27T00:00:00.000000,2026-02-02T00:00:00.000000,51,0,0,100
IRFC,1440,1015,2022-01-03T00:00:00.000000,2026-02-03T00:00:00.000000,1015,1015,2022-01-03T00:00:00.000000,2026-02-03T00:00:00.000000,50,0,0,100
CIPLA,15,25230,2022-01-03T09:15:00.000000,2026-02-02T15:15:00.000000,25230,25230,2022-01-03T09:15:00.000000,2026-02-02T15:15:00.000000,50,0,0,100
EICHERMOT,10080,215,2021-12-27T00:00:00.000000,2026-02-02T00:00:00.000000,215,215,2021-12-27T00:00:00.000000,2026-02-02T00:00:00.000000,51,0,0,100
GLAND,10080,215,2021-12-27T00:00:00.000000,2026-02-02T00:00:00.000000,215,215,2021-12-27T00:00:00.000000,2026-02-02T00:00:00.000000,51,0,0,100
BAJAJHFL,60,2411,2024-09-16T09:00:00.000000,2026-02-04T15:00:00.000000,2411,2411,2024-09-16T09:00:00.000000,2026-02-04T15:00:00.000000,18,0,0,100
ADANIENSOL,5,75838,2022-01-03T09:15:00.000000,2026-02-04T15:25:00.000000,75838,75838,2022-01-03T09:15:00.000000,2026-02-04T15:25:00.000000,50,0,0,100
YESBANK,1440,1015,2022-01-03T00:00:00.000000,2026-02-03T00:00:00.000000,1015,1015,2022-01-03T00:00:00.000000,2026-02-03T00:00:00.000000,50,0,0,100
MFSL,15,7304,2024-12-02T09:15:00.000000,2026-02-03T15:15:00.000000,7304,7304,2024-12-02T09:15:00.000000,2026-02-03T15:15:00.000000,15,0,0,100
ELECON,3,126392,2022-01-03T09:15:00.000000,2026-02-04T15:27:00.000000,126392,126392,2022-01-03T09:15:00.000000,2026-02-04T15:27:00.000000,50,0,0,100
ALOKINDS,10080,215,2021-12-27T00:00:00.000000,2026-02-02T00:00:00.000000,215,215,2021-12-27T00:00:00.000000,2026-02-02T00:00:00.000000,51,0,0,100
BHARTIARTL,1,85174,2022-01-03T09:15:00.000000,2026-02-02T15:29:00.000000,85174,85174,2022-01-03T09:15:00.000000,2026-02-02T15:29:00.000000,50,0,0,100
ELECON,1,379063,2022-01-03T09:15:00.000000,2026-02-04T15:29:00.000000,379063,379063,2022-01-03T09:15:00.000000,2026-02-04T15:29:00.000000,50,0,0,100
APOLLOTYRE,60,7083,2022-01-03T09:00:00.000000,2026-02-04T15:00:00.000000,7083,7083,2022-01-03T09:00:00.000000,2026-02-04T15:00:00.000000,50,0,0,100
DELHIVERY,60,6418,2022-05-24T09:00:00.000000,2026-02-04T15:00:00.000000,6418,6418,2022-05-24T09:00:00.000000,2026-02-04T15:00:00.000000,46,0,0,100
SBILIFE,10080,215,2021-12-27T00:00:00.000000,2026-02-02T00:00:00.000000,215,215,2021-12-27T00:00:00.000000,2026-02-02T00:00:00.000000,51,0,0,100
APLLTD,3,90377,2023-03-01T09:15:00.000000,2026-02-04T15:27:00.000000,90377,90377,2023-03-01T09:15:00.000000,2026-02-04T15:27:00.000000,36,0,0,100
BHARTIHEXA,10080,96,2024-04-08T00:00:00.000000,2026-02-02T00:00:00.000000,96,96,2024-04-08T00:00:00.000000,2026-02-02T00:00:00.000000,23,0,0,100
PETRONET,10080,215,2021-12-27T00:00:00.000000,2026-02-02T00:00:00.000000,215,215,2021-12-27T00:00:00.000000,2026-02-02T00:00:00.000000,51,0,0,100
ETERNAL,3,126392,2022-01-03T09:15:00.000000,2026-02-04T15:27:00.000000,126392,126392,2022-01-03T09:15:00.000000,2026-02-04T15:27:00.000000,50,0,0,100
POWERGRID,30,3786,2024-12-02T09:00:00.000000,2026-02-02T15:00:00.000000,3786,3786,2024-12-02T09:00:00.000000,2026-02-02T15:00:00.000000,15,0,0,100
RADICO,3,126267,2022-01-03T09:15:00.000000,2026-02-03T15:27:00.000000,126267,126267,2022-01-03T09:15:00.000000,2026-02-03T15:27:00.000000,50,0,0,100
ALKEM,3,126149,2022-01-03T09:15:00.000000,2026-02-02T15:27:00.000000,126149,126149,2022-01-03T09:15:00.000000,2026-02-02T15:27:00.000000,50,0,0,100
HINDCOPPER,1440,1015,2022-01-03T00:00:00.000000,2026-02-03T00:00:00.000000,1015,1015,2022-01-03T00:00:00.000000,2026-02-03T00:00:00.000000,50,0,0,100
LTF,3,126273,2022-01-03T09:15:00.000000,2026-02-03T15:27:00.000000,126273,126273,2022-01-03T09:15:00.000000,2026-02-03T15:27:00.000000,50,0,0,100
MARUTI,30,13123,2022-01-03T09:00:00.000000,2026-02-02T15:00:00.000000,13123,13123,2022-01-03T09:00:00.000000,2026-02-02T15:00:00.000000,50,0,0,100
INDUSINDBK,15,7279,2024-12-02T09:15:00.000000,2026-02-02T15:15:00.000000,7279,7279,2024-12-02T09:15:00.000000,2026-02-02T15:15:00.000000,15,0,0,100
LT,1,378803,2022-01-03T09:15:00.000000,2026-02-03T15:29:00.000000,378803,378803,2022-01-03T09:15:00.000000,2026-02-03T15:29:00.000000,50,0,0,100
CROMPTON,60,7069,2022-01-03T09:00:00.000000,2026-02-02T15:00:00.000000,7069,7069,2022-01-03T09:00:00.000000,2026-02-02T15:00:00.000000,50,0,0,100
TIINDIA,1440,1015,2022-01-03T00:00:00.000000,2026-02-03T00:00:00.000000,1015,1015,2022-01-03T00:00:00.000000,2026-02-03T00:00:00.000000,50,0,0,100
TCS,30,13162,2022-01-03T09:00:00.000000,2026-02-05T15:00:00.000000,13162,13162,2022-01-03T09:00:00.000000,2026-02-05T15:00:00.000000,50,0,0,100
SBILIFE,3,126149,2022-01-03T09:15:00.000000,2026-02-02T15:27:00.000000,126149,126149,2022-01-03T09:15:00.000000,2026-02-02T15:27:00.000000,50,0,0,100
ALOKINDS,15,25280,2022-01-03T09:15:00.000000,2026-02-04T15:15:00.000000,25280,25280,2022-01-03T09:15:00.000000,2026-02-04T15:15:00.000000,50,0,0,100
INDUSTOWER,3,126149,2022-01-03T09:15:00.000000,2026-02-02T15:27:00.000000,126149,126149,2022-01-03T09:15:00.000000,2026-02-02T15:27:00.000000,50,0,0,100
HDFCAMC,3,126274,2022-01-03T09:15:00.000000,2026-02-03T15:27:00.000000,126274,126274,2022-01-03T09:15:00.000000,2026-02-03T15:27:00.000000,50,0,0,100
PRAJIND,10080,215,2021-12-27T00:00:00.000000,2026-02-02T00:00:00.000000,215,215,2021-12-27T00:00:00.000000,2026-02-02T00:00:00.000000,51,0,0,100
BDL,5,75763,2022-01-03T09:15:00.000000,2026-02-03T15:25:00.000000,75763,75763,2022-01-03T09:15:00.000000,2026-02-03T15:25:00.000000,50,0,0,100
MSUMI,1440,958,2022-03-28T00:00:00.000000,2026-02-03T00:00:00.000000,958,958,2022-03-28T00:00:00.000000,2026-02-03T00:00:00.000000,48,0,0,100
SHRIRAMFIN,30,13123,2022-01-03T09:00:00.000000,2026-02-02T15:00:00.000000,13123,13123,2022-01-03T09:00:00.000000,2026-02-02T15:00:00.000000,50,0,0,100
SYNGENE,1440,1015,2022-01-03T00:00:00.000000,2026-02-03T00:00:00.000000,1015,1015,2022-01-03T00:00:00.000000,2026-02-03T00:00:00.000000,50,0,0,100
TITAN,10080,215,2021-12-27T00:00:00.000000,2026-02-02T00:00:00.000000,215,215,2021-12-27T00:00:00.000000,2026-02-02T00:00:00.000000,51,0,0,100
ASTRAZEN,10080,215,2021-12-27T00:00:00.000000,2026-02-02T00:00:00.000000,215,215,2021-12-27T00:00:00.000000,2026-02-02T00:00:00.000000,51,0,0,100
PVRINOX,1440,1015,2022-01-03T00:00:00.000000,2026-02-03T00:00:00.000000,1015,1015,2022-01-03T00:00:00.000000,2026-02-03T00:00:00.000000,50,0,0,100
SCHAEFFLER,5,21912,2024-12-02T09:15:00.000000,2026-02-03T15:25:00.000000,21912,21912,2024-12-02T09:15:00.000000,2026-02-03T15:25:00.000000,15,0,0,100
UNIONBANK,10080,215,2021-12-27T00:00:00.000000,2026-02-02T00:00:00.000000,215,215,2021-12-27T00:00:00.000000,2026-02-02T00:00:00.000000,51,0,0,100
DEVYANI,1,378791,2022-01-03T09:15:00.000000,2026-02-03T15:29:00.000000,378791,378791,2022-01-03T09:15:00.000000,2026-02-03T15:29:00.000000,50,0,0,100
JKCEMENT,1,146669,2022-01-03T09:15:00.000000,2023-08-01T15:29:00.000000,146669,146669,2022-01-03T09:15:00.000000,2023-08-01T15:29:00.000000,20,0,0,100
TORNTPHARM,1440,1014,2022-01-03T00:00:00.000000,2026-02-02T00:00:00.000000,1014,1014,2022-01-03T00:00:00.000000,2026-02-02T00:00:00.000000,50,0,0,100
PRAJIND,15,25255,2022-01-03T09:15:00.000000,2026-02-03T15:15:00.000000,25255,25255,2022-01-03T09:15:00.000000,2026-02-03T15:15:00.000000,50,0,0,100
BDL,30,13136,2022-01-03T09:00:00.000000,2026-02-03T15:00:00.000000,13136,13136,2022-01-03T09:00:00.000000,2026-02-03T15:00:00.000000,50,0,0,100
IKS,60,1969,2024-12-19T09:00:00.000000,2026-02-05T15:00:00.000000,1969,1969,2024-12-19T09:00:00.000000,2026-02-05T15:00:00.000000,15,0,0,100
CREDITACC,5,75838,2022-01-03T09:15:00.000000,2026-02-04T15:25:00.000000,75838,75838,2022-01-03T09:15:00.000000,2026-02-04T15:25:00.000000,50,0,0,100
GAIL,3,126149,2022-01-03T09:15:00.000000,2026-02-02T15:27:00.000000,126149,126149,2022-01-03T09:15:00.000000,2026-02-02T15:27:00.000000,50,0,0,100
ABSLAMC,30,13149,2022-01-03T09:00:00.000000,2026-02-04T15:00:00.000000,13149,13149,2022-01-03T09:00:00.000000,2026-02-04T15:00:00.000000,50,0,0,100
ADANIPORTS,5,75689,2022-01-03T09:15:00.000000,2026-02-02T15:25:00.000000,75689,75689,2022-01-03T09:15:00.000000,2026-02-02T15:25:00.000000,50,0,0,100
RELIANCE,5,75905,2022-01-03T09:15:00.000000,2026-02-05T15:25:00.000000,75905,75905,2022-01-03T09:15:00.000000,2026-02-05T15:25:00.000000,50,0,0,100
MARICO,60,7069,2022-01-03T09:00:00.000000,2026-02-02T15:00:00.000000,7069,7069,2022-01-03T09:00:00.000000,2026-02-02T15:00:00.000000,50,0,0,100
CERA,30,13149,2022-01-03T09:00:00.000000,2026-02-04T15:00:00.000000,13149,13149,2022-01-03T09:00:00.000000,2026-02-04T15:00:00.000000,50,0,0,100
KALYANKJIL,10080,215,2021-12-27T00:00:00.000000,2026-02-02T00:00:00.000000,215,215,2021-12-27T00:00:00.000000,2026-02-02T00:00:00.000000,51,0,0,100
GPIL,1,378672,2022-01-03T09:15:00.000000,2026-02-03T15:29:00.000000,378672,378672,2022-01-03T09:15:00.000000,2026-02-03T15:29:00.000000,50,0,0,100
HUDCO,60,7076,2022-01-03T09:00:00.000000,2026-02-03T15:00:00.000000,7076,7076,2022-01-03T09:00:00.000000,2026-02-03T15:00:00.000000,50,0,0,100
WOCKPHARMA,1,378675,2022-01-03T09:15:00.000000,2026-02-03T15:29:00.000000,378675,378675,2022-01-03T09:15:00.000000,2026-02-03T15:29:00.000000,50,0,0,100
GODREJAGRO,1,377681,2022-01-03T09:15:00.000000,2026-02-04T15:29:00.000000,377681,377681,2022-01-03T09:15:00.000000,2026-02-04T15:29:00.000000,50,0,0,100
KPITTECH,15,25255,2022-01-03T09:15:00.000000,2026-02-03T15:15:00.000000,25255,25255,2022-01-03T09:15:00.000000,2026-02-03T15:15:00.000000,50,0,0,100
AARTIIND,60,7083,2022-01-03T09:00:00.000000,2026-02-04T15:00:00.000000,7083,7083,2022-01-03T09:00:00.000000,2026-02-04T15:00:00.000000,50,0,0,100
PVRINOX,3,36520,2024-12-02T09:15:00.000000,2026-02-03T15:27:00.000000,36520,36520,2024-12-02T09:15:00.000000,2026-02-03T15:27:00.000000,15,0,0,100
BAYERCROP,3,126224,2022-01-03T09:15:00.000000,2026-02-03T15:27:00.000000,126224,126224,2022-01-03T09:15:00.000000,2026-02-03T15:27:00.000000,50,0,0,100
CENTRALBK,1440,1015,2022-01-03T00:00:00.000000,2026-02-03T00:00:00.000000,1015,1015,2022-01-03T00:00:00.000000,2026-02-03T00:00:00.000000,50,0,0,100
GVT&D,5,75672,2022-01-03T09:15:00.000000,2026-02-04T15:25:00.000000,75672,75672,2022-01-03T09:15:00.000000,2026-02-04T15:25:00.000000,50,0,0,100
POONAWALLA,15,25255,2022-01-03T09:15:00.000000,2026-02-03T15:15:00.000000,25255,25255,2022-01-03T09:15:00.000000,2026-02-03T15:15:00.000000,50,0,0,100
INDIANB,30,13136,2022-01-03T09:00:00.000000,2026-02-03T15:00:00.000000,13136,13136,2022-01-03T09:00:00.000000,2026-02-03T15:00:00.000000,50,0,0,100
INDUSTOWER,30,13123,2022-01-03T09:00:00.000000,2026-02-02T15:00:00.000000,13123,13123,2022-01-03T09:00:00.000000,2026-02-02T15:00:00.000000,50,0,0,100
JSWINFRA,10080,123,2023-10-02T00:00:00.000000,2026-02-02T00:00:00.000000,123,123,2023-10-02T00:00:00.000000,2026-02-02T00:00:00.000000,29,0,0,100
COALINDIA,15,25230,2022-01-03T09:15:00.000000,2026-02-02T15:15:00.000000,25230,25230,2022-01-03T09:15:00.000000,2026-02-02T15:15:00.000000,50,0,0,100
MMTC,60,7076,2022-01-03T09:00:00.000000,2026-02-03T15:00:00.000000,7076,7076,2022-01-03T09:00:00.000000,2026-02-03T15:00:00.000000,50,0,0,100
UPL,1440,1015,2022-01-03T00:00:00.000000,2026-02-03T00:00:00.000000,1015,1015,2022-01-03T00:00:00.000000,2026-02-03T00:00:00.000000,50,0,0,100
CHOLAFIN,3,126149,2022-01-03T09:15:00.000000,2026-02-02T15:27:00.000000,126149,126149,2022-01-03T09:15:00.000000,2026-02-02T15:27:00.000000,50,0,0,100
ETERNAL,30,13149,2022-01-03T09:00:00.000000,2026-02-04T15:00:00.000000,13149,13149,2022-01-03T09:00:00.000000,2026-02-04T15:00:00.000000,50,0,0,100
AEGISLOG,60,7083,2022-01-03T09:00:00.000000,2026-02-04T15:00:00.000000,7083,7083,2022-01-03T09:00:00.000000,2026-02-04T15:00:00.000000,50,0,0,100
JINDALSAW,15,25255,2022-01-03T09:15:00.000000,2026-02-03T15:15:00.000000,25255,25255,2022-01-03T09:15:00.000000,2026-02-03T15:15:00.000000,50,0,0,100
NUVAMA,3,72746,2023-09-26T09:15:00.000000,2026-02-03T15:27:00.000000,72746,72746,2023-09-26T09:15:00.000000,2026-02-03T15:27:00.000000,30,0,0,100
360ONE,60,7083,2022-01-03T09:00:00.000000,2026-02-04T15:00:00.000000,7083,7083,2022-01-03T09:00:00.000000,2026-02-04T15:00:00.000000,50,0,0,100
POWERGRID,1440,1014,2022-01-03T00:00:00.000000,2026-02-02T00:00:00.000000,1014,1014,2022-01-03T00:00:00.000000,2026-02-02T00:00:00.000000,50,0,0,100
TRITURBINE,30,13136,2022-01-03T09:00:00.000000,2026-02-03T15:00:00.000000,13136,13136,2022-01-03T09:00:00.000000,2026-02-03T15:00:00.000000,50,0,0,100
RADICO,15,25255,2022-01-03T09:15:00.000000,2026-02-03T15:15:00.000000,25255,25255,2022-01-03T09:15:00.000000,2026-02-03T15:15:00.000000,50,0,0,100
ENGINERSIN,30,3799,2024-12-02T09:00:00.000000,2026-02-03T15:00:00.000000,3799,3799,2024-12-02T09:00:00.000000,2026-02-03T15:00:00.000000,15,0,0,100
LT,30,13136,2022-01-03T09:00:00.000000,2026-02-03T15:00:00.000000,13136,13136,2022-01-03T09:00:00.000000,2026-02-03T15:00:00.000000,50,0,0,100
ABB,30,13123,2022-01-03T09:00:00.000000,2026-02-02T15:00:00.000000,13123,13123,2022-01-03T09:00:00.000000,2026-02-02T15:00:00.000000,50,0,0,100
MOTILALOFS,3,71687,2022-01-03T09:15:00.000000,2024-04-30T15:27:00.000000,71687,71687,2022-01-03T09:15:00.000000,2024-04-30T15:27:00.000000,28,0,0,100
HDFCBANK,5,75614,2022-01-03T09:15:00.000000,2026-02-01T15:25:00.000000,75614,75614,2022-01-03T09:15:00.000000,2026-02-01T15:25:00.000000,50,0,0,100
TORNTPOWER,5,75764,2022-01-03T09:15:00.000000,2026-02-03T15:25:00.000000,75764,75764,2022-01-03T09:15:00.000000,2026-02-03T15:25:00.000000,50,0,0,100
ABBOTINDIA,5,75839,2022-01-03T09:15:00.000000,2026-02-04T15:25:00.000000,75839,75839,2022-01-03T09:15:00.000000,2026-02-04T15:25:00.000000,50,0,0,100
TECHNOE,10080,215,2021-12-27T00:00:00.000000,2026-02-02T00:00:00.000000,215,215,2021-12-27T00:00:00.000000,2026-02-02T00:00:00.000000,51,0,0,100
GRAVITA,60,7083,2022-01-03T09:00:00.000000,2026-02-04T15:00:00.000000,7083,7083,2022-01-03T09:00:00.000000,2026-02-04T15:00:00.000000,50,0,0,100
JMFINANCIL,3,126265,2022-01-03T09:15:00.000000,2026-02-03T15:27:00.000000,126265,126265,2022-01-03T09:15:00.000000,2026-02-03T15:27:00.000000,50,0,0,100
CDSL,5,75763,2022-01-03T09:15:00.000000,2026-02-03T15:25:00.000000,75763,75763,2022-01-03T09:15:00.000000,2026-02-03T15:25:00.000000,50,0,0,100
CREDITACC,10080,215,2021-12-27T00:00:00.000000,2026-02-02T00:00:00.000000,215,215,2021-12-27T00:00:00.000000,2026-02-02T00:00:00.000000,51,0,0,100
MRPL,60,7076,2022-01-03T09:00:00.000000,2026-02-03T15:00:00.000000,7076,7076,2022-01-03T09:00:00.000000,2026-02-03T15:00:00.000000,50,0,0,100
ASHOKLEY,60,7069,2022-01-03T09:00:00.000000,2026-02-02T15:00:00.000000,7069,7069,2022-01-03T09:00:00.000000,2026-02-02T15:00:00.000000,50,0,0,100
UCOBANK,5,75762,2022-01-03T09:15:00.000000,2026-02-03T15:25:00.000000,75762,75762,2022-01-03T09:15:00.000000,2026-02-03T15:25:00.000000,50,0,0,100
CERA,15,25280,2022-01-03T09:15:00.000000,2026-02-04T15:15:00.000000,25280,25280,2022-01-03T09:15:00.000000,2026-02-04T15:15:00.000000,50,0,0,100
IRCTC,15,25255,2022-01-03T09:15:00.000000,2026-02-03T15:15:00.000000,25255,25255,2022-01-03T09:15:00.000000,2026-02-03T15:15:00.000000,50,0,0,100
JUBLPHARMA,30,13162,2022-01-03T09:00:00.000000,2026-02-05T15:00:00.000000,13162,13162,2022-01-03T09:00:00.000000,2026-02-05T15:00:00.000000,50,0,0,100
CRISIL,30,13136,2022-01-03T09:00:00.000000,2026-02-03T15:00:00.000000,13136,13136,2022-01-03T09:00:00.000000,2026-02-03T15:00:00.000000,50,0,0,100
KEC,30,13136,2022-01-03T09:00:00.000000,2026-02-03T15:00:00.000000,13136,13136,2022-01-03T09:00:00.000000,2026-02-03T15:00:00.000000,50,0,0,100
ADANIGREEN,1440,1014,2022-01-03T00:00:00.000000,2026-02-02T00:00:00.000000,1014,1014,2022-01-03T00:00:00.000000,2026-02-02T00:00:00.000000,50,0,0,100
BAYERCROP,60,7076,2022-01-03T09:00:00.000000,2026-02-03T15:00:00.000000,7076,7076,2022-01-03T09:00:00.000000,2026-02-03T15:00:00.000000,50,0,0,100
JINDALSTEL,10080,215,2021-12-27T00:00:00.000000,2026-02-02T00:00:00.000000,215,215,2021-12-27T00:00:00.000000,2026-02-02T00:00:00.000000,51,0,0,100
KIRLOSBROS,1440,1017,2022-01-03T00:00:00.000000,2026-02-05T00:00:00.000000,1017,1017,2022-01-03T00:00:00.000000,2026-02-05T00:00:00.000000,50,0,0,100
VEDL,3,126149,2022-01-03T09:15:00.000000,2026-02-02T15:27:00.000000,126149,126149,2022-01-03T09:15:00.000000,2026-02-02T15:27:00.000000,50,0,0,100
HDFCBANK,30,13110,2022-01-03T09:00:00.000000,2026-02-01T15:00:00.000000,13110,13110,2022-01-03T09:00:00.000000,2026-02-01T15:00:00.000000,50,0,0,100
WHIRLPOOL,1440,1015,2022-01-03T00:00:00.000000,2026-02-03T00:00:00.000000,1015,1015,2022-01-03T00:00:00.000000,2026-02-03T00:00:00.000000,50,0,0,100
HUDCO,5,75761,2022-01-03T09:15:00.000000,2026-02-03T15:25:00.000000,75761,75761,2022-01-03T09:15:00.000000,2026-02-03T15:25:00.000000,50,0,0,100
HONASA,60,3889,2023-11-07T09:00:00.000000,2026-02-04T15:00:00.000000,3889,3889,2023-11-07T09:00:00.000000,2026-02-04T15:00:00.000000,28,0,0,100
JINDALSTEL,60,2039,2024-12-02T09:00:00.000000,2026-02-02T15:00:00.000000,2039,2039,2024-12-02T09:00:00.000000,2026-02-02T15:00:00.000000,15,0,0,100
INDIANB,3,126267,2022-01-03T09:15:00.000000,2026-02-03T15:27:00.000000,126267,126267,2022-01-03T09:15:00.000000,2026-02-03T15:27:00.000000,50,0,0,100
TECHNOE,30,13136,2022-01-03T09:00:00.000000,2026-02-03T15:00:00.000000,13136,13136,2022-01-03T09:00:00.000000,2026-02-03T15:00:00.000000,50,0,0,100
CENTURYPLY,1,378324,2022-01-03T09:15:00.000000,2026-02-03T15:29:00.000000,378324,378324,2022-01-03T09:15:00.000000,2026-02-03T15:29:00.000000,50,0,0,100
TRIDENT,15,25255,2022-01-03T09:15:00.000000,2026-02-03T15:15:00.000000,25255,25255,2022-01-03T09:15:00.000000,2026-02-03T15:15:00.000000,50,0,0,100
CASTROLIND,5,75763,2022-01-03T09:15:00.000000,2026-02-03T15:25:00.000000,75763,75763,2022-01-03T09:15:00.000000,2026-02-03T15:25:00.000000,50,0,0,100
IOC,1440,1015,2022-01-03T00:00:00.000000,2026-02-03T00:00:00.000000,1015,1015,2022-01-03T00:00:00.000000,2026-02-03T00:00:00.000000,50,0,0,100
TORNTPOWER,30,13136,2022-01-03T09:00:00.000000,2026-02-03T15:00:00.000000,13136,13136,2022-01-03T09:00:00.000000,2026-02-03T15:00:00.000000,50,0,0,100
BAJFINANCE,1,378428,2022-01-03T09:15:00.000000,2026-02-02T15:29:00.000000,378428,378428,2022-01-03T09:15:00.000000,2026-02-02T15:29:00.000000,50,0,0,100
IRFC,10080,215,2021-12-27T00:00:00.000000,2026-02-02T00:00:00.000000,215,215,2021-12-27T00:00:00.000000,2026-02-02T00:00:00.000000,51,0,0,100
CUMMINSIND,15,25255,2022-01-03T09:15:00.000000,2026-02-03T15:15:00.000000,25255,25255,2022-01-03T09:15:00.000000,2026-02-03T15:15:00.000000,50,0,0,100
INDIAMART,1440,1015,2022-01-03T00:00:00.000000,2026-02-03T00:00:00.000000,1015,1015,2022-01-03T00:00:00.000000,2026-02-03T00:00:00.000000,50,0,0,100
INDIACEM,15,25255,2022-01-03T09:15:00.000000,2026-02-03T15:15:00.000000,25255,25255,2022-01-03T09:15:00.000000,2026-02-03T15:15:00.000000,50,0,0,100
UNIONBANK,15,25255,2022-01-03T09:15:00.000000,2026-02-03T15:15:00.000000,25255,25255,2022-01-03T09:15:00.000000,2026-02-03T15:15:00.000000,50,0,0,100
AJANTPHARM,60,7076,2022-01-03T09:00:00.000000,2026-02-03T15:00:00.000000,7076,7076,2022-01-03T09:00:00.000000,2026-02-03T15:00:00.000000,50,0,0,100
AXISBANK,1440,1014,2022-01-03T00:00:00.000000,2026-02-02T00:00:00.000000,1014,1014,2022-01-03T00:00:00.000000,2026-02-02T00:00:00.000000,50,0,0,100
ENGINERSIN,60,2046,2024-12-02T09:00:00.000000,2026-02-03T15:00:00.000000,2046,2046,2024-12-02T09:00:00.000000,2026-02-03T15:00:00.000000,15,0,0,100
MAXHEALTH,10080,215,2021-12-27T00:00:00.000000,2026-02-02T00:00:00.000000,215,215,2021-12-27T00:00:00.000000,2026-02-02T00:00:00.000000,51,0,0,100
DRREDDY,30,13123,2022-01-03T09:00:00.000000,2026-02-02T15:00:00.000000,13123,13123,2022-01-03T09:00:00.000000,2026-02-02T15:00:00.000000,50,0,0,100
MSUMI,10080,202,2022-03-28T00:00:00.000000,2026-02-02T00:00:00.000000,202,202,2022-03-28T00:00:00.000000,2026-02-02T00:00:00.000000,48,0,0,100
SUPREMEIND,3,126265,2022-01-03T09:15:00.000000,2026-02-03T15:27:00.000000,126265,126265,2022-01-03T09:15:00.000000,2026-02-03T15:27:00.000000,50,0,0,100
BAJAJHLDNG,5,21912,2024-12-02T09:15:00.000000,2026-02-03T15:25:00.000000,21912,21912,2024-12-02T09:15:00.000000,2026-02-03T15:25:00.000000,15,0,0,100
FINCABLES,15,25255,2022-01-03T09:15:00.000000,2026-02-03T15:15:00.000000,25255,25255,2022-01-03T09:15:00.000000,2026-02-03T15:15:00.000000,50,0,0,100
DCMSHRIRAM,3,126227,2022-01-03T09:15:00.000000,2026-02-03T15:27:00.000000,126227,126227,2022-01-03T09:15:00.000000,2026-02-03T15:27:00.000000,50,0,0,100
CANBK,60,7069,2022-01-03T09:00:00.000000,2026-02-02T15:00:00.000000,7069,7069,2022-01-03T09:00:00.000000,2026-02-02T15:00:00.000000,50,0,0,100
BANDHANBNK,15,25230,2022-01-03T09:15:00.000000,2026-02-02T15:15:00.000000,25230,25230,2022-01-03T09:15:00.000000,2026-02-02T15:15:00.000000,50,0,0,100
VBL,1,148620,2024-07-01T09:15:00.000000,2026-02-03T15:29:00.000000,148620,148620,2024-07-01T09:15:00.000000,2026-02-03T15:29:00.000000,20,0,0,100
BANKINDIA,5,75838,2022-01-03T09:15:00.000000,2026-02-04T15:25:00.000000,75838,75838,2022-01-03T09:15:00.000000,2026-02-04T15:25:00.000000,50,0,0,100
BLS,5,75837,2022-01-03T09:15:00.000000,2026-02-04T15:25:00.000000,75837,75837,2022-01-03T09:15:00.000000,2026-02-04T15:25:00.000000,50,0,0,100
HFCL,1440,1016,2022-01-03T00:00:00.000000,2026-02-04T00:00:00.000000,1016,1016,2022-01-03T00:00:00.000000,2026-02-04T00:00:00.000000,50,0,0,100
AAVAS,15,25280,2022-01-03T09:15:00.000000,2026-02-04T15:15:00.000000,25280,25280,2022-01-03T09:15:00.000000,2026-02-04T15:15:00.000000,50,0,0,100
VBL,30,5153,2024-07-01T09:00:00.000000,2026-02-03T15:00:00.000000,5153,5153,2024-07-01T09:00:00.000000,2026-02-03T15:00:00.000000,20,0,0,100
DIVISLAB,10080,215,2021-12-27T00:00:00.000000,2026-02-02T00:00:00.000000,215,215,2021-12-27T00:00:00.000000,2026-02-02T00:00:00.000000,51,0,0,100
M&MFIN,60,7090,2022-01-03T09:00:00.000000,2026-02-05T15:00:00.000000,7090,7090,2022-01-03T09:00:00.000000,2026-02-05T15:00:00.000000,50,0,0,100
ANANDRATHI,3,126256,2022-01-03T09:15:00.000000,2026-02-04T15:27:00.000000,126256,126256,2022-01-03T09:15:00.000000,2026-02-04T15:27:00.000000,50,0,0,100
LATENTVIEW,1,378779,2022-01-03T09:15:00.000000,2026-02-03T15:29:00.000000,378779,378779,2022-01-03T09:15:00.000000,2026-02-03T15:29:00.000000,50,0,0,100
JKCEMENT,3,48894,2022-01-03T09:15:00.000000,2023-08-01T15:27:00.000000,48894,48894,2022-01-03T09:15:00.000000,2023-08-01T15:27:00.000000,20,0,0,100
BAYERCROP,5,75759,2022-01-03T09:15:00.000000,2026-02-03T15:25:00.000000,75759,75759,2022-01-03T09:15:00.000000,2026-02-03T15:25:00.000000,50,0,0,100
BERGEPAINT,10080,215,2021-12-27T00:00:00.000000,2026-02-02T00:00:00.000000,215,215,2021-12-27T00:00:00.000000,2026-02-02T00:00:00.000000,51,0,0,100
AEGISVOPAK,60,1191,2025-06-02T10:00:00.000000,2026-02-04T15:00:00.000000,1191,1191,2025-06-02T10:00:00.000000,2026-02-04T15:00:00.000000,9,0,0,100
CROMPTON,3,126149,2022-01-03T09:15:00.000000,2026-02-02T15:27:00.000000,126149,126149,2022-01-03T09:15:00.000000,2026-02-02T15:27:00.000000,50,0,0,100
ABSLAMC,1440,1016,2022-01-03T00:00:00.000000,2026-02-04T00:00:00.000000,1016,1016,2022-01-03T00:00:00.000000,2026-02-04T00:00:00.000000,50,0,0,100
ACMESOLAR,30,3954,2024-11-13T09:30:00.000000,2026-02-04T15:00:00.000000,3954,3954,2024-11-13T09:30:00.000000,2026-02-04T15:00:00.000000,16,0,0,100
CIPLA,30,13123,2022-01-03T09:00:00.000000,2026-02-02T15:00:00.000000,13123,13123,2022-01-03T09:00:00.000000,2026-02-02T15:00:00.000000,50,0,0,100
FIRSTCRY,1440,369,2024-08-13T00:00:00.000000,2026-02-04T00:00:00.000000,369,369,2024-08-13T00:00:00.000000,2026-02-04T00:00:00.000000,19,0,0,100
EIDPARRY,1,379054,2022-01-03T09:15:00.000000,2026-02-04T15:29:00.000000,379054,379054,2022-01-03T09:15:00.000000,2026-02-04T15:29:00.000000,50,0,0,100
LTTS,60,7076,2022-01-03T09:00:00.000000,2026-02-03T15:00:00.000000,7076,7076,2022-01-03T09:00:00.000000,2026-02-03T15:00:00.000000,50,0,0,100
CHALET,15,7329,2024-12-02T09:15:00.000000,2026-02-04T15:15:00.000000,7329,7329,2024-12-02T09:15:00.000000,2026-02-04T15:15:00.000000,15,0,0,100
KPRMILL,10080,215,2021-12-27T00:00:00.000000,2026-02-02T00:00:00.000000,215,215,2021-12-27T00:00:00.000000,2026-02-02T00:00:00.000000,51,0,0,100
APOLLOTYRE,3,126399,2022-01-03T09:15:00.000000,2026-02-04T15:27:00.000000,126399,126399,2022-01-03T09:15:00.000000,2026-02-04T15:27:00.000000,50,0,0,100
BANKBARODA,1440,1014,2022-01-03T00:00:00.000000,2026-02-02T00:00:00.000000,1014,1014,2022-01-03T00:00:00.000000,2026-02-02T00:00:00.000000,50,0,0,100
ABSLAMC,60,7083,2022-01-03T09:00:00.000000,2026-02-04T15:00:00.000000,7083,7083,2022-01-03T09:00:00.000000,2026-02-04T15:00:00.000000,50,0,0,100
RECLTD,30,13123,2022-01-03T09:00:00.000000,2026-02-02T15:00:00.000000,13123,13123,2022-01-03T09:00:00.000000,2026-02-02T15:00:00.000000,50,0,0,100
KPRMILL,1,379518,2022-01-03T09:15:00.000000,2026-02-05T15:29:00.000000,379518,379518,2022-01-03T09:15:00.000000,2026-02-05T15:29:00.000000,50,0,0,100
APARINDS,1,378277,2022-01-03T09:15:00.000000,2026-02-04T15:29:00.000000,378277,378277,2022-01-03T09:15:00.000000,2026-02-04T15:29:00.000000,50,0,0,100
ASHOKLEY,1440,1014,2022-01-03T00:00:00.000000,2026-02-02T00:00:00.000000,1014,1014,2022-01-03T00:00:00.000000,2026-02-02T00:00:00.000000,50,0,0,100
BSOFT,5,75839,2022-01-03T09:15:00.000000,2026-02-04T15:25:00.000000,75839,75839,2022-01-03T09:15:00.000000,2026-02-04T15:25:00.000000,50,0,0,100
EIHOTEL,15,7329,2024-12-02T09:15:00.000000,2026-02-04T15:15:00.000000,7329,7329,2024-12-02T09:15:00.000000,2026-02-04T15:15:00.000000,15,0,0,100
IRB,3,126267,2022-01-03T09:15:00.000000,2026-02-03T15:27:00.000000,126267,126267,2022-01-03T09:15:00.000000,2026-02-03T15:27:00.000000,50,0,0,100
PIDILITIND,5,75689,2022-01-03T09:15:00.000000,2026-02-02T15:25:00.000000,75689,75689,2022-01-03T09:15:00.000000,2026-02-02T15:25:00.000000,50,0,0,100
RECLTD,5,75689,2022-01-03T09:15:00.000000,2026-02-02T15:25:00.000000,75689,75689,2022-01-03T09:15:00.000000,2026-02-02T15:25:00.000000,50,0,0,100
GICRE,60,7083,2022-01-03T09:00:00.000000,2026-02-04T15:00:00.000000,7083,7083,2022-01-03T09:00:00.000000,2026-02-04T15:00:00.000000,50,0,0,100
360ONE,30,13149,2022-01-03T09:00:00.000000,2026-02-04T15:00:00.000000,13149,13149,2022-01-03T09:00:00.000000,2026-02-04T15:00:00.000000,50,0,0,100
NUVOCO,1440,993,2022-01-03T00:00:00.000000,2026-01-01T00:00:00.000000,993,993,2022-01-03T00:00:00.000000,2026-01-01T00:00:00.000000,49,0,0,100
TRENT,10080,215,2021-12-27T00:00:00.000000,2026-02-02T00:00:00.000000,215,215,2021-12-27T00:00:00.000000,2026-02-02T00:00:00.000000,51,0,0,100
UNIONBANK,30,13136,2022-01-03T09:00:00.000000,2026-02-03T15:00:00.000000,13136,13136,2022-01-03T09:00:00.000000,2026-02-03T15:00:00.000000,50,0,0,100
AMBUJACEM,1,378429,2022-01-03T09:15:00.000000,2026-02-02T15:29:00.000000,378429,378429,2022-01-03T09:15:00.000000,2026-02-02T15:29:00.000000,50,0,0,100
JSL,10080,215,2021-12-27T00:00:00.000000,2026-02-02T00:00:00.000000,215,215,2021-12-27T00:00:00.000000,2026-02-02T00:00:00.000000,51,0,0,100
NYKAA,15,25280,2022-01-03T09:15:00.000000,2026-02-04T15:15:00.000000,25280,25280,2022-01-03T09:15:00.000000,2026-02-04T15:15:00.000000,50,0,0,100
JUBLPHARMA,10080,215,2021-12-27T00:00:00.000000,2026-02-02T00:00:00.000000,215,215,2021-12-27T00:00:00.000000,2026-02-02T00:00:00.000000,51,0,0,100
NTPC,1,378429,2022-01-03T09:15:00.000000,2026-02-02T15:29:00.000000,378429,378429,2022-01-03T09:15:00.000000,2026-02-02T15:29:00.000000,50,0,0,100
360ONE,15,25280,2022-01-03T09:15:00.000000,2026-02-04T15:15:00.000000,25280,25280,2022-01-03T09:15:00.000000,2026-02-04T15:15:00.000000,50,0,0,100
KIRLOSBROS,60,7090,2022-01-03T09:00:00.000000,2026-02-05T15:00:00.000000,7090,7090,2022-01-03T09:00:00.000000,2026-02-05T15:00:00.000000,50,0,0,100
ITI,15,25255,2022-01-03T09:15:00.000000,2026-02-03T15:15:00.000000,25255,25255,2022-01-03T09:15:00.000000,2026-02-03T15:15:00.000000,50,0,0,100
FIVESTAR,5,59546,2022-11-21T09:15:00.000000,2026-02-04T15:25:00.000000,59546,59546,2022-11-21T09:15:00.000000,2026-02-04T15:25:00.000000,40,0,0,100
BHEL,30,13123,2022-01-03T09:00:00.000000,2026-02-02T15:00:00.000000,13123,13123,2022-01-03T09:00:00.000000,2026-02-02T15:00:00.000000,50,0,0,100
SOBHA,1440,1015,2022-01-03T00:00:00.000000,2026-02-03T00:00:00.000000,1015,1015,2022-01-03T00:00:00.000000,2026-02-03T00:00:00.000000,50,0,0,100
KOTAKBANK,15,25230,2022-01-03T09:15:00.000000,2026-02-02T15:15:00.000000,25230,25230,2022-01-03T09:15:00.000000,2026-02-02T15:15:00.000000,50,0,0,100
IRCON,1440,1017,2022-01-03T00:00:00.000000,2026-02-05T00:00:00.000000,1017,1017,2022-01-03T00:00:00.000000,2026-02-05T00:00:00.000000,50,0,0,100
TVSMOTOR,1440,1014,2022-01-03T00:00:00.000000,2026-02-02T00:00:00.000000,1014,1014,2022-01-03T00:00:00.000000,2026-02-02T00:00:00.000000,50,0,0,100
ICICIGI,3,126149,2022-01-03T09:15:00.000000,2026-02-02T15:27:00.000000,126149,126149,2022-01-03T09:15:00.000000,2026-02-02T15:27:00.000000,50,0,0,100
FEDERALBNK,1,378798,2022-01-03T09:15:00.000000,2026-02-03T15:29:00.000000,378798,378798,2022-01-03T09:15:00.000000,2026-02-03T15:29:00.000000,50,0,0,100
HINDUNILVR,3,126009,2022-01-03T09:15:00.000000,2026-02-01T15:27:00.000000,126009,126009,2022-01-03T09:15:00.000000,2026-02-01T15:27:00.000000,50,0,0,100
KEI,3,126269,2022-01-03T09:15:00.000000,2026-02-03T15:27:00.000000,126269,126269,2022-01-03T09:15:00.000000,2026-02-03T15:27:00.000000,50,0,0,100
BATAINDIA,3,36395,2024-12-02T09:15:00.000000,2026-02-02T15:27:00.000000,36395,36395,2024-12-02T09:15:00.000000,2026-02-02T15:27:00.000000,15,0,0,100
NLCINDIA,15,25255,2022-01-03T09:15:00.000000,2026-02-03T15:15:00.000000,25255,25255,2022-01-03T09:15:00.000000,2026-02-03T15:15:00.000000,50,0,0,100
FORTIS,1,378737,2022-01-03T09:15:00.000000,2026-02-03T15:29:00.000000,378737,378737,2022-01-03T09:15:00.000000,2026-02-03T15:29:00.000000,50,0,0,100
ONGC,60,7069,2022-01-03T09:00:00.000000,2026-02-02T15:00:00.000000,7069,7069,2022-01-03T09:00:00.000000,2026-02-02T15:00:00.000000,50,0,0,100
M&M,60,7090,2022-01-03T09:00:00.000000,2026-02-05T15:00:00.000000,7090,7090,2022-01-03T09:00:00.000000,2026-02-05T15:00:00.000000,50,0,0,100
WIPRO,30,13123,2022-01-03T09:00:00.000000,2026-02-02T15:00:00.000000,13123,13123,2022-01-03T09:00:00.000000,2026-02-02T15:00:00.000000,50,0,0,100
COROMANDEL,1,378428,2022-01-03T09:15:00.000000,2026-02-02T15:29:00.000000,378428,378428,2022-01-03T09:15:00.000000,2026-02-02T15:29:00.000000,50,0,0,100
LTFOODS,3,126517,2022-01-03T09:15:00.000000,2026-02-05T15:27:00.000000,126517,126517,2022-01-03T09:15:00.000000,2026-02-05T15:27:00.000000,50,0,0,100
FLUOROCHEM,1440,1016,2022-01-03T00:00:00.000000,2026-02-04T00:00:00.000000,1016,1016,2022-01-03T00:00:00.000000,2026-02-04T00:00:00.000000,50,0,0,100
CESC,1,378795,2022-01-03T09:15:00.000000,2026-02-03T15:29:00.000000,378795,378795,2022-01-03T09:15:00.000000,2026-02-03T15:29:00.000000,50,0,0,100
CHOLAHLDNG,30,13149,2022-01-03T09:00:00.000000,2026-02-04T15:00:00.000000,13149,13149,2022-01-03T09:00:00.000000,2026-02-04T15:00:00.000000,50,0,0,100
ASAHIINDIA,3,126386,2022-01-03T09:15:00.000000,2026-02-04T15:27:00.000000,126386,126386,2022-01-03T09:15:00.000000,2026-02-04T15:27:00.000000,50,0,0,100
WIPRO,60,7069,2022-01-03T09:00:00.000000,2026-02-02T15:00:00.000000,7069,7069,2022-01-03T09:00:00.000000,2026-02-02T15:00:00.000000,50,0,0,100
SJVN,3,126267,2022-01-03T09:15:00.000000,2026-02-03T15:27:00.000000,126267,126267,2022-01-03T09:15:00.000000,2026-02-03T15:27:00.000000,50,0,0,100
AEGISVOPAK,3,21255,2025-06-02T10:00:00.000000,2026-02-04T15:27:00.000000,21255,21255,2025-06-02T10:00:00.000000,2026-02-04T15:27:00.000000,9,0,0,100
IPCALAB,30,13136,2022-01-03T09:00:00.000000,2026-02-03T15:00:00.000000,13136,13136,2022-01-03T09:00:00.000000,2026-02-03T15:00:00.000000,50,0,0,100
ADANIENT,5,75689,2022-01-03T09:15:00.000000,2026-02-02T15:25:00.000000,75689,75689,2022-01-03T09:15:00.000000,2026-02-02T15:25:00.000000,50,0,0,100
BANDHANBNK,1440,1014,2022-01-03T00:00:00.000000,2026-02-02T00:00:00.000000,1014,1014,2022-01-03T00:00:00.000000,2026-02-02T00:00:00.000000,50,0,0,100
BERGEPAINT,60,7069,2022-01-03T09:00:00.000000,2026-02-02T15:00:00.000000,7069,7069,2022-01-03T09:00:00.000000,2026-02-02T15:00:00.000000,50,0,0,100
FORTIS,1440,1015,2022-01-03T00:00:00.000000,2026-02-03T00:00:00.000000,1015,1015,2022-01-03T00:00:00.000000,2026-02-03T00:00:00.000000,50,0,0,100
CRISIL,60,7076,2022-01-03T09:00:00.000000,2026-02-03T15:00:00.000000,7076,7076,2022-01-03T09:00:00.000000,2026-02-03T15:00:00.000000,50,0,0,100
FLUOROCHEM,10080,215,2021-12-27T00:00:00.000000,2026-02-02T00:00:00.000000,215,215,2021-12-27T00:00:00.000000,2026-02-02T00:00:00.000000,51,0,0,100
MAHSEAMLES,1,378227,2022-01-03T09:15:00.000000,2026-02-03T15:29:00.000000,378227,378227,2022-01-03T09:15:00.000000,2026-02-03T15:29:00.000000,50,0,0,100
KPRMILL,30,13162,2022-01-03T09:00:00.000000,2026-02-05T15:00:00.000000,13162,13162,2022-01-03T09:00:00.000000,2026-02-05T15:00:00.000000,50,0,0,100
GLAND,3,126392,2022-01-03T09:15:00.000000,2026-02-04T15:27:00.000000,126392,126392,2022-01-03T09:15:00.000000,2026-02-04T15:27:00.000000,50,0,0,100
BOSCHLTD,1,378425,2022-01-03T09:15:00.000000,2026-02-02T15:29:00.000000,378425,378425,2022-01-03T09:15:00.000000,2026-02-02T15:29:00.000000,50,0,0,100
HSCL,5,75761,2022-01-03T09:15:00.000000,2026-02-03T15:25:00.000000,75761,75761,2022-01-03T09:15:00.000000,2026-02-03T15:25:00.000000,50,0,0,100
MAHABANK,15,25280,2022-01-03T09:15:00.000000,2026-02-04T15:15:00.000000,25280,25280,2022-01-03T09:15:00.000000,2026-02-04T15:15:00.000000,50,0,0,100
ITCHOTELS,3,31636,2025-01-29T09:42:00.000000,2026-02-05T15:27:00.000000,31636,31636,2025-01-29T09:42:00.000000,2026-02-05T15:27:00.000000,14,0,0,100
KPIL,10080,215,2021-12-27T00:00:00.000000,2026-02-02T00:00:00.000000,215,215,2021-12-27T00:00:00.000000,2026-02-02T00:00:00.000000,51,0,0,100
APLAPOLLO,10080,215,2021-12-27T00:00:00.000000,2026-02-02T00:00:00.000000,215,215,2021-12-27T00:00:00.000000,2026-02-02T00:00:00.000000,51,0,0,100
BSE,10080,215,2021-12-27T00:00:00.000000,2026-02-02T00:00:00.000000,215,215,2021-12-27T00:00:00.000000,2026-02-02T00:00:00.000000,51,0,0,100
CGPOWER,3,126269,2022-01-03T09:15:00.000000,2026-02-03T15:27:00.000000,126269,126269,2022-01-03T09:15:00.000000,2026-02-03T15:27:00.000000,50,0,0,100
CAMS,15,23176,2022-01-03T09:15:00.000000,2025-10-01T15:15:00.000000,23176,23176,2022-01-03T09:15:00.000000,2025-10-01T15:15:00.000000,46,0,0,100
HOMEFIRST,1,377635,2022-01-03T09:15:00.000000,2026-02-03T15:29:00.000000,377635,377635,2022-01-03T09:15:00.000000,2026-02-03T15:29:00.000000,50,0,0,100
JUBLINGREA,10080,215,2021-12-27T00:00:00.000000,2026-02-02T00:00:00.000000,215,215,2021-12-27T00:00:00.000000,2026-02-02T00:00:00.000000,51,0,0,100
CUB,1440,1016,2022-01-03T00:00:00.000000,2026-02-04T00:00:00.000000,1016,1016,2022-01-03T00:00:00.000000,2026-02-04T00:00:00.000000,50,0,0,100
IGL,60,7076,2022-01-03T09:00:00.000000,2026-02-03T15:00:00.000000,7076,7076,2022-01-03T09:00:00.000000,2026-02-03T15:00:00.000000,50,0,0,100
NCC,3,126269,2022-01-03T09:15:00.000000,2026-02-03T15:27:00.000000,126269,126269,2022-01-03T09:15:00.000000,2026-02-03T15:27:00.000000,50,0,0,100
SRF,15,25230,2022-01-03T09:15:00.000000,2026-02-02T15:15:00.000000,25230,25230,2022-01-03T09:15:00.000000,2026-02-02T15:15:00.000000,50,0,0,100
GLENMARK,30,13136,2022-01-03T09:00:00.000000,2026-02-03T15:00:00.000000,13136,13136,2022-01-03T09:00:00.000000,2026-02-03T15:00:00.000000,50,0,0,100
ITI,60,7076,2022-01-03T09:00:00.000000,2026-02-03T15:00:00.000000,7076,7076,2022-01-03T09:00:00.000000,2026-02-03T15:00:00.000000,50,0,0,100
BBTC,5,75836,2022-01-03T09:15:00.000000,2026-02-04T15:25:00.000000,75836,75836,2022-01-03T09:15:00.000000,2026-02-04T15:25:00.000000,50,0,0,100
GLENMARK,60,7076,2022-01-03T09:00:00.000000,2026-02-03T15:00:00.000000,7076,7076,2022-01-03T09:00:00.000000,2026-02-03T15:00:00.000000,50,0,0,100
RADICO,1440,1015,2022-01-03T00:00:00.000000,2026-02-03T00:00:00.000000,1015,1015,2022-01-03T00:00:00.000000,2026-02-03T00:00:00.000000,50,0,0,100
HBLENGINE,15,25280,2022-01-03T09:15:00.000000,2026-02-04T15:15:00.000000,25280,25280,2022-01-03T09:15:00.000000,2026-02-04T15:15:00.000000,50,0,0,100
GUJGASLTD,1440,1015,2022-01-03T00:00:00.000000,2026-02-03T00:00:00.000000,1015,1015,2022-01-03T00:00:00.000000,2026-02-03T00:00:00.000000,50,0,0,100
GICRE,1,378460,2022-01-03T09:15:00.000000,2026-02-04T15:29:00.000000,378460,378460,2022-01-03T09:15:00.000000,2026-02-04T15:29:00.000000,50,0,0,100
ADANIENSOL,15,25280,2022-01-03T09:15:00.000000,2026-02-04T15:15:00.000000,25280,25280,2022-01-03T09:15:00.000000,2026-02-04T15:15:00.000000,50,0,0,100
IKS,1,105407,2024-12-19T09:43:00.000000,2026-02-05T15:29:00.000000,105407,105407,2024-12-19T09:43:00.000000,2026-02-05T15:29:00.000000,15,0,0,100
ATHERENERG,1,70890,2025-05-06T10:00:00.000000,2026-02-04T15:29:00.000000,70890,70890,2025-05-06T10:00:00.000000,2026-02-04T15:29:00.000000,10,0,0,100
INDHOTEL,1,378424,2022-01-03T09:15:00.000000,2026-02-02T15:29:00.000000,378424,378424,2022-01-03T09:15:00.000000,2026-02-02T15:29:00.000000,50,0,0,100
AIAENG,15,25255,2022-01-03T09:15:00.000000,2026-02-03T15:15:00.000000,25255,25255,2022-01-03T09:15:00.000000,2026-02-03T15:15:00.000000,50,0,0,100
JUBLPHARMA,1,378503,2022-01-03T09:15:00.000000,2026-02-05T15:29:00.000000,378503,378503,2022-01-03T09:15:00.000000,2026-02-05T15:29:00.000000,50,0,0,100
JKTYRE,30,3825,2024-12-02T09:00:00.000000,2026-02-05T15:00:00.000000,3825,3825,2024-12-02T09:00:00.000000,2026-02-05T15:00:00.000000,15,0,0,100
INOXINDIA,5,39437,2023-12-21T09:15:00.000000,2026-02-05T15:25:00.000000,39437,39437,2023-12-21T09:15:00.000000,2026-02-05T15:25:00.000000,27,0,0,100
ABREL,60,7083,2022-01-03T09:00:00.000000,2026-02-04T15:00:00.000000,7083,7083,2022-01-03T09:00:00.000000,2026-02-04T15:00:00.000000,50,0,0,100
DELHIVERY,15,22905,2022-05-24T09:15:00.000000,2026-02-04T15:15:00.000000,22905,22905,2022-05-24T09:15:00.000000,2026-02-04T15:15:00.000000,46,0,0,100
APTUS,10080,215,2021-12-27T00:00:00.000000,2026-02-02T00:00:00.000000,215,215,2021-12-27T00:00:00.000000,2026-02-02T00:00:00.000000,51,0,0,100
TORNTPHARM,30,13123,2022-01-03T09:00:00.000000,2026-02-02T15:00:00.000000,13123,13123,2022-01-03T09:00:00.000000,2026-02-02T15:00:00.000000,50,0,0,100
BLUEJET,15,13976,2023-11-01T09:15:00.000000,2026-02-04T15:15:00.000000,13976,13976,2023-11-01T09:15:00.000000,2026-02-04T15:15:00.000000,28,0,0,100
BAJFINANCE,30,13123,2022-01-03T09:00:00.000000,2026-02-02T15:00:00.000000,13123,13123,2022-01-03T09:00:00.000000,2026-02-02T15:00:00.000000,50,0,0,100
AAVAS,30,13149,2022-01-03T09:00:00.000000,2026-02-04T15:00:00.000000,13149,13149,2022-01-03T09:00:00.000000,2026-02-04T15:00:00.000000,50,0,0,100
LAURUSLABS,1,378803,2022-01-03T09:15:00.000000,2026-02-03T15:29:00.000000,378803,378803,2022-01-03T09:15:00.000000,2026-02-03T15:29:00.000000,50,0,0,100
GRAVITA,1440,1016,2022-01-03T00:00:00.000000,2026-02-04T00:00:00.000000,1016,1016,2022-01-03T00:00:00.000000,2026-02-04T00:00:00.000000,50,0,0,100
AMBUJACEM,5,75689,2022-01-03T09:15:00.000000,2026-02-02T15:25:00.000000,75689,75689,2022-01-03T09:15:00.000000,2026-02-02T15:25:00.000000,50,0,0,100
HINDCOPPER,3,126274,2022-01-03T09:15:00.000000,2026-02-03T15:27:00.000000,126274,126274,2022-01-03T09:15:00.000000,2026-02-03T15:27:00.000000,50,0,0,100
KARURVYSYA,1,378780,2022-01-03T09:15:00.000000,2026-02-03T15:29:00.000000,378780,378780,2022-01-03T09:15:00.000000,2026-02-03T15:29:00.000000,50,0,0,100
PHOENIXLTD,1440,1015,2022-01-03T00:00:00.000000,2026-02-03T00:00:00.000000,1015,1015,2022-01-03T00:00:00.000000,2026-02-03T00:00:00.000000,50,0,0,100
SCHAEFFLER,10080,215,2021-12-27T00:00:00.000000,2026-02-02T00:00:00.000000,215,215,2021-12-27T00:00:00.000000,2026-02-02T00:00:00.000000,51,0,0,100
TATAPOWER,3,126149,2022-01-03T09:15:00.000000,2026-02-02T15:27:00.000000,126149,126149,2022-01-03T09:15:00.000000,2026-02-02T15:27:00.000000,50,0,0,100
VGUARD,5,75762,2022-01-03T09:15:00.000000,2026-02-03T15:25:00.000000,75762,75762,2022-01-03T09:15:00.000000,2026-02-03T15:25:00.000000,50,0,0,100
THERMAX,5,75762,2022-01-03T09:15:00.000000,2026-02-03T15:25:00.000000,75762,75762,2022-01-03T09:15:00.000000,2026-02-03T15:25:00.000000,50,0,0,100
HINDZINC,15,25255,2022-01-03T09:15:00.000000,2026-02-03T15:15:00.000000,25255,25255,2022-01-03T09:15:00.000000,2026-02-03T15:15:00.000000,50,0,0,100
KIRLOSENG,30,13136,2022-01-03T09:00:00.000000,2026-02-03T15:00:00.000000,13136,13136,2022-01-03T09:00:00.000000,2026-02-03T15:00:00.000000,50,0,0,100
GODREJCP,5,75689,2022-01-03T09:15:00.000000,2026-02-02T15:25:00.000000,75689,75689,2022-01-03T09:15:00.000000,2026-02-02T15:25:00.000000,50,0,0,100
DMART,15,25255,2022-01-03T09:15:00.000000,2026-02-03T15:15:00.000000,25255,25255,2022-01-03T09:15:00.000000,2026-02-03T15:15:00.000000,50,0,0,100
BANKBARODA,1,378428,2022-01-03T09:15:00.000000,2026-02-02T15:29:00.000000,378428,378428,2022-01-03T09:15:00.000000,2026-02-02T15:29:00.000000,50,0,0,100
APOLLOTYRE,10080,215,2021-12-27T00:00:00.000000,2026-02-02T00:00:00.000000,215,215,2021-12-27T00:00:00.000000,2026-02-02T00:00:00.000000,51,0,0,100
KFINTECH,10080,163,2022-12-26T00:00:00.000000,2026-02-02T00:00:00.000000,163,163,2022-12-26T00:00:00.000000,2026-02-02T00:00:00.000000,39,0,0,100
ALOKINDS,5,75838,2022-01-03T09:15:00.000000,2026-02-04T15:25:00.000000,75838,75838,2022-01-03T09:15:00.000000,2026-02-04T15:25:00.000000,50,0,0,100
ABSLAMC,10080,215,2021-12-27T00:00:00.000000,2026-02-02T00:00:00.000000,215,215,2021-12-27T00:00:00.000000,2026-02-02T00:00:00.000000,51,0,0,100
GLAND,30,13149,2022-01-03T09:00:00.000000,2026-02-04T15:00:00.000000,13149,13149,2022-01-03T09:00:00.000000,2026-02-04T15:00:00.000000,50,0,0,100
SUNDARMFIN,60,7076,2022-01-03T09:00:00.000000,2026-02-03T15:00:00.000000,7076,7076,2022-01-03T09:00:00.000000,2026-02-03T15:00:00.000000,50,0,0,100
BLUESTARCO,30,13136,2022-01-03T09:00:00.000000,2026-02-03T15:00:00.000000,13136,13136,2022-01-03T09:00:00.000000,2026-02-03T15:00:00.000000,50,0,0,100
CUMMINSIND,1440,1015,2022-01-03T00:00:00.000000,2026-02-03T00:00:00.000000,1015,1015,2022-01-03T00:00:00.000000,2026-02-03T00:00:00.000000,50,0,0,100
HAL,5,75764,2022-01-03T09:15:00.000000,2026-02-03T15:25:00.000000,75764,75764,2022-01-03T09:15:00.000000,2026-02-03T15:25:00.000000,50,0,0,100
JPPOWER,3,126519,2022-01-03T09:15:00.000000,2026-02-05T15:27:00.000000,126519,126519,2022-01-03T09:15:00.000000,2026-02-05T15:27:00.000000,50,0,0,100
SBICARD,3,126149,2022-01-03T09:15:00.000000,2026-02-02T15:27:00.000000,126149,126149,2022-01-03T09:15:00.000000,2026-02-02T15:27:00.000000,50,0,0,100
NSLNISP,60,5121,2023-02-20T09:00:00.000000,2026-02-05T15:00:00.000000,5121,5121,2023-02-20T09:00:00.000000,2026-02-05T15:00:00.000000,37,0,0,100
NTPCGREEN,15,7428,2024-11-27T09:30:00.000000,2026-02-05T15:15:00.000000,7428,7428,2024-11-27T09:30:00.000000,2026-02-05T15:15:00.000000,16,0,0,100
ARE&M,30,13149,2022-01-03T09:00:00.000000,2026-02-04T15:00:00.000000,13149,13149,2022-01-03T09:00:00.000000,2026-02-04T15:00:00.000000,50,0,0,100
MPHASIS,1,378804,2022-01-03T09:15:00.000000,2026-02-03T15:29:00.000000,378804,378804,2022-01-03T09:15:00.000000,2026-02-03T15:29:00.000000,50,0,0,100
KOTAKBANK,3,126149,2022-01-03T09:15:00.000000,2026-02-02T15:27:00.000000,126149,126149,2022-01-03T09:15:00.000000,2026-02-02T15:27:00.000000,50,0,0,100
JKTYRE,3,36770,2024-12-02T09:15:00.000000,2026-02-05T15:27:00.000000,36770,36770,2024-12-02T09:15:00.000000,2026-02-05T15:27:00.000000,15,0,0,100
BLUEJET,30,7270,2023-11-01T09:00:00.000000,2026-02-04T15:00:00.000000,7270,7270,2023-11-01T09:00:00.000000,2026-02-04T15:00:00.000000,28,0,0,100
ASTRAZEN,30,3812,2024-12-02T09:00:00.000000,2026-02-04T15:00:00.000000,3812,3812,2024-12-02T09:00:00.000000,2026-02-04T15:00:00.000000,15,0,0,100
KPRMILL,5,75913,2022-01-03T09:15:00.000000,2026-02-05T15:25:00.000000,75913,75913,2022-01-03T09:15:00.000000,2026-02-05T15:25:00.000000,50,0,0,100
JIOFIN,5,45674,2023-08-21T09:15:00.000000,2026-02-05T15:25:00.000000,45674,45674,2023-08-21T09:15:00.000000,2026-02-05T15:25:00.000000,31,0,0,100
VGUARD,1440,1015,2022-01-03T00:00:00.000000,2026-02-03T00:00:00.000000,1015,1015,2022-01-03T00:00:00.000000,2026-02-03T00:00:00.000000,50,0,0,100
CHOLAFIN,30,13123,2022-01-03T09:00:00.000000,2026-02-02T15:00:00.000000,13123,13123,2022-01-03T09:00:00.000000,2026-02-02T15:00:00.000000,50,0,0,100
KPRMILL,3,126519,2022-01-03T09:15:00.000000,2026-02-05T15:27:00.000000,126519,126519,2022-01-03T09:15:00.000000,2026-02-05T15:27:00.000000,50,0,0,100
ABSLAMC,3,126394,2022-01-03T09:15:00.000000,2026-02-04T15:27:00.000000,126394,126394,2022-01-03T09:15:00.000000,2026-02-04T15:27:00.000000,50,0,0,100
USHAMART,1440,1015,2022-01-03T00:00:00.000000,2026-02-03T00:00:00.000000,1015,1015,2022-01-03T00:00:00.000000,2026-02-03T00:00:00.000000,50,0,0,100
J&KBANK,15,25305,2022-01-03T09:15:00.000000,2026-02-05T15:15:00.000000,25305,25305,2022-01-03T09:15:00.000000,2026-02-05T15:15:00.000000,50,0,0,100
SUPREMEIND,10080,215,2021-12-27T00:00:00.000000,2026-02-02T00:00:00.000000,215,215,2021-12-27T00:00:00.000000,2026-02-02T00:00:00.000000,51,0,0,100
UTIAMC,15,25255,2022-01-03T09:15:00.000000,2026-02-03T15:15:00.000000,25255,25255,2022-01-03T09:15:00.000000,2026-02-03T15:15:00.000000,50,0,0,100
CENTRALBK,15,25255,2022-01-03T09:15:00.000000,2026-02-03T15:15:00.000000,25255,25255,2022-01-03T09:15:00.000000,2026-02-03T15:15:00.000000,50,0,0,100
NTPCGREEN,1440,298,2024-11-27T00:00:00.000000,2026-02-05T00:00:00.000000,298,298,2024-11-27T00:00:00.000000,2026-02-05T00:00:00.000000,16,0,0,100
PIIND,30,13136,2022-01-03T09:00:00.000000,2026-02-03T15:00:00.000000,13136,13136,2022-01-03T09:00:00.000000,2026-02-03T15:00:00.000000,50,0,0,100
LALPATHLAB,30,13136,2022-01-03T09:00:00.000000,2026-02-03T15:00:00.000000,13136,13136,2022-01-03T09:00:00.000000,2026-02-03T15:00:00.000000,50,0,0,100
COROMANDEL,60,7069,2022-01-03T09:00:00.000000,2026-02-02T15:00:00.000000,7069,7069,2022-01-03T09:00:00.000000,2026-02-02T15:00:00.000000,50,0,0,100
ABCAPITAL,15,7329,2024-12-02T09:15:00.000000,2026-02-04T15:15:00.000000,7329,7329,2024-12-02T09:15:00.000000,2026-02-04T15:15:00.000000,15,0,0,100
CROMPTON,30,13123,2022-01-03T09:00:00.000000,2026-02-02T15:00:00.000000,13123,13123,2022-01-03T09:00:00.000000,2026-02-02T15:00:00.000000,50,0,0,100
CDSL,60,7076,2022-01-03T09:00:00.000000,2026-02-03T15:00:00.000000,7076,7076,2022-01-03T09:00:00.000000,2026-02-03T15:00:00.000000,50,0,0,100
SUNTV,30,13136,2022-01-03T09:00:00.000000,2026-02-03T15:00:00.000000,13136,13136,2022-01-03T09:00:00.000000,2026-02-03T15:00:00.000000,50,0,0,100
HONAUT,1,378511,2022-01-03T09:15:00.000000,2026-02-04T15:29:00.000000,378511,378511,2022-01-03T09:15:00.000000,2026-02-04T15:29:00.000000,50,0,0,100
SUPREMEIND,1,378577,2022-01-03T09:15:00.000000,2026-02-03T15:29:00.000000,378577,378577,2022-01-03T09:15:00.000000,2026-02-03T15:29:00.000000,50,0,0,100
ICICIBANK,15,25205,2022-01-03T09:15:00.000000,2026-02-01T15:15:00.000000,25205,25205,2022-01-03T09:15:00.000000,2026-02-01T15:15:00.000000,50,0,0,100
NATCOPHARM,60,7076,2022-01-03T09:00:00.000000,2026-02-03T15:00:00.000000,7076,7076,2022-01-03T09:00:00.000000,2026-02-03T15:00:00.000000,50,0,0,100
BAJFINANCE,1440,1014,2022-01-03T00:00:00.000000,2026-02-02T00:00:00.000000,1014,1014,2022-01-03T00:00:00.000000,2026-02-02T00:00:00.000000,50,0,0,100
UTIAMC,3,126267,2022-01-03T09:15:00.000000,2026-02-03T15:27:00.000000,126267,126267,2022-01-03T09:15:00.000000,2026-02-03T15:27:00.000000,50,0,0,100
COHANCE,10080,215,2021-12-27T00:00:00.000000,2026-02-02T00:00:00.000000,215,215,2021-12-27T00:00:00.000000,2026-02-02T00:00:00.000000,51,0,0,100
GODIGIT,30,5504,2024-05-23T09:00:00.000000,2026-02-04T15:00:00.000000,5504,5504,2024-05-23T09:00:00.000000,2026-02-04T15:00:00.000000,22,0,0,100
PNB,10080,215,2021-12-27T00:00:00.000000,2026-02-02T00:00:00.000000,215,215,2021-12-27T00:00:00.000000,2026-02-02T00:00:00.000000,51,0,0,100
BATAINDIA,10080,215,2021-12-27T00:00:00.000000,2026-02-02T00:00:00.000000,215,215,2021-12-27T00:00:00.000000,2026-02-02T00:00:00.000000,51,0,0,100
WELCORP,15,25255,2022-01-03T09:15:00.000000,2026-02-03T15:15:00.000000,25255,25255,2022-01-03T09:15:00.000000,2026-02-03T15:15:00.000000,50,0,0,100
YESBANK,30,13136,2022-01-03T09:00:00.000000,2026-02-03T15:00:00.000000,13136,13136,2022-01-03T09:00:00.000000,2026-02-03T15:00:00.000000,50,0,0,100
APARINDS,15,25280,2022-01-03T09:15:00.000000,2026-02-04T15:15:00.000000,25280,25280,2022-01-03T09:15:00.000000,2026-02-04T15:15:00.000000,50,0,0,100
MARUTI,5,75689,2022-01-03T09:15:00.000000,2026-02-02T15:25:00.000000,75689,75689,2022-01-03T09:15:00.000000,2026-02-02T15:25:00.000000,50,0,0,100
BRITANNIA,1,378428,2022-01-03T09:15:00.000000,2026-02-02T15:29:00.000000,378428,378428,2022-01-03T09:15:00.000000,2026-02-02T15:29:00.000000,50,0,0,100
M&M,1,379554,2022-01-03T09:15:00.000000,2026-02-05T15:29:00.000000,379554,379554,2022-01-03T09:15:00.000000,2026-02-05T15:29:00.000000,50,0,0,100
RBLBANK,30,13136,2022-01-03T09:00:00.000000,2026-02-03T15:00:00.000000,13136,13136,2022-01-03T09:00:00.000000,2026-02-03T15:00:00.000000,50,0,0,100
CIPLA,10080,215,2021-12-27T00:00:00.000000,2026-02-02T00:00:00.000000,215,215,2021-12-27T00:00:00.000000,2026-02-02T00:00:00.000000,51,0,0,100
IOC,30,3799,2024-12-02T09:00:00.000000,2026-02-03T15:00:00.000000,3799,3799,2024-12-02T09:00:00.000000,2026-02-03T15:00:00.000000,15,0,0,100
CEATLTD,30,13136,2022-01-03T09:00:00.000000,2026-02-03T15:00:00.000000,13136,13136,2022-01-03T09:00:00.000000,2026-02-03T15:00:00.000000,50,0,0,100
SYNGENE,60,7076,2022-01-03T09:00:00.000000,2026-02-03T15:00:00.000000,7076,7076,2022-01-03T09:00:00.000000,2026-02-03T15:00:00.000000,50,0,0,100
KPITTECH,10080,215,2021-12-27T00:00:00.000000,2026-02-02T00:00:00.000000,215,215,2021-12-27T00:00:00.000000,2026-02-02T00:00:00.000000,51,0,0,100
KALYANKJIL,30,3825,2024-12-02T09:00:00.000000,2026-02-05T15:00:00.000000,3825,3825,2024-12-02T09:00:00.000000,2026-02-05T15:00:00.000000,15,0,0,100
IEX,10080,215,2021-12-27T00:00:00.000000,2026-02-02T00:00:00.000000,215,215,2021-12-27T00:00:00.000000,2026-02-02T00:00:00.000000,51,0,0,100
LTIM,1440,1014,2022-01-03T00:00:00.000000,2026-02-02T00:00:00.000000,1014,1014,2022-01-03T00:00:00.000000,2026-02-02T00:00:00.000000,50,0,0,100
EMCURE,30,5075,2024-07-10T09:00:00.000000,2026-02-04T15:00:00.000000,5075,5075,2024-07-10T09:00:00.000000,2026-02-04T15:00:00.000000,20,0,0,100
ASTRAL,15,25230,2022-01-03T09:15:00.000000,2026-02-02T15:15:00.000000,25230,25230,2022-01-03T09:15:00.000000,2026-02-02T15:15:00.000000,50,0,0,100
CAPLIPOINT,15,25280,2022-01-03T09:15:00.000000,2026-02-04T15:15:00.000000,25280,25280,2022-01-03T09:15:00.000000,2026-02-04T15:15:00.000000,50,0,0,100
APTUS,3,126266,2022-01-03T09:15:00.000000,2026-02-03T15:27:00.000000,126266,126266,2022-01-03T09:15:00.000000,2026-02-03T15:27:00.000000,50,0,0,100
BASF,5,75759,2022-01-03T09:15:00.000000,2026-02-03T15:25:00.000000,75759,75759,2022-01-03T09:15:00.000000,2026-02-03T15:25:00.000000,50,0,0,100
KOTAKBANK,60,7069,2022-01-03T09:00:00.000000,2026-02-02T15:00:00.000000,7069,7069,2022-01-03T09:00:00.000000,2026-02-02T15:00:00.000000,50,0,0,100
TRIDENT,1,378792,2022-01-03T09:15:00.000000,2026-02-03T15:29:00.000000,378792,378792,2022-01-03T09:15:00.000000,2026-02-03T15:29:00.000000,50,0,0,100
TRIDENT,10080,215,2021-12-27T00:00:00.000000,2026-02-02T00:00:00.000000,215,215,2021-12-27T00:00:00.000000,2026-02-02T00:00:00.000000,51,0,0,100
PGHH,60,7076,2022-01-03T09:00:00.000000,2026-02-03T15:00:00.000000,7076,7076,2022-01-03T09:00:00.000000,2026-02-03T15:00:00.000000,50,0,0,100
WIPRO,5,75689,2022-01-03T09:15:00.000000,2026-02-02T15:25:00.000000,75689,75689,2022-01-03T09:15:00.000000,2026-02-02T15:25:00.000000,50,0,0,100
BRIGADE,30,13136,2022-01-03T09:00:00.000000,2026-02-03T15:00:00.000000,13136,13136,2022-01-03T09:00:00.000000,2026-02-03T15:00:00.000000,50,0,0,100
HAL,1,378799,2022-01-03T09:15:00.000000,2026-02-03T15:29:00.000000,378799,378799,2022-01-03T09:15:00.000000,2026-02-03T15:29:00.000000,50,0,0,100
FINPIPE,3,126392,2022-01-03T09:15:00.000000,2026-02-04T15:27:00.000000,126392,126392,2022-01-03T09:15:00.000000,2026-02-04T15:27:00.000000,50,0,0,100
IDFCFIRSTB,15,7304,2024-12-02T09:15:00.000000,2026-02-03T15:15:00.000000,7304,7304,2024-12-02T09:15:00.000000,2026-02-03T15:15:00.000000,15,0,0,100
LINDEINDIA,3,126269,2022-01-03T09:15:00.000000,2026-02-03T15:27:00.000000,126269,126269,2022-01-03T09:15:00.000000,2026-02-03T15:27:00.000000,50,0,0,100
BERGEPAINT,3,126148,2022-01-03T09:15:00.000000,2026-02-02T15:27:00.000000,126148,126148,2022-01-03T09:15:00.000000,2026-02-02T15:27:00.000000,50,0,0,100
FEDERALBNK,60,7076,2022-01-03T09:00:00.000000,2026-02-03T15:00:00.000000,7076,7076,2022-01-03T09:00:00.000000,2026-02-03T15:00:00.000000,50,0,0,100
FSL,15,25255,2022-01-03T09:15:00.000000,2026-02-03T15:15:00.000000,25255,25255,2022-01-03T09:15:00.000000,2026-02-03T15:15:00.000000,50,0,0,100
SBIN,3,126024,2022-01-03T09:15:00.000000,2026-02-01T15:27:00.000000,126024,126024,2022-01-03T09:15:00.000000,2026-02-01T15:27:00.000000,50,0,0,100
TRITURBINE,3,126266,2022-01-03T09:15:00.000000,2026-02-03T15:27:00.000000,126266,126266,2022-01-03T09:15:00.000000,2026-02-03T15:27:00.000000,50,0,0,100
ABLBL,10080,33,2025-06-23T00:00:00.000000,2026-02-02T00:00:00.000000,33,33,2025-06-23T00:00:00.000000,2026-02-02T00:00:00.000000,9,0,0,100
CRAFTSMAN,15,25280,2022-01-03T09:15:00.000000,2026-02-04T15:15:00.000000,25280,25280,2022-01-03T09:15:00.000000,2026-02-04T15:15:00.000000,50,0,0,100
AADHARHFC,1,160691,2024-05-15T09:15:00.000000,2026-02-04T15:29:00.000000,160691,160691,2024-05-15T09:15:00.000000,2026-02-04T15:29:00.000000,22,0,0,100
KEI,30,13136,2022-01-03T09:00:00.000000,2026-02-03T15:00:00.000000,13136,13136,2022-01-03T09:00:00.000000,2026-02-03T15:00:00.000000,50,0,0,100
MAHSCOOTER,30,13118,2022-01-03T09:00:00.000000,2026-02-05T15:00:00.000000,13118,13118,2022-01-03T09:00:00.000000,2026-02-05T15:00:00.000000,50,0,0,100
SHREECEM,15,25230,2022-01-03T09:15:00.000000,2026-02-02T15:15:00.000000,25230,25230,2022-01-03T09:15:00.000000,2026-02-02T15:15:00.000000,50,0,0,100
USHAMART,60,7076,2022-01-03T09:00:00.000000,2026-02-03T15:00:00.000000,7076,7076,2022-01-03T09:00:00.000000,2026-02-03T15:00:00.000000,50,0,0,100
ZENSARTECH,5,75837,2022-01-03T09:15:00.000000,2026-02-04T15:25:00.000000,75837,75837,2022-01-03T09:15:00.000000,2026-02-04T15:25:00.000000,50,0,0,100
GUJGASLTD,60,7076,2022-01-03T09:00:00.000000,2026-02-03T15:00:00.000000,7076,7076,2022-01-03T09:00:00.000000,2026-02-03T15:00:00.000000,50,0,0,100
INOXINDIA,10080,112,2023-12-18T00:00:00.000000,2026-02-02T00:00:00.000000,112,112,2023-12-18T00:00:00.000000,2026-02-02T00:00:00.000000,27,0,0,100
PRESTIGE,15,25255,2022-01-03T09:15:00.000000,2026-02-03T15:15:00.000000,25255,25255,2022-01-03T09:15:00.000000,2026-02-03T15:15:00.000000,50,0,0,100
KSB,15,25280,2022-01-03T09:15:00.000000,2026-02-04T15:15:00.000000,25280,25280,2022-01-03T09:15:00.000000,2026-02-04T15:15:00.000000,50,0,0,100
MRF,1,378803,2022-01-03T09:15:00.000000,2026-02-03T15:29:00.000000,378803,378803,2022-01-03T09:15:00.000000,2026-02-03T15:29:00.000000,50,0,0,100
J&KBANK,1,379314,2022-01-03T09:15:00.000000,2026-02-05T15:29:00.000000,379314,379314,2022-01-03T09:15:00.000000,2026-02-05T15:29:00.000000,50,0,0,100
CUB,3,126399,2022-01-03T09:15:00.000000,2026-02-04T15:27:00.000000,126399,126399,2022-01-03T09:15:00.000000,2026-02-04T15:27:00.000000,50,0,0,100
IIFL,1440,1015,2022-01-03T00:00:00.000000,2026-02-03T00:00:00.000000,1015,1015,2022-01-03T00:00:00.000000,2026-02-03T00:00:00.000000,50,0,0,100
NHPC,15,25230,2022-01-03T09:15:00.000000,2026-02-02T15:15:00.000000,25230,25230,2022-01-03T09:15:00.000000,2026-02-02T15:15:00.000000,50,0,0,100
BOSCHLTD,5,75689,2022-01-03T09:15:00.000000,2026-02-02T15:25:00.000000,75689,75689,2022-01-03T09:15:00.000000,2026-02-02T15:25:00.000000,50,0,0,100
SUNDARMFIN,1,375076,2022-01-03T09:15:00.000000,2026-02-03T15:29:00.000000,375076,375076,2022-01-03T09:15:00.000000,2026-02-03T15:29:00.000000,50,0,0,100
ZEEL,1,378800,2022-01-03T09:15:00.000000,2026-02-03T15:29:00.000000,378800,378800,2022-01-03T09:15:00.000000,2026-02-03T15:29:00.000000,50,0,0,100
GMDCLTD,1,379144,2022-01-03T09:15:00.000000,2026-02-04T15:29:00.000000,379144,379144,2022-01-03T09:15:00.000000,2026-02-04T15:29:00.000000,50,0,0,100
CIPLA,3,126149,2022-01-03T09:15:00.000000,2026-02-02T15:27:00.000000,126149,126149,2022-01-03T09:15:00.000000,2026-02-02T15:27:00.000000,50,0,0,100
CREDITACC,3,126392,2022-01-03T09:15:00.000000,2026-02-04T15:27:00.000000,126392,126392,2022-01-03T09:15:00.000000,2026-02-04T15:27:00.000000,50,0,0,100
AKZOINDIA,30,13149,2022-01-03T09:00:00.000000,2026-02-04T15:00:00.000000,13149,13149,2022-01-03T09:00:00.000000,2026-02-04T15:00:00.000000,50,0,0,100
JSWINFRA,1,216724,2023-10-03T09:15:00.000000,2026-02-03T15:29:00.000000,216724,216724,2023-10-03T09:15:00.000000,2026-02-03T15:29:00.000000,29,0,0,100
HINDUNILVR,5,75605,2022-01-03T09:15:00.000000,2026-02-01T15:25:00.000000,75605,75605,2022-01-03T09:15:00.000000,2026-02-01T15:25:00.000000,50,0,0,100
HINDZINC,10080,215,2021-12-27T00:00:00.000000,2026-02-02T00:00:00.000000,215,215,2021-12-27T00:00:00.000000,2026-02-02T00:00:00.000000,51,0,0,100
EXIDEIND,30,13136,2022-01-03T09:00:00.000000,2026-02-03T15:00:00.000000,13136,13136,2022-01-03T09:00:00.000000,2026-02-03T15:00:00.000000,50,0,0,100
HSCL,15,25255,2022-01-03T09:15:00.000000,2026-02-03T15:15:00.000000,25255,25255,2022-01-03T09:15:00.000000,2026-02-03T15:15:00.000000,50,0,0,100
DATAPATTNS,1440,1016,2022-01-03T00:00:00.000000,2026-02-04T00:00:00.000000,1016,1016,2022-01-03T00:00:00.000000,2026-02-04T00:00:00.000000,50,0,0,100
J&KBANK,3,126519,2022-01-03T09:15:00.000000,2026-02-05T15:27:00.000000,126519,126519,2022-01-03T09:15:00.000000,2026-02-05T15:27:00.000000,50,0,0,100
ZENSARTECH,60,7083,2022-01-03T09:00:00.000000,2026-02-04T15:00:00.000000,7083,7083,2022-01-03T09:00:00.000000,2026-02-04T15:00:00.000000,50,0,0,100
CHOLAFIN,15,25230,2022-01-03T09:15:00.000000,2026-02-02T15:15:00.000000,25230,25230,2022-01-03T09:15:00.000000,2026-02-02T15:15:00.000000,50,0,0,100
FLUOROCHEM,30,3812,2024-12-02T09:00:00.000000,2026-02-04T15:00:00.000000,3812,3812,2024-12-02T09:00:00.000000,2026-02-04T15:00:00.000000,15,0,0,100
METROPOLIS,1440,1015,2022-01-03T00:00:00.000000,2026-02-03T00:00:00.000000,1015,1015,2022-01-03T00:00:00.000000,2026-02-03T00:00:00.000000,50,0,0,100
MARUTI,1440,1014,2022-01-03T00:00:00.000000,2026-02-02T00:00:00.000000,1014,1014,2022-01-03T00:00:00.000000,2026-02-02T00:00:00.000000,50,0,0,100
MPHASIS,1440,1015,2022-01-03T00:00:00.000000,2026-02-03T00:00:00.000000,1015,1015,2022-01-03T00:00:00.000000,2026-02-03T00:00:00.000000,50,0,0,100
MCX,1,378804,2022-01-03T09:15:00.000000,2026-02-03T15:29:00.000000,378804,378804,2022-01-03T09:15:00.000000,2026-02-03T15:29:00.000000,50,0,0,100
BALKRISIND,1440,1014,2022-01-03T00:00:00.000000,2026-02-02T00:00:00.000000,1014,1014,2022-01-03T00:00:00.000000,2026-02-02T00:00:00.000000,50,0,0,100
BAJAJ-AUTO,5,75839,2022-01-03T09:15:00.000000,2026-02-04T15:25:00.000000,75839,75839,2022-01-03T09:15:00.000000,2026-02-04T15:25:00.000000,50,0,0,100
JUBLPHARMA,3,126515,2022-01-03T09:15:00.000000,2026-02-05T15:27:00.000000,126515,126515,2022-01-03T09:15:00.000000,2026-02-05T15:27:00.000000,50,0,0,100
AAVAS,10080,215,2021-12-27T00:00:00.000000,2026-02-02T00:00:00.000000,215,215,2021-12-27T00:00:00.000000,2026-02-02T00:00:00.000000,51,0,0,100
TECHM,5,75689,2022-01-03T09:15:00.000000,2026-02-02T15:25:00.000000,75689,75689,2022-01-03T09:15:00.000000,2026-02-02T15:25:00.000000,50,0,0,100
BEML,30,13136,2022-01-03T09:00:00.000000,2026-02-03T15:00:00.000000,13136,13136,2022-01-03T09:00:00.000000,2026-02-03T15:00:00.000000,50,0,0,100
MOTHERSON,3,126140,2022-01-03T09:15:00.000000,2026-02-02T15:27:00.000000,126140,126140,2022-01-03T09:15:00.000000,2026-02-02T15:27:00.000000,50,0,0,100
POWERINDIA,3,126389,2022-01-03T09:15:00.000000,2026-02-04T15:27:00.000000,126389,126389,2022-01-03T09:15:00.000000,2026-02-04T15:27:00.000000,50,0,0,100
AKZOINDIA,10080,215,2021-12-27T00:00:00.000000,2026-02-02T00:00:00.000000,215,215,2021-12-27T00:00:00.000000,2026-02-02T00:00:00.000000,51,0,0,100
ANANTRAJ,3,126388,2022-01-03T09:15:00.000000,2026-02-04T15:27:00.000000,126388,126388,2022-01-03T09:15:00.000000,2026-02-04T15:27:00.000000,50,0,0,100
BHEL,15,25230,2022-01-03T09:15:00.000000,2026-02-02T15:15:00.000000,25230,25230,2022-01-03T09:15:00.000000,2026-02-02T15:15:00.000000,50,0,0,100
ITCHOTELS,1,94907,2025-01-29T09:43:00.000000,2026-02-05T15:29:00.000000,94907,94907,2025-01-29T09:43:00.000000,2026-02-05T15:29:00.000000,14,0,0,100
ITC,1,378025,2022-01-03T09:15:00.000000,2026-02-01T15:29:00.000000,378025,378025,2022-01-03T09:15:00.000000,2026-02-01T15:29:00.000000,50,0,0,100
M&MFIN,1,379553,2022-01-03T09:15:00.000000,2026-02-05T15:29:00.000000,379553,379553,2022-01-03T09:15:00.000000,2026-02-05T15:29:00.000000,50,0,0,100
IRCON,15,25305,2022-01-03T09:15:00.000000,2026-02-05T15:15:00.000000,25305,25305,2022-01-03T09:15:00.000000,2026-02-05T15:15:00.000000,50,0,0,100
YESBANK,10080,215,2021-12-27T00:00:00.000000,2026-02-02T00:00:00.000000,215,215,2021-12-27T00:00:00.000000,2026-02-02T00:00:00.000000,51,0,0,100
BEL,30,13123,2022-01-03T09:00:00.000000,2026-02-02T15:00:00.000000,13123,13123,2022-01-03T09:00:00.000000,2026-02-02T15:00:00.000000,50,0,0,100
KEC,1,378663,2022-01-03T09:15:00.000000,2026-02-03T15:29:00.000000,378663,378663,2022-01-03T09:15:00.000000,2026-02-03T15:29:00.000000,50,0,0,100
INDIANB,15,25255,2022-01-03T09:15:00.000000,2026-02-03T15:15:00.000000,25255,25255,2022-01-03T09:15:00.000000,2026-02-03T15:15:00.000000,50,0,0,100
APARINDS,10080,215,2021-12-27T00:00:00.000000,2026-02-02T00:00:00.000000,215,215,2021-12-27T00:00:00.000000,2026-02-02T00:00:00.000000,51,0,0,100
IDFCFIRSTB,10080,215,2021-12-27T00:00:00.000000,2026-02-02T00:00:00.000000,215,215,2021-12-27T00:00:00.000000,2026-02-02T00:00:00.000000,51,0,0,100
HINDCOPPER,5,75764,2022-01-03T09:15:00.000000,2026-02-03T15:25:00.000000,75764,75764,2022-01-03T09:15:00.000000,2026-02-03T15:25:00.000000,50,0,0,100
HAPPSTMNDS,15,25255,2022-01-03T09:15:00.000000,2026-02-03T15:15:00.000000,25255,25255,2022-01-03T09:15:00.000000,2026-02-03T15:15:00.000000,50,0,0,100
BEML,1440,1015,2022-01-03T00:00:00.000000,2026-02-03T00:00:00.000000,1015,1015,2022-01-03T00:00:00.000000,2026-02-03T00:00:00.000000,50,0,0,100
PHOENIXLTD,10080,215,2021-12-27T00:00:00.000000,2026-02-02T00:00:00.000000,215,215,2021-12-27T00:00:00.000000,2026-02-02T00:00:00.000000,51,0,0,100
ABCAPITAL,30,3812,2024-12-02T09:00:00.000000,2026-02-04T15:00:00.000000,3812,3812,2024-12-02T09:00:00.000000,2026-02-04T15:00:00.000000,15,0,0,100
SBIN,15,25205,2022-01-03T09:15:00.000000,2026-02-01T15:15:00.000000,25205,25205,2022-01-03T09:15:00.000000,2026-02-01T15:15:00.000000,50,0,0,100
GSPL,60,7076,2022-01-03T09:00:00.000000,2026-02-03T15:00:00.000000,7076,7076,2022-01-03T09:00:00.000000,2026-02-03T15:00:00.000000,50,0,0,100
TORNTPHARM,5,75689,2022-01-03T09:15:00.000000,2026-02-02T15:25:00.000000,75689,75689,2022-01-03T09:15:00.000000,2026-02-02T15:25:00.000000,50,0,0,100
NCC,10080,215,2021-12-27T00:00:00.000000,2026-02-02T00:00:00.000000,215,215,2021-12-27T00:00:00.000000,2026-02-02T00:00:00.000000,51,0,0,100
CHAMBLFERT,5,75764,2022-01-03T09:15:00.000000,2026-02-03T15:25:00.000000,75764,75764,2022-01-03T09:15:00.000000,2026-02-03T15:25:00.000000,50,0,0,100
BAJAJHLDNG,1440,1015,2022-01-03T00:00:00.000000,2026-02-03T00:00:00.000000,1015,1015,2022-01-03T00:00:00.000000,2026-02-03T00:00:00.000000,50,0,0,100
HINDPETRO,3,126399,2022-01-03T09:15:00.000000,2026-02-04T15:27:00.000000,126399,126399,2022-01-03T09:15:00.000000,2026-02-04T15:27:00.000000,50,0,0,100
MFSL,5,21912,2024-12-02T09:15:00.000000,2026-02-03T15:25:00.000000,21912,21912,2024-12-02T09:15:00.000000,2026-02-03T15:25:00.000000,15,0,0,100
ZENTEC,60,7083,2022-01-03T09:00:00.000000,2026-02-04T15:00:00.000000,7083,7083,2022-01-03T09:00:00.000000,2026-02-04T15:00:00.000000,50,0,0,100
MOTILALOFS,30,7459,2022-01-03T09:00:00.000000,2024-04-30T15:00:00.000000,7459,7459,2022-01-03T09:00:00.000000,2024-04-30T15:00:00.000000,28,0,0,100
ARE&M,5,75839,2022-01-03T09:15:00.000000,2026-02-04T15:25:00.000000,75839,75839,2022-01-03T09:15:00.000000,2026-02-04T15:25:00.000000,50,0,0,100
MAXHEALTH,3,126269,2022-01-03T09:15:00.000000,2026-02-03T15:27:00.000000,126269,126269,2022-01-03T09:15:00.000000,2026-02-03T15:27:00.000000,50,0,0,100
AMBUJACEM,1440,1014,2022-01-03T00:00:00.000000,2026-02-02T00:00:00.000000,1014,1014,2022-01-03T00:00:00.000000,2026-02-02T00:00:00.000000,50,0,0,100
YESBANK,1,378792,2022-01-03T09:15:00.000000,2026-02-03T15:29:00.000000,378792,378792,2022-01-03T09:15:00.000000,2026-02-03T15:29:00.000000,50,0,0,100
SAIL,30,13136,2022-01-03T09:00:00.000000,2026-02-03T15:00:00.000000,13136,13136,2022-01-03T09:00:00.000000,2026-02-03T15:00:00.000000,50,0,0,100
JWL,1,370106,2022-01-03T09:15:00.000000,2026-02-05T15:29:00.000000,370106,370106,2022-01-03T09:15:00.000000,2026-02-05T15:29:00.000000,50,0,0,100
COLPAL,5,21837,2024-12-02T09:15:00.000000,2026-02-02T15:25:00.000000,21837,21837,2024-12-02T09:15:00.000000,2026-02-02T15:25:00.000000,15,0,0,100
SJVN,5,75762,2022-01-03T09:15:00.000000,2026-02-03T15:25:00.000000,75762,75762,2022-01-03T09:15:00.000000,2026-02-03T15:25:00.000000,50,0,0,100
INTELLECT,10080,215,2021-12-27T00:00:00.000000,2026-02-02T00:00:00.000000,215,215,2021-12-27T00:00:00.000000,2026-02-02T00:00:00.000000,51,0,0,100
BLUEDART,3,126386,2022-01-03T09:15:00.000000,2026-02-04T15:27:00.000000,126386,126386,2022-01-03T09:15:00.000000,2026-02-04T15:27:00.000000,50,0,0,100
NCC,15,25255,2022-01-03T09:15:00.000000,2026-02-03T15:15:00.000000,25255,25255,2022-01-03T09:15:00.000000,2026-02-03T15:15:00.000000,50,0,0,100
NATCOPHARM,15,25255,2022-01-03T09:15:00.000000,2026-02-03T15:15:00.000000,25255,25255,2022-01-03T09:15:00.000000,2026-02-03T15:15:00.000000,50,0,0,100
KFINTECH,1440,771,2022-12-29T00:00:00.000000,2026-02-05T00:00:00.000000,771,771,2022-12-29T00:00:00.000000,2026-02-05T00:00:00.000000,39,0,0,100
OLECTRA,1,378703,2022-01-03T09:15:00.000000,2026-02-03T15:29:00.000000,378703,378703,2022-01-03T09:15:00.000000,2026-02-03T15:29:00.000000,50,0,0,100
HAPPSTMNDS,10080,215,2021-12-27T00:00:00.000000,2026-02-02T00:00:00.000000,215,215,2021-12-27T00:00:00.000000,2026-02-02T00:00:00.000000,51,0,0,100
BAJAJ-AUTO,1,379177,2022-01-03T09:15:00.000000,2026-02-04T15:29:00.000000,379177,379177,2022-01-03T09:15:00.000000,2026-02-04T15:29:00.000000,50,0,0,100
METROPOLIS,3,126274,2022-01-03T09:15:00.000000,2026-02-03T15:27:00.000000,126274,126274,2022-01-03T09:15:00.000000,2026-02-03T15:27:00.000000,50,0,0,100
NTPCGREEN,60,2081,2024-11-27T09:00:00.000000,2026-02-05T15:00:00.000000,2081,2081,2024-11-27T09:00:00.000000,2026-02-05T15:00:00.000000,16,0,0,100
LTTS,30,13136,2022-01-03T09:00:00.000000,2026-02-03T15:00:00.000000,13136,13136,2022-01-03T09:00:00.000000,2026-02-03T15:00:00.000000,50,0,0,100
LTIM,1,378428,2022-01-03T09:15:00.000000,2026-02-02T15:29:00.000000,378428,378428,2022-01-03T09:15:00.000000,2026-02-02T15:29:00.000000,50,0,0,100
CGPOWER,5,75763,2022-01-03T09:15:00.000000,2026-02-03T15:25:00.000000,75763,75763,2022-01-03T09:15:00.000000,2026-02-03T15:25:00.000000,50,0,0,100
NLCINDIA,60,7076,2022-01-03T09:00:00.000000,2026-02-03T15:00:00.000000,7076,7076,2022-01-03T09:00:00.000000,2026-02-03T15:00:00.000000,50,0,0,100
TITAN,1440,1014,2022-01-03T00:00:00.000000,2026-02-02T00:00:00.000000,1014,1014,2022-01-03T00:00:00.000000,2026-02-02T00:00:00.000000,50,0,0,100
CONCORDBIO,10080,130,2023-08-14T00:00:00.000000,2026-02-02T00:00:00.000000,130,130,2023-08-14T00:00:00.000000,2026-02-02T00:00:00.000000,31,0,0,100
GRAVITA,5,75825,2022-01-03T09:15:00.000000,2026-02-04T15:25:00.000000,75825,75825,2022-01-03T09:15:00.000000,2026-02-04T15:25:00.000000,50,0,0,100
IDFCFIRSTB,3,36520,2024-12-02T09:15:00.000000,2026-02-03T15:27:00.000000,36520,36520,2024-12-02T09:15:00.000000,2026-02-03T15:27:00.000000,15,0,0,100
ABFRL,15,25277,2022-01-03T09:15:00.000000,2026-02-04T15:15:00.000000,25277,25277,2022-01-03T09:15:00.000000,2026-02-04T15:15:00.000000,50,0,0,100
AEGISLOG,5,75838,2022-01-03T09:15:00.000000,2026-02-04T15:25:00.000000,75838,75838,2022-01-03T09:15:00.000000,2026-02-04T15:25:00.000000,50,0,0,100
AARTIIND,1,379146,2022-01-03T09:15:00.000000,2026-02-04T15:29:00.000000,379146,379146,2022-01-03T09:15:00.000000,2026-02-04T15:29:00.000000,50,0,0,100
THERMAX,10080,215,2021-12-27T00:00:00.000000,2026-02-02T00:00:00.000000,215,215,2021-12-27T00:00:00.000000,2026-02-02T00:00:00.000000,51,0,0,100
DABUR,30,13123,2022-01-03T09:00:00.000000,2026-02-02T15:00:00.000000,13123,13123,2022-01-03T09:00:00.000000,2026-02-02T15:00:00.000000,50,0,0,100
SOBHA,15,25255,2022-01-03T09:15:00.000000,2026-02-03T15:15:00.000000,25255,25255,2022-01-03T09:15:00.000000,2026-02-03T15:15:00.000000,50,0,0,100
CAMPUS,60,6488,2022-05-09T09:00:00.000000,2026-02-03T15:00:00.000000,6488,6488,2022-05-09T09:00:00.000000,2026-02-03T15:00:00.000000,46,0,0,100
AXISBANK,10080,215,2021-12-27T00:00:00.000000,2026-02-02T00:00:00.000000,215,215,2021-12-27T00:00:00.000000,2026-02-02T00:00:00.000000,51,0,0,100
BATAINDIA,1440,1014,2022-01-03T00:00:00.000000,2026-02-02T00:00:00.000000,1014,1014,2022-01-03T00:00:00.000000,2026-02-02T00:00:00.000000,50,0,0,100
GODREJIND,10080,215,2021-12-27T00:00:00.000000,2026-02-02T00:00:00.000000,215,215,2021-12-27T00:00:00.000000,2026-02-02T00:00:00.000000,51,0,0,100
SRF,60,7069,2022-01-03T09:00:00.000000,2026-02-02T15:00:00.000000,7069,7069,2022-01-03T09:00:00.000000,2026-02-02T15:00:00.000000,50,0,0,100
BOSCHLTD,30,13123,2022-01-03T09:00:00.000000,2026-02-02T15:00:00.000000,13123,13123,2022-01-03T09:00:00.000000,2026-02-02T15:00:00.000000,50,0,0,100
ABB,3,126149,2022-01-03T09:15:00.000000,2026-02-02T15:27:00.000000,126149,126149,2022-01-03T09:15:00.000000,2026-02-02T15:27:00.000000,50,0,0,100
GODREJCP,30,13123,2022-01-03T09:00:00.000000,2026-02-02T15:00:00.000000,13123,13123,2022-01-03T09:00:00.000000,2026-02-02T15:00:00.000000,50,0,0,100
DIVISLAB,60,7069,2022-01-03T09:00:00.000000,2026-02-02T15:00:00.000000,7069,7069,2022-01-03T09:00:00.000000,2026-02-02T15:00:00.000000,50,0,0,100
GRSE,1440,1016,2022-01-03T00:00:00.000000,2026-02-04T00:00:00.000000,1016,1016,2022-01-03T00:00:00.000000,2026-02-04T00:00:00.000000,50,0,0,100
MAPMYINDIA,1440,1015,2022-01-03T00:00:00.000000,2026-02-03T00:00:00.000000,1015,1015,2022-01-03T00:00:00.000000,2026-02-03T00:00:00.000000,50,0,0,100
LINDEINDIA,10080,215,2021-12-27T00:00:00.000000,2026-02-02T00:00:00.000000,215,215,2021-12-27T00:00:00.000000,2026-02-02T00:00:00.000000,51,0,0,100
WELSPUNLIV,1,378718,2022-01-03T09:15:00.000000,2026-02-03T15:29:00.000000,378718,378718,2022-01-03T09:15:00.000000,2026-02-03T15:29:00.000000,50,0,0,100
METROPOLIS,30,13136,2022-01-03T09:00:00.000000,2026-02-03T15:00:00.000000,13136,13136,2022-01-03T09:00:00.000000,2026-02-03T15:00:00.000000,50,0,0,100
MPHASIS,5,75764,2022-01-03T09:15:00.000000,2026-02-03T15:25:00.000000,75764,75764,2022-01-03T09:15:00.000000,2026-02-03T15:25:00.000000,50,0,0,100
INDUSINDBK,1440,1014,2022-01-03T00:00:00.000000,2026-02-02T00:00:00.000000,1014,1014,2022-01-03T00:00:00.000000,2026-02-02T00:00:00.000000,50,0,0,100
PRESTIGE,1,378692,2022-01-03T09:15:00.000000,2026-02-03T15:29:00.000000,378692,378692,2022-01-03T09:15:00.000000,2026-02-03T15:29:00.000000,50,0,0,100
GAIL,10080,215,2021-12-27T00:00:00.000000,2026-02-02T00:00:00.000000,215,215,2021-12-27T00:00:00.000000,2026-02-02T00:00:00.000000,51,0,0,100
NSLNISP,5,54824,2023-02-20T09:15:00.000000,2026-02-05T15:25:00.000000,54824,54824,2023-02-20T09:15:00.000000,2026-02-05T15:25:00.000000,37,0,0,100
SUNDRMFAST,30,13136,2022-01-03T09:00:00.000000,2026-02-03T15:00:00.000000,13136,13136,2022-01-03T09:00:00.000000,2026-02-03T15:00:00.000000,50,0,0,100
ETERNAL,60,7083,2022-01-03T09:00:00.000000,2026-02-04T15:00:00.000000,7083,7083,2022-01-03T09:00:00.000000,2026-02-04T15:00:00.000000,50,0,0,100
ALOKINDS,30,13149,2022-01-03T09:00:00.000000,2026-02-04T15:00:00.000000,13149,13149,2022-01-03T09:00:00.000000,2026-02-04T15:00:00.000000,50,0,0,100
CAPLIPOINT,10080,215,2021-12-27T00:00:00.000000,2026-02-02T00:00:00.000000,215,215,2021-12-27T00:00:00.000000,2026-02-02T00:00:00.000000,51,0,0,100
ASHOKLEY,30,13123,2022-01-03T09:00:00.000000,2026-02-02T15:00:00.000000,13123,13123,2022-01-03T09:00:00.000000,2026-02-02T15:00:00.000000,50,0,0,100
JYOTHYLAB,5,29724,2024-07-01T09:15:00.000000,2026-02-03T15:25:00.000000,29724,29724,2024-07-01T09:15:00.000000,2026-02-03T15:25:00.000000,20,0,0,100
BEL,15,25230,2022-01-03T09:15:00.000000,2026-02-02T15:15:00.000000,25230,25230,2022-01-03T09:15:00.000000,2026-02-02T15:15:00.000000,50,0,0,100
SBILIFE,15,25230,2022-01-03T09:15:00.000000,2026-02-02T15:15:00.000000,25230,25230,2022-01-03T09:15:00.000000,2026-02-02T15:15:00.000000,50,0,0,100
JSWSTEEL,5,75689,2022-01-03T09:15:00.000000,2026-02-02T15:25:00.000000,75689,75689,2022-01-03T09:15:00.000000,2026-02-02T15:25:00.000000,50,0,0,100
NTPCGREEN,30,3863,2024-11-27T09:30:00.000000,2026-02-05T15:00:00.000000,3863,3863,2024-11-27T09:30:00.000000,2026-02-05T15:00:00.000000,16,0,0,100
BLUEJET,60,3917,2023-11-01T09:00:00.000000,2026-02-04T15:00:00.000000,3917,3917,2023-11-01T09:00:00.000000,2026-02-04T15:00:00.000000,28,0,0,100
GLAND,1440,1016,2022-01-03T00:00:00.000000,2026-02-04T00:00:00.000000,1016,1016,2022-01-03T00:00:00.000000,2026-02-04T00:00:00.000000,50,0,0,100
CREDITACC,1440,1016,2022-01-03T00:00:00.000000,2026-02-04T00:00:00.000000,1016,1016,2022-01-03T00:00:00.000000,2026-02-04T00:00:00.000000,50,0,0,100
SCHAEFFLER,60,2046,2024-12-02T09:00:00.000000,2026-02-03T15:00:00.000000,2046,2046,2024-12-02T09:00:00.000000,2026-02-03T15:00:00.000000,15,0,0,100
AEGISLOG,10080,215,2021-12-27T00:00:00.000000,2026-02-02T00:00:00.000000,215,215,2021-12-27T00:00:00.000000,2026-02-02T00:00:00.000000,51,0,0,100
CANBK,15,25230,2022-01-03T09:15:00.000000,2026-02-02T15:15:00.000000,25230,25230,2022-01-03T09:15:00.000000,2026-02-02T15:15:00.000000,50,0,0,100
ATUL,60,7076,2022-01-03T09:00:00.000000,2026-02-03T15:00:00.000000,7076,7076,2022-01-03T09:00:00.000000,2026-02-03T15:00:00.000000,50,0,0,100
GRAPHITE,30,13136,2022-01-03T09:00:00.000000,2026-02-03T15:00:00.000000,13136,13136,2022-01-03T09:00:00.000000,2026-02-03T15:00:00.000000,50,0,0,100
ALKEM,5,75689,2022-01-03T09:15:00.000000,2026-02-02T15:25:00.000000,75689,75689,2022-01-03T09:15:00.000000,2026-02-02T15:25:00.000000,50,0,0,100
ITCHOTELS,5,18982,2025-01-29T09:40:00.000000,2026-02-05T15:25:00.000000,18982,18982,2025-01-29T09:40:00.000000,2026-02-05T15:25:00.000000,14,0,0,100
IGIL,5,21007,2024-12-20T09:40:00.000000,2026-02-05T15:25:00.000000,21007,21007,2024-12-20T09:40:00.000000,2026-02-05T15:25:00.000000,15,0,0,100
ACC,30,13123,2022-01-03T09:00:00.000000,2026-02-02T15:00:00.000000,13123,13123,2022-01-03T09:00:00.000000,2026-02-02T15:00:00.000000,50,0,0,100
MINDACORP,5,75913,2022-01-03T09:15:00.000000,2026-02-05T15:25:00.000000,75913,75913,2022-01-03T09:15:00.000000,2026-02-05T15:25:00.000000,50,0,0,100
SHRIRAMFIN,3,126149,2022-01-03T09:15:00.000000,2026-02-02T15:27:00.000000,126149,126149,2022-01-03T09:15:00.000000,2026-02-02T15:27:00.000000,50,0,0,100
COHANCE,1440,1016,2022-01-03T00:00:00.000000,2026-02-04T00:00:00.000000,1016,1016,2022-01-03T00:00:00.000000,2026-02-04T00:00:00.000000,50,0,0,100
MCX,1440,1015,2022-01-03T00:00:00.000000,2026-02-03T00:00:00.000000,1015,1015,2022-01-03T00:00:00.000000,2026-02-03T00:00:00.000000,50,0,0,100
ACMESOLAR,5,22808,2024-11-13T09:35:00.000000,2026-02-04T15:25:00.000000,22808,22808,2024-11-13T09:35:00.000000,2026-02-04T15:25:00.000000,16,0,0,100
BAJAJFINSV,15,25230,2022-01-03T09:15:00.000000,2026-02-02T15:15:00.000000,25230,25230,2022-01-03T09:15:00.000000,2026-02-02T15:15:00.000000,50,0,0,100
HFCL,5,75836,2022-01-03T09:15:00.000000,2026-02-04T15:25:00.000000,75836,75836,2022-01-03T09:15:00.000000,2026-02-04T15:25:00.000000,50,0,0,100
TECHNOE,1440,1015,2022-01-03T00:00:00.000000,2026-02-03T00:00:00.000000,1015,1015,2022-01-03T00:00:00.000000,2026-02-03T00:00:00.000000,50,0,0,100
MOTILALOFS,15,14340,2022-01-03T09:15:00.000000,2024-04-30T15:15:00.000000,14340,14340,2022-01-03T09:15:00.000000,2024-04-30T15:15:00.000000,28,0,0,100
UTIAMC,30,13136,2022-01-03T09:00:00.000000,2026-02-03T15:00:00.000000,13136,13136,2022-01-03T09:00:00.000000,2026-02-03T15:00:00.000000,50,0,0,100
TIMKEN,60,7076,2022-01-03T09:00:00.000000,2026-02-03T15:00:00.000000,7076,7076,2022-01-03T09:00:00.000000,2026-02-03T15:00:00.000000,50,0,0,100
THERMAX,1440,1015,2022-01-03T00:00:00.000000,2026-02-03T00:00:00.000000,1015,1015,2022-01-03T00:00:00.000000,2026-02-03T00:00:00.000000,50,0,0,100
NHPC,1,378424,2022-01-03T09:15:00.000000,2026-02-02T15:29:00.000000,378424,378424,2022-01-03T09:15:00.000000,2026-02-02T15:29:00.000000,50,0,0,100
EIHOTEL,5,21987,2024-12-02T09:15:00.000000,2026-02-04T15:25:00.000000,21987,21987,2024-12-02T09:15:00.000000,2026-02-04T15:25:00.000000,15,0,0,100
AJANTPHARM,15,25255,2022-01-03T09:15:00.000000,2026-02-03T15:15:00.000000,25255,25255,2022-01-03T09:15:00.000000,2026-02-03T15:15:00.000000,50,0,0,100
ATHERENERG,30,2458,2025-05-06T10:00:00.000000,2026-02-04T15:00:00.000000,2458,2458,2025-05-06T10:00:00.000000,2026-02-04T15:00:00.000000,10,0,0,100
INFY,15,25205,2022-01-03T09:15:00.000000,2026-02-01T15:15:00.000000,25205,25205,2022-01-03T09:15:00.000000,2026-02-01T15:15:00.000000,50,0,0,100
FIRSTCRY,60,2571,2024-08-13T10:00:00.000000,2026-02-04T15:00:00.000000,2571,2571,2024-08-13T10:00:00.000000,2026-02-04T15:00:00.000000,19,0,0,100
NHPC,1440,1014,2022-01-03T00:00:00.000000,2026-02-02T00:00:00.000000,1014,1014,2022-01-03T00:00:00.000000,2026-02-02T00:00:00.000000,50,0,0,100
ICICIGI,10080,215,2021-12-27T00:00:00.000000,2026-02-02T00:00:00.000000,215,215,2021-12-27T00:00:00.000000,2026-02-02T00:00:00.000000,51,0,0,100
LINDEINDIA,1,378592,2022-01-03T09:15:00.000000,2026-02-03T15:29:00.000000,378592,378592,2022-01-03T09:15:00.000000,2026-02-03T15:29:00.000000,50,0,0,100
HINDZINC,30,13136,2022-01-03T09:00:00.000000,2026-02-03T15:00:00.000000,13136,13136,2022-01-03T09:00:00.000000,2026-02-03T15:00:00.000000,50,0,0,100
ENGINERSIN,10080,215,2021-12-27T00:00:00.000000,2026-02-02T00:00:00.000000,215,215,2021-12-27T00:00:00.000000,2026-02-02T00:00:00.000000,51,0,0,100
IGIL,3,35012,2024-12-20T09:39:00.000000,2026-02-05T15:27:00.000000,35012,35012,2024-12-20T09:39:00.000000,2026-02-05T15:27:00.000000,15,0,0,100
FINCABLES,60,7076,2022-01-03T09:00:00.000000,2026-02-03T15:00:00.000000,7076,7076,2022-01-03T09:00:00.000000,2026-02-03T15:00:00.000000,50,0,0,100
FIRSTCRY,15,9180,2024-08-13T10:00:00.000000,2026-02-04T15:15:00.000000,9180,9180,2024-08-13T10:00:00.000000,2026-02-04T15:15:00.000000,19,0,0,100
CARBORUNIV,30,3799,2024-12-02T09:00:00.000000,2026-02-03T15:00:00.000000,3799,3799,2024-12-02T09:00:00.000000,2026-02-03T15:00:00.000000,15,0,0,100
PHOENIXLTD,1,378732,2022-01-03T09:15:00.000000,2026-02-03T15:29:00.000000,378732,378732,2022-01-03T09:15:00.000000,2026-02-03T15:29:00.000000,50,0,0,100
BSE,5,75763,2022-01-03T09:15:00.000000,2026-02-03T15:25:00.000000,75763,75763,2022-01-03T09:15:00.000000,2026-02-03T15:25:00.000000,50,0,0,100
INDUSTOWER,5,75689,2022-01-03T09:15:00.000000,2026-02-02T15:25:00.000000,75689,75689,2022-01-03T09:15:00.000000,2026-02-02T15:25:00.000000,50,0,0,100
ASAHIINDIA,30,13149,2022-01-03T09:00:00.000000,2026-02-04T15:00:00.000000,13149,13149,2022-01-03T09:00:00.000000,2026-02-04T15:00:00.000000,50,0,0,100
GODREJPROP,1440,1015,2022-01-03T00:00:00.000000,2026-02-03T00:00:00.000000,1015,1015,2022-01-03T00:00:00.000000,2026-02-03T00:00:00.000000,50,0,0,100
DLF,1,378424,2022-01-03T09:15:00.000000,2026-02-02T15:29:00.000000,378424,378424,2022-01-03T09:15:00.000000,2026-02-02T15:29:00.000000,50,0,0,100
BHARATFORG,15,25255,2022-01-03T09:15:00.000000,2026-02-03T15:15:00.000000,25255,25255,2022-01-03T09:15:00.000000,2026-02-03T15:15:00.000000,50,0,0,100
MFSL,1440,1015,2022-01-03T00:00:00.000000,2026-02-03T00:00:00.000000,1015,1015,2022-01-03T00:00:00.000000,2026-02-03T00:00:00.000000,50,0,0,100
AFCONS,5,23332,2024-11-04T09:40:00.000000,2026-02-04T15:25:00.000000,23332,23332,2024-11-04T09:40:00.000000,2026-02-04T15:25:00.000000,16,0,0,100
UBL,1440,1015,2022-01-03T00:00:00.000000,2026-02-03T00:00:00.000000,1015,1015,2022-01-03T00:00:00.000000,2026-02-03T00:00:00.000000,50,0,0,100
CGPOWER,30,13136,2022-01-03T09:00:00.000000,2026-02-03T15:00:00.000000,13136,13136,2022-01-03T09:00:00.000000,2026-02-03T15:00:00.000000,50,0,0,100
CHAMBLFERT,60,7076,2022-01-03T09:00:00.000000,2026-02-03T15:00:00.000000,7076,7076,2022-01-03T09:00:00.000000,2026-02-03T15:00:00.000000,50,0,0,100
UTIAMC,1440,1015,2022-01-03T00:00:00.000000,2026-02-03T00:00:00.000000,1015,1015,2022-01-03T00:00:00.000000,2026-02-03T00:00:00.000000,50,0,0,100
FIVESTAR,60,5562,2022-11-21T09:00:00.000000,2026-02-04T15:00:00.000000,5562,5562,2022-11-21T09:00:00.000000,2026-02-04T15:00:00.000000,40,0,0,100
AEGISVOPAK,1440,171,2025-06-02T00:00:00.000000,2026-02-04T00:00:00.000000,171,171,2025-06-02T00:00:00.000000,2026-02-04T00:00:00.000000,9,0,0,100
TATACOMM,30,13136,2022-01-03T09:00:00.000000,2026-02-03T15:00:00.000000,13136,13136,2022-01-03T09:00:00.000000,2026-02-03T15:00:00.000000,50,0,0,100
BRITANNIA,3,126148,2022-01-03T09:15:00.000000,2026-02-02T15:27:00.000000,126148,126148,2022-01-03T09:15:00.000000,2026-02-02T15:27:00.000000,50,0,0,100
ALKYLAMINE,60,7076,2022-01-03T09:00:00.000000,2026-02-03T15:00:00.000000,7076,7076,2022-01-03T09:00:00.000000,2026-02-03T15:00:00.000000,50,0,0,100
CAMS,30,12054,2022-01-03T09:00:00.000000,2025-10-01T15:00:00.000000,12054,12054,2022-01-03T09:00:00.000000,2025-10-01T15:00:00.000000,46,0,0,100
NATIONALUM,5,75764,2022-01-03T09:15:00.000000,2026-02-03T15:25:00.000000,75764,75764,2022-01-03T09:15:00.000000,2026-02-03T15:25:00.000000,50,0,0,100
TIMKEN,5,75762,2022-01-03T09:15:00.000000,2026-02-03T15:25:00.000000,75762,75762,2022-01-03T09:15:00.000000,2026-02-03T15:25:00.000000,50,0,0,100
CGPOWER,1440,1015,2022-01-03T00:00:00.000000,2026-02-03T00:00:00.000000,1015,1015,2022-01-03T00:00:00.000000,2026-02-03T00:00:00.000000,50,0,0,100
JSWSTEEL,1,378429,2022-01-03T09:15:00.000000,2026-02-02T15:29:00.000000,378429,378429,2022-01-03T09:15:00.000000,2026-02-02T15:29:00.000000,50,0,0,100
TRIDENT,5,75762,2022-01-03T09:15:00.000000,2026-02-03T15:25:00.000000,75762,75762,2022-01-03T09:15:00.000000,2026-02-03T15:25:00.000000,50,0,0,100
ALKEM,1,378426,2022-01-03T09:15:00.000000,2026-02-02T15:29:00.000000,378426,378426,2022-01-03T09:15:00.000000,2026-02-02T15:29:00.000000,50,0,0,100
CCL,10080,215,2021-12-27T00:00:00.000000,2026-02-02T00:00:00.000000,215,215,2021-12-27T00:00:00.000000,2026-02-02T00:00:00.000000,51,0,0,100
TATACONSUM,10080,215,2021-12-27T00:00:00.000000,2026-02-02T00:00:00.000000,215,215,2021-12-27T00:00:00.000000,2026-02-02T00:00:00.000000,51,0,0,100
AMBER,60,7083,2022-01-03T09:00:00.000000,2026-02-04T15:00:00.000000,7083,7083,2022-01-03T09:00:00.000000,2026-02-04T15:00:00.000000,50,0,0,100
PAGEIND,30,13123,2022-01-03T09:00:00.000000,2026-02-02T15:00:00.000000,13123,13123,2022-01-03T09:00:00.000000,2026-02-02T15:00:00.000000,50,0,0,100
RADICO,60,7076,2022-01-03T09:00:00.000000,2026-02-03T15:00:00.000000,7076,7076,2022-01-03T09:00:00.000000,2026-02-03T15:00:00.000000,50,0,0,100
GMRAIRPORT,15,7329,2024-12-02T09:15:00.000000,2026-02-04T15:15:00.000000,7329,7329,2024-12-02T09:15:00.000000,2026-02-04T15:15:00.000000,15,0,0,100
AAVAS,5,75838,2022-01-03T09:15:00.000000,2026-02-04T15:25:00.000000,75838,75838,2022-01-03T09:15:00.000000,2026-02-04T15:25:00.000000,50,0,0,100
CASTROLIND,10080,215,2021-12-27T00:00:00.000000,2026-02-02T00:00:00.000000,215,215,2021-12-27T00:00:00.000000,2026-02-02T00:00:00.000000,51,0,0,100
ASTRAL,1,378429,2022-01-03T09:15:00.000000,2026-02-02T15:29:00.000000,378429,378429,2022-01-03T09:15:00.000000,2026-02-02T15:29:00.000000,50,0,0,100
ABB,15,25230,2022-01-03T09:15:00.000000,2026-02-02T15:15:00.000000,25230,25230,2022-01-03T09:15:00.000000,2026-02-02T15:15:00.000000,50,0,0,100
AIIL,15,11090,2024-04-23T09:15:00.000000,2026-02-04T15:15:00.000000,11090,11090,2024-04-23T09:15:00.000000,2026-02-04T15:15:00.000000,23,0,0,100
VOLTAS,3,126274,2022-01-03T09:15:00.000000,2026-02-03T15:27:00.000000,126274,126274,2022-01-03T09:15:00.000000,2026-02-03T15:27:00.000000,50,0,0,100
ASTRAL,30,13123,2022-01-03T09:00:00.000000,2026-02-02T15:00:00.000000,13123,13123,2022-01-03T09:00:00.000000,2026-02-02T15:00:00.000000,50,0,0,100
BASF,30,13136,2022-01-03T09:00:00.000000,2026-02-03T15:00:00.000000,13136,13136,2022-01-03T09:00:00.000000,2026-02-03T15:00:00.000000,50,0,0,100
CCL,1440,1016,2022-01-03T00:00:00.000000,2026-02-04T00:00:00.000000,1016,1016,2022-01-03T00:00:00.000000,2026-02-04T00:00:00.000000,50,0,0,100
APLAPOLLO,15,25255,2022-01-03T09:15:00.000000,2026-02-03T15:15:00.000000,25255,25255,2022-01-03T09:15:00.000000,2026-02-03T15:15:00.000000,50,0,0,100
ETERNAL,5,75837,2022-01-03T09:15:00.000000,2026-02-04T15:25:00.000000,75837,75837,2022-01-03T09:15:00.000000,2026-02-04T15:25:00.000000,50,0,0,100
IRB,1440,1015,2022-01-03T00:00:00.000000,2026-02-03T00:00:00.000000,1015,1015,2022-01-03T00:00:00.000000,2026-02-03T00:00:00.000000,50,0,0,100
FACT,5,75831,2022-01-03T09:15:00.000000,2026-02-04T15:25:00.000000,75831,75831,2022-01-03T09:15:00.000000,2026-02-04T15:25:00.000000,50,0,0,100
MAHSCOOTER,3,125347,2022-01-03T09:15:00.000000,2026-02-05T15:27:00.000000,125347,125347,2022-01-03T09:15:00.000000,2026-02-05T15:27:00.000000,50,0,0,100
HDFCLIFE,15,25230,2022-01-03T09:15:00.000000,2026-02-02T15:15:00.000000,25230,25230,2022-01-03T09:15:00.000000,2026-02-02T15:15:00.000000,50,0,0,100
ATGL,1440,1016,2022-01-03T00:00:00.000000,2026-02-04T00:00:00.000000,1016,1016,2022-01-03T00:00:00.000000,2026-02-04T00:00:00.000000,50,0,0,100
MRF,15,25255,2022-01-03T09:15:00.000000,2026-02-03T15:15:00.000000,25255,25255,2022-01-03T09:15:00.000000,2026-02-03T15:15:00.000000,50,0,0,100
TCS,3,126524,2022-01-03T09:15:00.000000,2026-02-05T15:27:00.000000,126524,126524,2022-01-03T09:15:00.000000,2026-02-05T15:27:00.000000,50,0,0,100
SHREECEM,60,7069,2022-01-03T09:00:00.000000,2026-02-02T15:00:00.000000,7069,7069,2022-01-03T09:00:00.000000,2026-02-02T15:00:00.000000,50,0,0,100
PETRONET,30,13136,2022-01-03T09:00:00.000000,2026-02-03T15:00:00.000000,13136,13136,2022-01-03T09:00:00.000000,2026-02-03T15:00:00.000000,50,0,0,100
AFFLE,5,75763,2022-01-03T09:15:00.000000,2026-02-03T15:25:00.000000,75763,75763,2022-01-03T09:15:00.000000,2026-02-03T15:25:00.000000,50,0,0,100
LATENTVIEW,10080,215,2021-12-27T00:00:00.000000,2026-02-02T00:00:00.000000,215,215,2021-12-27T00:00:00.000000,2026-02-02T00:00:00.000000,51,0,0,100
NAVA,60,1437,2022-01-03T09:00:00.000000,2022-11-01T15:00:00.000000,1437,1437,2022-01-03T09:00:00.000000,2022-11-01T15:00:00.000000,11,0,0,100
RVNL,30,13136,2022-01-03T09:00:00.000000,2026-02-03T15:00:00.000000,13136,13136,2022-01-03T09:00:00.000000,2026-02-03T15:00:00.000000,50,0,0,100
HEXT,30,3070,2025-02-19T09:30:00.000000,2026-02-04T15:00:00.000000,3070,3070,2025-02-19T09:30:00.000000,2026-02-04T15:00:00.000000,13,0,0,100
DOMS,60,3684,2023-12-20T09:00:00.000000,2026-02-04T15:00:00.000000,3684,3684,2023-12-20T09:00:00.000000,2026-02-04T15:00:00.000000,27,0,0,100
HCLTECH,5,75689,2022-01-03T09:15:00.000000,2026-02-02T15:25:00.000000,75689,75689,2022-01-03T09:15:00.000000,2026-02-02T15:25:00.000000,50,0,0,100
EIDPARRY,60,7083,2022-01-03T09:00:00.000000,2026-02-04T15:00:00.000000,7083,7083,2022-01-03T09:00:00.000000,2026-02-04T15:00:00.000000,50,0,0,100
CGPOWER,10080,215,2021-12-27T00:00:00.000000,2026-02-02T00:00:00.000000,215,215,2021-12-27T00:00:00.000000,2026-02-02T00:00:00.000000,51,0,0,100
ATHERENERG,3,23630,2025-05-06T10:00:00.000000,2026-02-04T15:27:00.000000,23630,23630,2025-05-06T10:00:00.000000,2026-02-04T15:27:00.000000,10,0,0,100
DCMSHRIRAM,5,75759,2022-01-03T09:15:00.000000,2026-02-03T15:25:00.000000,75759,75759,2022-01-03T09:15:00.000000,2026-02-03T15:25:00.000000,50,0,0,100
CAMS,1440,951,2022-01-03T00:00:00.000000,2025-10-31T00:00:00.000000,951,951,2022-01-03T00:00:00.000000,2025-10-31T00:00:00.000000,46,0,0,100
UPL,10080,215,2021-12-27T00:00:00.000000,2026-02-02T00:00:00.000000,215,215,2021-12-27T00:00:00.000000,2026-02-02T00:00:00.000000,51,0,0,100
HINDALCO,3,126149,2022-01-03T09:15:00.000000,2026-02-02T15:27:00.000000,126149,126149,2022-01-03T09:15:00.000000,2026-02-02T15:27:00.000000,50,0,0,100
USHAMART,5,75762,2022-01-03T09:15:00.000000,2026-02-03T15:25:00.000000,75762,75762,2022-01-03T09:15:00.000000,2026-02-03T15:25:00.000000,50,0,0,100
ABFRL,30,13147,2022-01-03T09:00:00.000000,2026-02-04T15:00:00.000000,13147,13147,2022-01-03T09:00:00.000000,2026-02-04T15:00:00.000000,50,0,0,100
BLUESTARCO,5,75763,2022-01-03T09:15:00.000000,2026-02-03T15:25:00.000000,75763,75763,2022-01-03T09:15:00.000000,2026-02-03T15:25:00.000000,50,0,0,100
DABUR,60,7069,2022-01-03T09:00:00.000000,2026-02-02T15:00:00.000000,7069,7069,2022-01-03T09:00:00.000000,2026-02-02T15:00:00.000000,50,0,0,100
JYOTHYLAB,10080,215,2021-12-27T00:00:00.000000,2026-02-02T00:00:00.000000,215,215,2021-12-27T00:00:00.000000,2026-02-02T00:00:00.000000,51,0,0,100
HCLTECH,1,378424,2022-01-03T09:15:00.000000,2026-02-02T15:29:00.000000,378424,378424,2022-01-03T09:15:00.000000,2026-02-02T15:29:00.000000,50,0,0,100
ASTERDM,5,75838,2022-01-03T09:15:00.000000,2026-02-04T15:25:00.000000,75838,75838,2022-01-03T09:15:00.000000,2026-02-04T15:25:00.000000,50,0,0,100
CHENNPETRO,15,25280,2022-01-03T09:15:00.000000,2026-02-04T15:15:00.000000,25280,25280,2022-01-03T09:15:00.000000,2026-02-04T15:15:00.000000,50,0,0,100
M&MFIN,15,25305,2022-01-03T09:15:00.000000,2026-02-05T15:15:00.000000,25305,25305,2022-01-03T09:15:00.000000,2026-02-05T15:15:00.000000,50,0,0,100
RBLBANK,15,25255,2022-01-03T09:15:00.000000,2026-02-03T15:15:00.000000,25255,25255,2022-01-03T09:15:00.000000,2026-02-03T15:15:00.000000,50,0,0,100
GLAXO,5,75761,2022-01-03T09:15:00.000000,2026-02-03T15:25:00.000000,75761,75761,2022-01-03T09:15:00.000000,2026-02-03T15:25:00.000000,50,0,0,100
FACT,30,13149,2022-01-03T09:00:00.000000,2026-02-04T15:00:00.000000,13149,13149,2022-01-03T09:00:00.000000,2026-02-04T15:00:00.000000,50,0,0,100
CREDITACC,30,13149,2022-01-03T09:00:00.000000,2026-02-04T15:00:00.000000,13149,13149,2022-01-03T09:00:00.000000,2026-02-04T15:00:00.000000,50,0,0,100
CHALET,60,2053,2024-12-02T09:00:00.000000,2026-02-04T15:00:00.000000,2053,2053,2024-12-02T09:00:00.000000,2026-02-04T15:00:00.000000,15,0,0,100
RECLTD,15,25230,2022-01-03T09:15:00.000000,2026-02-02T15:15:00.000000,25230,25230,2022-01-03T09:15:00.000000,2026-02-02T15:15:00.000000,50,0,0,100
GSPL,15,25255,2022-01-03T09:15:00.000000,2026-02-03T15:15:00.000000,25255,25255,2022-01-03T09:15:00.000000,2026-02-03T15:15:00.000000,50,0,0,100
HOMEFIRST,5,75760,2022-01-03T09:15:00.000000,2026-02-03T15:25:00.000000,75760,75760,2022-01-03T09:15:00.000000,2026-02-03T15:25:00.000000,50,0,0,100
INDHOTEL,30,13123,2022-01-03T09:00:00.000000,2026-02-02T15:00:00.000000,13123,13123,2022-01-03T09:00:00.000000,2026-02-02T15:00:00.000000,50,0,0,100
GVT&D,60,7083,2022-01-03T09:00:00.000000,2026-02-04T15:00:00.000000,7083,7083,2022-01-03T09:00:00.000000,2026-02-04T15:00:00.000000,50,0,0,100
JKTYRE,15,7354,2024-12-02T09:15:00.000000,2026-02-05T15:15:00.000000,7354,7354,2024-12-02T09:15:00.000000,2026-02-05T15:15:00.000000,15,0,0,100
CENTRALBK,1,378787,2022-01-03T09:15:00.000000,2026-02-03T15:29:00.000000,378787,378787,2022-01-03T09:15:00.000000,2026-02-03T15:29:00.000000,50,0,0,100
ITI,30,13136,2022-01-03T09:00:00.000000,2026-02-03T15:00:00.000000,13136,13136,2022-01-03T09:00:00.000000,2026-02-03T15:00:00.000000,50,0,0,100
IOB,1440,1015,2022-01-03T00:00:00.000000,2026-02-03T00:00:00.000000,1015,1015,2022-01-03T00:00:00.000000,2026-02-03T00:00:00.000000,50,0,0,100
TECHNOE,5,75751,2022-01-03T09:15:00.000000,2026-02-03T15:25:00.000000,75751,75751,2022-01-03T09:15:00.000000,2026-02-03T15:25:00.000000,50,0,0,100
INDIAMART,5,75764,2022-01-03T09:15:00.000000,2026-02-03T15:25:00.000000,75764,75764,2022-01-03T09:15:00.000000,2026-02-03T15:25:00.000000,50,0,0,100
JIOFIN,3,76121,2023-08-21T09:15:00.000000,2026-02-05T15:27:00.000000,76121,76121,2023-08-21T09:15:00.000000,2026-02-05T15:27:00.000000,31,0,0,100
PVRINOX,15,7304,2024-12-02T09:15:00.000000,2026-02-03T15:15:00.000000,7304,7304,2024-12-02T09:15:00.000000,2026-02-03T15:15:00.000000,15,0,0,100
BLUESTARCO,3,126267,2022-01-03T09:15:00.000000,2026-02-03T15:27:00.000000,126267,126267,2022-01-03T09:15:00.000000,2026-02-03T15:27:00.000000,50,0,0,100
LINDEINDIA,15,25255,2022-01-03T09:15:00.000000,2026-02-03T15:15:00.000000,25255,25255,2022-01-03T09:15:00.000000,2026-02-03T15:15:00.000000,50,0,0,100
POWERINDIA,15,25280,2022-01-03T09:15:00.000000,2026-02-04T15:15:00.000000,25280,25280,2022-01-03T09:15:00.000000,2026-02-04T15:15:00.000000,50,0,0,100
GODFRYPHLP,1,377226,2022-01-03T09:15:00.000000,2026-02-03T15:29:00.000000,377226,377226,2022-01-03T09:15:00.000000,2026-02-03T15:29:00.000000,50,0,0,100
DLF,30,13123,2022-01-03T09:00:00.000000,2026-02-02T15:00:00.000000,13123,13123,2022-01-03T09:00:00.000000,2026-02-02T15:00:00.000000,50,0,0,100
IREDA,1440,545,2023-11-29T00:00:00.000000,2026-02-05T00:00:00.000000,545,545,2023-11-29T00:00:00.000000,2026-02-05T00:00:00.000000,28,0,0,100
SCHAEFFLER,1440,1015,2022-01-03T00:00:00.000000,2026-02-03T00:00:00.000000,1015,1015,2022-01-03T00:00:00.000000,2026-02-03T00:00:00.000000,50,0,0,100
NAVINFLUOR,30,13136,2022-01-03T09:00:00.000000,2026-02-03T15:00:00.000000,13136,13136,2022-01-03T09:00:00.000000,2026-02-03T15:00:00.000000,50,0,0,100
ONGC,1,378429,2022-01-03T09:15:00.000000,2026-02-02T15:29:00.000000,378429,378429,2022-01-03T09:15:00.000000,2026-02-02T15:29:00.000000,50,0,0,100
AFFLE,1,378797,2022-01-03T09:15:00.000000,2026-02-03T15:29:00.000000,378797,378797,2022-01-03T09:15:00.000000,2026-02-03T15:29:00.000000,50,0,0,100
COFORGE,60,7069,2022-01-03T09:00:00.000000,2026-02-02T15:00:00.000000,7069,7069,2022-01-03T09:00:00.000000,2026-02-02T15:00:00.000000,50,0,0,100
IGL,10080,215,2021-12-27T00:00:00.000000,2026-02-02T00:00:00.000000,215,215,2021-12-27T00:00:00.000000,2026-02-02T00:00:00.000000,51,0,0,100
KPITTECH,30,13136,2022-01-03T09:00:00.000000,2026-02-03T15:00:00.000000,13136,13136,2022-01-03T09:00:00.000000,2026-02-03T15:00:00.000000,50,0,0,100
AFFLE,10080,215,2021-12-27T00:00:00.000000,2026-02-02T00:00:00.000000,215,215,2021-12-27T00:00:00.000000,2026-02-02T00:00:00.000000,51,0,0,100
TATACONSUM,15,25230,2022-01-03T09:15:00.000000,2026-02-02T15:15:00.000000,25230,25230,2022-01-03T09:15:00.000000,2026-02-02T15:15:00.000000,50,0,0,100
TATAPOWER,30,13123,2022-01-03T09:00:00.000000,2026-02-02T15:00:00.000000,13123,13123,2022-01-03T09:00:00.000000,2026-02-02T15:00:00.000000,50,0,0,100
GODFRYPHLP,3,126238,2022-01-03T09:15:00.000000,2026-02-03T15:27:00.000000,126238,126238,2022-01-03T09:15:00.000000,2026-02-03T15:27:00.000000,50,0,0,100
REDINGTON,30,13136,2022-01-03T09:00:00.000000,2026-02-03T15:00:00.000000,13136,13136,2022-01-03T09:00:00.000000,2026-02-03T15:00:00.000000,50,0,0,100
BLS,15,25280,2022-01-03T09:15:00.000000,2026-02-04T15:15:00.000000,25280,25280,2022-01-03T09:15:00.000000,2026-02-04T15:15:00.000000,50,0,0,100
JYOTICNC,30,6617,2024-01-16T09:00:00.000000,2026-02-05T15:00:00.000000,6617,6617,2024-01-16T09:00:00.000000,2026-02-05T15:00:00.000000,26,0,0,100
HAPPSTMNDS,3,126267,2022-01-03T09:15:00.000000,2026-02-03T15:27:00.000000,126267,126267,2022-01-03T09:15:00.000000,2026-02-03T15:27:00.000000,50,0,0,100
ELGIEQUIP,30,13136,2022-01-03T09:00:00.000000,2026-02-03T15:00:00.000000,13136,13136,2022-01-03T09:00:00.000000,2026-02-03T15:00:00.000000,50,0,0,100
INDIGO,1440,1015,2022-01-03T00:00:00.000000,2026-02-03T00:00:00.000000,1015,1015,2022-01-03T00:00:00.000000,2026-02-03T00:00:00.000000,50,0,0,100
GODREJCP,60,7069,2022-01-03T09:00:00.000000,2026-02-02T15:00:00.000000,7069,7069,2022-01-03T09:00:00.000000,2026-02-02T15:00:00.000000,50,0,0,100
TATACHEM,30,13136,2022-01-03T09:00:00.000000,2026-02-03T15:00:00.000000,13136,13136,2022-01-03T09:00:00.000000,2026-02-03T15:00:00.000000,50,0,0,100
PETRONET,15,25255,2022-01-03T09:15:00.000000,2026-02-03T15:15:00.000000,25255,25255,2022-01-03T09:15:00.000000,2026-02-03T15:15:00.000000,50,0,0,100
SAIL,1,378800,2022-01-03T09:15:00.000000,2026-02-03T15:29:00.000000,378800,378800,2022-01-03T09:15:00.000000,2026-02-03T15:29:00.000000,50,0,0,100
ABB,1,378428,2022-01-03T09:15:00.000000,2026-02-02T15:29:00.000000,378428,378428,2022-01-03T09:15:00.000000,2026-02-02T15:29:00.000000,50,0,0,100
ICICIGI,5,75689,2022-01-03T09:15:00.000000,2026-02-02T15:25:00.000000,75689,75689,2022-01-03T09:15:00.000000,2026-02-02T15:25:00.000000,50,0,0,100
ATUL,10080,215,2021-12-27T00:00:00.000000,2026-02-02T00:00:00.000000,215,215,2021-12-27T00:00:00.000000,2026-02-02T00:00:00.000000,51,0,0,100
VIJAYA,5,75761,2022-01-03T09:15:00.000000,2026-02-03T15:25:00.000000,75761,75761,2022-01-03T09:15:00.000000,2026-02-03T15:25:00.000000,50,0,0,100
INOXWIND,15,25305,2022-01-03T09:15:00.000000,2026-02-05T15:15:00.000000,25305,25305,2022-01-03T09:15:00.000000,2026-02-05T15:15:00.000000,50,0,0,100
HINDALCO,1440,1014,2022-01-03T00:00:00.000000,2026-02-02T00:00:00.000000,1014,1014,2022-01-03T00:00:00.000000,2026-02-02T00:00:00.000000,50,0,0,100
ITCHOTELS,10080,54,2025-01-27T00:00:00.000000,2026-02-02T00:00:00.000000,54,54,2025-01-27T00:00:00.000000,2026-02-02T00:00:00.000000,14,0,0,100
POLYMED,30,13136,2022-01-03T09:00:00.000000,2026-02-03T15:00:00.000000,13136,13136,2022-01-03T09:00:00.000000,2026-02-03T15:00:00.000000,50,0,0,100
JPPOWER,5,75913,2022-01-03T09:15:00.000000,2026-02-05T15:25:00.000000,75913,75913,2022-01-03T09:15:00.000000,2026-02-05T15:25:00.000000,50,0,0,100
THELEELA,1440,172,2025-06-02T00:00:00.000000,2026-02-05T00:00:00.000000,172,172,2025-06-02T00:00:00.000000,2026-02-05T00:00:00.000000,9,0,0,100
FIRSTCRY,5,27540,2024-08-13T10:00:00.000000,2026-02-04T15:25:00.000000,27540,27540,2024-08-13T10:00:00.000000,2026-02-04T15:25:00.000000,19,0,0,100
HINDZINC,5,75761,2022-01-03T09:15:00.000000,2026-02-03T15:25:00.000000,75761,75761,2022-01-03T09:15:00.000000,2026-02-03T15:25:00.000000,50,0,0,100
ADANIGREEN,1,378423,2022-01-03T09:15:00.000000,2026-02-02T15:29:00.000000,378423,378423,2022-01-03T09:15:00.000000,2026-02-02T15:29:00.000000,50,0,0,100
KEC,15,25255,2022-01-03T09:15:00.000000,2026-02-03T15:15:00.000000,25255,25255,2022-01-03T09:15:00.000000,2026-02-03T15:15:00.000000,50,0,0,100
DCMSHRIRAM,60,7076,2022-01-03T09:00:00.000000,2026-02-03T15:00:00.000000,7076,7076,2022-01-03T09:00:00.000000,2026-02-03T15:00:00.000000,50,0,0,100
IRCTC,5,75764,2022-01-03T09:15:00.000000,2026-02-03T15:25:00.000000,75764,75764,2022-01-03T09:15:00.000000,2026-02-03T15:25:00.000000,50,0,0,100
LINDEINDIA,5,75763,2022-01-03T09:15:00.000000,2026-02-03T15:25:00.000000,75763,75763,2022-01-03T09:15:00.000000,2026-02-03T15:25:00.000000,50,0,0,100
PERSISTENT,15,7279,2024-12-02T09:15:00.000000,2026-02-02T15:15:00.000000,7279,7279,2024-12-02T09:15:00.000000,2026-02-02T15:15:00.000000,15,0,0,100
MANKIND,1440,685,2023-05-09T00:00:00.000000,2026-02-05T00:00:00.000000,685,685,2023-05-09T00:00:00.000000,2026-02-05T00:00:00.000000,34,0,0,100
TECHM,1440,1014,2022-01-03T00:00:00.000000,2026-02-02T00:00:00.000000,1014,1014,2022-01-03T00:00:00.000000,2026-02-02T00:00:00.000000,50,0,0,100
WHIRLPOOL,3,126273,2022-01-03T09:15:00.000000,2026-02-03T15:27:00.000000,126273,126273,2022-01-03T09:15:00.000000,2026-02-03T15:27:00.000000,50,0,0,100
JINDALSAW,30,13136,2022-01-03T09:00:00.000000,2026-02-03T15:00:00.000000,13136,13136,2022-01-03T09:00:00.000000,2026-02-03T15:00:00.000000,50,0,0,100
OLECTRA,10080,215,2021-12-27T00:00:00.000000,2026-02-02T00:00:00.000000,215,215,2021-12-27T00:00:00.000000,2026-02-02T00:00:00.000000,51,0,0,100
BALRAMCHIN,15,25280,2022-01-03T09:15:00.000000,2026-02-04T15:15:00.000000,25280,25280,2022-01-03T09:15:00.000000,2026-02-04T15:15:00.000000,50,0,0,100
JSL,3,126269,2022-01-03T09:15:00.000000,2026-02-03T15:27:00.000000,126269,126269,2022-01-03T09:15:00.000000,2026-02-03T15:27:00.000000,50,0,0,100
SONACOMS,10080,215,2021-12-27T00:00:00.000000,2026-02-02T00:00:00.000000,215,215,2021-12-27T00:00:00.000000,2026-02-02T00:00:00.000000,51,0,0,100
APLAPOLLO,1,378798,2022-01-03T09:15:00.000000,2026-02-03T15:29:00.000000,378798,378798,2022-01-03T09:15:00.000000,2026-02-03T15:29:00.000000,50,0,0,100
JSWSTEEL,1440,1014,2022-01-03T00:00:00.000000,2026-02-02T00:00:00.000000,1014,1014,2022-01-03T00:00:00.000000,2026-02-02T00:00:00.000000,50,0,0,100
ADANIENT,15,25230,2022-01-03T09:15:00.000000,2026-02-02T15:15:00.000000,25230,25230,2022-01-03T09:15:00.000000,2026-02-02T15:15:00.000000,50,0,0,100
ANGELONE,10080,215,2021-12-27T00:00:00.000000,2026-02-02T00:00:00.000000,215,215,2021-12-27T00:00:00.000000,2026-02-02T00:00:00.000000,51,0,0,100
UBL,15,25255,2022-01-03T09:15:00.000000,2026-02-03T15:15:00.000000,25255,25255,2022-01-03T09:15:00.000000,2026-02-03T15:15:00.000000,50,0,0,100
PFC,30,13123,2022-01-03T09:00:00.000000,2026-02-02T15:00:00.000000,13123,13123,2022-01-03T09:00:00.000000,2026-02-02T15:00:00.000000,50,0,0,100
BOSCHLTD,60,7069,2022-01-03T09:00:00.000000,2026-02-02T15:00:00.000000,7069,7069,2022-01-03T09:00:00.000000,2026-02-02T15:00:00.000000,50,0,0,100
BLUEJET,1440,563,2023-11-01T00:00:00.000000,2026-02-04T00:00:00.000000,563,563,2023-11-01T00:00:00.000000,2026-02-04T00:00:00.000000,28,0,0,100
NMDC,5,75685,2022-01-03T09:15:00.000000,2026-02-02T15:25:00.000000,75685,75685,2022-01-03T09:15:00.000000,2026-02-02T15:25:00.000000,50,0,0,100
KSB,1440,1016,2022-01-03T00:00:00.000000,2026-02-04T00:00:00.000000,1016,1016,2022-01-03T00:00:00.000000,2026-02-04T00:00:00.000000,50,0,0,100
ETERNAL,1,379167,2022-01-03T09:15:00.000000,2026-02-04T15:29:00.000000,379167,379167,2022-01-03T09:15:00.000000,2026-02-04T15:29:00.000000,50,0,0,100
PFC,1440,1014,2022-01-03T00:00:00.000000,2026-02-02T00:00:00.000000,1014,1014,2022-01-03T00:00:00.000000,2026-02-02T00:00:00.000000,50,0,0,100
IDFCFIRSTB,1,109560,2024-12-02T09:15:00.000000,2026-02-03T15:29:00.000000,109560,109560,2024-12-02T09:15:00.000000,2026-02-03T15:29:00.000000,15,0,0,100
TRITURBINE,60,7076,2022-01-03T09:00:00.000000,2026-02-03T15:00:00.000000,7076,7076,2022-01-03T09:00:00.000000,2026-02-03T15:00:00.000000,50,0,0,100
ASIANPAINT,1440,1014,2022-01-03T00:00:00.000000,2026-02-02T00:00:00.000000,1014,1014,2022-01-03T00:00:00.000000,2026-02-02T00:00:00.000000,50,0,0,100
BLS,60,7083,2022-01-03T09:00:00.000000,2026-02-04T15:00:00.000000,7083,7083,2022-01-03T09:00:00.000000,2026-02-04T15:00:00.000000,50,0,0,100
JYOTHYLAB,60,2775,2024-07-01T09:00:00.000000,2026-02-03T15:00:00.000000,2775,2775,2024-07-01T09:00:00.000000,2026-02-03T15:00:00.000000,20,0,0,100
HONASA,5,41624,2023-11-07T09:15:00.000000,2026-02-04T15:25:00.000000,41624,41624,2023-11-07T09:15:00.000000,2026-02-04T15:25:00.000000,28,0,0,100
LLOYDSME,30,8206,2023-07-17T09:00:00.000000,2026-02-03T15:00:00.000000,8206,8206,2023-07-17T09:00:00.000000,2026-02-03T15:00:00.000000,32,0,0,100
HONASA,30,7218,2023-11-07T09:00:00.000000,2026-02-04T15:00:00.000000,7218,7218,2023-11-07T09:00:00.000000,2026-02-04T15:00:00.000000,28,0,0,100
LEMONTREE,60,7076,2022-01-03T09:00:00.000000,2026-02-03T15:00:00.000000,7076,7076,2022-01-03T09:00:00.000000,2026-02-03T15:00:00.000000,50,0,0,100
NESTLEIND,15,25230,2022-01-03T09:15:00.000000,2026-02-02T15:15:00.000000,25230,25230,2022-01-03T09:15:00.000000,2026-02-02T15:15:00.000000,50,0,0,100
COLPAL,3,36395,2024-12-02T09:15:00.000000,2026-02-02T15:27:00.000000,36395,36395,2024-12-02T09:15:00.000000,2026-02-02T15:27:00.000000,15,0,0,100
CHOLAHLDNG,60,7083,2022-01-03T09:00:00.000000,2026-02-04T15:00:00.000000,7083,7083,2022-01-03T09:00:00.000000,2026-02-04T15:00:00.000000,50,0,0,100
HEROMOTOCO,5,21837,2024-12-02T09:15:00.000000,2026-02-02T15:25:00.000000,21837,21837,2024-12-02T09:15:00.000000,2026-02-02T15:25:00.000000,15,0,0,100
SBICARD,5,75689,2022-01-03T09:15:00.000000,2026-02-02T15:25:00.000000,75689,75689,2022-01-03T09:15:00.000000,2026-02-02T15:25:00.000000,50,0,0,100
SAIL,15,25255,2022-01-03T09:15:00.000000,2026-02-03T15:15:00.000000,25255,25255,2022-01-03T09:15:00.000000,2026-02-03T15:15:00.000000,50,0,0,100
IREDA,3,67726,2023-11-29T09:15:00.000000,2026-02-05T15:27:00.000000,67726,67726,2023-11-29T09:15:00.000000,2026-02-05T15:27:00.000000,28,0,0,100
CHOLAFIN,60,7069,2022-01-03T09:00:00.000000,2026-02-02T15:00:00.000000,7069,7069,2022-01-03T09:00:00.000000,2026-02-02T15:00:00.000000,50,0,0,100
LATENTVIEW,15,25255,2022-01-03T09:15:00.000000,2026-02-03T15:15:00.000000,25255,25255,2022-01-03T09:15:00.000000,2026-02-03T15:15:00.000000,50,0,0,100
BALKRISIND,30,13123,2022-01-03T09:00:00.000000,2026-02-02T15:00:00.000000,13123,13123,2022-01-03T09:00:00.000000,2026-02-02T15:00:00.000000,50,0,0,100
NAVINFLUOR,3,126274,2022-01-03T09:15:00.000000,2026-02-03T15:27:00.000000,126274,126274,2022-01-03T09:15:00.000000,2026-02-03T15:27:00.000000,50,0,0,100
CESC,10080,215,2021-12-27T00:00:00.000000,2026-02-02T00:00:00.000000,215,215,2021-12-27T00:00:00.000000,2026-02-02T00:00:00.000000,51,0,0,100
JKTYRE,1,110310,2024-12-02T09:15:00.000000,2026-02-05T15:29:00.000000,110310,110310,2024-12-02T09:15:00.000000,2026-02-05T15:29:00.000000,15,0,0,100
MARICO,1440,1014,2022-01-03T00:00:00.000000,2026-02-02T00:00:00.000000,1014,1014,2022-01-03T00:00:00.000000,2026-02-02T00:00:00.000000,50,0,0,100
ACE,5,75763,2022-01-03T09:15:00.000000,2026-02-03T15:25:00.000000,75763,75763,2022-01-03T09:15:00.000000,2026-02-03T15:25:00.000000,50,0,0,100
ZENTEC,30,13149,2022-01-03T09:00:00.000000,2026-02-04T15:00:00.000000,13149,13149,2022-01-03T09:00:00.000000,2026-02-04T15:00:00.000000,50,0,0,100
HDFCAMC,1,378798,2022-01-03T09:15:00.000000,2026-02-03T15:29:00.000000,378798,378798,2022-01-03T09:15:00.000000,2026-02-03T15:29:00.000000,50,0,0,100
TRIDENT,60,7076,2022-01-03T09:00:00.000000,2026-02-03T15:00:00.000000,7076,7076,2022-01-03T09:00:00.000000,2026-02-03T15:00:00.000000,50,0,0,100
CESC,15,25255,2022-01-03T09:15:00.000000,2026-02-03T15:15:00.000000,25255,25255,2022-01-03T09:15:00.000000,2026-02-03T15:15:00.000000,50,0,0,100
EICHERMOT,15,25230,2022-01-03T09:15:00.000000,2026-02-02T15:15:00.000000,25230,25230,2022-01-03T09:15:00.000000,2026-02-02T15:15:00.000000,50,0,0,100
WELSPUNLIV,1440,1015,2022-01-03T00:00:00.000000,2026-02-03T00:00:00.000000,1015,1015,2022-01-03T00:00:00.000000,2026-02-03T00:00:00.000000,50,0,0,100
LUPIN,1,378427,2022-01-03T09:15:00.000000,2026-02-02T15:29:00.000000,378427,378427,2022-01-03T09:15:00.000000,2026-02-02T15:29:00.000000,50,0,0,100
KAJARIACER,30,13136,2022-01-03T09:00:00.000000,2026-02-03T15:00:00.000000,13136,13136,2022-01-03T09:00:00.000000,2026-02-03T15:00:00.000000,50,0,0,100
OIL,30,13136,2022-01-03T09:00:00.000000,2026-02-03T15:00:00.000000,13136,13136,2022-01-03T09:00:00.000000,2026-02-03T15:00:00.000000,50,0,0,100
ALKEM,15,25230,2022-01-03T09:15:00.000000,2026-02-02T15:15:00.000000,25230,25230,2022-01-03T09:15:00.000000,2026-02-02T15:15:00.000000,50,0,0,100
IPCALAB,15,25255,2022-01-03T09:15:00.000000,2026-02-03T15:15:00.000000,25255,25255,2022-01-03T09:15:00.000000,2026-02-03T15:15:00.000000,50,0,0,100
ZYDUSLIFE,1,378804,2022-01-03T09:15:00.000000,2026-02-03T15:29:00.000000,378804,378804,2022-01-03T09:15:00.000000,2026-02-03T15:29:00.000000,50,0,0,100
FIVESTAR,1,297101,2022-11-21T09:15:00.000000,2026-02-04T15:29:00.000000,297101,297101,2022-11-21T09:15:00.000000,2026-02-04T15:29:00.000000,40,0,0,100
JBCHEPHARM,30,13136,2022-01-03T09:00:00.000000,2026-02-03T15:00:00.000000,13136,13136,2022-01-03T09:00:00.000000,2026-02-03T15:00:00.000000,50,0,0,100
ITC,60,7062,2022-01-03T09:00:00.000000,2026-02-01T15:00:00.000000,7062,7062,2022-01-03T09:00:00.000000,2026-02-01T15:00:00.000000,50,0,0,100
KIRLOSENG,1,376513,2022-01-03T09:15:00.000000,2026-02-03T15:29:00.000000,376513,376513,2022-01-03T09:15:00.000000,2026-02-03T15:29:00.000000,50,0,0,100
JSWENERGY,1,332689,2022-07-01T09:15:00.000000,2026-02-03T15:29:00.000000,332689,332689,2022-07-01T09:15:00.000000,2026-02-03T15:29:00.000000,44,0,0,100
SUNDRMFAST,1,377882,2022-01-03T09:15:00.000000,2026-02-03T15:29:00.000000,377882,377882,2022-01-03T09:15:00.000000,2026-02-03T15:29:00.000000,50,0,0,100
SAIL,3,126274,2022-01-03T09:15:00.000000,2026-02-03T15:27:00.000000,126274,126274,2022-01-03T09:15:00.000000,2026-02-03T15:27:00.000000,50,0,0,100
MRF,30,13136,2022-01-03T09:00:00.000000,2026-02-03T15:00:00.000000,13136,13136,2022-01-03T09:00:00.000000,2026-02-03T15:00:00.000000,50,0,0,100
SBILIFE,5,75689,2022-01-03T09:15:00.000000,2026-02-02T15:25:00.000000,75689,75689,2022-01-03T09:15:00.000000,2026-02-02T15:25:00.000000,50,0,0,100
JKCEMENT,15,9779,2022-01-03T09:15:00.000000,2023-08-01T15:15:00.000000,9779,9779,2022-01-03T09:15:00.000000,2023-08-01T15:15:00.000000,20,0,0,100
SIEMENS,1440,1014,2022-01-03T00:00:00.000000,2026-02-02T00:00:00.000000,1014,1014,2022-01-03T00:00:00.000000,2026-02-02T00:00:00.000000,50,0,0,100
CASTROLIND,30,13136,2022-01-03T09:00:00.000000,2026-02-03T15:00:00.000000,13136,13136,2022-01-03T09:00:00.000000,2026-02-03T15:00:00.000000,50,0,0,100
SCHAEFFLER,1,109560,2024-12-02T09:15:00.000000,2026-02-03T15:29:00.000000,109560,109560,2024-12-02T09:15:00.000000,2026-02-03T15:29:00.000000,15,0,0,100
ATUL,1440,1015,2022-01-03T00:00:00.000000,2026-02-03T00:00:00.000000,1015,1015,2022-01-03T00:00:00.000000,2026-02-03T00:00:00.000000,50,0,0,100
THERMAX,15,25255,2022-01-03T09:15:00.000000,2026-02-03T15:15:00.000000,25255,25255,2022-01-03T09:15:00.000000,2026-02-03T15:15:00.000000,50,0,0,100
JIOFIN,30,7920,2023-08-21T09:00:00.000000,2026-02-05T15:00:00.000000,7920,7920,2023-08-21T09:00:00.000000,2026-02-05T15:00:00.000000,31,0,0,100
STARHEALTH,60,7076,2022-01-03T09:00:00.000000,2026-02-03T15:00:00.000000,7076,7076,2022-01-03T09:00:00.000000,2026-02-03T15:00:00.000000,50,0,0,100
MSUMI,3,119141,2022-03-28T09:15:00.000000,2026-02-03T15:27:00.000000,119141,119141,2022-03-28T09:15:00.000000,2026-02-03T15:27:00.000000,48,0,0,100
CHALET,30,3812,2024-12-02T09:00:00.000000,2026-02-04T15:00:00.000000,3812,3812,2024-12-02T09:00:00.000000,2026-02-04T15:00:00.000000,15,0,0,100
WELCORP,1440,1015,2022-01-03T00:00:00.000000,2026-02-03T00:00:00.000000,1015,1015,2022-01-03T00:00:00.000000,2026-02-03T00:00:00.000000,50,0,0,100
INDIGO,15,25255,2022-01-03T09:15:00.000000,2026-02-03T15:15:00.000000,25255,25255,2022-01-03T09:15:00.000000,2026-02-03T15:15:00.000000,50,0,0,100
ASTERDM,3,126393,2022-01-03T09:15:00.000000,2026-02-04T15:27:00.000000,126393,126393,2022-01-03T09:15:00.000000,2026-02-04T15:27:00.000000,50,0,0,100
CANBK,1440,1014,2022-01-03T00:00:00.000000,2026-02-02T00:00:00.000000,1014,1014,2022-01-03T00:00:00.000000,2026-02-02T00:00:00.000000,50,0,0,100
PFC,5,75689,2022-01-03T09:15:00.000000,2026-02-02T15:25:00.000000,75689,75689,2022-01-03T09:15:00.000000,2026-02-02T15:25:00.000000,50,0,0,100
M&MFIN,5,75914,2022-01-03T09:15:00.000000,2026-02-05T15:25:00.000000,75914,75914,2022-01-03T09:15:00.000000,2026-02-05T15:25:00.000000,50,0,0,100
HINDUNILVR,15,25202,2022-01-03T09:15:00.000000,2026-02-01T15:15:00.000000,25202,25202,2022-01-03T09:15:00.000000,2026-02-01T15:15:00.000000,50,0,0,100
DMART,1440,1015,2022-01-03T00:00:00.000000,2026-02-03T00:00:00.000000,1015,1015,2022-01-03T00:00:00.000000,2026-02-03T00:00:00.000000,50,0,0,100
FACT,60,7083,2022-01-03T09:00:00.000000,2026-02-04T15:00:00.000000,7083,7083,2022-01-03T09:00:00.000000,2026-02-04T15:00:00.000000,50,0,0,100
NH,1440,1017,2022-01-03T00:00:00.000000,2026-02-05T00:00:00.000000,1017,1017,2022-01-03T00:00:00.000000,2026-02-05T00:00:00.000000,50,0,0,100
TORNTPOWER,1440,1015,2022-01-03T00:00:00.000000,2026-02-03T00:00:00.000000,1015,1015,2022-01-03T00:00:00.000000,2026-02-03T00:00:00.000000,50,0,0,100
BDL,15,25255,2022-01-03T09:15:00.000000,2026-02-03T15:15:00.000000,25255,25255,2022-01-03T09:15:00.000000,2026-02-03T15:15:00.000000,50,0,0,100
BHEL,1440,1014,2022-01-03T00:00:00.000000,2026-02-02T00:00:00.000000,1014,1014,2022-01-03T00:00:00.000000,2026-02-02T00:00:00.000000,50,0,0,100
VIJAYA,3,126241,2022-01-03T09:15:00.000000,2026-02-03T15:27:00.000000,126241,126241,2022-01-03T09:15:00.000000,2026-02-03T15:27:00.000000,50,0,0,100
FORCEMOT,1440,940,2022-01-03T00:00:00.000000,2026-02-04T00:00:00.000000,940,940,2022-01-03T00:00:00.000000,2026-02-04T00:00:00.000000,50,0,0,100
KEI,60,7076,2022-01-03T09:00:00.000000,2026-02-03T15:00:00.000000,7076,7076,2022-01-03T09:00:00.000000,2026-02-03T15:00:00.000000,50,0,0,100
IRB,15,25255,2022-01-03T09:15:00.000000,2026-02-03T15:15:00.000000,25255,25255,2022-01-03T09:15:00.000000,2026-02-03T15:15:00.000000,50,0,0,100
SBIN,1,378050,2022-01-03T09:15:00.000000,2026-02-01T15:29:00.000000,378050,378050,2022-01-03T09:15:00.000000,2026-02-01T15:29:00.000000,50,0,0,100
OBEROIRLTY,1,378429,2022-01-03T09:15:00.000000,2026-02-02T15:29:00.000000,378429,378429,2022-01-03T09:15:00.000000,2026-02-02T15:29:00.000000,50,0,0,100
JUBLPHARMA,15,25305,2022-01-03T09:15:00.000000,2026-02-05T15:15:00.000000,25305,25305,2022-01-03T09:15:00.000000,2026-02-05T15:15:00.000000,50,0,0,100
ALOKINDS,1440,1016,2022-01-03T00:00:00.000000,2026-02-04T00:00:00.000000,1016,1016,2022-01-03T00:00:00.000000,2026-02-04T00:00:00.000000,50,0,0,100
MOTHERSON,1,378397,2022-01-03T09:15:00.000000,2026-02-02T15:29:00.000000,378397,378397,2022-01-03T09:15:00.000000,2026-02-02T15:29:00.000000,50,0,0,100
INDIACEM,10080,215,2021-12-27T00:00:00.000000,2026-02-02T00:00:00.000000,215,215,2021-12-27T00:00:00.000000,2026-02-02T00:00:00.000000,51,0,0,100
MARICO,15,25230,2022-01-03T09:15:00.000000,2026-02-02T15:15:00.000000,25230,25230,2022-01-03T09:15:00.000000,2026-02-02T15:15:00.000000,50,0,0,100
GLENMARK,3,126274,2022-01-03T09:15:00.000000,2026-02-03T15:27:00.000000,126274,126274,2022-01-03T09:15:00.000000,2026-02-03T15:27:00.000000,50,0,0,100
KAJARIACER,1,378687,2022-01-03T09:15:00.000000,2026-02-03T15:29:00.000000,378687,378687,2022-01-03T09:15:00.000000,2026-02-03T15:29:00.000000,50,0,0,100
TECHM,10080,215,2021-12-27T00:00:00.000000,2026-02-02T00:00:00.000000,215,215,2021-12-27T00:00:00.000000,2026-02-02T00:00:00.000000,51,0,0,100
ADANIPORTS,3,126149,2022-01-03T09:15:00.000000,2026-02-02T15:27:00.000000,126149,126149,2022-01-03T09:15:00.000000,2026-02-02T15:27:00.000000,50,0,0,100
COROMANDEL,1440,1014,2022-01-03T00:00:00.000000,2026-02-02T00:00:00.000000,1014,1014,2022-01-03T00:00:00.000000,2026-02-02T00:00:00.000000,50,0,0,100
LUPIN,5,75689,2022-01-03T09:15:00.000000,2026-02-02T15:25:00.000000,75689,75689,2022-01-03T09:15:00.000000,2026-02-02T15:25:00.000000,50,0,0,100
ADANIENT,1440,1014,2022-01-03T00:00:00.000000,2026-02-02T00:00:00.000000,1014,1014,2022-01-03T00:00:00.000000,2026-02-02T00:00:00.000000,50,0,0,100
KAYNES,1440,798,2022-11-22T00:00:00.000000,2026-02-05T00:00:00.000000,798,798,2022-11-22T00:00:00.000000,2026-02-05T00:00:00.000000,40,0,0,100
AKUMS,1,139589,2024-08-06T09:15:00.000000,2026-02-04T15:29:00.000000,139589,139589,2024-08-06T09:15:00.000000,2026-02-04T15:29:00.000000,19,0,0,100
SUNDARMFIN,3,126171,2022-01-03T09:15:00.000000,2026-02-03T15:27:00.000000,126171,126171,2022-01-03T09:15:00.000000,2026-02-03T15:27:00.000000,50,0,0,100
BSE,1440,1015,2022-01-03T00:00:00.000000,2026-02-03T00:00:00.000000,1015,1015,2022-01-03T00:00:00.000000,2026-02-03T00:00:00.000000,50,0,0,100
360ONE,3,126309,2022-01-03T09:15:00.000000,2026-02-04T15:27:00.000000,126309,126309,2022-01-03T09:15:00.000000,2026-02-04T15:27:00.000000,50,0,0,100
BANKBARODA,10080,215,2021-12-27T00:00:00.000000,2026-02-02T00:00:00.000000,215,215,2021-12-27T00:00:00.000000,2026-02-02T00:00:00.000000,51,0,0,100
ICICIPRULI,30,13123,2022-01-03T09:00:00.000000,2026-02-02T15:00:00.000000,13123,13123,2022-01-03T09:00:00.000000,2026-02-02T15:00:00.000000,50,0,0,100
NTPCGREEN,1,111414,2024-11-27T09:36:00.000000,2026-02-05T15:29:00.000000,111414,111414,2024-11-27T09:36:00.000000,2026-02-05T15:29:00.000000,16,0,0,100
ADANIPOWER,15,25280,2022-01-03T09:15:00.000000,2026-02-04T15:15:00.000000,25280,25280,2022-01-03T09:15:00.000000,2026-02-04T15:15:00.000000,50,0,0,100
EICHERMOT,1,378423,2022-01-03T09:15:00.000000,2026-02-02T15:29:00.000000,378423,378423,2022-01-03T09:15:00.000000,2026-02-02T15:29:00.000000,50,0,0,100
NATIONALUM,3,126274,2022-01-03T09:15:00.000000,2026-02-03T15:27:00.000000,126274,126274,2022-01-03T09:15:00.000000,2026-02-03T15:27:00.000000,50,0,0,100
CAMS,60,6493,2022-01-03T09:00:00.000000,2025-10-01T15:00:00.000000,6493,6493,2022-01-03T09:00:00.000000,2025-10-01T15:00:00.000000,46,0,0,100
CESC,5,75763,2022-01-03T09:15:00.000000,2026-02-03T15:25:00.000000,75763,75763,2022-01-03T09:15:00.000000,2026-02-03T15:25:00.000000,50,0,0,100
BIOCON,5,75689,2022-01-03T09:15:00.000000,2026-02-02T15:25:00.000000,75689,75689,2022-01-03T09:15:00.000000,2026-02-02T15:25:00.000000,50,0,0,100
TORNTPHARM,10080,215,2021-12-27T00:00:00.000000,2026-02-02T00:00:00.000000,215,215,2021-12-27T00:00:00.000000,2026-02-02T00:00:00.000000,51,0,0,100
ADANIPOWER,1440,1016,2022-01-03T00:00:00.000000,2026-02-04T00:00:00.000000,1016,1016,2022-01-03T00:00:00.000000,2026-02-04T00:00:00.000000,50,0,0,100
HDFCLIFE,60,7069,2022-01-03T09:00:00.000000,2026-02-02T15:00:00.000000,7069,7069,2022-01-03T09:00:00.000000,2026-02-02T15:00:00.000000,50,0,0,100
ATGL,1,379142,2022-01-03T09:15:00.000000,2026-02-04T15:29:00.000000,379142,379142,2022-01-03T09:15:00.000000,2026-02-04T15:29:00.000000,50,0,0,100
DEVYANI,1440,1015,2022-01-03T00:00:00.000000,2026-02-03T00:00:00.000000,1015,1015,2022-01-03T00:00:00.000000,2026-02-03T00:00:00.000000,50,0,0,100
SHRIRAMFIN,15,25230,2022-01-03T09:15:00.000000,2026-02-02T15:15:00.000000,25230,25230,2022-01-03T09:15:00.000000,2026-02-02T15:15:00.000000,50,0,0,100
DIVISLAB,1440,1014,2022-01-03T00:00:00.000000,2026-02-02T00:00:00.000000,1014,1014,2022-01-03T00:00:00.000000,2026-02-02T00:00:00.000000,50,0,0,100
SHRIRAMFIN,1440,1014,2022-01-03T00:00:00.000000,2026-02-02T00:00:00.000000,1014,1014,2022-01-03T00:00:00.000000,2026-02-02T00:00:00.000000,50,0,0,100
KPITTECH,1,378798,2022-01-03T09:15:00.000000,2026-02-03T15:29:00.000000,378798,378798,2022-01-03T09:15:00.000000,2026-02-03T15:29:00.000000,50,0,0,100
IFCI,10080,215,2021-12-27T00:00:00.000000,2026-02-02T00:00:00.000000,215,215,2021-12-27T00:00:00.000000,2026-02-02T00:00:00.000000,51,0,0,100
CHALET,1440,1016,2022-01-03T00:00:00.000000,2026-02-04T00:00:00.000000,1016,1016,2022-01-03T00:00:00.000000,2026-02-04T00:00:00.000000,50,0,0,100
PRESTIGE,10080,215,2021-12-27T00:00:00.000000,2026-02-02T00:00:00.000000,215,215,2021-12-27T00:00:00.000000,2026-02-02T00:00:00.000000,51,0,0,100
HBLENGINE,30,13149,2022-01-03T09:00:00.000000,2026-02-04T15:00:00.000000,13149,13149,2022-01-03T09:00:00.000000,2026-02-04T15:00:00.000000,50,0,0,100
ABFRL,60,7082,2022-01-03T09:00:00.000000,2026-02-04T15:00:00.000000,7082,7082,2022-01-03T09:00:00.000000,2026-02-04T15:00:00.000000,50,0,0,100
VGUARD,60,7076,2022-01-03T09:00:00.000000,2026-02-03T15:00:00.000000,7076,7076,2022-01-03T09:00:00.000000,2026-02-03T15:00:00.000000,50,0,0,100
CANFINHOME,3,126149,2022-01-03T09:15:00.000000,2026-02-02T15:27:00.000000,126149,126149,2022-01-03T09:15:00.000000,2026-02-02T15:27:00.000000,50,0,0,100
AEGISLOG,1,379139,2022-01-03T09:15:00.000000,2026-02-04T15:29:00.000000,379139,379139,2022-01-03T09:15:00.000000,2026-02-04T15:29:00.000000,50,0,0,100
FSL,5,75764,2022-01-03T09:15:00.000000,2026-02-03T15:25:00.000000,75764,75764,2022-01-03T09:15:00.000000,2026-02-03T15:25:00.000000,50,0,0,100
RECLTD,60,7069,2022-01-03T09:00:00.000000,2026-02-02T15:00:00.000000,7069,7069,2022-01-03T09:00:00.000000,2026-02-02T15:00:00.000000,50,0,0,100
BEML,10080,215,2021-12-27T00:00:00.000000,2026-02-02T00:00:00.000000,215,215,2021-12-27T00:00:00.000000,2026-02-02T00:00:00.000000,51,0,0,100
ACC,1440,1014,2022-01-03T00:00:00.000000,2026-02-02T00:00:00.000000,1014,1014,2022-01-03T00:00:00.000000,2026-02-02T00:00:00.000000,50,0,0,100
OBEROIRLTY,30,13123,2022-01-03T09:00:00.000000,2026-02-02T15:00:00.000000,13123,13123,2022-01-03T09:00:00.000000,2026-02-02T15:00:00.000000,50,0,0,100
FORTIS,15,25255,2022-01-03T09:15:00.000000,2026-02-03T15:15:00.000000,25255,25255,2022-01-03T09:15:00.000000,2026-02-03T15:15:00.000000,50,0,0,100
IGIL,15,7003,2024-12-20T09:30:00.000000,2026-02-05T15:15:00.000000,7003,7003,2024-12-20T09:30:00.000000,2026-02-05T15:15:00.000000,15,0,0,100
INDUSINDBK,10080,215,2021-12-27T00:00:00.000000,2026-02-02T00:00:00.000000,215,215,2021-12-27T00:00:00.000000,2026-02-02T00:00:00.000000,51,0,0,100
LTF,1440,1015,2022-01-03T00:00:00.000000,2026-02-03T00:00:00.000000,1015,1015,2022-01-03T00:00:00.000000,2026-02-03T00:00:00.000000,50,0,0,100
ACE,1,378573,2022-01-03T09:15:00.000000,2026-02-03T15:29:00.000000,378573,378573,2022-01-03T09:15:00.000000,2026-02-03T15:29:00.000000,50,0,0,100
ARE&M,3,126398,2022-01-03T09:15:00.000000,2026-02-04T15:27:00.000000,126398,126398,2022-01-03T09:15:00.000000,2026-02-04T15:27:00.000000,50,0,0,100
DOMS,1,197145,2023-12-20T09:15:00.000000,2026-02-04T15:29:00.000000,197145,197145,2023-12-20T09:15:00.000000,2026-02-04T15:29:00.000000,27,0,0,100
NBCC,1,378803,2022-01-03T09:15:00.000000,2026-02-03T15:29:00.000000,378803,378803,2022-01-03T09:15:00.000000,2026-02-03T15:29:00.000000,50,0,0,100
PNB,3,126149,2022-01-03T09:15:00.000000,2026-02-02T15:27:00.000000,126149,126149,2022-01-03T09:15:00.000000,2026-02-02T15:27:00.000000,50,0,0,100
ITCHOTELS,30,3291,2025-01-29T09:30:00.000000,2026-02-05T15:00:00.000000,3291,3291,2025-01-29T09:30:00.000000,2026-02-05T15:00:00.000000,14,0,0,100
JYOTHYLAB,1440,1015,2022-01-03T00:00:00.000000,2026-02-03T00:00:00.000000,1015,1015,2022-01-03T00:00:00.000000,2026-02-03T00:00:00.000000,50,0,0,100
CAMS,1,347612,2022-01-03T09:15:00.000000,2025-10-01T15:29:00.000000,347612,347612,2022-01-03T09:15:00.000000,2025-10-01T15:29:00.000000,46,0,0,100
MAHSCOOTER,10080,215,2021-12-27T00:00:00.000000,2026-02-02T00:00:00.000000,215,215,2021-12-27T00:00:00.000000,2026-02-02T00:00:00.000000,51,0,0,100
APOLLOHOSP,60,7069,2022-01-03T09:00:00.000000,2026-02-02T15:00:00.000000,7069,7069,2022-01-03T09:00:00.000000,2026-02-02T15:00:00.000000,50,0,0,100
SUNDRMFAST,10080,215,2021-12-27T00:00:00.000000,2026-02-02T00:00:00.000000,215,215,2021-12-27T00:00:00.000000,2026-02-02T00:00:00.000000,51,0,0,100
COALINDIA,1440,1014,2022-01-03T00:00:00.000000,2026-02-02T00:00:00.000000,1014,1014,2022-01-03T00:00:00.000000,2026-02-02T00:00:00.000000,50,0,0,100
KEC,10080,215,2021-12-27T00:00:00.000000,2026-02-02T00:00:00.000000,215,215,2021-12-27T00:00:00.000000,2026-02-02T00:00:00.000000,51,0,0,100
LICI,30,11952,2022-05-17T09:30:00.000000,2026-02-02T15:00:00.000000,11952,11952,2022-05-17T09:30:00.000000,2026-02-02T15:00:00.000000,46,0,0,100
AEGISLOG,15,25280,2022-01-03T09:15:00.000000,2026-02-04T15:15:00.000000,25280,25280,2022-01-03T09:15:00.000000,2026-02-04T15:15:00.000000,50,0,0,100
LODHA,5,75913,2022-01-03T09:15:00.000000,2026-02-05T15:25:00.000000,75913,75913,2022-01-03T09:15:00.000000,2026-02-05T15:25:00.000000,50,0,0,100
EIHOTEL,1,109935,2024-12-02T09:15:00.000000,2026-02-04T15:29:00.000000,109935,109935,2024-12-02T09:15:00.000000,2026-02-04T15:29:00.000000,15,0,0,100
BDL,3,126269,2022-01-03T09:15:00.000000,2026-02-03T15:27:00.000000,126269,126269,2022-01-03T09:15:00.000000,2026-02-03T15:27:00.000000,50,0,0,100
INTELLECT,30,13162,2022-01-03T09:00:00.000000,2026-02-05T15:00:00.000000,13162,13162,2022-01-03T09:00:00.000000,2026-02-05T15:00:00.000000,50,0,0,100
JKCEMENT,5,29336,2022-01-03T09:15:00.000000,2023-08-01T15:25:00.000000,29336,29336,2022-01-03T09:15:00.000000,2023-08-01T15:25:00.000000,20,0,0,100
MARUTI,15,25230,2022-01-03T09:15:00.000000,2026-02-02T15:15:00.000000,25230,25230,2022-01-03T09:15:00.000000,2026-02-02T15:15:00.000000,50,0,0,100
ZENTEC,5,75837,2022-01-03T09:15:00.000000,2026-02-04T15:25:00.000000,75837,75837,2022-01-03T09:15:00.000000,2026-02-04T15:25:00.000000,50,0,0,100
BBTC,30,13149,2022-01-03T09:00:00.000000,2026-02-04T15:00:00.000000,13149,13149,2022-01-03T09:00:00.000000,2026-02-04T15:00:00.000000,50,0,0,100
COLPAL,1,109185,2024-12-02T09:15:00.000000,2026-02-02T15:29:00.000000,109185,109185,2024-12-02T09:15:00.000000,2026-02-02T15:29:00.000000,15,0,0,100
DIXON,15,25255,2022-01-03T09:15:00.000000,2026-02-03T15:15:00.000000,25255,25255,2022-01-03T09:15:00.000000,2026-02-03T15:15:00.000000,50,0,0,100
BRIGADE,1,378648,2022-01-03T09:15:00.000000,2026-02-03T15:29:00.000000,378648,378648,2022-01-03T09:15:00.000000,2026-02-03T15:29:00.000000,50,0,0,100
GMRAIRPORT,60,2053,2024-12-02T09:00:00.000000,2026-02-04T15:00:00.000000,2053,2053,2024-12-02T09:00:00.000000,2026-02-04T15:00:00.000000,15,0,0,100
CHALET,5,21987,2024-12-02T09:15:00.000000,2026-02-04T15:25:00.000000,21987,21987,2024-12-02T09:15:00.000000,2026-02-04T15:25:00.000000,15,0,0,100
HEROMOTOCO,15,7279,2024-12-02T09:15:00.000000,2026-02-02T15:15:00.000000,7279,7279,2024-12-02T09:15:00.000000,2026-02-02T15:15:00.000000,15,0,0,100
IRCON,60,7090,2022-01-03T09:00:00.000000,2026-02-05T15:00:00.000000,7090,7090,2022-01-03T09:00:00.000000,2026-02-05T15:00:00.000000,50,0,0,100
ABFRL,10080,215,2021-12-27T00:00:00.000000,2026-02-02T00:00:00.000000,215,215,2021-12-27T00:00:00.000000,2026-02-02T00:00:00.000000,51,0,0,100
ERIS,3,126206,2022-01-03T09:15:00.000000,2026-02-03T15:27:00.000000,126206,126206,2022-01-03T09:15:00.000000,2026-02-03T15:27:00.000000,50,0,0,100
TITAN,15,25230,2022-01-03T09:15:00.000000,2026-02-02T15:15:00.000000,25230,25230,2022-01-03T09:15:00.000000,2026-02-02T15:15:00.000000,50,0,0,100
J&KBANK,30,13162,2022-01-03T09:00:00.000000,2026-02-05T15:00:00.000000,13162,13162,2022-01-03T09:00:00.000000,2026-02-05T15:00:00.000000,50,0,0,100
INDGN,3,53942,2024-05-13T09:15:00.000000,2026-02-05T15:27:00.000000,53942,53942,2024-05-13T09:15:00.000000,2026-02-05T15:27:00.000000,22,0,0,100
SOLARINDS,30,13136,2022-01-03T09:00:00.000000,2026-02-03T15:00:00.000000,13136,13136,2022-01-03T09:00:00.000000,2026-02-03T15:00:00.000000,50,0,0,100
BHARTIHEXA,30,5846,2024-04-12T09:00:00.000000,2026-02-04T15:00:00.000000,5846,5846,2024-04-12T09:00:00.000000,2026-02-04T15:00:00.000000,23,0,0,100
DCMSHRIRAM,1,376503,2022-01-03T09:15:00.000000,2026-02-03T15:29:00.000000,376503,376503,2022-01-03T09:15:00.000000,2026-02-03T15:29:00.000000,50,0,0,100
FLUOROCHEM,60,2053,2024-12-02T09:00:00.000000,2026-02-04T15:00:00.000000,2053,2053,2024-12-02T09:00:00.000000,2026-02-04T15:00:00.000000,15,0,0,100
BHARATFORG,1,378803,2022-01-03T09:15:00.000000,2026-02-03T15:29:00.000000,378803,378803,2022-01-03T09:15:00.000000,2026-02-03T15:29:00.000000,50,0,0,100
CHOICEIN,10080,201,2022-04-04T00:00:00.000000,2026-02-02T00:00:00.000000,201,201,2022-04-04T00:00:00.000000,2026-02-02T00:00:00.000000,47,0,0,100
CHALET,1,109935,2024-12-02T09:15:00.000000,2026-02-04T15:29:00.000000,109935,109935,2024-12-02T09:15:00.000000,2026-02-04T15:29:00.000000,15,0,0,100
GESHIP,10080,215,2021-12-27T00:00:00.000000,2026-02-02T00:00:00.000000,215,215,2021-12-27T00:00:00.000000,2026-02-02T00:00:00.000000,51,0,0,100
POLYCAB,1440,1014,2022-01-03T00:00:00.000000,2026-02-02T00:00:00.000000,1014,1014,2022-01-03T00:00:00.000000,2026-02-02T00:00:00.000000,50,0,0,100
INDIAMART,10080,215,2021-12-27T00:00:00.000000,2026-02-02T00:00:00.000000,215,215,2021-12-27T00:00:00.000000,2026-02-02T00:00:00.000000,51,0,0,100
BAYERCROP,10080,215,2021-12-27T00:00:00.000000,2026-02-02T00:00:00.000000,215,215,2021-12-27T00:00:00.000000,2026-02-02T00:00:00.000000,51,0,0,100
IKS,5,21082,2024-12-19T09:40:00.000000,2026-02-05T15:25:00.000000,21082,21082,2024-12-19T09:40:00.000000,2026-02-05T15:25:00.000000,15,0,0,100
EMAMILTD,15,25255,2022-01-03T09:15:00.000000,2026-02-03T15:15:00.000000,25255,25255,2022-01-03T09:15:00.000000,2026-02-03T15:15:00.000000,50,0,0,100
GODREJIND,1,378238,2022-01-03T09:15:00.000000,2026-02-04T15:29:00.000000,378238,378238,2022-01-03T09:15:00.000000,2026-02-04T15:29:00.000000,50,0,0,100
MRF,10080,215,2021-12-27T00:00:00.000000,2026-02-02T00:00:00.000000,215,215,2021-12-27T00:00:00.000000,2026-02-02T00:00:00.000000,51,0,0,100
LTFOODS,60,7090,2022-01-03T09:00:00.000000,2026-02-05T15:00:00.000000,7090,7090,2022-01-03T09:00:00.000000,2026-02-05T15:00:00.000000,50,0,0,100
WIPRO,1,378425,2022-01-03T09:15:00.000000,2026-02-02T15:29:00.000000,378425,378425,2022-01-03T09:15:00.000000,2026-02-02T15:29:00.000000,50,0,0,100
NESTLEIND,1440,1014,2022-01-03T00:00:00.000000,2026-02-02T00:00:00.000000,1014,1014,2022-01-03T00:00:00.000000,2026-02-02T00:00:00.000000,50,0,0,100
NBCC,1440,1015,2022-01-03T00:00:00.000000,2026-02-03T00:00:00.000000,1015,1015,2022-01-03T00:00:00.000000,2026-02-03T00:00:00.000000,50,0,0,100
PETRONET,5,75764,2022-01-03T09:15:00.000000,2026-02-03T15:25:00.000000,75764,75764,2022-01-03T09:15:00.000000,2026-02-03T15:25:00.000000,50,0,0,100
INDGN,60,3023,2024-05-13T09:00:00.000000,2026-02-05T15:00:00.000000,3023,3023,2024-05-13T09:00:00.000000,2026-02-05T15:00:00.000000,22,0,0,100
FIRSTCRY,3,45900,2024-08-13T10:00:00.000000,2026-02-04T15:27:00.000000,45900,45900,2024-08-13T10:00:00.000000,2026-02-04T15:27:00.000000,19,0,0,100
NAVINFLUOR,1,378804,2022-01-03T09:15:00.000000,2026-02-03T15:29:00.000000,378804,378804,2022-01-03T09:15:00.000000,2026-02-03T15:29:00.000000,50,0,0,100
CESC,30,13136,2022-01-03T09:00:00.000000,2026-02-03T15:00:00.000000,13136,13136,2022-01-03T09:00:00.000000,2026-02-03T15:00:00.000000,50,0,0,100
VIJAYA,15,25255,2022-01-03T09:15:00.000000,2026-02-03T15:15:00.000000,25255,25255,2022-01-03T09:15:00.000000,2026-02-03T15:15:00.000000,50,0,0,100
ERIS,60,7076,2022-01-03T09:00:00.000000,2026-02-03T15:00:00.000000,7076,7076,2022-01-03T09:00:00.000000,2026-02-03T15:00:00.000000,50,0,0,100
APTUS,15,25255,2022-01-03T09:15:00.000000,2026-02-03T15:15:00.000000,25255,25255,2022-01-03T09:15:00.000000,2026-02-03T15:15:00.000000,50,0,0,100
INDIGO,3,126274,2022-01-03T09:15:00.000000,2026-02-03T15:27:00.000000,126274,126274,2022-01-03T09:15:00.000000,2026-02-03T15:27:00.000000,50,0,0,100
TATAPOWER,1440,1014,2022-01-03T00:00:00.000000,2026-02-02T00:00:00.000000,1014,1014,2022-01-03T00:00:00.000000,2026-02-02T00:00:00.000000,50,0,0,100
CUMMINSIND,3,126274,2022-01-03T09:15:00.000000,2026-02-03T15:27:00.000000,126274,126274,2022-01-03T09:15:00.000000,2026-02-03T15:27:00.000000,50,0,0,100
WOCKPHARMA,30,13136,2022-01-03T09:00:00.000000,2026-02-03T15:00:00.000000,13136,13136,2022-01-03T09:00:00.000000,2026-02-03T15:00:00.000000,50,0,0,100
HFCL,15,25280,2022-01-03T09:15:00.000000,2026-02-04T15:15:00.000000,25280,25280,2022-01-03T09:15:00.000000,2026-02-04T15:15:00.000000,50,0,0,100
POONAWALLA,5,75763,2022-01-03T09:15:00.000000,2026-02-03T15:25:00.000000,75763,75763,2022-01-03T09:15:00.000000,2026-02-03T15:25:00.000000,50,0,0,100
NUVAMA,5,43649,2023-09-26T09:15:00.000000,2026-02-03T15:25:00.000000,43649,43649,2023-09-26T09:15:00.000000,2026-02-03T15:25:00.000000,30,0,0,100
LODHA,3,126519,2022-01-03T09:15:00.000000,2026-02-05T15:27:00.000000,126519,126519,2022-01-03T09:15:00.000000,2026-02-05T15:27:00.000000,50,0,0,100
RADICO,10080,215,2021-12-27T00:00:00.000000,2026-02-02T00:00:00.000000,215,215,2021-12-27T00:00:00.000000,2026-02-02T00:00:00.000000,51,0,0,100
MSUMI,30,12395,2022-03-28T09:00:00.000000,2026-02-03T15:00:00.000000,12395,12395,2022-03-28T09:00:00.000000,2026-02-03T15:00:00.000000,48,0,0,100
TATACONSUM,1,378425,2022-01-03T09:15:00.000000,2026-02-02T15:29:00.000000,378425,378425,2022-01-03T09:15:00.000000,2026-02-02T15:29:00.000000,50,0,0,100
JUBLFOOD,1,378804,2022-01-03T09:15:00.000000,2026-02-03T15:29:00.000000,378804,378804,2022-01-03T09:15:00.000000,2026-02-03T15:29:00.000000,50,0,0,100
CHOICEIN,60,6621,2022-04-08T09:00:00.000000,2026-02-04T15:00:00.000000,6621,6621,2022-04-08T09:00:00.000000,2026-02-04T15:00:00.000000,47,0,0,100
HEXT,60,1654,2025-02-19T09:00:00.000000,2026-02-04T15:00:00.000000,1654,1654,2025-02-19T09:00:00.000000,2026-02-04T15:00:00.000000,13,0,0,100
IGL,5,75764,2022-01-03T09:15:00.000000,2026-02-03T15:25:00.000000,75764,75764,2022-01-03T09:15:00.000000,2026-02-03T15:25:00.000000,50,0,0,100
GMRAIRPORT,10080,215,2021-12-27T00:00:00.000000,2026-02-02T00:00:00.000000,215,215,2021-12-27T00:00:00.000000,2026-02-02T00:00:00.000000,51,0,0,100
NTPC,1440,1014,2022-01-03T00:00:00.000000,2026-02-02T00:00:00.000000,1014,1014,2022-01-03T00:00:00.000000,2026-02-02T00:00:00.000000,50,0,0,100
IGIL,1,105034,2024-12-20T09:41:00.000000,2026-02-05T15:29:00.000000,105034,105034,2024-12-20T09:41:00.000000,2026-02-05T15:29:00.000000,15,0,0,100
JSWENERGY,10080,215,2021-12-27T00:00:00.000000,2026-02-02T00:00:00.000000,215,215,2021-12-27T00:00:00.000000,2026-02-02T00:00:00.000000,51,0,0,100
FACT,10080,215,2021-12-27T00:00:00.000000,2026-02-02T00:00:00.000000,215,215,2021-12-27T00:00:00.000000,2026-02-02T00:00:00.000000,51,0,0,100
WELCORP,1,378701,2022-01-03T09:15:00.000000,2026-02-03T15:29:00.000000,378701,378701,2022-01-03T09:15:00.000000,2026-02-03T15:29:00.000000,50,0,0,100
DLF,10080,215,2021-12-27T00:00:00.000000,2026-02-02T00:00:00.000000,215,215,2021-12-27T00:00:00.000000,2026-02-02T00:00:00.000000,51,0,0,100
IOB,10080,215,2021-12-27T00:00:00.000000,2026-02-02T00:00:00.000000,215,215,2021-12-27T00:00:00.000000,2026-02-02T00:00:00.000000,51,0,0,100
CUMMINSIND,10080,215,2021-12-27T00:00:00.000000,2026-02-02T00:00:00.000000,215,215,2021-12-27T00:00:00.000000,2026-02-02T00:00:00.000000,51,0,0,100
APLLTD,1440,1016,2022-01-03T00:00:00.000000,2026-02-04T00:00:00.000000,1016,1016,2022-01-03T00:00:00.000000,2026-02-04T00:00:00.000000,50,0,0,100
AARTIIND,1440,1016,2022-01-03T00:00:00.000000,2026-02-04T00:00:00.000000,1016,1016,2022-01-03T00:00:00.000000,2026-02-04T00:00:00.000000,50,0,0,100
JKTYRE,10080,215,2021-12-27T00:00:00.000000,2026-02-02T00:00:00.000000,215,215,2021-12-27T00:00:00.000000,2026-02-02T00:00:00.000000,51,0,0,100
BBTC,15,25280,2022-01-03T09:15:00.000000,2026-02-04T15:15:00.000000,25280,25280,2022-01-03T09:15:00.000000,2026-02-04T15:15:00.000000,50,0,0,100
AIAENG,60,7076,2022-01-03T09:00:00.000000,2026-02-03T15:00:00.000000,7076,7076,2022-01-03T09:00:00.000000,2026-02-03T15:00:00.000000,50,0,0,100
KSB,3,126321,2022-01-03T09:15:00.000000,2026-02-04T15:27:00.000000,126321,126321,2022-01-03T09:15:00.000000,2026-02-04T15:27:00.000000,50,0,0,100
KPRMILL,1440,1017,2022-01-03T00:00:00.000000,2026-02-05T00:00:00.000000,1017,1017,2022-01-03T00:00:00.000000,2026-02-05T00:00:00.000000,50,0,0,100
PNBHOUSING,1440,1015,2022-01-03T00:00:00.000000,2026-02-03T00:00:00.000000,1015,1015,2022-01-03T00:00:00.000000,2026-02-03T00:00:00.000000,50,0,0,100
ATUL,30,13136,2022-01-03T09:00:00.000000,2026-02-03T15:00:00.000000,13136,13136,2022-01-03T09:00:00.000000,2026-02-03T15:00:00.000000,50,0,0,100
SIEMENS,30,13121,2022-01-03T09:00:00.000000,2026-02-02T15:00:00.000000,13121,13121,2022-01-03T09:00:00.000000,2026-02-02T15:00:00.000000,50,0,0,100
TATACOMM,60,7076,2022-01-03T09:00:00.000000,2026-02-03T15:00:00.000000,7076,7076,2022-01-03T09:00:00.000000,2026-02-03T15:00:00.000000,50,0,0,100
HINDPETRO,30,13149,2022-01-03T09:00:00.000000,2026-02-04T15:00:00.000000,13149,13149,2022-01-03T09:00:00.000000,2026-02-04T15:00:00.000000,50,0,0,100
ZEEL,15,25255,2022-01-03T09:15:00.000000,2026-02-03T15:15:00.000000,25255,25255,2022-01-03T09:15:00.000000,2026-02-03T15:15:00.000000,50,0,0,100
AKZOINDIA,60,7083,2022-01-03T09:00:00.000000,2026-02-04T15:00:00.000000,7083,7083,2022-01-03T09:00:00.000000,2026-02-04T15:00:00.000000,50,0,0,100
ACC,15,25230,2022-01-03T09:15:00.000000,2026-02-02T15:15:00.000000,25230,25230,2022-01-03T09:15:00.000000,2026-02-02T15:15:00.000000,50,0,0,100
HEROMOTOCO,3,36395,2024-12-02T09:15:00.000000,2026-02-02T15:27:00.000000,36395,36395,2024-12-02T09:15:00.000000,2026-02-02T15:27:00.000000,15,0,0,100
GESHIP,60,7083,2022-01-03T09:00:00.000000,2026-02-04T15:00:00.000000,7083,7083,2022-01-03T09:00:00.000000,2026-02-04T15:00:00.000000,50,0,0,100
SUNTV,3,126274,2022-01-03T09:15:00.000000,2026-02-03T15:27:00.000000,126274,126274,2022-01-03T09:15:00.000000,2026-02-03T15:27:00.000000,50,0,0,100
KARURVYSYA,1440,1015,2022-01-03T00:00:00.000000,2026-02-03T00:00:00.000000,1015,1015,2022-01-03T00:00:00.000000,2026-02-03T00:00:00.000000,50,0,0,100
AIAENG,5,75763,2022-01-03T09:15:00.000000,2026-02-03T15:25:00.000000,75763,75763,2022-01-03T09:15:00.000000,2026-02-03T15:25:00.000000,50,0,0,100
BRIGADE,60,7076,2022-01-03T09:00:00.000000,2026-02-03T15:00:00.000000,7076,7076,2022-01-03T09:00:00.000000,2026-02-03T15:00:00.000000,50,0,0,100
AFCONS,15,7778,2024-11-04T09:30:00.000000,2026-02-04T15:15:00.000000,7778,7778,2024-11-04T09:30:00.000000,2026-02-04T15:15:00.000000,16,0,0,100
AARTIIND,30,13149,2022-01-03T09:00:00.000000,2026-02-04T15:00:00.000000,13149,13149,2022-01-03T09:00:00.000000,2026-02-04T15:00:00.000000,50,0,0,100
CGCL,5,75807,2022-01-03T09:15:00.000000,2026-02-04T15:25:00.000000,75807,75807,2022-01-03T09:15:00.000000,2026-02-04T15:25:00.000000,50,0,0,100
JYOTHYLAB,15,9908,2024-07-01T09:15:00.000000,2026-02-03T15:15:00.000000,9908,9908,2024-07-01T09:15:00.000000,2026-02-03T15:15:00.000000,20,0,0,100
IEX,1440,1015,2022-01-03T00:00:00.000000,2026-02-03T00:00:00.000000,1015,1015,2022-01-03T00:00:00.000000,2026-02-03T00:00:00.000000,50,0,0,100
VIJAYA,30,13136,2022-01-03T09:00:00.000000,2026-02-03T15:00:00.000000,13136,13136,2022-01-03T09:00:00.000000,2026-02-03T15:00:00.000000,50,0,0,100
LATENTVIEW,3,126269,2022-01-03T09:15:00.000000,2026-02-03T15:27:00.000000,126269,126269,2022-01-03T09:15:00.000000,2026-02-03T15:27:00.000000,50,0,0,100
SHREECEM,10080,215,2021-12-27T00:00:00.000000,2026-02-02T00:00:00.000000,215,215,2021-12-27T00:00:00.000000,2026-02-02T00:00:00.000000,51,0,0,100
GODREJAGRO,60,7083,2022-01-03T09:00:00.000000,2026-02-04T15:00:00.000000,7083,7083,2022-01-03T09:00:00.000000,2026-02-04T15:00:00.000000,50,0,0,100
NUVOCO,30,12850,2022-01-03T09:00:00.000000,2026-01-01T15:00:00.000000,12850,12850,2022-01-03T09:00:00.000000,2026-01-01T15:00:00.000000,49,0,0,100
AFCONS,60,2179,2024-11-04T09:00:00.000000,2026-02-04T15:00:00.000000,2179,2179,2024-11-04T09:00:00.000000,2026-02-04T15:00:00.000000,16,0,0,100
MUTHOOTFIN,30,13136,2022-01-03T09:00:00.000000,2026-02-03T15:00:00.000000,13136,13136,2022-01-03T09:00:00.000000,2026-02-03T15:00:00.000000,50,0,0,100
ASAHIINDIA,5,75838,2022-01-03T09:15:00.000000,2026-02-04T15:25:00.000000,75838,75838,2022-01-03T09:15:00.000000,2026-02-04T15:25:00.000000,50,0,0,100
PVRINOX,1,109560,2024-12-02T09:15:00.000000,2026-02-03T15:29:00.000000,109560,109560,2024-12-02T09:15:00.000000,2026-02-03T15:29:00.000000,15,0,0,100
DALBHARAT,60,7069,2022-01-03T09:00:00.000000,2026-02-02T15:00:00.000000,7069,7069,2022-01-03T09:00:00.000000,2026-02-02T15:00:00.000000,50,0,0,100
JWL,10080,215,2021-12-27T00:00:00.000000,2026-02-02T00:00:00.000000,215,215,2021-12-27T00:00:00.000000,2026-02-02T00:00:00.000000,51,0,0,100
NAVINFLUOR,1440,1015,2022-01-03T00:00:00.000000,2026-02-03T00:00:00.000000,1015,1015,2022-01-03T00:00:00.000000,2026-02-03T00:00:00.000000,50,0,0,100
SUNPHARMA,3,126149,2022-01-03T09:15:00.000000,2026-02-02T15:27:00.000000,126149,126149,2022-01-03T09:15:00.000000,2026-02-02T15:27:00.000000,50,0,0,100
RELIANCE,60,7089,2022-01-03T09:00:00.000000,2026-02-05T15:00:00.000000,7089,7089,2022-01-03T09:00:00.000000,2026-02-05T15:00:00.000000,50,0,0,100
LTTS,5,75764,2022-01-03T09:15:00.000000,2026-02-03T15:25:00.000000,75764,75764,2022-01-03T09:15:00.000000,2026-02-03T15:25:00.000000,50,0,0,100
JMFINANCIL,1,377767,2022-01-03T09:15:00.000000,2026-02-03T15:29:00.000000,377767,377767,2022-01-03T09:15:00.000000,2026-02-03T15:29:00.000000,50,0,0,100
EXIDEIND,1,378798,2022-01-03T09:15:00.000000,2026-02-03T15:29:00.000000,378798,378798,2022-01-03T09:15:00.000000,2026-02-03T15:29:00.000000,50,0,0,100
APOLLOTYRE,5,75839,2022-01-03T09:15:00.000000,2026-02-04T15:25:00.000000,75839,75839,2022-01-03T09:15:00.000000,2026-02-04T15:25:00.000000,50,0,0,100
INDUSINDBK,60,2039,2024-12-02T09:00:00.000000,2026-02-02T15:00:00.000000,2039,2039,2024-12-02T09:00:00.000000,2026-02-02T15:00:00.000000,15,0,0,100
REDINGTON,15,25255,2022-01-03T09:15:00.000000,2026-02-03T15:15:00.000000,25255,25255,2022-01-03T09:15:00.000000,2026-02-03T15:15:00.000000,50,0,0,100
DIXON,10080,215,2021-12-27T00:00:00.000000,2026-02-02T00:00:00.000000,215,215,2021-12-27T00:00:00.000000,2026-02-02T00:00:00.000000,51,0,0,100
SCHAEFFLER,15,7304,2024-12-02T09:15:00.000000,2026-02-03T15:15:00.000000,7304,7304,2024-12-02T09:15:00.000000,2026-02-03T15:15:00.000000,15,0,0,100
VOLTAS,1,378800,2022-01-03T09:15:00.000000,2026-02-03T15:29:00.000000,378800,378800,2022-01-03T09:15:00.000000,2026-02-03T15:29:00.000000,50,0,0,100
KFINTECH,60,5373,2022-12-29T09:00:00.000000,2026-02-05T15:00:00.000000,5373,5373,2022-12-29T09:00:00.000000,2026-02-05T15:00:00.000000,39,0,0,100
BANDHANBNK,3,126148,2022-01-03T09:15:00.000000,2026-02-02T15:27:00.000000,126148,126148,2022-01-03T09:15:00.000000,2026-02-02T15:27:00.000000,50,0,0,100
PNB,1440,1014,2022-01-03T00:00:00.000000,2026-02-02T00:00:00.000000,1014,1014,2022-01-03T00:00:00.000000,2026-02-02T00:00:00.000000,50,0,0,100
BANKBARODA,30,13123,2022-01-03T09:00:00.000000,2026-02-02T15:00:00.000000,13123,13123,2022-01-03T09:00:00.000000,2026-02-02T15:00:00.000000,50,0,0,100
JBCHEPHARM,3,126264,2022-01-03T09:15:00.000000,2026-02-03T15:27:00.000000,126264,126264,2022-01-03T09:15:00.000000,2026-02-03T15:27:00.000000,50,0,0,100
MARICO,5,75689,2022-01-03T09:15:00.000000,2026-02-02T15:25:00.000000,75689,75689,2022-01-03T09:15:00.000000,2026-02-02T15:25:00.000000,50,0,0,100
DOMS,3,65726,2023-12-20T09:15:00.000000,2026-02-04T15:27:00.000000,65726,65726,2023-12-20T09:15:00.000000,2026-02-04T15:27:00.000000,27,0,0,100
HAVELLS,1440,1014,2022-01-03T00:00:00.000000,2026-02-02T00:00:00.000000,1014,1014,2022-01-03T00:00:00.000000,2026-02-02T00:00:00.000000,50,0,0,100
WELSPUNLIV,5,75762,2022-01-03T09:15:00.000000,2026-02-03T15:25:00.000000,75762,75762,2022-01-03T09:15:00.000000,2026-02-03T15:25:00.000000,50,0,0,100
SONACOMS,3,126267,2022-01-03T09:15:00.000000,2026-02-03T15:27:00.000000,126267,126267,2022-01-03T09:15:00.000000,2026-02-03T15:27:00.000000,50,0,0,100
MEDANTA,5,21912,2024-12-02T09:15:00.000000,2026-02-03T15:25:00.000000,21912,21912,2024-12-02T09:15:00.000000,2026-02-03T15:25:00.000000,15,0,0,100
JBCHEPHARM,1,378131,2022-01-03T09:15:00.000000,2026-02-03T15:29:00.000000,378131,378131,2022-01-03T09:15:00.000000,2026-02-03T15:29:00.000000,50,0,0,100
AAVAS,60,7083,2022-01-03T09:00:00.000000,2026-02-04T15:00:00.000000,7083,7083,2022-01-03T09:00:00.000000,2026-02-04T15:00:00.000000,50,0,0,100
JUBLPHARMA,1440,1017,2022-01-03T00:00:00.000000,2026-02-05T00:00:00.000000,1017,1017,2022-01-03T00:00:00.000000,2026-02-05T00:00:00.000000,50,0,0,100
CEATLTD,60,7076,2022-01-03T09:00:00.000000,2026-02-03T15:00:00.000000,7076,7076,2022-01-03T09:00:00.000000,2026-02-03T15:00:00.000000,50,0,0,100
FORTIS,5,75761,2022-01-03T09:15:00.000000,2026-02-03T15:25:00.000000,75761,75761,2022-01-03T09:15:00.000000,2026-02-03T15:25:00.000000,50,0,0,100
ABCAPITAL,60,2053,2024-12-02T09:00:00.000000,2026-02-04T15:00:00.000000,2053,2053,2024-12-02T09:00:00.000000,2026-02-04T15:00:00.000000,15,0,0,100
ATHERENERG,60,1324,2025-05-06T10:00:00.000000,2026-02-04T15:00:00.000000,1324,1324,2025-05-06T10:00:00.000000,2026-02-04T15:00:00.000000,10,0,0,100
TATAINVEST,3,69754,2023-11-01T09:15:00.000000,2026-02-03T15:27:00.000000,69754,69754,2023-11-01T09:15:00.000000,2026-02-03T15:27:00.000000,28,0,0,100
MUTHOOTFIN,60,7076,2022-01-03T09:00:00.000000,2026-02-03T15:00:00.000000,7076,7076,2022-01-03T09:00:00.000000,2026-02-03T15:00:00.000000,50,0,0,100
JYOTICNC,5,38162,2024-01-16T09:15:00.000000,2026-02-05T15:25:00.000000,38162,38162,2024-01-16T09:15:00.000000,2026-02-05T15:25:00.000000,26,0,0,100
IRCTC,10080,215,2021-12-27T00:00:00.000000,2026-02-02T00:00:00.000000,215,215,2021-12-27T00:00:00.000000,2026-02-02T00:00:00.000000,51,0,0,100
BAJAJHLDNG,3,36520,2024-12-02T09:15:00.000000,2026-02-03T15:27:00.000000,36520,36520,2024-12-02T09:15:00.000000,2026-02-03T15:27:00.000000,15,0,0,100
ADANIGREEN,30,13123,2022-01-03T09:00:00.000000,2026-02-02T15:00:00.000000,13123,13123,2022-01-03T09:00:00.000000,2026-02-02T15:00:00.000000,50,0,0,100
AGARWALEYE,10080,53,2025-02-03T00:00:00.000000,2026-02-02T00:00:00.000000,53,53,2025-02-03T00:00:00.000000,2026-02-02T00:00:00.000000,13,0,0,100
M&M,1440,1017,2022-01-03T00:00:00.000000,2026-02-05T00:00:00.000000,1017,1017,2022-01-03T00:00:00.000000,2026-02-05T00:00:00.000000,50,0,0,100
PETRONET,1440,1015,2022-01-03T00:00:00.000000,2026-02-03T00:00:00.000000,1015,1015,2022-01-03T00:00:00.000000,2026-02-03T00:00:00.000000,50,0,0,100
BLS,1440,1016,2022-01-03T00:00:00.000000,2026-02-04T00:00:00.000000,1016,1016,2022-01-03T00:00:00.000000,2026-02-04T00:00:00.000000,50,0,0,100
NBCC,3,126273,2022-01-03T09:15:00.000000,2026-02-03T15:27:00.000000,126273,126273,2022-01-03T09:15:00.000000,2026-02-03T15:27:00.000000,50,0,0,100
CENTRALBK,5,75763,2022-01-03T09:15:00.000000,2026-02-03T15:25:00.000000,75763,75763,2022-01-03T09:15:00.000000,2026-02-03T15:25:00.000000,50,0,0,100
GLAND,1,379160,2022-01-03T09:15:00.000000,2026-02-04T15:29:00.000000,379160,379160,2022-01-03T09:15:00.000000,2026-02-04T15:29:00.000000,50,0,0,100
HINDALCO,5,75689,2022-01-03T09:15:00.000000,2026-02-02T15:25:00.000000,75689,75689,2022-01-03T09:15:00.000000,2026-02-02T15:25:00.000000,50,0,0,100
SOBHA,60,7076,2022-01-03T09:00:00.000000,2026-02-03T15:00:00.000000,7076,7076,2022-01-03T09:00:00.000000,2026-02-03T15:00:00.000000,50,0,0,100
RECLTD,10080,215,2021-12-27T00:00:00.000000,2026-02-02T00:00:00.000000,215,215,2021-12-27T00:00:00.000000,2026-02-02T00:00:00.000000,51,0,0,100
APLLTD,30,9402,2023-03-01T09:00:00.000000,2026-02-04T15:00:00.000000,9402,9402,2023-03-01T09:00:00.000000,2026-02-04T15:00:00.000000,36,0,0,100
JSWSTEEL,3,126149,2022-01-03T09:15:00.000000,2026-02-02T15:27:00.000000,126149,126149,2022-01-03T09:15:00.000000,2026-02-02T15:27:00.000000,50,0,0,100
NHPC,3,126144,2022-01-03T09:15:00.000000,2026-02-02T15:27:00.000000,126144,126144,2022-01-03T09:15:00.000000,2026-02-02T15:27:00.000000,50,0,0,100
GESHIP,1,378830,2022-01-03T09:15:00.000000,2026-02-04T15:29:00.000000,378830,378830,2022-01-03T09:15:00.000000,2026-02-04T15:29:00.000000,50,0,0,100
PRAJIND,60,7076,2022-01-03T09:00:00.000000,2026-02-03T15:00:00.000000,7076,7076,2022-01-03T09:00:00.000000,2026-02-03T15:00:00.000000,50,0,0,100
GODREJIND,5,75836,2022-01-03T09:15:00.000000,2026-02-04T15:25:00.000000,75836,75836,2022-01-03T09:15:00.000000,2026-02-04T15:25:00.000000,50,0,0,100
GRSE,10080,215,2021-12-27T00:00:00.000000,2026-02-02T00:00:00.000000,215,215,2021-12-27T00:00:00.000000,2026-02-02T00:00:00.000000,51,0,0,100
ACMESOLAR,15,7603,2024-11-13T09:30:00.000000,2026-02-04T15:15:00.000000,7603,7603,2024-11-13T09:30:00.000000,2026-02-04T15:15:00.000000,16,0,0,100
AWL,1,369769,2022-02-08T09:15:00.000000,2026-02-04T15:29:00.000000,369769,369769,2022-02-08T09:15:00.000000,2026-02-04T15:29:00.000000,49,0,0,100
TCS,5,75914,2022-01-03T09:15:00.000000,2026-02-05T15:25:00.000000,75914,75914,2022-01-03T09:15:00.000000,2026-02-05T15:25:00.000000,50,0,0,100
HDFCLIFE,1440,1014,2022-01-03T00:00:00.000000,2026-02-02T00:00:00.000000,1014,1014,2022-01-03T00:00:00.000000,2026-02-02T00:00:00.000000,50,0,0,100
BSE,1,378797,2022-01-03T09:15:00.000000,2026-02-03T15:29:00.000000,378797,378797,2022-01-03T09:15:00.000000,2026-02-03T15:29:00.000000,50,0,0,100
CHOLAHLDNG,1,373528,2022-01-03T09:15:00.000000,2026-02-04T15:29:00.000000,373528,373528,2022-01-03T09:15:00.000000,2026-02-04T15:29:00.000000,50,0,0,100
BAJAJHLDNG,10080,215,2021-12-27T00:00:00.000000,2026-02-02T00:00:00.000000,215,215,2021-12-27T00:00:00.000000,2026-02-02T00:00:00.000000,51,0,0,100
CENTURYPLY,10080,215,2021-12-27T00:00:00.000000,2026-02-02T00:00:00.000000,215,215,2021-12-27T00:00:00.000000,2026-02-02T00:00:00.000000,51,0,0,100
JSL,1,378793,2022-01-03T09:15:00.000000,2026-02-03T15:29:00.000000,378793,378793,2022-01-03T09:15:00.000000,2026-02-03T15:29:00.000000,50,0,0,100
GRAPHITE,3,126267,2022-01-03T09:15:00.000000,2026-02-03T15:27:00.000000,126267,126267,2022-01-03T09:15:00.000000,2026-02-03T15:27:00.000000,50,0,0,100
KPRMILL,15,25305,2022-01-03T09:15:00.000000,2026-02-05T15:15:00.000000,25305,25305,2022-01-03T09:15:00.000000,2026-02-05T15:15:00.000000,50,0,0,100
SUPREMEIND,15,25255,2022-01-03T09:15:00.000000,2026-02-03T15:15:00.000000,25255,25255,2022-01-03T09:15:00.000000,2026-02-03T15:15:00.000000,50,0,0,100
ASAHIINDIA,1440,1016,2022-01-03T00:00:00.000000,2026-02-04T00:00:00.000000,1016,1016,2022-01-03T00:00:00.000000,2026-02-04T00:00:00.000000,50,0,0,100
IRB,5,75761,2022-01-03T09:15:00.000000,2026-02-03T15:25:00.000000,75761,75761,2022-01-03T09:15:00.000000,2026-02-03T15:25:00.000000,50,0,0,100
ENDURANCE,3,126266,2022-01-03T09:15:00.000000,2026-02-03T15:27:00.000000,126266,126266,2022-01-03T09:15:00.000000,2026-02-03T15:27:00.000000,50,0,0,100
UNIONBANK,1440,1015,2022-01-03T00:00:00.000000,2026-02-03T00:00:00.000000,1015,1015,2022-01-03T00:00:00.000000,2026-02-03T00:00:00.000000,50,0,0,100
PRESTIGE,1440,1015,2022-01-03T00:00:00.000000,2026-02-03T00:00:00.000000,1015,1015,2022-01-03T00:00:00.000000,2026-02-03T00:00:00.000000,50,0,0,100
LICHSGFIN,3,126273,2022-01-03T09:15:00.000000,2026-02-03T15:27:00.000000,126273,126273,2022-01-03T09:15:00.000000,2026-02-03T15:27:00.000000,50,0,0,100
AMBUJACEM,15,25230,2022-01-03T09:15:00.000000,2026-02-02T15:15:00.000000,25230,25230,2022-01-03T09:15:00.000000,2026-02-02T15:15:00.000000,50,0,0,100
ITC,3,126016,2022-01-03T09:15:00.000000,2026-02-01T15:27:00.000000,126016,126016,2022-01-03T09:15:00.000000,2026-02-01T15:27:00.000000,50,0,0,100
GRANULES,1,378799,2022-01-03T09:15:00.000000,2026-02-03T15:29:00.000000,378799,378799,2022-01-03T09:15:00.000000,2026-02-03T15:29:00.000000,50,0,0,100
CENTRALBK,60,7076,2022-01-03T09:00:00.000000,2026-02-03T15:00:00.000000,7076,7076,2022-01-03T09:00:00.000000,2026-02-03T15:00:00.000000,50,0,0,100
VIJAYA,1,376796,2022-01-03T09:15:00.000000,2026-02-03T15:29:00.000000,376796,376796,2022-01-03T09:15:00.000000,2026-02-03T15:29:00.000000,50,0,0,100
POWERGRID,15,7279,2024-12-02T09:15:00.000000,2026-02-02T15:15:00.000000,7279,7279,2024-12-02T09:15:00.000000,2026-02-02T15:15:00.000000,15,0,0,100
THELEELA,30,2224,2025-06-02T10:00:00.000000,2026-02-05T15:00:00.000000,2224,2224,2025-06-02T10:00:00.000000,2026-02-05T15:00:00.000000,9,0,0,100
CUMMINSIND,30,13136,2022-01-03T09:00:00.000000,2026-02-03T15:00:00.000000,13136,13136,2022-01-03T09:00:00.000000,2026-02-03T15:00:00.000000,50,0,0,100
CONCORDBIO,15,15226,2023-08-18T09:15:00.000000,2026-02-04T15:15:00.000000,15226,15226,2023-08-18T09:15:00.000000,2026-02-04T15:15:00.000000,31,0,0,100
EIHOTEL,30,3812,2024-12-02T09:00:00.000000,2026-02-04T15:00:00.000000,3812,3812,2024-12-02T09:00:00.000000,2026-02-04T15:00:00.000000,15,0,0,100
ETERNAL,1440,1016,2022-01-03T00:00:00.000000,2026-02-04T00:00:00.000000,1016,1016,2022-01-03T00:00:00.000000,2026-02-04T00:00:00.000000,50,0,0,100
CAPLIPOINT,60,7083,2022-01-03T09:00:00.000000,2026-02-04T15:00:00.000000,7083,7083,2022-01-03T09:00:00.000000,2026-02-04T15:00:00.000000,50,0,0,100
WELSPUNLIV,15,25255,2022-01-03T09:15:00.000000,2026-02-03T15:15:00.000000,25255,25255,2022-01-03T09:15:00.000000,2026-02-03T15:15:00.000000,50,0,0,100
SIEMENS,5,75680,2022-01-03T09:15:00.000000,2026-02-02T15:25:00.000000,75680,75680,2022-01-03T09:15:00.000000,2026-02-02T15:25:00.000000,50,0,0,100
IREDA,15,13547,2023-11-29T09:15:00.000000,2026-02-05T15:15:00.000000,13547,13547,2023-11-29T09:15:00.000000,2026-02-05T15:15:00.000000,28,0,0,100
EXIDEIND,5,75764,2022-01-03T09:15:00.000000,2026-02-03T15:25:00.000000,75764,75764,2022-01-03T09:15:00.000000,2026-02-03T15:25:00.000000,50,0,0,100
UTIAMC,60,7076,2022-01-03T09:00:00.000000,2026-02-03T15:00:00.000000,7076,7076,2022-01-03T09:00:00.000000,2026-02-03T15:00:00.000000,50,0,0,100
TATAELXSI,1,378792,2022-01-03T09:15:00.000000,2026-02-03T15:29:00.000000,378792,378792,2022-01-03T09:15:00.000000,2026-02-03T15:29:00.000000,50,0,0,100
LALPATHLAB,1440,1015,2022-01-03T00:00:00.000000,2026-02-03T00:00:00.000000,1015,1015,2022-01-03T00:00:00.000000,2026-02-03T00:00:00.000000,50,0,0,100
GLAND,5,75836,2022-01-03T09:15:00.000000,2026-02-04T15:25:00.000000,75836,75836,2022-01-03T09:15:00.000000,2026-02-04T15:25:00.000000,50,0,0,100
CUMMINSIND,1,378804,2022-01-03T09:15:00.000000,2026-02-03T15:29:00.000000,378804,378804,2022-01-03T09:15:00.000000,2026-02-03T15:29:00.000000,50,0,0,100
RVNL,1440,1015,2022-01-03T00:00:00.000000,2026-02-03T00:00:00.000000,1015,1015,2022-01-03T00:00:00.000000,2026-02-03T00:00:00.000000,50,0,0,100
KIRLOSBROS,10080,215,2021-12-27T00:00:00.000000,2026-02-02T00:00:00.000000,215,215,2021-12-27T00:00:00.000000,2026-02-02T00:00:00.000000,51,0,0,100
SUPREMEIND,5,75762,2022-01-03T09:15:00.000000,2026-02-03T15:25:00.000000,75762,75762,2022-01-03T09:15:00.000000,2026-02-03T15:25:00.000000,50,0,0,100
JBMA,5,75763,2022-01-03T09:15:00.000000,2026-02-03T15:25:00.000000,75763,75763,2022-01-03T09:15:00.000000,2026-02-03T15:25:00.000000,50,0,0,100
LT,10080,215,2021-12-27T00:00:00.000000,2026-02-02T00:00:00.000000,215,215,2021-12-27T00:00:00.000000,2026-02-02T00:00:00.000000,51,0,0,100
TATACHEM,1,378800,2022-01-03T09:15:00.000000,2026-02-03T15:29:00.000000,378800,378800,2022-01-03T09:15:00.000000,2026-02-03T15:29:00.000000,50,0,0,100
M&M,30,13162,2022-01-03T09:00:00.000000,2026-02-05T15:00:00.000000,13162,13162,2022-01-03T09:00:00.000000,2026-02-05T15:00:00.000000,50,0,0,100
MGL,5,75764,2022-01-03T09:15:00.000000,2026-02-03T15:25:00.000000,75764,75764,2022-01-03T09:15:00.000000,2026-02-03T15:25:00.000000,50,0,0,100
MUTHOOTFIN,5,75764,2022-01-03T09:15:00.000000,2026-02-03T15:25:00.000000,75764,75764,2022-01-03T09:15:00.000000,2026-02-03T15:25:00.000000,50,0,0,100
IIFL,30,13136,2022-01-03T09:00:00.000000,2026-02-03T15:00:00.000000,13136,13136,2022-01-03T09:00:00.000000,2026-02-03T15:00:00.000000,50,0,0,100
NMDC,10080,215,2021-12-27T00:00:00.000000,2026-02-02T00:00:00.000000,215,215,2021-12-27T00:00:00.000000,2026-02-02T00:00:00.000000,51,0,0,100
GICRE,5,75836,2022-01-03T09:15:00.000000,2026-02-04T15:25:00.000000,75836,75836,2022-01-03T09:15:00.000000,2026-02-04T15:25:00.000000,50,0,0,100
DRREDDY,10080,215,2021-12-27T00:00:00.000000,2026-02-02T00:00:00.000000,215,215,2021-12-27T00:00:00.000000,2026-02-02T00:00:00.000000,51,0,0,100
LEMONTREE,1440,1015,2022-01-03T00:00:00.000000,2026-02-03T00:00:00.000000,1015,1015,2022-01-03T00:00:00.000000,2026-02-03T00:00:00.000000,50,0,0,100
FINCABLES,3,126267,2022-01-03T09:15:00.000000,2026-02-03T15:27:00.000000,126267,126267,2022-01-03T09:15:00.000000,2026-02-03T15:27:00.000000,50,0,0,100
KIMS,60,7076,2022-01-03T09:00:00.000000,2026-02-03T15:00:00.000000,7076,7076,2022-01-03T09:00:00.000000,2026-02-03T15:00:00.000000,50,0,0,100
ASTRAL,1440,1014,2022-01-03T00:00:00.000000,2026-02-02T00:00:00.000000,1014,1014,2022-01-03T00:00:00.000000,2026-02-02T00:00:00.000000,50,0,0,100
CYIENT,30,13136,2022-01-03T09:00:00.000000,2026-02-03T15:00:00.000000,13136,13136,2022-01-03T09:00:00.000000,2026-02-03T15:00:00.000000,50,0,0,100
ESCORTS,1,109560,2024-12-02T09:15:00.000000,2026-02-03T15:29:00.000000,109560,109560,2024-12-02T09:15:00.000000,2026-02-03T15:29:00.000000,15,0,0,100
ICICIPRULI,15,25230,2022-01-03T09:15:00.000000,2026-02-02T15:15:00.000000,25230,25230,2022-01-03T09:15:00.000000,2026-02-02T15:15:00.000000,50,0,0,100
APOLLOTYRE,15,25280,2022-01-03T09:15:00.000000,2026-02-04T15:15:00.000000,25280,25280,2022-01-03T09:15:00.000000,2026-02-04T15:15:00.000000,50,0,0,100
ENDURANCE,30,13136,2022-01-03T09:00:00.000000,2026-02-03T15:00:00.000000,13136,13136,2022-01-03T09:00:00.000000,2026-02-03T15:00:00.000000,50,0,0,100
BHEL,3,126148,2022-01-03T09:15:00.000000,2026-02-02T15:27:00.000000,126148,126148,2022-01-03T09:15:00.000000,2026-02-02T15:27:00.000000,50,0,0,100
INDIACEM,3,126274,2022-01-03T09:15:00.000000,2026-02-03T15:27:00.000000,126274,126274,2022-01-03T09:15:00.000000,2026-02-03T15:27:00.000000,50,0,0,100
SJVN,1440,1015,2022-01-03T00:00:00.000000,2026-02-03T00:00:00.000000,1015,1015,2022-01-03T00:00:00.000000,2026-02-03T00:00:00.000000,50,0,0,100
KIRLOSBROS,30,13162,2022-01-03T09:00:00.000000,2026-02-05T15:00:00.000000,13162,13162,2022-01-03T09:00:00.000000,2026-02-05T15:00:00.000000,50,0,0,100
SIEMENS,15,25227,2022-01-03T09:15:00.000000,2026-02-02T15:15:00.000000,25227,25227,2022-01-03T09:15:00.000000,2026-02-02T15:15:00.000000,50,0,0,100
SRF,10080,215,2021-12-27T00:00:00.000000,2026-02-02T00:00:00.000000,215,215,2021-12-27T00:00:00.000000,2026-02-02T00:00:00.000000,51,0,0,100
GRASIM,10080,215,2021-12-27T00:00:00.000000,2026-02-02T00:00:00.000000,215,215,2021-12-27T00:00:00.000000,2026-02-02T00:00:00.000000,51,0,0,100
BAJAJ-AUTO,3,126398,2022-01-03T09:15:00.000000,2026-02-04T15:27:00.000000,126398,126398,2022-01-03T09:15:00.000000,2026-02-04T15:27:00.000000,50,0,0,100
ATGL,15,25280,2022-01-03T09:15:00.000000,2026-02-04T15:15:00.000000,25280,25280,2022-01-03T09:15:00.000000,2026-02-04T15:15:00.000000,50,0,0,100
LEMONTREE,1,378797,2022-01-03T09:15:00.000000,2026-02-03T15:29:00.000000,378797,378797,2022-01-03T09:15:00.000000,2026-02-03T15:29:00.000000,50,0,0,100
JBCHEPHARM,60,7076,2022-01-03T09:00:00.000000,2026-02-03T15:00:00.000000,7076,7076,2022-01-03T09:00:00.000000,2026-02-03T15:00:00.000000,50,0,0,100
LTF,5,75764,2022-01-03T09:15:00.000000,2026-02-03T15:25:00.000000,75764,75764,2022-01-03T09:15:00.000000,2026-02-03T15:25:00.000000,50,0,0,100
TECHM,60,7069,2022-01-03T09:00:00.000000,2026-02-02T15:00:00.000000,7069,7069,2022-01-03T09:00:00.000000,2026-02-02T15:00:00.000000,50,0,0,100
CCL,5,75838,2022-01-03T09:15:00.000000,2026-02-04T15:25:00.000000,75838,75838,2022-01-03T09:15:00.000000,2026-02-04T15:25:00.000000,50,0,0,100
JSWSTEEL,60,7069,2022-01-03T09:00:00.000000,2026-02-02T15:00:00.000000,7069,7069,2022-01-03T09:00:00.000000,2026-02-02T15:00:00.000000,50,0,0,100
HEG,3,41540,2024-10-01T09:15:00.000000,2026-02-03T15:27:00.000000,41540,41540,2024-10-01T09:15:00.000000,2026-02-03T15:27:00.000000,17,0,0,100
PNBHOUSING,1,378487,2022-01-03T09:15:00.000000,2026-02-03T15:29:00.000000,378487,378487,2022-01-03T09:15:00.000000,2026-02-03T15:29:00.000000,50,0,0,100
CIPLA,1,378429,2022-01-03T09:15:00.000000,2026-02-02T15:29:00.000000,378429,378429,2022-01-03T09:15:00.000000,2026-02-02T15:29:00.000000,50,0,0,100
TATAELXSI,15,25255,2022-01-03T09:15:00.000000,2026-02-03T15:15:00.000000,25255,25255,2022-01-03T09:15:00.000000,2026-02-03T15:15:00.000000,50,0,0,100
COCHINSHIP,10080,215,2021-12-27T00:00:00.000000,2026-02-02T00:00:00.000000,215,215,2021-12-27T00:00:00.000000,2026-02-02T00:00:00.000000,51,0,0,100
BHARTIARTL,15,5679,2022-01-03T09:15:00.000000,2026-02-02T15:15:00.000000,5679,5679,2022-01-03T09:15:00.000000,2026-02-02T15:15:00.000000,50,0,0,100
HSCL,60,7076,2022-01-03T09:00:00.000000,2026-02-03T15:00:00.000000,7076,7076,2022-01-03T09:00:00.000000,2026-02-03T15:00:00.000000,50,0,0,100
BAJAJHLDNG,1,109560,2024-12-02T09:15:00.000000,2026-02-03T15:29:00.000000,109560,109560,2024-12-02T09:15:00.000000,2026-02-03T15:29:00.000000,15,0,0,100
JSL,60,7076,2022-01-03T09:00:00.000000,2026-02-03T15:00:00.000000,7076,7076,2022-01-03T09:00:00.000000,2026-02-03T15:00:00.000000,50,0,0,100
KPIL,60,7090,2022-01-03T09:00:00.000000,2026-02-05T15:00:00.000000,7090,7090,2022-01-03T09:00:00.000000,2026-02-05T15:00:00.000000,50,0,0,100
AFCONS,10080,66,2024-11-04T00:00:00.000000,2026-02-02T00:00:00.000000,66,66,2024-11-04T00:00:00.000000,2026-02-02T00:00:00.000000,16,0,0,100
LAURUSLABS,30,13136,2022-01-03T09:00:00.000000,2026-02-03T15:00:00.000000,13136,13136,2022-01-03T09:00:00.000000,2026-02-03T15:00:00.000000,50,0,0,100
TATACONSUM,1440,1014,2022-01-03T00:00:00.000000,2026-02-02T00:00:00.000000,1014,1014,2022-01-03T00:00:00.000000,2026-02-02T00:00:00.000000,50,0,0,100
HDFCAMC,1440,1015,2022-01-03T00:00:00.000000,2026-02-03T00:00:00.000000,1015,1015,2022-01-03T00:00:00.000000,2026-02-03T00:00:00.000000,50,0,0,100
DIVISLAB,30,13123,2022-01-03T09:00:00.000000,2026-02-02T15:00:00.000000,13123,13123,2022-01-03T09:00:00.000000,2026-02-02T15:00:00.000000,50,0,0,100
KEI,10080,215,2021-12-27T00:00:00.000000,2026-02-02T00:00:00.000000,215,215,2021-12-27T00:00:00.000000,2026-02-02T00:00:00.000000,51,0,0,100
CDSL,10080,215,2021-12-27T00:00:00.000000,2026-02-02T00:00:00.000000,215,215,2021-12-27T00:00:00.000000,2026-02-02T00:00:00.000000,51,0,0,100
BLUESTARCO,10080,215,2021-12-27T00:00:00.000000,2026-02-02T00:00:00.000000,215,215,2021-12-27T00:00:00.000000,2026-02-02T00:00:00.000000,51,0,0,100
IREDA,1,203164,2023-11-29T09:15:00.000000,2026-02-05T15:29:00.000000,203164,203164,2023-11-29T09:15:00.000000,2026-02-05T15:29:00.000000,28,0,0,100
INDUSTOWER,60,7069,2022-01-03T09:00:00.000000,2026-02-02T15:00:00.000000,7069,7069,2022-01-03T09:00:00.000000,2026-02-02T15:00:00.000000,50,0,0,100
NUVAMA,10080,124,2023-09-25T00:00:00.000000,2026-02-02T00:00:00.000000,124,124,2023-09-25T00:00:00.000000,2026-02-02T00:00:00.000000,30,0,0,100
PRAJIND,5,75763,2022-01-03T09:15:00.000000,2026-02-03T15:25:00.000000,75763,75763,2022-01-03T09:15:00.000000,2026-02-03T15:25:00.000000,50,0,0,100
ENDURANCE,1,378181,2022-01-03T09:15:00.000000,2026-02-03T15:29:00.000000,378181,378181,2022-01-03T09:15:00.000000,2026-02-03T15:29:00.000000,50,0,0,100
GRANULES,60,7076,2022-01-03T09:00:00.000000,2026-02-03T15:00:00.000000,7076,7076,2022-01-03T09:00:00.000000,2026-02-03T15:00:00.000000,50,0,0,100
MUTHOOTFIN,15,25255,2022-01-03T09:15:00.000000,2026-02-03T15:15:00.000000,25255,25255,2022-01-03T09:15:00.000000,2026-02-03T15:15:00.000000,50,0,0,100
ITI,3,126258,2022-01-03T09:15:00.000000,2026-02-03T15:27:00.000000,126258,126258,2022-01-03T09:15:00.000000,2026-02-03T15:27:00.000000,50,0,0,100
AEGISVOPAK,15,4251,2025-06-02T10:00:00.000000,2026-02-04T15:15:00.000000,4251,4251,2025-06-02T10:00:00.000000,2026-02-04T15:15:00.000000,9,0,0,100
JMFINANCIL,60,7076,2022-01-03T09:00:00.000000,2026-02-03T15:00:00.000000,7076,7076,2022-01-03T09:00:00.000000,2026-02-03T15:00:00.000000,50,0,0,100
SBFC,30,7933,2023-08-16T09:00:00.000000,2026-02-03T15:00:00.000000,7933,7933,2023-08-16T09:00:00.000000,2026-02-03T15:00:00.000000,31,0,0,100
KSB,60,7083,2022-01-03T09:00:00.000000,2026-02-04T15:00:00.000000,7083,7083,2022-01-03T09:00:00.000000,2026-02-04T15:00:00.000000,50,0,0,100
ELECON,10080,215,2021-12-27T00:00:00.000000,2026-02-02T00:00:00.000000,215,215,2021-12-27T00:00:00.000000,2026-02-02T00:00:00.000000,51,0,0,100
FLUOROCHEM,15,7329,2024-12-02T09:15:00.000000,2026-02-04T15:15:00.000000,7329,7329,2024-12-02T09:15:00.000000,2026-02-04T15:15:00.000000,15,0,0,100
CENTURYPLY,15,25255,2022-01-03T09:15:00.000000,2026-02-03T15:15:00.000000,25255,25255,2022-01-03T09:15:00.000000,2026-02-03T15:15:00.000000,50,0,0,100
DEEPAKFERT,5,75836,2022-01-03T09:15:00.000000,2026-02-04T15:25:00.000000,75836,75836,2022-01-03T09:15:00.000000,2026-02-04T15:25:00.000000,50,0,0,100
UBL,30,13136,2022-01-03T09:00:00.000000,2026-02-03T15:00:00.000000,13136,13136,2022-01-03T09:00:00.000000,2026-02-03T15:00:00.000000,50,0,0,100
SBFC,15,15251,2023-08-16T09:15:00.000000,2026-02-03T15:15:00.000000,15251,15251,2023-08-16T09:15:00.000000,2026-02-03T15:15:00.000000,31,0,0,100
BHARATFORG,30,13136,2022-01-03T09:00:00.000000,2026-02-03T15:00:00.000000,13136,13136,2022-01-03T09:00:00.000000,2026-02-03T15:00:00.000000,50,0,0,100
ANANTRAJ,1,377806,2022-01-03T09:15:00.000000,2026-02-04T15:29:00.000000,377806,377806,2022-01-03T09:15:00.000000,2026-02-04T15:29:00.000000,50,0,0,100
BPCL,1,378426,2022-01-03T09:15:00.000000,2026-02-02T15:29:00.000000,378426,378426,2022-01-03T09:15:00.000000,2026-02-02T15:29:00.000000,50,0,0,100
JUBLINGREA,30,13162,2022-01-03T09:00:00.000000,2026-02-05T15:00:00.000000,13162,13162,2022-01-03T09:00:00.000000,2026-02-05T15:00:00.000000,50,0,0,100
INOXINDIA,1440,529,2023-12-21T00:00:00.000000,2026-02-05T00:00:00.000000,529,529,2023-12-21T00:00:00.000000,2026-02-05T00:00:00.000000,27,0,0,100
CREDITACC,15,25280,2022-01-03T09:15:00.000000,2026-02-04T15:15:00.000000,25280,25280,2022-01-03T09:15:00.000000,2026-02-04T15:15:00.000000,50,0,0,100
SHREECEM,5,75689,2022-01-03T09:15:00.000000,2026-02-02T15:25:00.000000,75689,75689,2022-01-03T09:15:00.000000,2026-02-02T15:25:00.000000,50,0,0,100
ZEEL,30,13136,2022-01-03T09:00:00.000000,2026-02-03T15:00:00.000000,13136,13136,2022-01-03T09:00:00.000000,2026-02-03T15:00:00.000000,50,0,0,100
MPHASIS,30,13136,2022-01-03T09:00:00.000000,2026-02-03T15:00:00.000000,13136,13136,2022-01-03T09:00:00.000000,2026-02-03T15:00:00.000000,50,0,0,100
THELEELA,5,12828,2025-06-02T10:00:00.000000,2026-02-05T15:25:00.000000,12828,12828,2025-06-02T10:00:00.000000,2026-02-05T15:25:00.000000,9,0,0,100
HDFCAMC,60,7076,2022-01-03T09:00:00.000000,2026-02-03T15:00:00.000000,7076,7076,2022-01-03T09:00:00.000000,2026-02-03T15:00:00.000000,50,0,0,100
ANANDRATHI,1440,1016,2022-01-03T00:00:00.000000,2026-02-04T00:00:00.000000,1016,1016,2022-01-03T00:00:00.000000,2026-02-04T00:00:00.000000,50,0,0,100
JIOFIN,15,15226,2023-08-21T09:15:00.000000,2026-02-05T15:15:00.000000,15226,15226,2023-08-21T09:15:00.000000,2026-02-05T15:15:00.000000,31,0,0,100
ACMESOLAR,60,2130,2024-11-13T09:00:00.000000,2026-02-04T15:00:00.000000,2130,2130,2024-11-13T09:00:00.000000,2026-02-04T15:00:00.000000,16,0,0,100
ZYDUSLIFE,30,13136,2022-01-03T09:00:00.000000,2026-02-03T15:00:00.000000,13136,13136,2022-01-03T09:00:00.000000,2026-02-03T15:00:00.000000,50,0,0,100
BERGEPAINT,30,13123,2022-01-03T09:00:00.000000,2026-02-02T15:00:00.000000,13123,13123,2022-01-03T09:00:00.000000,2026-02-02T15:00:00.000000,50,0,0,100
ABBOTINDIA,30,13149,2022-01-03T09:00:00.000000,2026-02-04T15:00:00.000000,13149,13149,2022-01-03T09:00:00.000000,2026-02-04T15:00:00.000000,50,0,0,100
ZENSARTECH,1,379162,2022-01-03T09:15:00.000000,2026-02-04T15:29:00.000000,379162,379162,2022-01-03T09:15:00.000000,2026-02-04T15:29:00.000000,50,0,0,100
PVRINOX,5,21912,2024-12-02T09:15:00.000000,2026-02-03T15:25:00.000000,21912,21912,2024-12-02T09:15:00.000000,2026-02-03T15:25:00.000000,15,0,0,100
ALKEM,30,13123,2022-01-03T09:00:00.000000,2026-02-02T15:00:00.000000,13123,13123,2022-01-03T09:00:00.000000,2026-02-02T15:00:00.000000,50,0,0,100
CLEAN,10080,215,2021-12-27T00:00:00.000000,2026-02-02T00:00:00.000000,215,215,2021-12-27T00:00:00.000000,2026-02-02T00:00:00.000000,51,0,0,100
IEX,60,7076,2022-01-03T09:00:00.000000,2026-02-03T15:00:00.000000,7076,7076,2022-01-03T09:00:00.000000,2026-02-03T15:00:00.000000,50,0,0,100
POLYCAB,3,126149,2022-01-03T09:15:00.000000,2026-02-02T15:27:00.000000,126149,126149,2022-01-03T09:15:00.000000,2026-02-02T15:27:00.000000,50,0,0,100
METROPOLIS,15,25255,2022-01-03T09:15:00.000000,2026-02-03T15:15:00.000000,25255,25255,2022-01-03T09:15:00.000000,2026-02-03T15:15:00.000000,50,0,0,100
DMART,1,378792,2022-01-03T09:15:00.000000,2026-02-03T15:29:00.000000,378792,378792,2022-01-03T09:15:00.000000,2026-02-03T15:29:00.000000,50,0,0,100
OBEROIRLTY,5,75689,2022-01-03T09:15:00.000000,2026-02-02T15:25:00.000000,75689,75689,2022-01-03T09:15:00.000000,2026-02-02T15:25:00.000000,50,0,0,100
ATHERENERG,1440,190,2025-05-06T00:00:00.000000,2026-02-04T00:00:00.000000,190,190,2025-05-06T00:00:00.000000,2026-02-04T00:00:00.000000,10,0,0,100
CUB,15,25280,2022-01-03T09:15:00.000000,2026-02-04T15:15:00.000000,25280,25280,2022-01-03T09:15:00.000000,2026-02-04T15:15:00.000000,50,0,0,100
DCMSHRIRAM,1440,1015,2022-01-03T00:00:00.000000,2026-02-03T00:00:00.000000,1015,1015,2022-01-03T00:00:00.000000,2026-02-03T00:00:00.000000,50,0,0,100
JSWINFRA,5,43349,2023-10-03T09:15:00.000000,2026-02-03T15:25:00.000000,43349,43349,2023-10-03T09:15:00.000000,2026-02-03T15:25:00.000000,29,0,0,100
ICICIPRULI,3,126149,2022-01-03T09:15:00.000000,2026-02-02T15:27:00.000000,126149,126149,2022-01-03T09:15:00.000000,2026-02-02T15:27:00.000000,50,0,0,100
METROPOLIS,5,75764,2022-01-03T09:15:00.000000,2026-02-03T15:25:00.000000,75764,75764,2022-01-03T09:15:00.000000,2026-02-03T15:25:00.000000,50,0,0,100
BOSCHLTD,15,25230,2022-01-03T09:15:00.000000,2026-02-02T15:15:00.000000,25230,25230,2022-01-03T09:15:00.000000,2026-02-02T15:15:00.000000,50,0,0,100
ACC,10080,215,2021-12-27T00:00:00.000000,2026-02-02T00:00:00.000000,215,215,2021-12-27T00:00:00.000000,2026-02-02T00:00:00.000000,51,0,0,100
CLEAN,1,378764,2022-01-03T09:15:00.000000,2026-02-03T15:29:00.000000,378764,378764,2022-01-03T09:15:00.000000,2026-02-03T15:29:00.000000,50,0,0,100
COROMANDEL,5,75689,2022-01-03T09:15:00.000000,2026-02-02T15:25:00.000000,75689,75689,2022-01-03T09:15:00.000000,2026-02-02T15:25:00.000000,50,0,0,100
IOC,15,7304,2024-12-02T09:15:00.000000,2026-02-03T15:15:00.000000,7304,7304,2024-12-02T09:15:00.000000,2026-02-03T15:15:00.000000,15,0,0,100
ADANIENT,3,126149,2022-01-03T09:15:00.000000,2026-02-02T15:27:00.000000,126149,126149,2022-01-03T09:15:00.000000,2026-02-02T15:27:00.000000,50,0,0,100
GODIGIT,5,31745,2024-05-23T09:15:00.000000,2026-02-04T15:25:00.000000,31745,31745,2024-05-23T09:15:00.000000,2026-02-04T15:25:00.000000,22,0,0,100
PIDILITIND,30,13123,2022-01-03T09:00:00.000000,2026-02-02T15:00:00.000000,13123,13123,2022-01-03T09:00:00.000000,2026-02-02T15:00:00.000000,50,0,0,100
LTF,30,13136,2022-01-03T09:00:00.000000,2026-02-03T15:00:00.000000,13136,13136,2022-01-03T09:00:00.000000,2026-02-03T15:00:00.000000,50,0,0,100
ZEEL,10080,215,2021-12-27T00:00:00.000000,2026-02-02T00:00:00.000000,215,215,2021-12-27T00:00:00.000000,2026-02-02T00:00:00.000000,51,0,0,100
CEATLTD,15,25255,2022-01-03T09:15:00.000000,2026-02-03T15:15:00.000000,25255,25255,2022-01-03T09:15:00.000000,2026-02-03T15:15:00.000000,50,0,0,100
HEG,30,4321,2024-10-01T09:00:00.000000,2026-02-03T15:00:00.000000,4321,4321,2024-10-01T09:00:00.000000,2026-02-03T15:00:00.000000,17,0,0,100
ERIS,10080,215,2021-12-27T00:00:00.000000,2026-02-02T00:00:00.000000,215,215,2021-12-27T00:00:00.000000,2026-02-02T00:00:00.000000,51,0,0,100
BSOFT,60,7083,2022-01-03T09:00:00.000000,2026-02-04T15:00:00.000000,7083,7083,2022-01-03T09:00:00.000000,2026-02-04T15:00:00.000000,50,0,0,100
GSPL,30,13136,2022-01-03T09:00:00.000000,2026-02-03T15:00:00.000000,13136,13136,2022-01-03T09:00:00.000000,2026-02-03T15:00:00.000000,50,0,0,100
AEGISVOPAK,30,2211,2025-06-02T10:00:00.000000,2026-02-04T15:00:00.000000,2211,2211,2025-06-02T10:00:00.000000,2026-02-04T15:00:00.000000,9,0,0,100
EMAMILTD,5,75761,2022-01-03T09:15:00.000000,2026-02-03T15:25:00.000000,75761,75761,2022-01-03T09:15:00.000000,2026-02-03T15:25:00.000000,50,0,0,100
ELGIEQUIP,5,75761,2022-01-03T09:15:00.000000,2026-02-03T15:25:00.000000,75761,75761,2022-01-03T09:15:00.000000,2026-02-03T15:25:00.000000,50,0,0,100
KIMS,10080,215,2021-12-27T00:00:00.000000,2026-02-02T00:00:00.000000,215,215,2021-12-27T00:00:00.000000,2026-02-02T00:00:00.000000,51,0,0,100
TITAN,5,75689,2022-01-03T09:15:00.000000,2026-02-02T15:25:00.000000,75689,75689,2022-01-03T09:15:00.000000,2026-02-02T15:25:00.000000,50,0,0,100
GAIL,5,75689,2022-01-03T09:15:00.000000,2026-02-02T15:25:00.000000,75689,75689,2022-01-03T09:15:00.000000,2026-02-02T15:25:00.000000,50,0,0,100
CHENNPETRO,1,379050,2022-01-03T09:15:00.000000,2026-02-04T15:29:00.000000,379050,379050,2022-01-03T09:15:00.000000,2026-02-04T15:29:00.000000,50,0,0,100
COALINDIA,30,13123,2022-01-03T09:00:00.000000,2026-02-02T15:00:00.000000,13123,13123,2022-01-03T09:00:00.000000,2026-02-02T15:00:00.000000,50,0,0,100
APARINDS,5,75836,2022-01-03T09:15:00.000000,2026-02-04T15:25:00.000000,75836,75836,2022-01-03T09:15:00.000000,2026-02-04T15:25:00.000000,50,0,0,100
FEDERALBNK,15,25255,2022-01-03T09:15:00.000000,2026-02-03T15:15:00.000000,25255,25255,2022-01-03T09:15:00.000000,2026-02-03T15:15:00.000000,50,0,0,100
GRSE,60,7083,2022-01-03T09:00:00.000000,2026-02-04T15:00:00.000000,7083,7083,2022-01-03T09:00:00.000000,2026-02-04T15:00:00.000000,50,0,0,100
AIIL,1440,446,2024-04-23T00:00:00.000000,2026-02-04T00:00:00.000000,446,446,2024-04-23T00:00:00.000000,2026-02-04T00:00:00.000000,23,0,0,100
CARBORUNIV,5,21912,2024-12-02T09:15:00.000000,2026-02-03T15:25:00.000000,21912,21912,2024-12-02T09:15:00.000000,2026-02-03T15:25:00.000000,15,0,0,100
HEXT,10080,51,2025-02-17T00:00:00.000000,2026-02-02T00:00:00.000000,51,51,2025-02-17T00:00:00.000000,2026-02-02T00:00:00.000000,13,0,0,100
M&MFIN,3,126524,2022-01-03T09:15:00.000000,2026-02-05T15:27:00.000000,126524,126524,2022-01-03T09:15:00.000000,2026-02-05T15:27:00.000000,50,0,0,100
TATAELXSI,3,126267,2022-01-03T09:15:00.000000,2026-02-03T15:27:00.000000,126267,126267,2022-01-03T09:15:00.000000,2026-02-03T15:27:00.000000,50,0,0,100
BPCL,30,13123,2022-01-03T09:00:00.000000,2026-02-02T15:00:00.000000,13123,13123,2022-01-03T09:00:00.000000,2026-02-02T15:00:00.000000,50,0,0,100
APLLTD,10080,215,2021-12-27T00:00:00.000000,2026-02-02T00:00:00.000000,215,215,2021-12-27T00:00:00.000000,2026-02-02T00:00:00.000000,51,0,0,100
IRCON,30,13162,2022-01-03T09:00:00.000000,2026-02-05T15:00:00.000000,13162,13162,2022-01-03T09:00:00.000000,2026-02-05T15:00:00.000000,50,0,0,100
AGARWALEYE,30,3213,2025-02-04T09:30:00.000000,2026-02-04T15:00:00.000000,3213,3213,2025-02-04T09:30:00.000000,2026-02-04T15:00:00.000000,13,0,0,100
RBLBANK,60,7076,2022-01-03T09:00:00.000000,2026-02-03T15:00:00.000000,7076,7076,2022-01-03T09:00:00.000000,2026-02-03T15:00:00.000000,50,0,0,100
BLUEJET,5,41924,2023-11-01T09:15:00.000000,2026-02-04T15:25:00.000000,41924,41924,2023-11-01T09:15:00.000000,2026-02-04T15:25:00.000000,28,0,0,100
ZENTEC,1,378673,2022-01-03T09:15:00.000000,2026-02-04T15:29:00.000000,378673,378673,2022-01-03T09:15:00.000000,2026-02-04T15:29:00.000000,50,0,0,100
IRCTC,1,378799,2022-01-03T09:15:00.000000,2026-02-03T15:29:00.000000,378799,378799,2022-01-03T09:15:00.000000,2026-02-03T15:29:00.000000,50,0,0,100
BLS,30,13149,2022-01-03T09:00:00.000000,2026-02-04T15:00:00.000000,13149,13149,2022-01-03T09:00:00.000000,2026-02-04T15:00:00.000000,50,0,0,100
JINDALSAW,1440,1015,2022-01-03T00:00:00.000000,2026-02-03T00:00:00.000000,1015,1015,2022-01-03T00:00:00.000000,2026-02-03T00:00:00.000000,50,0,0,100
SOBHA,10080,215,2021-12-27T00:00:00.000000,2026-02-02T00:00:00.000000,215,215,2021-12-27T00:00:00.000000,2026-02-02T00:00:00.000000,51,0,0,100
ITI,1,376949,2022-01-03T09:15:00.000000,2026-02-03T15:29:00.000000,376949,376949,2022-01-03T09:15:00.000000,2026-02-03T15:29:00.000000,50,0,0,100
BAJAJHFL,15,8608,2024-09-16T09:15:00.000000,2026-02-04T15:15:00.000000,8608,8608,2024-09-16T09:15:00.000000,2026-02-04T15:15:00.000000,18,0,0,100
SOLARINDS,5,75762,2022-01-03T09:15:00.000000,2026-02-03T15:25:00.000000,75762,75762,2022-01-03T09:15:00.000000,2026-02-03T15:25:00.000000,50,0,0,100
AIIL,10080,94,2024-04-22T00:00:00.000000,2026-02-02T00:00:00.000000,94,94,2024-04-22T00:00:00.000000,2026-02-02T00:00:00.000000,23,0,0,100
CEATLTD,1440,1015,2022-01-03T00:00:00.000000,2026-02-03T00:00:00.000000,1015,1015,2022-01-03T00:00:00.000000,2026-02-03T00:00:00.000000,50,0,0,100
JIOFIN,1440,613,2023-08-21T00:00:00.000000,2026-02-05T00:00:00.000000,613,613,2023-08-21T00:00:00.000000,2026-02-05T00:00:00.000000,31,0,0,100
GODREJPROP,60,7076,2022-01-03T09:00:00.000000,2026-02-03T15:00:00.000000,7076,7076,2022-01-03T09:00:00.000000,2026-02-03T15:00:00.000000,50,0,0,100
CHAMBLFERT,1,378804,2022-01-03T09:15:00.000000,2026-02-03T15:29:00.000000,378804,378804,2022-01-03T09:15:00.000000,2026-02-03T15:29:00.000000,50,0,0,100
TATACOMM,5,75764,2022-01-03T09:15:00.000000,2026-02-03T15:25:00.000000,75764,75764,2022-01-03T09:15:00.000000,2026-02-03T15:25:00.000000,50,0,0,100
APLAPOLLO,30,13136,2022-01-03T09:00:00.000000,2026-02-03T15:00:00.000000,13136,13136,2022-01-03T09:00:00.000000,2026-02-03T15:00:00.000000,50,0,0,100
RAMCOCEM,1440,1015,2022-01-03T00:00:00.000000,2026-02-03T00:00:00.000000,1015,1015,2022-01-03T00:00:00.000000,2026-02-03T00:00:00.000000,50,0,0,100
RBLBANK,5,75764,2022-01-03T09:15:00.000000,2026-02-03T15:25:00.000000,75764,75764,2022-01-03T09:15:00.000000,2026-02-03T15:25:00.000000,50,0,0,100
PRAJIND,3,126269,2022-01-03T09:15:00.000000,2026-02-03T15:27:00.000000,126269,126269,2022-01-03T09:15:00.000000,2026-02-03T15:27:00.000000,50,0,0,100
BATAINDIA,60,2039,2024-12-02T09:00:00.000000,2026-02-02T15:00:00.000000,2039,2039,2024-12-02T09:00:00.000000,2026-02-02T15:00:00.000000,15,0,0,100
IKS,10080,60,2024-12-16T00:00:00.000000,2026-02-02T00:00:00.000000,60,60,2024-12-16T00:00:00.000000,2026-02-02T00:00:00.000000,15,0,0,100
NSLNISP,10080,155,2023-02-20T00:00:00.000000,2026-02-02T00:00:00.000000,155,155,2023-02-20T00:00:00.000000,2026-02-02T00:00:00.000000,37,0,0,100
SUNDARMFIN,15,25255,2022-01-03T09:15:00.000000,2026-02-03T15:15:00.000000,25255,25255,2022-01-03T09:15:00.000000,2026-02-03T15:15:00.000000,50,0,0,100
BLUEJET,3,69869,2023-11-01T09:15:00.000000,2026-02-04T15:27:00.000000,69869,69869,2023-11-01T09:15:00.000000,2026-02-04T15:27:00.000000,28,0,0,100
MAZDOCK,1,378663,2022-01-03T09:15:00.000000,2026-02-03T15:29:00.000000,378663,378663,2022-01-03T09:15:00.000000,2026-02-03T15:29:00.000000,50,0,0,100
ADANIENSOL,1440,1016,2022-01-03T00:00:00.000000,2026-02-04T00:00:00.000000,1016,1016,2022-01-03T00:00:00.000000,2026-02-04T00:00:00.000000,50,0,0,100
GODREJIND,3,126390,2022-01-03T09:15:00.000000,2026-02-04T15:27:00.000000,126390,126390,2022-01-03T09:15:00.000000,2026-02-04T15:27:00.000000,50,0,0,100
PAGEIND,1440,1014,2022-01-03T00:00:00.000000,2026-02-02T00:00:00.000000,1014,1014,2022-01-03T00:00:00.000000,2026-02-02T00:00:00.000000,50,0,0,100
GODREJCP,1,378424,2022-01-03T09:15:00.000000,2026-02-02T15:29:00.000000,378424,378424,2022-01-03T09:15:00.000000,2026-02-02T15:29:00.000000,50,0,0,100
DALBHARAT,30,13123,2022-01-03T09:00:00.000000,2026-02-02T15:00:00.000000,13123,13123,2022-01-03T09:00:00.000000,2026-02-02T15:00:00.000000,50,0,0,100
ACMESOLAR,3,38013,2024-11-13T09:36:00.000000,2026-02-04T15:27:00.000000,38013,38013,2024-11-13T09:36:00.000000,2026-02-04T15:27:00.000000,16,0,0,100
ICICIGI,1440,1014,2022-01-03T00:00:00.000000,2026-02-02T00:00:00.000000,1014,1014,2022-01-03T00:00:00.000000,2026-02-02T00:00:00.000000,50,0,0,100
IREDA,30,7046,2023-11-29T09:00:00.000000,2026-02-05T15:00:00.000000,7046,7046,2023-11-29T09:00:00.000000,2026-02-05T15:00:00.000000,28,0,0,100
CEATLTD,3,126269,2022-01-03T09:15:00.000000,2026-02-03T15:27:00.000000,126269,126269,2022-01-03T09:15:00.000000,2026-02-03T15:27:00.000000,50,0,0,100
MAHABANK,3,126394,2022-01-03T09:15:00.000000,2026-02-04T15:27:00.000000,126394,126394,2022-01-03T09:15:00.000000,2026-02-04T15:27:00.000000,50,0,0,100
CGCL,3,126200,2022-01-03T09:15:00.000000,2026-02-04T15:27:00.000000,126200,126200,2022-01-03T09:15:00.000000,2026-02-04T15:27:00.000000,50,0,0,100
DEEPAKNTR,1440,1014,2022-01-03T00:00:00.000000,2026-02-02T00:00:00.000000,1014,1014,2022-01-03T00:00:00.000000,2026-02-02T00:00:00.000000,50,0,0,100
DOMS,15,13147,2023-12-20T09:15:00.000000,2026-02-04T15:15:00.000000,13147,13147,2023-12-20T09:15:00.000000,2026-02-04T15:15:00.000000,27,0,0,100
IEX,30,13136,2022-01-03T09:00:00.000000,2026-02-03T15:00:00.000000,13136,13136,2022-01-03T09:00:00.000000,2026-02-03T15:00:00.000000,50,0,0,100
LICHSGFIN,60,7076,2022-01-03T09:00:00.000000,2026-02-03T15:00:00.000000,7076,7076,2022-01-03T09:00:00.000000,2026-02-03T15:00:00.000000,50,0,0,100
MFSL,3,36520,2024-12-02T09:15:00.000000,2026-02-03T15:27:00.000000,36520,36520,2024-12-02T09:15:00.000000,2026-02-03T15:27:00.000000,15,0,0,100
INDGN,5,32366,2024-05-13T09:15:00.000000,2026-02-05T15:25:00.000000,32366,32366,2024-05-13T09:15:00.000000,2026-02-05T15:25:00.000000,22,0,0,100
RAMCOCEM,1,378799,2022-01-03T09:15:00.000000,2026-02-03T15:29:00.000000,378799,378799,2022-01-03T09:15:00.000000,2026-02-03T15:29:00.000000,50,0,0,100
UNIONBANK,3,126267,2022-01-03T09:15:00.000000,2026-02-03T15:27:00.000000,126267,126267,2022-01-03T09:15:00.000000,2026-02-03T15:27:00.000000,50,0,0,100
CHOLAFIN,1440,1014,2022-01-03T00:00:00.000000,2026-02-02T00:00:00.000000,1014,1014,2022-01-03T00:00:00.000000,2026-02-02T00:00:00.000000,50,0,0,100
POWERINDIA,60,7083,2022-01-03T09:00:00.000000,2026-02-04T15:00:00.000000,7083,7083,2022-01-03T09:00:00.000000,2026-02-04T15:00:00.000000,50,0,0,100
RADICO,30,13136,2022-01-03T09:00:00.000000,2026-02-03T15:00:00.000000,13136,13136,2022-01-03T09:00:00.000000,2026-02-03T15:00:00.000000,50,0,0,100
DOMS,5,39437,2023-12-20T09:15:00.000000,2026-02-04T15:25:00.000000,39437,39437,2023-12-20T09:15:00.000000,2026-02-04T15:25:00.000000,27,0,0,100
CANFINHOME,60,7069,2022-01-03T09:00:00.000000,2026-02-02T15:00:00.000000,7069,7069,2022-01-03T09:00:00.000000,2026-02-02T15:00:00.000000,50,0,0,100
EICHERMOT,60,7069,2022-01-03T09:00:00.000000,2026-02-02T15:00:00.000000,7069,7069,2022-01-03T09:00:00.000000,2026-02-02T15:00:00.000000,50,0,0,100
INDIGO,10080,215,2021-12-27T00:00:00.000000,2026-02-02T00:00:00.000000,215,215,2021-12-27T00:00:00.000000,2026-02-02T00:00:00.000000,51,0,0,100
DIVISLAB,15,25230,2022-01-03T09:15:00.000000,2026-02-02T15:15:00.000000,25230,25230,2022-01-03T09:15:00.000000,2026-02-02T15:15:00.000000,50,0,0,100
MFSL,1,109560,2024-12-02T09:15:00.000000,2026-02-03T15:29:00.000000,109560,109560,2024-12-02T09:15:00.000000,2026-02-03T15:29:00.000000,15,0,0,100
RVNL,10080,215,2021-12-27T00:00:00.000000,2026-02-02T00:00:00.000000,215,215,2021-12-27T00:00:00.000000,2026-02-02T00:00:00.000000,51,0,0,100
DALBHARAT,1440,1014,2022-01-03T00:00:00.000000,2026-02-02T00:00:00.000000,1014,1014,2022-01-03T00:00:00.000000,2026-02-02T00:00:00.000000,50,0,0,100
ABLBL,3,19380,2025-06-23T10:00:00.000000,2026-02-04T15:27:00.000000,19380,19380,2025-06-23T10:00:00.000000,2026-02-04T15:27:00.000000,9,0,0,100
ANANTRAJ,10080,215,2021-12-27T00:00:00.000000,2026-02-02T00:00:00.000000,215,215,2021-12-27T00:00:00.000000,2026-02-02T00:00:00.000000,51,0,0,100
JWL,15,25305,2022-01-03T09:15:00.000000,2026-02-05T15:15:00.000000,25305,25305,2022-01-03T09:15:00.000000,2026-02-05T15:15:00.000000,50,0,0,100
PETRONET,60,7076,2022-01-03T09:00:00.000000,2026-02-03T15:00:00.000000,7076,7076,2022-01-03T09:00:00.000000,2026-02-03T15:00:00.000000,50,0,0,100
TATASTEEL,10080,215,2021-12-27T00:00:00.000000,2026-02-02T00:00:00.000000,215,215,2021-12-27T00:00:00.000000,2026-02-02T00:00:00.000000,51,0,0,100
HDFCLIFE,3,126149,2022-01-03T09:15:00.000000,2026-02-02T15:27:00.000000,126149,126149,2022-01-03T09:15:00.000000,2026-02-02T15:27:00.000000,50,0,0,100
PGHH,1440,1015,2022-01-03T00:00:00.000000,2026-02-03T00:00:00.000000,1015,1015,2022-01-03T00:00:00.000000,2026-02-03T00:00:00.000000,50,0,0,100
SCHAEFFLER,30,3799,2024-12-02T09:00:00.000000,2026-02-03T15:00:00.000000,3799,3799,2024-12-02T09:00:00.000000,2026-02-03T15:00:00.000000,15,0,0,100
NYKAA,10080,215,2021-12-27T00:00:00.000000,2026-02-02T00:00:00.000000,215,215,2021-12-27T00:00:00.000000,2026-02-02T00:00:00.000000,51,0,0,100
AXISBANK,3,126149,2022-01-03T09:15:00.000000,2026-02-02T15:27:00.000000,126149,126149,2022-01-03T09:15:00.000000,2026-02-02T15:27:00.000000,50,0,0,100
APLLTD,1,270920,2023-03-01T09:15:00.000000,2026-02-04T15:29:00.000000,270920,270920,2023-03-01T09:15:00.000000,2026-02-04T15:29:00.000000,36,0,0,100
DEVYANI,15,25255,2022-01-03T09:15:00.000000,2026-02-03T15:15:00.000000,25255,25255,2022-01-03T09:15:00.000000,2026-02-03T15:15:00.000000,50,0,0,100
AADHARHFC,60,3002,2024-05-15T09:00:00.000000,2026-02-04T15:00:00.000000,3002,3002,2024-05-15T09:00:00.000000,2026-02-04T15:00:00.000000,22,0,0,100
LAURUSLABS,15,25255,2022-01-03T09:15:00.000000,2026-02-03T15:15:00.000000,25255,25255,2022-01-03T09:15:00.000000,2026-02-03T15:15:00.000000,50,0,0,100
IIFL,3,126267,2022-01-03T09:15:00.000000,2026-02-03T15:27:00.000000,126267,126267,2022-01-03T09:15:00.000000,2026-02-03T15:27:00.000000,50,0,0,100
CRAFTSMAN,60,7083,2022-01-03T09:00:00.000000,2026-02-04T15:00:00.000000,7083,7083,2022-01-03T09:00:00.000000,2026-02-04T15:00:00.000000,50,0,0,100
INDGN,1440,434,2024-05-13T00:00:00.000000,2026-02-05T00:00:00.000000,434,434,2024-05-13T00:00:00.000000,2026-02-05T00:00:00.000000,22,0,0,100
KPIL,30,13162,2022-01-03T09:00:00.000000,2026-02-05T15:00:00.000000,13162,13162,2022-01-03T09:00:00.000000,2026-02-05T15:00:00.000000,50,0,0,100
WIPRO,10080,215,2021-12-27T00:00:00.000000,2026-02-02T00:00:00.000000,215,215,2021-12-27T00:00:00.000000,2026-02-02T00:00:00.000000,51,0,0,100
BANKINDIA,60,7083,2022-01-03T09:00:00.000000,2026-02-04T15:00:00.000000,7083,7083,2022-01-03T09:00:00.000000,2026-02-04T15:00:00.000000,50,0,0,100
APLLTD,15,18076,2023-03-01T09:15:00.000000,2026-02-04T15:15:00.000000,18076,18076,2023-03-01T09:15:00.000000,2026-02-04T15:15:00.000000,36,0,0,100
TVSMOTOR,1,109185,2024-12-02T09:15:00.000000,2026-02-02T15:29:00.000000,109185,109185,2024-12-02T09:15:00.000000,2026-02-02T15:29:00.000000,15,0,0,100
ONGC,15,25230,2022-01-03T09:15:00.000000,2026-02-02T15:15:00.000000,25230,25230,2022-01-03T09:15:00.000000,2026-02-02T15:15:00.000000,50,0,0,100
TATACOMM,3,126274,2022-01-03T09:15:00.000000,2026-02-03T15:27:00.000000,126274,126274,2022-01-03T09:15:00.000000,2026-02-03T15:27:00.000000,50,0,0,100
AARTIIND,10080,215,2021-12-27T00:00:00.000000,2026-02-02T00:00:00.000000,215,215,2021-12-27T00:00:00.000000,2026-02-02T00:00:00.000000,51,0,0,100
ANANTRAJ,15,25280,2022-01-03T09:15:00.000000,2026-02-04T15:15:00.000000,25280,25280,2022-01-03T09:15:00.000000,2026-02-04T15:15:00.000000,50,0,0,100
ALKYLAMINE,30,13136,2022-01-03T09:00:00.000000,2026-02-03T15:00:00.000000,13136,13136,2022-01-03T09:00:00.000000,2026-02-03T15:00:00.000000,50,0,0,100
RAMCOCEM,5,75764,2022-01-03T09:15:00.000000,2026-02-03T15:25:00.000000,75764,75764,2022-01-03T09:15:00.000000,2026-02-03T15:25:00.000000,50,0,0,100
APLLTD,5,54228,2023-03-01T09:15:00.000000,2026-02-04T15:25:00.000000,54228,54228,2023-03-01T09:15:00.000000,2026-02-04T15:25:00.000000,36,0,0,100
ADANIGREEN,3,126144,2022-01-03T09:15:00.000000,2026-02-02T15:27:00.000000,126144,126144,2022-01-03T09:15:00.000000,2026-02-02T15:27:00.000000,50,0,0,100
TECHNOE,1,373925,2022-01-03T09:15:00.000000,2026-02-03T15:29:00.000000,373925,373925,2022-01-03T09:15:00.000000,2026-02-03T15:29:00.000000,50,0,0,100
CGPOWER,60,7076,2022-01-03T09:00:00.000000,2026-02-03T15:00:00.000000,7076,7076,2022-01-03T09:00:00.000000,2026-02-03T15:00:00.000000,50,0,0,100
CANFINHOME,30,13123,2022-01-03T09:00:00.000000,2026-02-02T15:00:00.000000,13123,13123,2022-01-03T09:00:00.000000,2026-02-02T15:00:00.000000,50,0,0,100
CENTURYPLY,30,13136,2022-01-03T09:00:00.000000,2026-02-03T15:00:00.000000,13136,13136,2022-01-03T09:00:00.000000,2026-02-03T15:00:00.000000,50,0,0,100
BASF,15,25255,2022-01-03T09:15:00.000000,2026-02-03T15:15:00.000000,25255,25255,2022-01-03T09:15:00.000000,2026-02-03T15:15:00.000000,50,0,0,100
BBTC,1440,1016,2022-01-03T00:00:00.000000,2026-02-04T00:00:00.000000,1016,1016,2022-01-03T00:00:00.000000,2026-02-04T00:00:00.000000,50,0,0,100
GODREJCP,3,126149,2022-01-03T09:15:00.000000,2026-02-02T15:27:00.000000,126149,126149,2022-01-03T09:15:00.000000,2026-02-02T15:27:00.000000,50,0,0,100
KIRLOSENG,5,75759,2022-01-03T09:15:00.000000,2026-02-03T15:25:00.000000,75759,75759,2022-01-03T09:15:00.000000,2026-02-03T15:25:00.000000,50,0,0,100
WELSPUNLIV,60,7076,2022-01-03T09:00:00.000000,2026-02-03T15:00:00.000000,7076,7076,2022-01-03T09:00:00.000000,2026-02-03T15:00:00.000000,50,0,0,100
FIRSTCRY,1,137700,2024-08-13T10:00:00.000000,2026-02-04T15:29:00.000000,137700,137700,2024-08-13T10:00:00.000000,2026-02-04T15:29:00.000000,19,0,0,100
FIRSTCRY,10080,78,2024-08-12T00:00:00.000000,2026-02-02T00:00:00.000000,78,78,2024-08-12T00:00:00.000000,2026-02-02T00:00:00.000000,19,0,0,100
PVRINOX,60,2046,2024-12-02T09:00:00.000000,2026-02-03T15:00:00.000000,2046,2046,2024-12-02T09:00:00.000000,2026-02-03T15:00:00.000000,15,0,0,100
HINDZINC,60,7076,2022-01-03T09:00:00.000000,2026-02-03T15:00:00.000000,7076,7076,2022-01-03T09:00:00.000000,2026-02-03T15:00:00.000000,50,0,0,100
ONGC,5,75689,2022-01-03T09:15:00.000000,2026-02-02T15:25:00.000000,75689,75689,2022-01-03T09:15:00.000000,2026-02-02T15:25:00.000000,50,0,0,100
INDIANB,5,75761,2022-01-03T09:15:00.000000,2026-02-03T15:25:00.000000,75761,75761,2022-01-03T09:15:00.000000,2026-02-03T15:25:00.000000,50,0,0,100
ELGIEQUIP,15,25255,2022-01-03T09:15:00.000000,2026-02-03T15:15:00.000000,25255,25255,2022-01-03T09:15:00.000000,2026-02-03T15:15:00.000000,50,0,0,100
CAPLIPOINT,5,75838,2022-01-03T09:15:00.000000,2026-02-04T15:25:00.000000,75838,75838,2022-01-03T09:15:00.000000,2026-02-04T15:25:00.000000,50,0,0,100
HUDCO,10080,215,2021-12-27T00:00:00.000000,2026-02-02T00:00:00.000000,215,215,2021-12-27T00:00:00.000000,2026-02-02T00:00:00.000000,51,0,0,100
HINDUNILVR,60,7061,2022-01-03T09:00:00.000000,2026-02-01T15:00:00.000000,7061,7061,2022-01-03T09:00:00.000000,2026-02-01T15:00:00.000000,50,0,0,100
UPL,30,13136,2022-01-03T09:00:00.000000,2026-02-03T15:00:00.000000,13136,13136,2022-01-03T09:00:00.000000,2026-02-03T15:00:00.000000,50,0,0,100
MCX,60,7076,2022-01-03T09:00:00.000000,2026-02-03T15:00:00.000000,7076,7076,2022-01-03T09:00:00.000000,2026-02-03T15:00:00.000000,50,0,0,100
HINDCOPPER,1,378799,2022-01-03T09:15:00.000000,2026-02-03T15:29:00.000000,378799,378799,2022-01-03T09:15:00.000000,2026-02-03T15:29:00.000000,50,0,0,100
NH,15,25305,2022-01-03T09:15:00.000000,2026-02-05T15:15:00.000000,25305,25305,2022-01-03T09:15:00.000000,2026-02-05T15:15:00.000000,50,0,0,100
IRCON,3,126517,2022-01-03T09:15:00.000000,2026-02-05T15:27:00.000000,126517,126517,2022-01-03T09:15:00.000000,2026-02-05T15:27:00.000000,50,0,0,100
LLOYDSME,3,78879,2023-07-17T09:15:00.000000,2026-02-03T15:27:00.000000,78879,78879,2023-07-17T09:15:00.000000,2026-02-03T15:27:00.000000,32,0,0,100
HINDPETRO,1440,1016,2022-01-03T00:00:00.000000,2026-02-04T00:00:00.000000,1016,1016,2022-01-03T00:00:00.000000,2026-02-04T00:00:00.000000,50,0,0,100
DIVISLAB,5,75689,2022-01-03T09:15:00.000000,2026-02-02T15:25:00.000000,75689,75689,2022-01-03T09:15:00.000000,2026-02-02T15:25:00.000000,50,0,0,100
TVSMOTOR,10080,215,2021-12-27T00:00:00.000000,2026-02-02T00:00:00.000000,215,215,2021-12-27T00:00:00.000000,2026-02-02T00:00:00.000000,51,0,0,100
SCHAEFFLER,3,36520,2024-12-02T09:15:00.000000,2026-02-03T15:27:00.000000,36520,36520,2024-12-02T09:15:00.000000,2026-02-03T15:27:00.000000,15,0,0,100
GLENMARK,15,25255,2022-01-03T09:15:00.000000,2026-02-03T15:15:00.000000,25255,25255,2022-01-03T09:15:00.000000,2026-02-03T15:15:00.000000,50,0,0,100
PRESTIGE,5,75763,2022-01-03T09:15:00.000000,2026-02-03T15:25:00.000000,75763,75763,2022-01-03T09:15:00.000000,2026-02-03T15:25:00.000000,50,0,0,100
POONAWALLA,10080,215,2021-12-27T00:00:00.000000,2026-02-02T00:00:00.000000,215,215,2021-12-27T00:00:00.000000,2026-02-02T00:00:00.000000,51,0,0,100
DOMS,10080,112,2023-12-18T00:00:00.000000,2026-02-02T00:00:00.000000,112,112,2023-12-18T00:00:00.000000,2026-02-02T00:00:00.000000,27,0,0,100
CESC,1440,1015,2022-01-03T00:00:00.000000,2026-02-03T00:00:00.000000,1015,1015,2022-01-03T00:00:00.000000,2026-02-03T00:00:00.000000,50,0,0,100
NATCOPHARM,3,126269,2022-01-03T09:15:00.000000,2026-02-03T15:27:00.000000,126269,126269,2022-01-03T09:15:00.000000,2026-02-03T15:27:00.000000,50,0,0,100
EMAMILTD,1,378653,2022-01-03T09:15:00.000000,2026-02-03T15:29:00.000000,378653,378653,2022-01-03T09:15:00.000000,2026-02-03T15:29:00.000000,50,0,0,100
MUTHOOTFIN,3,126274,2022-01-03T09:15:00.000000,2026-02-03T15:27:00.000000,126274,126274,2022-01-03T09:15:00.000000,2026-02-03T15:27:00.000000,50,0,0,100
IRFC,30,13136,2022-01-03T09:00:00.000000,2026-02-03T15:00:00.000000,13136,13136,2022-01-03T09:00:00.000000,2026-02-03T15:00:00.000000,50,0,0,100
PAGEIND,10080,215,2021-12-27T00:00:00.000000,2026-02-02T00:00:00.000000,215,215,2021-12-27T00:00:00.000000,2026-02-02T00:00:00.000000,51,0,0,100
ANANDRATHI,5,75822,2022-01-03T09:15:00.000000,2026-02-04T15:25:00.000000,75822,75822,2022-01-03T09:15:00.000000,2026-02-04T15:25:00.000000,50,0,0,100
RAMCOCEM,15,25255,2022-01-03T09:15:00.000000,2026-02-03T15:15:00.000000,25255,25255,2022-01-03T09:15:00.000000,2026-02-03T15:15:00.000000,50,0,0,100
AFFLE,3,126269,2022-01-03T09:15:00.000000,2026-02-03T15:27:00.000000,126269,126269,2022-01-03T09:15:00.000000,2026-02-03T15:27:00.000000,50,0,0,100
ELGIEQUIP,10080,215,2021-12-27T00:00:00.000000,2026-02-02T00:00:00.000000,215,215,2021-12-27T00:00:00.000000,2026-02-02T00:00:00.000000,51,0,0,100
HSCL,10080,215,2021-12-27T00:00:00.000000,2026-02-02T00:00:00.000000,215,215,2021-12-27T00:00:00.000000,2026-02-02T00:00:00.000000,51,0,0,100
ASHOKLEY,5,75689,2022-01-03T09:15:00.000000,2026-02-02T15:25:00.000000,75689,75689,2022-01-03T09:15:00.000000,2026-02-02T15:25:00.000000,50,0,0,100
MGL,15,25255,2022-01-03T09:15:00.000000,2026-02-03T15:15:00.000000,25255,25255,2022-01-03T09:15:00.000000,2026-02-03T15:15:00.000000,50,0,0,100
INDGN,1,161816,2024-05-13T09:15:00.000000,2026-02-05T15:29:00.000000,161816,161816,2024-05-13T09:15:00.000000,2026-02-05T15:29:00.000000,22,0,0,100
ASTERDM,10080,215,2021-12-27T00:00:00.000000,2026-02-02T00:00:00.000000,215,215,2021-12-27T00:00:00.000000,2026-02-02T00:00:00.000000,51,0,0,100
INDIACEM,30,13136,2022-01-03T09:00:00.000000,2026-02-03T15:00:00.000000,13136,13136,2022-01-03T09:00:00.000000,2026-02-03T15:00:00.000000,50,0,0,100
BSOFT,15,25280,2022-01-03T09:15:00.000000,2026-02-04T15:15:00.000000,25280,25280,2022-01-03T09:15:00.000000,2026-02-04T15:15:00.000000,50,0,0,100
PERSISTENT,10080,215,2021-12-27T00:00:00.000000,2026-02-02T00:00:00.000000,215,215,2021-12-27T00:00:00.000000,2026-02-02T00:00:00.000000,51,0,0,100
ONGC,1440,1014,2022-01-03T00:00:00.000000,2026-02-02T00:00:00.000000,1014,1014,2022-01-03T00:00:00.000000,2026-02-02T00:00:00.000000,50,0,0,100
VOLTAS,30,13136,2022-01-03T09:00:00.000000,2026-02-03T15:00:00.000000,13136,13136,2022-01-03T09:00:00.000000,2026-02-03T15:00:00.000000,50,0,0,100
ZENTEC,3,126391,2022-01-03T09:15:00.000000,2026-02-04T15:27:00.000000,126391,126391,2022-01-03T09:15:00.000000,2026-02-04T15:27:00.000000,50,0,0,100
JBMA,60,7076,2022-01-03T09:00:00.000000,2026-02-03T15:00:00.000000,7076,7076,2022-01-03T09:00:00.000000,2026-02-03T15:00:00.000000,50,0,0,100
NAVINFLUOR,60,7076,2022-01-03T09:00:00.000000,2026-02-03T15:00:00.000000,7076,7076,2022-01-03T09:00:00.000000,2026-02-03T15:00:00.000000,50,0,0,100
BRIGADE,3,126269,2022-01-03T09:15:00.000000,2026-02-03T15:27:00.000000,126269,126269,2022-01-03T09:15:00.000000,2026-02-03T15:27:00.000000,50,0,0,100
GRSE,15,25280,2022-01-03T09:15:00.000000,2026-02-04T15:15:00.000000,25280,25280,2022-01-03T09:15:00.000000,2026-02-04T15:15:00.000000,50,0,0,100
TIMKEN,1,378555,2022-01-03T09:15:00.000000,2026-02-03T15:29:00.000000,378555,378555,2022-01-03T09:15:00.000000,2026-02-03T15:29:00.000000,50,0,0,100
COHANCE,30,13149,2022-01-03T09:00:00.000000,2026-02-04T15:00:00.000000,13149,13149,2022-01-03T09:00:00.000000,2026-02-04T15:00:00.000000,50,0,0,100
HDFCLIFE,30,13123,2022-01-03T09:00:00.000000,2026-02-02T15:00:00.000000,13123,13123,2022-01-03T09:00:00.000000,2026-02-02T15:00:00.000000,50,0,0,100
TITAN,60,7069,2022-01-03T09:00:00.000000,2026-02-02T15:00:00.000000,7069,7069,2022-01-03T09:00:00.000000,2026-02-02T15:00:00.000000,50,0,0,100
INDHOTEL,1440,1014,2022-01-03T00:00:00.000000,2026-02-02T00:00:00.000000,1014,1014,2022-01-03T00:00:00.000000,2026-02-02T00:00:00.000000,50,0,0,100
LTF,10080,215,2021-12-27T00:00:00.000000,2026-02-02T00:00:00.000000,215,215,2021-12-27T00:00:00.000000,2026-02-02T00:00:00.000000,51,0,0,100
HINDPETRO,10080,215,2021-12-27T00:00:00.000000,2026-02-02T00:00:00.000000,215,215,2021-12-27T00:00:00.000000,2026-02-02T00:00:00.000000,51,0,0,100
MRPL,3,126269,2022-01-03T09:15:00.000000,2026-02-03T15:27:00.000000,126269,126269,2022-01-03T09:15:00.000000,2026-02-03T15:27:00.000000,50,0,0,100
CHAMBLFERT,10080,215,2021-12-27T00:00:00.000000,2026-02-02T00:00:00.000000,215,215,2021-12-27T00:00:00.000000,2026-02-02T00:00:00.000000,51,0,0,100
3MINDIA,1440,1015,2022-01-03T00:00:00.000000,2026-02-03T00:00:00.000000,1015,1015,2022-01-03T00:00:00.000000,2026-02-03T00:00:00.000000,50,0,0,100
HAVELLS,5,75689,2022-01-03T09:15:00.000000,2026-02-02T15:25:00.000000,75689,75689,2022-01-03T09:15:00.000000,2026-02-02T15:25:00.000000,50,0,0,100
ENDURANCE,1440,1015,2022-01-03T00:00:00.000000,2026-02-03T00:00:00.000000,1015,1015,2022-01-03T00:00:00.000000,2026-02-03T00:00:00.000000,50,0,0,100
WHIRLPOOL,60,7076,2022-01-03T09:00:00.000000,2026-02-03T15:00:00.000000,7076,7076,2022-01-03T09:00:00.000000,2026-02-03T15:00:00.000000,50,0,0,100
INFY,10080,214,2021-12-27T00:00:00.000000,2026-01-26T00:00:00.000000,214,214,2021-12-27T00:00:00.000000,2026-01-26T00:00:00.000000,50,0,0,100
AUBANK,60,7069,2022-01-03T09:00:00.000000,2026-02-02T15:00:00.000000,7069,7069,2022-01-03T09:00:00.000000,2026-02-02T15:00:00.000000,50,0,0,100
RELIANCE,1440,1017,2022-01-03T00:00:00.000000,2026-02-05T00:00:00.000000,1017,1017,2022-01-03T00:00:00.000000,2026-02-05T00:00:00.000000,50,0,0,100
BIKAJI,15,7329,2024-12-02T09:15:00.000000,2026-02-04T15:15:00.000000,7329,7329,2024-12-02T09:15:00.000000,2026-02-04T15:15:00.000000,15,0,0,100
ATGL,30,13149,2022-01-03T09:00:00.000000,2026-02-04T15:00:00.000000,13149,13149,2022-01-03T09:00:00.000000,2026-02-04T15:00:00.000000,50,0,0,100
PRAJIND,1,378799,2022-01-03T09:15:00.000000,2026-02-03T15:29:00.000000,378799,378799,2022-01-03T09:15:00.000000,2026-02-03T15:29:00.000000,50,0,0,100
OBEROIRLTY,1440,1014,2022-01-03T00:00:00.000000,2026-02-02T00:00:00.000000,1014,1014,2022-01-03T00:00:00.000000,2026-02-02T00:00:00.000000,50,0,0,100
POLYCAB,60,7069,2022-01-03T09:00:00.000000,2026-02-02T15:00:00.000000,7069,7069,2022-01-03T09:00:00.000000,2026-02-02T15:00:00.000000,50,0,0,100
CHAMBLFERT,30,13136,2022-01-03T09:00:00.000000,2026-02-03T15:00:00.000000,13136,13136,2022-01-03T09:00:00.000000,2026-02-03T15:00:00.000000,50,0,0,100
AADHARHFC,5,32141,2024-05-15T09:15:00.000000,2026-02-04T15:25:00.000000,32141,32141,2024-05-15T09:15:00.000000,2026-02-04T15:25:00.000000,22,0,0,100
GMRAIRPORT,3,36645,2024-12-02T09:15:00.000000,2026-02-04T15:27:00.000000,36645,36645,2024-12-02T09:15:00.000000,2026-02-04T15:27:00.000000,15,0,0,100
LODHA,1,379435,2022-01-03T09:15:00.000000,2026-02-05T15:29:00.000000,379435,379435,2022-01-03T09:15:00.000000,2026-02-05T15:29:00.000000,50,0,0,100
APOLLOHOSP,3,126149,2022-01-03T09:15:00.000000,2026-02-02T15:27:00.000000,126149,126149,2022-01-03T09:15:00.000000,2026-02-02T15:27:00.000000,50,0,0,100
TECHNOE,3,126148,2022-01-03T09:15:00.000000,2026-02-03T15:27:00.000000,126148,126148,2022-01-03T09:15:00.000000,2026-02-03T15:27:00.000000,50,0,0,100
HUDCO,3,126267,2022-01-03T09:15:00.000000,2026-02-03T15:27:00.000000,126267,126267,2022-01-03T09:15:00.000000,2026-02-03T15:27:00.000000,50,0,0,100
ALKYLAMINE,3,126269,2022-01-03T09:15:00.000000,2026-02-03T15:27:00.000000,126269,126269,2022-01-03T09:15:00.000000,2026-02-03T15:27:00.000000,50,0,0,100
KAJARIACER,10080,215,2021-12-27T00:00:00.000000,2026-02-02T00:00:00.000000,215,215,2021-12-27T00:00:00.000000,2026-02-02T00:00:00.000000,51,0,0,100
SOBHA,3,126267,2022-01-03T09:15:00.000000,2026-02-03T15:27:00.000000,126267,126267,2022-01-03T09:15:00.000000,2026-02-03T15:27:00.000000,50,0,0,100
ICICIGI,15,25230,2022-01-03T09:15:00.000000,2026-02-02T15:15:00.000000,25230,25230,2022-01-03T09:15:00.000000,2026-02-02T15:15:00.000000,50,0,0,100
OLECTRA,60,7076,2022-01-03T09:00:00.000000,2026-02-03T15:00:00.000000,7076,7076,2022-01-03T09:00:00.000000,2026-02-03T15:00:00.000000,50,0,0,100
AKUMS,10080,79,2024-08-05T00:00:00.000000,2026-02-02T00:00:00.000000,79,79,2024-08-05T00:00:00.000000,2026-02-02T00:00:00.000000,19,0,0,100
JMFINANCIL,15,25255,2022-01-03T09:15:00.000000,2026-02-03T15:15:00.000000,25255,25255,2022-01-03T09:15:00.000000,2026-02-03T15:15:00.000000,50,0,0,100
ABB,60,7069,2022-01-03T09:00:00.000000,2026-02-02T15:00:00.000000,7069,7069,2022-01-03T09:00:00.000000,2026-02-02T15:00:00.000000,50,0,0,100
WOCKPHARMA,15,25255,2022-01-03T09:15:00.000000,2026-02-03T15:15:00.000000,25255,25255,2022-01-03T09:15:00.000000,2026-02-03T15:15:00.000000,50,0,0,100
LODHA,30,13162,2022-01-03T09:00:00.000000,2026-02-05T15:00:00.000000,13162,13162,2022-01-03T09:00:00.000000,2026-02-05T15:00:00.000000,50,0,0,100
EMCURE,10080,83,2024-07-08T00:00:00.000000,2026-02-02T00:00:00.000000,83,83,2024-07-08T00:00:00.000000,2026-02-02T00:00:00.000000,20,0,0,100
DALBHARAT,1,378424,2022-01-03T09:15:00.000000,2026-02-02T15:29:00.000000,378424,378424,2022-01-03T09:15:00.000000,2026-02-02T15:29:00.000000,50,0,0,100
AMBER,15,25280,2022-01-03T09:15:00.000000,2026-02-04T15:15:00.000000,25280,25280,2022-01-03T09:15:00.000000,2026-02-04T15:15:00.000000,50,0,0,100
BAJFINANCE,5,75689,2022-01-03T09:15:00.000000,2026-02-02T15:25:00.000000,75689,75689,2022-01-03T09:15:00.000000,2026-02-02T15:25:00.000000,50,0,0,100
INDGN,15,10790,2024-05-13T09:15:00.000000,2026-02-05T15:15:00.000000,10790,10790,2024-05-13T09:15:00.000000,2026-02-05T15:15:00.000000,22,0,0,100
DLF,1440,1014,2022-01-03T00:00:00.000000,2026-02-02T00:00:00.000000,1014,1014,2022-01-03T00:00:00.000000,2026-02-02T00:00:00.000000,50,0,0,100
AUBANK,3,126149,2022-01-03T09:15:00.000000,2026-02-02T15:27:00.000000,126149,126149,2022-01-03T09:15:00.000000,2026-02-02T15:27:00.000000,50,0,0,100
BPCL,1440,1014,2022-01-03T00:00:00.000000,2026-02-02T00:00:00.000000,1014,1014,2022-01-03T00:00:00.000000,2026-02-02T00:00:00.000000,50,0,0,100
BATAINDIA,5,21837,2024-12-02T09:15:00.000000,2026-02-02T15:25:00.000000,21837,21837,2024-12-02T09:15:00.000000,2026-02-02T15:25:00.000000,15,0,0,100
POLYCAB,30,13123,2022-01-03T09:00:00.000000,2026-02-02T15:00:00.000000,13123,13123,2022-01-03T09:00:00.000000,2026-02-02T15:00:00.000000,50,0,0,100
LALPATHLAB,5,75764,2022-01-03T09:15:00.000000,2026-02-03T15:25:00.000000,75764,75764,2022-01-03T09:15:00.000000,2026-02-03T15:25:00.000000,50,0,0,100
ICICIPRULI,5,75689,2022-01-03T09:15:00.000000,2026-02-02T15:25:00.000000,75689,75689,2022-01-03T09:15:00.000000,2026-02-02T15:25:00.000000,50,0,0,100
MINDACORP,1,379458,2022-01-03T09:15:00.000000,2026-02-05T15:29:00.000000,379458,379458,2022-01-03T09:15:00.000000,2026-02-05T15:29:00.000000,50,0,0,100
GLAXO,3,126264,2022-01-03T09:15:00.000000,2026-02-03T15:27:00.000000,126264,126264,2022-01-03T09:15:00.000000,2026-02-03T15:27:00.000000,50,0,0,100
OIL,5,75763,2022-01-03T09:15:00.000000,2026-02-03T15:25:00.000000,75763,75763,2022-01-03T09:15:00.000000,2026-02-03T15:25:00.000000,50,0,0,100
ELECON,5,75836,2022-01-03T09:15:00.000000,2026-02-04T15:25:00.000000,75836,75836,2022-01-03T09:15:00.000000,2026-02-04T15:25:00.000000,50,0,0,100
APARINDS,3,126382,2022-01-03T09:15:00.000000,2026-02-04T15:27:00.000000,126382,126382,2022-01-03T09:15:00.000000,2026-02-04T15:27:00.000000,50,0,0,100
GSPL,3,126273,2022-01-03T09:15:00.000000,2026-02-03T15:27:00.000000,126273,126273,2022-01-03T09:15:00.000000,2026-02-03T15:27:00.000000,50,0,0,100
LUPIN,10080,215,2021-12-27T00:00:00.000000,2026-02-02T00:00:00.000000,215,215,2021-12-27T00:00:00.000000,2026-02-02T00:00:00.000000,51,0,0,100
USHAMART,10080,215,2021-12-27T00:00:00.000000,2026-02-02T00:00:00.000000,215,215,2021-12-27T00:00:00.000000,2026-02-02T00:00:00.000000,51,0,0,100
JINDALSTEL,3,36395,2024-12-02T09:15:00.000000,2026-02-02T15:27:00.000000,36395,36395,2024-12-02T09:15:00.000000,2026-02-02T15:27:00.000000,15,0,0,100
ACE,1440,1015,2022-01-03T00:00:00.000000,2026-02-03T00:00:00.000000,1015,1015,2022-01-03T00:00:00.000000,2026-02-03T00:00:00.000000,50,0,0,100
GESHIP,15,25280,2022-01-03T09:15:00.000000,2026-02-04T15:15:00.000000,25280,25280,2022-01-03T09:15:00.000000,2026-02-04T15:15:00.000000,50,0,0,100
ATUL,5,75764,2022-01-03T09:15:00.000000,2026-02-03T15:25:00.000000,75764,75764,2022-01-03T09:15:00.000000,2026-02-03T15:25:00.000000,50,0,0,100
HAVELLS,10080,215,2021-12-27T00:00:00.000000,2026-02-02T00:00:00.000000,215,215,2021-12-27T00:00:00.000000,2026-02-02T00:00:00.000000,51,0,0,100
ASHOKLEY,1,378429,2022-01-03T09:15:00.000000,2026-02-02T15:29:00.000000,378429,378429,2022-01-03T09:15:00.000000,2026-02-02T15:29:00.000000,50,0,0,100
LUPIN,15,25230,2022-01-03T09:15:00.000000,2026-02-02T15:15:00.000000,25230,25230,2022-01-03T09:15:00.000000,2026-02-02T15:15:00.000000,50,0,0,100
SJVN,15,25255,2022-01-03T09:15:00.000000,2026-02-03T15:15:00.000000,25255,25255,2022-01-03T09:15:00.000000,2026-02-03T15:15:00.000000,50,0,0,100
HYUNDAI,60,2236,2024-10-22T09:00:00.000000,2026-02-04T15:00:00.000000,2236,2236,2024-10-22T09:00:00.000000,2026-02-04T15:00:00.000000,17,0,0,100
AMBUJACEM,10080,215,2021-12-27T00:00:00.000000,2026-02-02T00:00:00.000000,215,215,2021-12-27T00:00:00.000000,2026-02-02T00:00:00.000000,51,0,0,100
POWERGRID,3,36395,2024-12-02T09:15:00.000000,2026-02-02T15:27:00.000000,36395,36395,2024-12-02T09:15:00.000000,2026-02-02T15:27:00.000000,15,0,0,100
KPRMILL,60,7090,2022-01-03T09:00:00.000000,2026-02-05T15:00:00.000000,7090,7090,2022-01-03T09:00:00.000000,2026-02-05T15:00:00.000000,50,0,0,100
CHOLAHLDNG,3,126206,2022-01-03T09:15:00.000000,2026-02-04T15:27:00.000000,126206,126206,2022-01-03T09:15:00.000000,2026-02-04T15:27:00.000000,50,0,0,100
EIHOTEL,60,2053,2024-12-02T09:00:00.000000,2026-02-04T15:00:00.000000,2053,2053,2024-12-02T09:00:00.000000,2026-02-04T15:00:00.000000,15,0,0,100
HINDUNILVR,1440,1013,2022-01-03T00:00:00.000000,2026-02-01T00:00:00.000000,1013,1013,2022-01-03T00:00:00.000000,2026-02-01T00:00:00.000000,50,0,0,100
MRPL,1,378785,2022-01-03T09:15:00.000000,2026-02-03T15:29:00.000000,378785,378785,2022-01-03T09:15:00.000000,2026-02-03T15:29:00.000000,50,0,0,100
MGL,10080,215,2021-12-27T00:00:00.000000,2026-02-02T00:00:00.000000,215,215,2021-12-27T00:00:00.000000,2026-02-02T00:00:00.000000,51,0,0,100
OLECTRA,1440,1015,2022-01-03T00:00:00.000000,2026-02-03T00:00:00.000000,1015,1015,2022-01-03T00:00:00.000000,2026-02-03T00:00:00.000000,50,0,0,100
TATACOMM,10080,215,2021-12-27T00:00:00.000000,2026-02-02T00:00:00.000000,215,215,2021-12-27T00:00:00.000000,2026-02-02T00:00:00.000000,51,0,0,100
SCHNEIDER,60,7076,2022-01-03T09:00:00.000000,2026-02-03T15:00:00.000000,7076,7076,2022-01-03T09:00:00.000000,2026-02-03T15:00:00.000000,50,0,0,100
AGARWALEYE,5,18533,2025-02-04T09:35:00.000000,2026-02-04T15:25:00.000000,18533,18533,2025-02-04T09:35:00.000000,2026-02-04T15:25:00.000000,13,0,0,100
IRFC,15,25255,2022-01-03T09:15:00.000000,2026-02-03T15:15:00.000000,25255,25255,2022-01-03T09:15:00.000000,2026-02-03T15:15:00.000000,50,0,0,100
ICICIGI,60,7069,2022-01-03T09:00:00.000000,2026-02-02T15:00:00.000000,7069,7069,2022-01-03T09:00:00.000000,2026-02-02T15:00:00.000000,50,0,0,100
BRITANNIA,1440,1014,2022-01-03T00:00:00.000000,2026-02-02T00:00:00.000000,1014,1014,2022-01-03T00:00:00.000000,2026-02-02T00:00:00.000000,50,0,0,100
ENDURANCE,60,7076,2022-01-03T09:00:00.000000,2026-02-03T15:00:00.000000,7076,7076,2022-01-03T09:00:00.000000,2026-02-03T15:00:00.000000,50,0,0,100
INTELLECT,1440,1017,2022-01-03T00:00:00.000000,2026-02-05T00:00:00.000000,1017,1017,2022-01-03T00:00:00.000000,2026-02-05T00:00:00.000000,50,0,0,100
NUVOCO,60,6922,2022-01-03T09:00:00.000000,2026-01-01T15:00:00.000000,6922,6922,2022-01-03T09:00:00.000000,2026-01-01T15:00:00.000000,49,0,0,100
TRITURBINE,10080,215,2021-12-27T00:00:00.000000,2026-02-02T00:00:00.000000,215,215,2021-12-27T00:00:00.000000,2026-02-02T00:00:00.000000,51,0,0,100
TATAINVEST,1,209254,2023-11-01T09:15:00.000000,2026-02-03T15:29:00.000000,209254,209254,2023-11-01T09:15:00.000000,2026-02-03T15:29:00.000000,28,0,0,100
CAPLIPOINT,3,126390,2022-01-03T09:15:00.000000,2026-02-04T15:27:00.000000,126390,126390,2022-01-03T09:15:00.000000,2026-02-04T15:27:00.000000,50,0,0,100
TATAPOWER,60,7069,2022-01-03T09:00:00.000000,2026-02-02T15:00:00.000000,7069,7069,2022-01-03T09:00:00.000000,2026-02-02T15:00:00.000000,50,0,0,100
PNB,5,75689,2022-01-03T09:15:00.000000,2026-02-02T15:25:00.000000,75689,75689,2022-01-03T09:15:00.000000,2026-02-02T15:25:00.000000,50,0,0,100
GRAVITA,3,126310,2022-01-03T09:15:00.000000,2026-02-04T15:27:00.000000,126310,126310,2022-01-03T09:15:00.000000,2026-02-04T15:27:00.000000,50,0,0,100
PIIND,15,25255,2022-01-03T09:15:00.000000,2026-02-03T15:15:00.000000,25255,25255,2022-01-03T09:15:00.000000,2026-02-03T15:15:00.000000,50,0,0,100
APOLLOHOSP,15,25230,2022-01-03T09:15:00.000000,2026-02-02T15:15:00.000000,25230,25230,2022-01-03T09:15:00.000000,2026-02-02T15:15:00.000000,50,0,0,100
WIPRO,1440,1014,2022-01-03T00:00:00.000000,2026-02-02T00:00:00.000000,1014,1014,2022-01-03T00:00:00.000000,2026-02-02T00:00:00.000000,50,0,0,100
DELHIVERY,10080,194,2022-05-23T00:00:00.000000,2026-02-02T00:00:00.000000,194,194,2022-05-23T00:00:00.000000,2026-02-02T00:00:00.000000,46,0,0,100
PFC,10080,215,2021-12-27T00:00:00.000000,2026-02-02T00:00:00.000000,215,215,2021-12-27T00:00:00.000000,2026-02-02T00:00:00.000000,51,0,0,100
KEC,5,75763,2022-01-03T09:15:00.000000,2026-02-03T15:25:00.000000,75763,75763,2022-01-03T09:15:00.000000,2026-02-03T15:25:00.000000,50,0,0,100
GESHIP,1440,1016,2022-01-03T00:00:00.000000,2026-02-04T00:00:00.000000,1016,1016,2022-01-03T00:00:00.000000,2026-02-04T00:00:00.000000,50,0,0,100
MAHABANK,30,13149,2022-01-03T09:00:00.000000,2026-02-04T15:00:00.000000,13149,13149,2022-01-03T09:00:00.000000,2026-02-04T15:00:00.000000,50,0,0,100
MGL,60,7076,2022-01-03T09:00:00.000000,2026-02-03T15:00:00.000000,7076,7076,2022-01-03T09:00:00.000000,2026-02-03T15:00:00.000000,50,0,0,100
HONAUT,15,25280,2022-01-03T09:15:00.000000,2026-02-04T15:15:00.000000,25280,25280,2022-01-03T09:15:00.000000,2026-02-04T15:15:00.000000,50,0,0,100
NATIONALUM,10080,215,2021-12-27T00:00:00.000000,2026-02-02T00:00:00.000000,215,215,2021-12-27T00:00:00.000000,2026-02-02T00:00:00.000000,51,0,0,100
BAJAJFINSV,1440,1014,2022-01-03T00:00:00.000000,2026-02-02T00:00:00.000000,1014,1014,2022-01-03T00:00:00.000000,2026-02-02T00:00:00.000000,50,0,0,100
HONAUT,30,13149,2022-01-03T09:00:00.000000,2026-02-04T15:00:00.000000,13149,13149,2022-01-03T09:00:00.000000,2026-02-04T15:00:00.000000,50,0,0,100
FSL,3,126273,2022-01-03T09:15:00.000000,2026-02-03T15:27:00.000000,126273,126273,2022-01-03T09:15:00.000000,2026-02-03T15:27:00.000000,50,0,0,100
POONAWALLA,60,7076,2022-01-03T09:00:00.000000,2026-02-03T15:00:00.000000,7076,7076,2022-01-03T09:00:00.000000,2026-02-03T15:00:00.000000,50,0,0,100
AIIL,1,165394,2024-04-23T09:15:00.000000,2026-02-04T15:29:00.000000,165394,165394,2024-04-23T09:15:00.000000,2026-02-04T15:29:00.000000,23,0,0,100
GICRE,15,25280,2022-01-03T09:15:00.000000,2026-02-04T15:15:00.000000,25280,25280,2022-01-03T09:15:00.000000,2026-02-04T15:15:00.000000,50,0,0,100
ADANIGREEN,5,75688,2022-01-03T09:15:00.000000,2026-02-02T15:25:00.000000,75688,75688,2022-01-03T09:15:00.000000,2026-02-02T15:25:00.000000,50,0,0,100
ABFRL,1,379134,2022-01-03T09:15:00.000000,2026-02-04T15:29:00.000000,379134,379134,2022-01-03T09:15:00.000000,2026-02-04T15:29:00.000000,50,0,0,100
SOLARINDS,15,25255,2022-01-03T09:15:00.000000,2026-02-03T15:15:00.000000,25255,25255,2022-01-03T09:15:00.000000,2026-02-03T15:15:00.000000,50,0,0,100
BAJFINANCE,10080,215,2021-12-27T00:00:00.000000,2026-02-02T00:00:00.000000,215,215,2021-12-27T00:00:00.000000,2026-02-02T00:00:00.000000,51,0,0,100
IDFCFIRSTB,1440,1015,2022-01-03T00:00:00.000000,2026-02-03T00:00:00.000000,1015,1015,2022-01-03T00:00:00.000000,2026-02-03T00:00:00.000000,50,0,0,100
EXIDEIND,1440,1015,2022-01-03T00:00:00.000000,2026-02-03T00:00:00.000000,1015,1015,2022-01-03T00:00:00.000000,2026-02-03T00:00:00.000000,50,0,0,100
DLF,3,126149,2022-01-03T09:15:00.000000,2026-02-02T15:27:00.000000,126149,126149,2022-01-03T09:15:00.000000,2026-02-02T15:27:00.000000,50,0,0,100
BOSCHLTD,10080,215,2021-12-27T00:00:00.000000,2026-02-02T00:00:00.000000,215,215,2021-12-27T00:00:00.000000,2026-02-02T00:00:00.000000,51,0,0,100
IRCTC,60,7076,2022-01-03T09:00:00.000000,2026-02-03T15:00:00.000000,7076,7076,2022-01-03T09:00:00.000000,2026-02-03T15:00:00.000000,50,0,0,100
JSWENERGY,30,11537,2022-07-01T09:00:00.000000,2026-02-03T15:00:00.000000,11537,11537,2022-07-01T09:00:00.000000,2026-02-03T15:00:00.000000,44,0,0,100
BEL,5,75689,2022-01-03T09:15:00.000000,2026-02-02T15:25:00.000000,75689,75689,2022-01-03T09:15:00.000000,2026-02-02T15:25:00.000000,50,0,0,100
HAPPSTMNDS,5,75761,2022-01-03T09:15:00.000000,2026-02-03T15:25:00.000000,75761,75761,2022-01-03T09:15:00.000000,2026-02-03T15:25:00.000000,50,0,0,100
JSWENERGY,5,66540,2022-07-01T09:15:00.000000,2026-02-03T15:25:00.000000,66540,66540,2022-07-01T09:15:00.000000,2026-02-03T15:25:00.000000,44,0,0,100
METROPOLIS,1,378804,2022-01-03T09:15:00.000000,2026-02-03T15:29:00.000000,378804,378804,2022-01-03T09:15:00.000000,2026-02-03T15:29:00.000000,50,0,0,100
HCLTECH,15,25230,2022-01-03T09:15:00.000000,2026-02-02T15:15:00.000000,25230,25230,2022-01-03T09:15:00.000000,2026-02-02T15:15:00.000000,50,0,0,100
GILLETTE,5,75797,2022-01-03T09:15:00.000000,2026-02-04T15:25:00.000000,75797,75797,2022-01-03T09:15:00.000000,2026-02-04T15:25:00.000000,50,0,0,100
THELEELA,1,64140,2025-06-02T10:00:00.000000,2026-02-05T15:29:00.000000,64140,64140,2025-06-02T10:00:00.000000,2026-02-05T15:29:00.000000,9,0,0,100
ASIANPAINT,10080,215,2021-12-27T00:00:00.000000,2026-02-02T00:00:00.000000,215,215,2021-12-27T00:00:00.000000,2026-02-02T00:00:00.000000,51,0,0,100
TIINDIA,30,13136,2022-01-03T09:00:00.000000,2026-02-03T15:00:00.000000,13136,13136,2022-01-03T09:00:00.000000,2026-02-03T15:00:00.000000,50,0,0,100
TIINDIA,15,25255,2022-01-03T09:15:00.000000,2026-02-03T15:15:00.000000,25255,25255,2022-01-03T09:15:00.000000,2026-02-03T15:15:00.000000,50,0,0,100
MAHSEAMLES,5,75763,2022-01-03T09:15:00.000000,2026-02-03T15:25:00.000000,75763,75763,2022-01-03T09:15:00.000000,2026-02-03T15:25:00.000000,50,0,0,100
VOLTAS,1440,1015,2022-01-03T00:00:00.000000,2026-02-03T00:00:00.000000,1015,1015,2022-01-03T00:00:00.000000,2026-02-03T00:00:00.000000,50,0,0,100
CONCORDBIO,5,45674,2023-08-18T09:15:00.000000,2026-02-04T15:25:00.000000,45674,45674,2023-08-18T09:15:00.000000,2026-02-04T15:25:00.000000,31,0,0,100
BEL,1,378428,2022-01-03T09:15:00.000000,2026-02-02T15:29:00.000000,378428,378428,2022-01-03T09:15:00.000000,2026-02-02T15:29:00.000000,50,0,0,100
GMDCLTD,15,25280,2022-01-03T09:15:00.000000,2026-02-04T15:15:00.000000,25280,25280,2022-01-03T09:15:00.000000,2026-02-04T15:15:00.000000,50,0,0,100
GUJGASLTD,15,25255,2022-01-03T09:15:00.000000,2026-02-03T15:15:00.000000,25255,25255,2022-01-03T09:15:00.000000,2026-02-03T15:15:00.000000,50,0,0,100
PGHH,15,25255,2022-01-03T09:15:00.000000,2026-02-03T15:15:00.000000,25255,25255,2022-01-03T09:15:00.000000,2026-02-03T15:15:00.000000,50,0,0,100
JKCEMENT,1440,414,2022-01-03T00:00:00.000000,2023-09-01T00:00:00.000000,414,414,2022-01-03T00:00:00.000000,2023-09-01T00:00:00.000000,21,0,0,100
BAJAJ-AUTO,30,13149,2022-01-03T09:00:00.000000,2026-02-04T15:00:00.000000,13149,13149,2022-01-03T09:00:00.000000,2026-02-04T15:00:00.000000,50,0,0,100
BASF,1,375721,2022-01-03T09:15:00.000000,2026-02-03T15:29:00.000000,375721,375721,2022-01-03T09:15:00.000000,2026-02-03T15:29:00.000000,50,0,0,100
TIINDIA,3,126267,2022-01-03T09:15:00.000000,2026-02-03T15:27:00.000000,126267,126267,2022-01-03T09:15:00.000000,2026-02-03T15:27:00.000000,50,0,0,100
GMDCLTD,30,13149,2022-01-03T09:00:00.000000,2026-02-04T15:00:00.000000,13149,13149,2022-01-03T09:00:00.000000,2026-02-04T15:00:00.000000,50,0,0,100
NATCOPHARM,5,75763,2022-01-03T09:15:00.000000,2026-02-03T15:25:00.000000,75763,75763,2022-01-03T09:15:00.000000,2026-02-03T15:25:00.000000,50,0,0,100
IOB,60,7076,2022-01-03T09:00:00.000000,2026-02-03T15:00:00.000000,7076,7076,2022-01-03T09:00:00.000000,2026-02-03T15:00:00.000000,50,0,0,100
HAL,60,7076,2022-01-03T09:00:00.000000,2026-02-03T15:00:00.000000,7076,7076,2022-01-03T09:00:00.000000,2026-02-03T15:00:00.000000,50,0,0,100
DIVISLAB,3,126149,2022-01-03T09:15:00.000000,2026-02-02T15:27:00.000000,126149,126149,2022-01-03T09:15:00.000000,2026-02-02T15:27:00.000000,50,0,0,100
HEXT,15,5903,2025-02-19T09:30:00.000000,2026-02-04T15:15:00.000000,5903,5903,2025-02-19T09:30:00.000000,2026-02-04T15:15:00.000000,13,0,0,100
APLAPOLLO,3,126269,2022-01-03T09:15:00.000000,2026-02-03T15:27:00.000000,126269,126269,2022-01-03T09:15:00.000000,2026-02-03T15:27:00.000000,50,0,0,100
AUBANK,1,378428,2022-01-03T09:15:00.000000,2026-02-02T15:29:00.000000,378428,378428,2022-01-03T09:15:00.000000,2026-02-02T15:29:00.000000,50,0,0,100
BEML,5,75758,2022-01-03T09:15:00.000000,2026-02-03T15:25:00.000000,75758,75758,2022-01-03T09:15:00.000000,2026-02-03T15:25:00.000000,50,0,0,100
ABCAPITAL,10080,215,2021-12-27T00:00:00.000000,2026-02-02T00:00:00.000000,215,215,2021-12-27T00:00:00.000000,2026-02-02T00:00:00.000000,51,0,0,100
BERGEPAINT,15,25230,2022-01-03T09:15:00.000000,2026-02-02T15:15:00.000000,25230,25230,2022-01-03T09:15:00.000000,2026-02-02T15:15:00.000000,50,0,0,100
INDGN,10080,91,2024-05-13T00:00:00.000000,2026-02-02T00:00:00.000000,91,91,2024-05-13T00:00:00.000000,2026-02-02T00:00:00.000000,22,0,0,100
GODREJIND,60,7083,2022-01-03T09:00:00.000000,2026-02-04T15:00:00.000000,7083,7083,2022-01-03T09:00:00.000000,2026-02-04T15:00:00.000000,50,0,0,100
JMFINANCIL,1440,1015,2022-01-03T00:00:00.000000,2026-02-03T00:00:00.000000,1015,1015,2022-01-03T00:00:00.000000,2026-02-03T00:00:00.000000,50,0,0,100
ABBOTINDIA,1,379171,2022-01-03T09:15:00.000000,2026-02-04T15:29:00.000000,379171,379171,2022-01-03T09:15:00.000000,2026-02-04T15:29:00.000000,50,0,0,100
BLUEDART,1,378351,2022-01-03T09:15:00.000000,2026-02-04T15:29:00.000000,378351,378351,2022-01-03T09:15:00.000000,2026-02-04T15:29:00.000000,50,0,0,100
TORNTPOWER,10080,215,2021-12-27T00:00:00.000000,2026-02-02T00:00:00.000000,215,215,2021-12-27T00:00:00.000000,2026-02-02T00:00:00.000000,51,0,0,100
INDHOTEL,10080,215,2021-12-27T00:00:00.000000,2026-02-02T00:00:00.000000,215,215,2021-12-27T00:00:00.000000,2026-02-02T00:00:00.000000,51,0,0,100
COALINDIA,10080,215,2021-12-27T00:00:00.000000,2026-02-02T00:00:00.000000,215,215,2021-12-27T00:00:00.000000,2026-02-02T00:00:00.000000,51,0,0,100
SHRIRAMFIN,1,378425,2022-01-03T09:15:00.000000,2026-02-02T15:29:00.000000,378425,378425,2022-01-03T09:15:00.000000,2026-02-02T15:29:00.000000,50,0,0,100
MOTHERSON,1440,1014,2022-01-03T00:00:00.000000,2026-02-02T00:00:00.000000,1014,1014,2022-01-03T00:00:00.000000,2026-02-02T00:00:00.000000,50,0,0,100
GAIL,1440,1014,2022-01-03T00:00:00.000000,2026-02-02T00:00:00.000000,1014,1014,2022-01-03T00:00:00.000000,2026-02-02T00:00:00.000000,50,0,0,100
IDFCFIRSTB,30,3799,2024-12-02T09:00:00.000000,2026-02-03T15:00:00.000000,3799,3799,2024-12-02T09:00:00.000000,2026-02-03T15:00:00.000000,15,0,0,100
KPITTECH,60,7076,2022-01-03T09:00:00.000000,2026-02-03T15:00:00.000000,7076,7076,2022-01-03T09:00:00.000000,2026-02-03T15:00:00.000000,50,0,0,100
VIJAYA,1440,1015,2022-01-03T00:00:00.000000,2026-02-03T00:00:00.000000,1015,1015,2022-01-03T00:00:00.000000,2026-02-03T00:00:00.000000,50,0,0,100
MOTILALOFS,5,43018,2022-01-03T09:15:00.000000,2024-04-30T15:25:00.000000,43018,43018,2022-01-03T09:15:00.000000,2024-04-30T15:25:00.000000,28,0,0,100
CHOICEIN,30,12291,2022-04-08T09:00:00.000000,2026-02-04T15:00:00.000000,12291,12291,2022-04-08T09:00:00.000000,2026-02-04T15:00:00.000000,47,0,0,100
J&KBANK,60,7090,2022-01-03T09:00:00.000000,2026-02-05T15:00:00.000000,7090,7090,2022-01-03T09:00:00.000000,2026-02-05T15:00:00.000000,50,0,0,100
WHIRLPOOL,5,75764,2022-01-03T09:15:00.000000,2026-02-03T15:25:00.000000,75764,75764,2022-01-03T09:15:00.000000,2026-02-03T15:25:00.000000,50,0,0,100
DATAPATTNS,60,7080,2022-01-03T09:00:00.000000,2026-02-04T15:00:00.000000,7080,7080,2022-01-03T09:00:00.000000,2026-02-04T15:00:00.000000,50,0,0,100
MEDANTA,1440,800,2022-11-16T00:00:00.000000,2026-02-03T00:00:00.000000,800,800,2022-11-16T00:00:00.000000,2026-02-03T00:00:00.000000,40,0,0,100
FSL,60,7076,2022-01-03T09:00:00.000000,2026-02-03T15:00:00.000000,7076,7076,2022-01-03T09:00:00.000000,2026-02-03T15:00:00.000000,50,0,0,100
AUBANK,10080,215,2021-12-27T00:00:00.000000,2026-02-02T00:00:00.000000,215,215,2021-12-27T00:00:00.000000,2026-02-02T00:00:00.000000,51,0,0,100
INFY,1,378049,2022-01-03T09:15:00.000000,2026-02-01T15:29:00.000000,378049,378049,2022-01-03T09:15:00.000000,2026-02-01T15:29:00.000000,50,0,0,100
ERIS,15,25255,2022-01-03T09:15:00.000000,2026-02-03T15:15:00.000000,25255,25255,2022-01-03T09:15:00.000000,2026-02-03T15:15:00.000000,50,0,0,100
ABCAPITAL,1,109935,2024-12-02T09:15:00.000000,2026-02-04T15:29:00.000000,109935,109935,2024-12-02T09:15:00.000000,2026-02-04T15:29:00.000000,15,0,0,100
ALOKINDS,3,126394,2022-01-03T09:15:00.000000,2026-02-04T15:27:00.000000,126394,126394,2022-01-03T09:15:00.000000,2026-02-04T15:27:00.000000,50,0,0,100
SUNTV,60,7076,2022-01-03T09:00:00.000000,2026-02-03T15:00:00.000000,7076,7076,2022-01-03T09:00:00.000000,2026-02-03T15:00:00.000000,50,0,0,100
UPL,15,25255,2022-01-03T09:15:00.000000,2026-02-03T15:15:00.000000,25255,25255,2022-01-03T09:15:00.000000,2026-02-03T15:15:00.000000,50,0,0,100
ASIANPAINT,3,126149,2022-01-03T09:15:00.000000,2026-02-02T15:27:00.000000,126149,126149,2022-01-03T09:15:00.000000,2026-02-02T15:27:00.000000,50,0,0,100
HDFCBANK,10080,214,2021-12-27T00:00:00.000000,2026-01-26T00:00:00.000000,214,214,2021-12-27T00:00:00.000000,2026-01-26T00:00:00.000000,50,0,0,100
MMTC,5,75763,2022-01-03T09:15:00.000000,2026-02-03T15:25:00.000000,75763,75763,2022-01-03T09:15:00.000000,2026-02-03T15:25:00.000000,50,0,0,100
GRSE,1,378772,2022-01-03T09:15:00.000000,2026-02-04T15:29:00.000000,378772,378772,2022-01-03T09:15:00.000000,2026-02-04T15:29:00.000000,50,0,0,100
BSE,60,7076,2022-01-03T09:00:00.000000,2026-02-03T15:00:00.000000,7076,7076,2022-01-03T09:00:00.000000,2026-02-03T15:00:00.000000,50,0,0,100
USHAMART,1,378332,2022-01-03T09:15:00.000000,2026-02-03T15:29:00.000000,378332,378332,2022-01-03T09:15:00.000000,2026-02-03T15:29:00.000000,50,0,0,100
NLCINDIA,3,126269,2022-01-03T09:15:00.000000,2026-02-03T15:27:00.000000,126269,126269,2022-01-03T09:15:00.000000,2026-02-03T15:27:00.000000,50,0,0,100
SYNGENE,3,126274,2022-01-03T09:15:00.000000,2026-02-03T15:27:00.000000,126274,126274,2022-01-03T09:15:00.000000,2026-02-03T15:27:00.000000,50,0,0,100
AXISBANK,1,378429,2022-01-03T09:15:00.000000,2026-02-02T15:29:00.000000,378429,378429,2022-01-03T09:15:00.000000,2026-02-02T15:29:00.000000,50,0,0,100
SUNDRMFAST,1440,1015,2022-01-03T00:00:00.000000,2026-02-03T00:00:00.000000,1015,1015,2022-01-03T00:00:00.000000,2026-02-03T00:00:00.000000,50,0,0,100
ELECON,30,13149,2022-01-03T09:00:00.000000,2026-02-04T15:00:00.000000,13149,13149,2022-01-03T09:00:00.000000,2026-02-04T15:00:00.000000,50,0,0,100
RELIANCE,1,379505,2022-01-03T09:15:00.000000,2026-02-05T15:29:00.000000,379505,379505,2022-01-03T09:15:00.000000,2026-02-05T15:29:00.000000,50,0,0,100
ASTRAZEN,1,109935,2024-12-02T09:15:00.000000,2026-02-04T15:29:00.000000,109935,109935,2024-12-02T09:15:00.000000,2026-02-04T15:29:00.000000,15,0,0,100
MOTHERSON,5,75684,2022-01-03T09:15:00.000000,2026-02-02T15:25:00.000000,75684,75684,2022-01-03T09:15:00.000000,2026-02-02T15:25:00.000000,50,0,0,100
FIVESTAR,1440,798,2022-11-21T00:00:00.000000,2026-02-04T00:00:00.000000,798,798,2022-11-21T00:00:00.000000,2026-02-04T00:00:00.000000,40,0,0,100
GODREJPROP,3,126274,2022-01-03T09:15:00.000000,2026-02-03T15:27:00.000000,126274,126274,2022-01-03T09:15:00.000000,2026-02-03T15:27:00.000000,50,0,0,100
GSPL,1,378789,2022-01-03T09:15:00.000000,2026-02-03T15:29:00.000000,378789,378789,2022-01-03T09:15:00.000000,2026-02-03T15:29:00.000000,50,0,0,100
NAVINFLUOR,5,75764,2022-01-03T09:15:00.000000,2026-02-03T15:25:00.000000,75764,75764,2022-01-03T09:15:00.000000,2026-02-03T15:25:00.000000,50,0,0,100
M&M,3,126524,2022-01-03T09:15:00.000000,2026-02-05T15:27:00.000000,126524,126524,2022-01-03T09:15:00.000000,2026-02-05T15:27:00.000000,50,0,0,100
COCHINSHIP,3,36520,2024-12-02T09:15:00.000000,2026-02-03T15:27:00.000000,36520,36520,2024-12-02T09:15:00.000000,2026-02-03T15:27:00.000000,15,0,0,100
EMAMILTD,10080,215,2021-12-27T00:00:00.000000,2026-02-02T00:00:00.000000,215,215,2021-12-27T00:00:00.000000,2026-02-02T00:00:00.000000,51,0,0,100
BHARTIHEXA,15,11240,2024-04-12T09:15:00.000000,2026-02-04T15:15:00.000000,11240,11240,2024-04-12T09:15:00.000000,2026-02-04T15:15:00.000000,23,0,0,100
TATACHEM,10080,215,2021-12-27T00:00:00.000000,2026-02-02T00:00:00.000000,215,215,2021-12-27T00:00:00.000000,2026-02-02T00:00:00.000000,51,0,0,100
UNIONBANK,5,75762,2022-01-03T09:15:00.000000,2026-02-03T15:25:00.000000,75762,75762,2022-01-03T09:15:00.000000,2026-02-03T15:25:00.000000,50,0,0,100
NESTLEIND,10080,215,2021-12-27T00:00:00.000000,2026-02-02T00:00:00.000000,215,215,2021-12-27T00:00:00.000000,2026-02-02T00:00:00.000000,51,0,0,100
STARHEALTH,15,25255,2022-01-03T09:15:00.000000,2026-02-03T15:15:00.000000,25255,25255,2022-01-03T09:15:00.000000,2026-02-03T15:15:00.000000,50,0,0,100
BSOFT,1440,1016,2022-01-03T00:00:00.000000,2026-02-04T00:00:00.000000,1016,1016,2022-01-03T00:00:00.000000,2026-02-04T00:00:00.000000,50,0,0,100
TATAELXSI,30,13136,2022-01-03T09:00:00.000000,2026-02-03T15:00:00.000000,13136,13136,2022-01-03T09:00:00.000000,2026-02-03T15:00:00.000000,50,0,0,100
LUPIN,3,126148,2022-01-03T09:15:00.000000,2026-02-02T15:27:00.000000,126148,126148,2022-01-03T09:15:00.000000,2026-02-02T15:27:00.000000,50,0,0,100
AUROPHARMA,1,378429,2022-01-03T09:15:00.000000,2026-02-02T15:29:00.000000,378429,378429,2022-01-03T09:15:00.000000,2026-02-02T15:29:00.000000,50,0,0,100
SBICARD,30,13123,2022-01-03T09:00:00.000000,2026-02-02T15:00:00.000000,13123,13123,2022-01-03T09:00:00.000000,2026-02-02T15:00:00.000000,50,0,0,100
JSWSTEEL,10080,215,2021-12-27T00:00:00.000000,2026-02-02T00:00:00.000000,215,215,2021-12-27T00:00:00.000000,2026-02-02T00:00:00.000000,51,0,0,100
SYNGENE,1,378799,2022-01-03T09:15:00.000000,2026-02-03T15:29:00.000000,378799,378799,2022-01-03T09:15:00.000000,2026-02-03T15:29:00.000000,50,0,0,100
IPCALAB,10080,215,2021-12-27T00:00:00.000000,2026-02-02T00:00:00.000000,215,215,2021-12-27T00:00:00.000000,2026-02-02T00:00:00.000000,51,0,0,100
AJANTPHARM,10080,215,2021-12-27T00:00:00.000000,2026-02-02T00:00:00.000000,215,215,2021-12-27T00:00:00.000000,2026-02-02T00:00:00.000000,51,0,0,100
HUDCO,1,378668,2022-01-03T09:15:00.000000,2026-02-03T15:29:00.000000,378668,378668,2022-01-03T09:15:00.000000,2026-02-03T15:29:00.000000,50,0,0,100
CAPLIPOINT,1,377875,2022-01-03T09:15:00.000000,2026-02-04T15:29:00.000000,377875,377875,2022-01-03T09:15:00.000000,2026-02-04T15:29:00.000000,50,0,0,100
ESCORTS,15,7304,2024-12-02T09:15:00.000000,2026-02-03T15:15:00.000000,7304,7304,2024-12-02T09:15:00.000000,2026-02-03T15:15:00.000000,15,0,0,100
LTFOODS,30,13162,2022-01-03T09:00:00.000000,2026-02-05T15:00:00.000000,13162,13162,2022-01-03T09:00:00.000000,2026-02-05T15:00:00.000000,50,0,0,100
AJANTPHARM,1,378485,2022-01-03T09:15:00.000000,2026-02-03T15:29:00.000000,378485,378485,2022-01-03T09:15:00.000000,2026-02-03T15:29:00.000000,50,0,0,100
COCHINSHIP,60,2046,2024-12-02T09:00:00.000000,2026-02-03T15:00:00.000000,2046,2046,2024-12-02T09:00:00.000000,2026-02-03T15:00:00.000000,15,0,0,100
LTTS,10080,215,2021-12-27T00:00:00.000000,2026-02-02T00:00:00.000000,215,215,2021-12-27T00:00:00.000000,2026-02-02T00:00:00.000000,51,0,0,100
TVSMOTOR,3,36395,2024-12-02T09:15:00.000000,2026-02-02T15:27:00.000000,36395,36395,2024-12-02T09:15:00.000000,2026-02-02T15:27:00.000000,15,0,0,100
DRREDDY,5,75689,2022-01-03T09:15:00.000000,2026-02-02T15:25:00.000000,75689,75689,2022-01-03T09:15:00.000000,2026-02-02T15:25:00.000000,50,0,0,100
GODFRYPHLP,60,7076,2022-01-03T09:00:00.000000,2026-02-03T15:00:00.000000,7076,7076,2022-01-03T09:00:00.000000,2026-02-03T15:00:00.000000,50,0,0,100
OIL,1440,1015,2022-01-03T00:00:00.000000,2026-02-03T00:00:00.000000,1015,1015,2022-01-03T00:00:00.000000,2026-02-03T00:00:00.000000,50,0,0,100
CASTROLIND,3,126269,2022-01-03T09:15:00.000000,2026-02-03T15:27:00.000000,126269,126269,2022-01-03T09:15:00.000000,2026-02-03T15:27:00.000000,50,0,0,100
NESTLEIND,60,7069,2022-01-03T09:00:00.000000,2026-02-02T15:00:00.000000,7069,7069,2022-01-03T09:00:00.000000,2026-02-02T15:00:00.000000,50,0,0,100
JSWINFRA,1440,582,2023-10-03T00:00:00.000000,2026-02-03T00:00:00.000000,582,582,2023-10-03T00:00:00.000000,2026-02-03T00:00:00.000000,29,0,0,100
ABREL,15,25280,2022-01-03T09:15:00.000000,2026-02-04T15:15:00.000000,25280,25280,2022-01-03T09:15:00.000000,2026-02-04T15:15:00.000000,50,0,0,100
JPPOWER,1,379549,2022-01-03T09:15:00.000000,2026-02-05T15:29:00.000000,379549,379549,2022-01-03T09:15:00.000000,2026-02-05T15:29:00.000000,50,0,0,100
AJANTPHARM,1440,1015,2022-01-03T00:00:00.000000,2026-02-03T00:00:00.000000,1015,1015,2022-01-03T00:00:00.000000,2026-02-03T00:00:00.000000,50,0,0,100
TATAPOWER,5,75689,2022-01-03T09:15:00.000000,2026-02-02T15:25:00.000000,75689,75689,2022-01-03T09:15:00.000000,2026-02-02T15:25:00.000000,50,0,0,100
GRSE,30,13149,2022-01-03T09:00:00.000000,2026-02-04T15:00:00.000000,13149,13149,2022-01-03T09:00:00.000000,2026-02-04T15:00:00.000000,50,0,0,100
GILLETTE,30,13148,2022-01-03T09:00:00.000000,2026-02-04T15:00:00.000000,13148,13148,2022-01-03T09:00:00.000000,2026-02-04T15:00:00.000000,50,0,0,100
LTIM,10080,215,2021-12-27T00:00:00.000000,2026-02-02T00:00:00.000000,215,215,2021-12-27T00:00:00.000000,2026-02-02T00:00:00.000000,51,0,0,100
GMRAIRPORT,1440,1016,2022-01-03T00:00:00.000000,2026-02-04T00:00:00.000000,1016,1016,2022-01-03T00:00:00.000000,2026-02-04T00:00:00.000000,50,0,0,100
BAJAJHFL,10080,73,2024-09-16T00:00:00.000000,2026-02-02T00:00:00.000000,73,73,2024-09-16T00:00:00.000000,2026-02-02T00:00:00.000000,18,0,0,100
ENGINERSIN,1,109560,2024-12-02T09:15:00.000000,2026-02-03T15:29:00.000000,109560,109560,2024-12-02T09:15:00.000000,2026-02-03T15:29:00.000000,15,0,0,100
ERIS,1440,1015,2022-01-03T00:00:00.000000,2026-02-03T00:00:00.000000,1015,1015,2022-01-03T00:00:00.000000,2026-02-03T00:00:00.000000,50,0,0,100
ATUL,3,126274,2022-01-03T09:15:00.000000,2026-02-03T15:27:00.000000,126274,126274,2022-01-03T09:15:00.000000,2026-02-03T15:27:00.000000,50,0,0,100
COCHINSHIP,1,109560,2024-12-02T09:15:00.000000,2026-02-03T15:29:00.000000,109560,109560,2024-12-02T09:15:00.000000,2026-02-03T15:29:00.000000,15,0,0,100
JUBLFOOD,60,7076,2022-01-03T09:00:00.000000,2026-02-03T15:00:00.000000,7076,7076,2022-01-03T09:00:00.000000,2026-02-03T15:00:00.000000,50,0,0,100
FORCEMOT,1,348774,2022-01-03T09:15:00.000000,2026-02-04T15:29:00.000000,348774,348774,2022-01-03T09:15:00.000000,2026-02-04T15:29:00.000000,50,0,0,100
IOC,1,109560,2024-12-02T09:15:00.000000,2026-02-03T15:29:00.000000,109560,109560,2024-12-02T09:15:00.000000,2026-02-03T15:29:00.000000,15,0,0,100
CGCL,1440,1016,2022-01-03T00:00:00.000000,2026-02-04T00:00:00.000000,1016,1016,2022-01-03T00:00:00.000000,2026-02-04T00:00:00.000000,50,0,0,100
BDL,10080,215,2021-12-27T00:00:00.000000,2026-02-02T00:00:00.000000,215,215,2021-12-27T00:00:00.000000,2026-02-02T00:00:00.000000,51,0,0,100
HOMEFIRST,60,7076,2022-01-03T09:00:00.000000,2026-02-03T15:00:00.000000,7076,7076,2022-01-03T09:00:00.000000,2026-02-03T15:00:00.000000,50,0,0,100
CHOLAHLDNG,15,25280,2022-01-03T09:15:00.000000,2026-02-04T15:15:00.000000,25280,25280,2022-01-03T09:15:00.000000,2026-02-04T15:15:00.000000,50,0,0,100
KIRLOSENG,10080,215,2021-12-27T00:00:00.000000,2026-02-02T00:00:00.000000,215,215,2021-12-27T00:00:00.000000,2026-02-02T00:00:00.000000,51,0,0,100
CHOICEIN,1,334769,2022-04-08T09:15:00.000000,2026-02-04T15:29:00.000000,334769,334769,2022-04-08T09:15:00.000000,2026-02-04T15:29:00.000000,47,0,0,100
CANFINHOME,1440,1014,2022-01-03T00:00:00.000000,2026-02-02T00:00:00.000000,1014,1014,2022-01-03T00:00:00.000000,2026-02-02T00:00:00.000000,50,0,0,100
TATAELXSI,60,7076,2022-01-03T09:00:00.000000,2026-02-03T15:00:00.000000,7076,7076,2022-01-03T09:00:00.000000,2026-02-03T15:00:00.000000,50,0,0,100
CYIENT,15,25255,2022-01-03T09:15:00.000000,2026-02-03T15:15:00.000000,25255,25255,2022-01-03T09:15:00.000000,2026-02-03T15:15:00.000000,50,0,0,100
M&MFIN,10080,215,2021-12-27T00:00:00.000000,2026-02-02T00:00:00.000000,215,215,2021-12-27T00:00:00.000000,2026-02-02T00:00:00.000000,51,0,0,100
SUPREMEIND,60,7076,2022-01-03T09:00:00.000000,2026-02-03T15:00:00.000000,7076,7076,2022-01-03T09:00:00.000000,2026-02-03T15:00:00.000000,50,0,0,100
AUBANK,30,13123,2022-01-03T09:00:00.000000,2026-02-02T15:00:00.000000,13123,13123,2022-01-03T09:00:00.000000,2026-02-02T15:00:00.000000,50,0,0,100
RAMCOCEM,10080,215,2021-12-27T00:00:00.000000,2026-02-02T00:00:00.000000,215,215,2021-12-27T00:00:00.000000,2026-02-02T00:00:00.000000,51,0,0,100
RVNL,15,25255,2022-01-03T09:15:00.000000,2026-02-03T15:15:00.000000,25255,25255,2022-01-03T09:15:00.000000,2026-02-03T15:15:00.000000,50,0,0,100
LINDEINDIA,60,7076,2022-01-03T09:00:00.000000,2026-02-03T15:00:00.000000,7076,7076,2022-01-03T09:00:00.000000,2026-02-03T15:00:00.000000,50,0,0,100
TECHM,3,126149,2022-01-03T09:15:00.000000,2026-02-02T15:27:00.000000,126149,126149,2022-01-03T09:15:00.000000,2026-02-02T15:27:00.000000,50,0,0,100
POWERGRID,5,21837,2024-12-02T09:15:00.000000,2026-02-02T15:25:00.000000,21837,21837,2024-12-02T09:15:00.000000,2026-02-02T15:25:00.000000,15,0,0,100
MARICO,1,378428,2022-01-03T09:15:00.000000,2026-02-02T15:29:00.000000,378428,378428,2022-01-03T09:15:00.000000,2026-02-02T15:29:00.000000,50,0,0,100
MAPMYINDIA,5,75763,2022-01-03T09:15:00.000000,2026-02-03T15:25:00.000000,75763,75763,2022-01-03T09:15:00.000000,2026-02-03T15:25:00.000000,50,0,0,100
CHOLAHLDNG,10080,215,2021-12-27T00:00:00.000000,2026-02-02T00:00:00.000000,215,215,2021-12-27T00:00:00.000000,2026-02-02T00:00:00.000000,51,0,0,100
CGPOWER,1,378791,2022-01-03T09:15:00.000000,2026-02-03T15:29:00.000000,378791,378791,2022-01-03T09:15:00.000000,2026-02-03T15:29:00.000000,50,0,0,100
TITAN,3,126149,2022-01-03T09:15:00.000000,2026-02-02T15:27:00.000000,126149,126149,2022-01-03T09:15:00.000000,2026-02-02T15:27:00.000000,50,0,0,100
ZYDUSLIFE,10080,215,2021-12-27T00:00:00.000000,2026-02-02T00:00:00.000000,215,215,2021-12-27T00:00:00.000000,2026-02-02T00:00:00.000000,51,0,0,100
GODIGIT,3,52907,2024-05-23T09:15:00.000000,2026-02-04T15:27:00.000000,52907,52907,2024-05-23T09:15:00.000000,2026-02-04T15:27:00.000000,22,0,0,100
GMDCLTD,1440,1016,2022-01-03T00:00:00.000000,2026-02-04T00:00:00.000000,1016,1016,2022-01-03T00:00:00.000000,2026-02-04T00:00:00.000000,50,0,0,100
INFY,30,13110,2022-01-03T09:00:00.000000,2026-02-01T15:00:00.000000,13110,13110,2022-01-03T09:00:00.000000,2026-02-01T15:00:00.000000,50,0,0,100
SCHNEIDER,15,25255,2022-01-03T09:15:00.000000,2026-02-03T15:15:00.000000,25255,25255,2022-01-03T09:15:00.000000,2026-02-03T15:15:00.000000,50,0,0,100
MAHSCOOTER,1440,1013,2022-01-03T00:00:00.000000,2026-02-05T00:00:00.000000,1013,1013,2022-01-03T00:00:00.000000,2026-02-05T00:00:00.000000,50,0,0,100
ANANDRATHI,15,25280,2022-01-03T09:15:00.000000,2026-02-04T15:15:00.000000,25280,25280,2022-01-03T09:15:00.000000,2026-02-04T15:15:00.000000,50,0,0,100
INDUSTOWER,10080,215,2021-12-27T00:00:00.000000,2026-02-02T00:00:00.000000,215,215,2021-12-27T00:00:00.000000,2026-02-02T00:00:00.000000,51,0,0,100
ADANIGREEN,15,25230,2022-01-03T09:15:00.000000,2026-02-02T15:15:00.000000,25230,25230,2022-01-03T09:15:00.000000,2026-02-02T15:15:00.000000,50,0,0,100
DABUR,1,378423,2022-01-03T09:15:00.000000,2026-02-02T15:29:00.000000,378423,378423,2022-01-03T09:15:00.000000,2026-02-02T15:29:00.000000,50,0,0,100
CCL,3,126394,2022-01-03T09:15:00.000000,2026-02-04T15:27:00.000000,126394,126394,2022-01-03T09:15:00.000000,2026-02-04T15:27:00.000000,50,0,0,100
MOTILALOFS,60,4018,2022-01-03T09:00:00.000000,2024-04-30T15:00:00.000000,4018,4018,2022-01-03T09:00:00.000000,2024-04-30T15:00:00.000000,28,0,0,100
INOXINDIA,30,6838,2023-12-21T09:00:00.000000,2026-02-05T15:00:00.000000,6838,6838,2023-12-21T09:00:00.000000,2026-02-05T15:00:00.000000,27,0,0,100
KFINTECH,30,9974,2022-12-29T09:00:00.000000,2026-02-05T15:00:00.000000,9974,9974,2022-12-29T09:00:00.000000,2026-02-05T15:00:00.000000,39,0,0,100
AMBUJACEM,30,13123,2022-01-03T09:00:00.000000,2026-02-02T15:00:00.000000,13123,13123,2022-01-03T09:00:00.000000,2026-02-02T15:00:00.000000,50,0,0,100
JUBLPHARMA,60,7090,2022-01-03T09:00:00.000000,2026-02-05T15:00:00.000000,7090,7090,2022-01-03T09:00:00.000000,2026-02-05T15:00:00.000000,50,0,0,100
INTELLECT,15,25305,2022-01-03T09:15:00.000000,2026-02-05T15:15:00.000000,25305,25305,2022-01-03T09:15:00.000000,2026-02-05T15:15:00.000000,50,0,0,100
IEX,5,75764,2022-01-03T09:15:00.000000,2026-02-03T15:25:00.000000,75764,75764,2022-01-03T09:15:00.000000,2026-02-03T15:25:00.000000,50,0,0,100
AUROPHARMA,1440,1014,2022-01-03T00:00:00.000000,2026-02-02T00:00:00.000000,1014,1014,2022-01-03T00:00:00.000000,2026-02-02T00:00:00.000000,50,0,0,100
HEG,10080,215,2021-12-27T00:00:00.000000,2026-02-02T00:00:00.000000,215,215,2021-12-27T00:00:00.000000,2026-02-02T00:00:00.000000,51,0,0,100
CROMPTON,15,25230,2022-01-03T09:15:00.000000,2026-02-02T15:15:00.000000,25230,25230,2022-01-03T09:15:00.000000,2026-02-02T15:15:00.000000,50,0,0,100
NMDC,1440,1014,2022-01-03T00:00:00.000000,2026-02-02T00:00:00.000000,1014,1014,2022-01-03T00:00:00.000000,2026-02-02T00:00:00.000000,50,0,0,100
FINPIPE,1440,1016,2022-01-03T00:00:00.000000,2026-02-04T00:00:00.000000,1016,1016,2022-01-03T00:00:00.000000,2026-02-04T00:00:00.000000,50,0,0,100
GVT&D,15,25280,2022-01-03T09:15:00.000000,2026-02-04T15:15:00.000000,25280,25280,2022-01-03T09:15:00.000000,2026-02-04T15:15:00.000000,50,0,0,100
SOLARINDS,3,126267,2022-01-03T09:15:00.000000,2026-02-03T15:27:00.000000,126267,126267,2022-01-03T09:15:00.000000,2026-02-03T15:27:00.000000,50,0,0,100
AUROPHARMA,60,7069,2022-01-03T09:00:00.000000,2026-02-02T15:00:00.000000,7069,7069,2022-01-03T09:00:00.000000,2026-02-02T15:00:00.000000,50,0,0,100
EIHOTEL,3,36645,2024-12-02T09:15:00.000000,2026-02-04T15:27:00.000000,36645,36645,2024-12-02T09:15:00.000000,2026-02-04T15:27:00.000000,15,0,0,100
ATGL,60,7083,2022-01-03T09:00:00.000000,2026-02-04T15:00:00.000000,7083,7083,2022-01-03T09:00:00.000000,2026-02-04T15:00:00.000000,50,0,0,100
PERSISTENT,60,2039,2024-12-02T09:00:00.000000,2026-02-02T15:00:00.000000,2039,2039,2024-12-02T09:00:00.000000,2026-02-02T15:00:00.000000,15,0,0,100
CGCL,1,373367,2022-01-03T09:15:00.000000,2026-02-04T15:29:00.000000,373367,373367,2022-01-03T09:15:00.000000,2026-02-04T15:29:00.000000,50,0,0,100
TECHM,30,13123,2022-01-03T09:00:00.000000,2026-02-02T15:00:00.000000,13123,13123,2022-01-03T09:00:00.000000,2026-02-02T15:00:00.000000,50,0,0,100
BAJAJ-AUTO,10080,215,2021-12-27T00:00:00.000000,2026-02-02T00:00:00.000000,215,215,2021-12-27T00:00:00.000000,2026-02-02T00:00:00.000000,51,0,0,100
CDSL,1,378798,2022-01-03T09:15:00.000000,2026-02-03T15:29:00.000000,378798,378798,2022-01-03T09:15:00.000000,2026-02-03T15:29:00.000000,50,0,0,100
HDFCBANK,1,378049,2022-01-03T09:15:00.000000,2026-02-01T15:29:00.000000,378049,378049,2022-01-03T09:15:00.000000,2026-02-01T15:29:00.000000,50,0,0,100
BIKAJI,5,21987,2024-12-02T09:15:00.000000,2026-02-04T15:25:00.000000,21987,21987,2024-12-02T09:15:00.000000,2026-02-04T15:25:00.000000,15,0,0,100
BAJAJFINSV,10080,215,2021-12-27T00:00:00.000000,2026-02-02T00:00:00.000000,215,215,2021-12-27T00:00:00.000000,2026-02-02T00:00:00.000000,51,0,0,100
AIAENG,3,126257,2022-01-03T09:15:00.000000,2026-02-03T15:27:00.000000,126257,126257,2022-01-03T09:15:00.000000,2026-02-03T15:27:00.000000,50,0,0,100
AADHARHFC,15,10715,2024-05-15T09:15:00.000000,2026-02-04T15:15:00.000000,10715,10715,2024-05-15T09:15:00.000000,2026-02-04T15:15:00.000000,22,0,0,100
GPIL,30,13136,2022-01-03T09:00:00.000000,2026-02-03T15:00:00.000000,13136,13136,2022-01-03T09:00:00.000000,2026-02-03T15:00:00.000000,50,0,0,100
MRPL,30,13136,2022-01-03T09:00:00.000000,2026-02-03T15:00:00.000000,13136,13136,2022-01-03T09:00:00.000000,2026-02-03T15:00:00.000000,50,0,0,100
TATACONSUM,3,126149,2022-01-03T09:15:00.000000,2026-02-02T15:27:00.000000,126149,126149,2022-01-03T09:15:00.000000,2026-02-02T15:27:00.000000,50,0,0,100
BANDHANBNK,30,13123,2022-01-03T09:00:00.000000,2026-02-02T15:00:00.000000,13123,13123,2022-01-03T09:00:00.000000,2026-02-02T15:00:00.000000,50,0,0,100
DRREDDY,60,7069,2022-01-03T09:00:00.000000,2026-02-02T15:00:00.000000,7069,7069,2022-01-03T09:00:00.000000,2026-02-02T15:00:00.000000,50,0,0,100
ABCAPITAL,3,36645,2024-12-02T09:15:00.000000,2026-02-04T15:27:00.000000,36645,36645,2024-12-02T09:15:00.000000,2026-02-04T15:27:00.000000,15,0,0,100
CARBORUNIV,3,36520,2024-12-02T09:15:00.000000,2026-02-03T15:27:00.000000,36520,36520,2024-12-02T09:15:00.000000,2026-02-03T15:27:00.000000,15,0,0,100
PNBHOUSING,30,13136,2022-01-03T09:00:00.000000,2026-02-03T15:00:00.000000,13136,13136,2022-01-03T09:00:00.000000,2026-02-03T15:00:00.000000,50,0,0,100
DIXON,3,126274,2022-01-03T09:15:00.000000,2026-02-03T15:27:00.000000,126274,126274,2022-01-03T09:15:00.000000,2026-02-03T15:27:00.000000,50,0,0,100
CASTROLIND,1,378767,2022-01-03T09:15:00.000000,2026-02-03T15:29:00.000000,378767,378767,2022-01-03T09:15:00.000000,2026-02-03T15:29:00.000000,50,0,0,100
MAZDOCK,30,13136,2022-01-03T09:00:00.000000,2026-02-03T15:00:00.000000,13136,13136,2022-01-03T09:00:00.000000,2026-02-03T15:00:00.000000,50,0,0,100
IGL,1,378798,2022-01-03T09:15:00.000000,2026-02-03T15:29:00.000000,378798,378798,2022-01-03T09:15:00.000000,2026-02-03T15:29:00.000000,50,0,0,100
MEDANTA,10080,169,2022-11-14T00:00:00.000000,2026-02-02T00:00:00.000000,169,169,2022-11-14T00:00:00.000000,2026-02-02T00:00:00.000000,40,0,0,100
UNIONBANK,60,7076,2022-01-03T09:00:00.000000,2026-02-03T15:00:00.000000,7076,7076,2022-01-03T09:00:00.000000,2026-02-03T15:00:00.000000,50,0,0,100
PERSISTENT,1440,1014,2022-01-03T00:00:00.000000,2026-02-02T00:00:00.000000,1014,1014,2022-01-03T00:00:00.000000,2026-02-02T00:00:00.000000,50,0,0,100
RBLBANK,10080,215,2021-12-27T00:00:00.000000,2026-02-02T00:00:00.000000,215,215,2021-12-27T00:00:00.000000,2026-02-02T00:00:00.000000,51,0,0,100
DALBHARAT,5,75689,2022-01-03T09:15:00.000000,2026-02-02T15:25:00.000000,75689,75689,2022-01-03T09:15:00.000000,2026-02-02T15:25:00.000000,50,0,0,100
HUDCO,1440,1015,2022-01-03T00:00:00.000000,2026-02-03T00:00:00.000000,1015,1015,2022-01-03T00:00:00.000000,2026-02-03T00:00:00.000000,50,0,0,100
GODREJIND,30,13149,2022-01-03T09:00:00.000000,2026-02-04T15:00:00.000000,13149,13149,2022-01-03T09:00:00.000000,2026-02-04T15:00:00.000000,50,0,0,100
IRB,60,7076,2022-01-03T09:00:00.000000,2026-02-03T15:00:00.000000,7076,7076,2022-01-03T09:00:00.000000,2026-02-03T15:00:00.000000,50,0,0,100
LICHSGFIN,5,75764,2022-01-03T09:15:00.000000,2026-02-03T15:25:00.000000,75764,75764,2022-01-03T09:15:00.000000,2026-02-03T15:25:00.000000,50,0,0,100
NAVA,15,5654,2022-01-03T09:15:00.000000,2022-12-01T15:15:00.000000,5654,5654,2022-01-03T09:15:00.000000,2022-12-01T15:15:00.000000,12,0,0,100
EMCURE,1440,392,2024-07-10T00:00:00.000000,2026-02-04T00:00:00.000000,392,392,2024-07-10T00:00:00.000000,2026-02-04T00:00:00.000000,20,0,0,100
SUNTV,5,75764,2022-01-03T09:15:00.000000,2026-02-03T15:25:00.000000,75764,75764,2022-01-03T09:15:00.000000,2026-02-03T15:25:00.000000,50,0,0,100
HONAUT,1440,1016,2022-01-03T00:00:00.000000,2026-02-04T00:00:00.000000,1016,1016,2022-01-03T00:00:00.000000,2026-02-04T00:00:00.000000,50,0,0,100
INDHOTEL,3,126149,2022-01-03T09:15:00.000000,2026-02-02T15:27:00.000000,126149,126149,2022-01-03T09:15:00.000000,2026-02-02T15:27:00.000000,50,0,0,100
BAJAJHFL,5,25820,2024-09-16T09:15:00.000000,2026-02-04T15:25:00.000000,25820,25820,2024-09-16T09:15:00.000000,2026-02-04T15:25:00.000000,18,0,0,100
WOCKPHARMA,60,7076,2022-01-03T09:00:00.000000,2026-02-03T15:00:00.000000,7076,7076,2022-01-03T09:00:00.000000,2026-02-03T15:00:00.000000,50,0,0,100
ZENTEC,10080,215,2021-12-27T00:00:00.000000,2026-02-02T00:00:00.000000,215,215,2021-12-27T00:00:00.000000,2026-02-02T00:00:00.000000,51,0,0,100
FLUOROCHEM,5,21987,2024-12-02T09:15:00.000000,2026-02-04T15:25:00.000000,21987,21987,2024-12-02T09:15:00.000000,2026-02-04T15:25:00.000000,15,0,0,100
BBTC,10080,215,2021-12-27T00:00:00.000000,2026-02-02T00:00:00.000000,215,215,2021-12-27T00:00:00.000000,2026-02-02T00:00:00.000000,51,0,0,100
SHRIRAMFIN,10080,215,2021-12-27T00:00:00.000000,2026-02-02T00:00:00.000000,215,215,2021-12-27T00:00:00.000000,2026-02-02T00:00:00.000000,51,0,0,100
TRENT,5,75689,2022-01-03T09:15:00.000000,2026-02-02T15:25:00.000000,75689,75689,2022-01-03T09:15:00.000000,2026-02-02T15:25:00.000000,50,0,0,100
KIMS,3,126236,2022-01-03T09:15:00.000000,2026-02-03T15:27:00.000000,126236,126236,2022-01-03T09:15:00.000000,2026-02-03T15:27:00.000000,50,0,0,100
LICHSGFIN,10080,215,2021-12-27T00:00:00.000000,2026-02-02T00:00:00.000000,215,215,2021-12-27T00:00:00.000000,2026-02-02T00:00:00.000000,51,0,0,100
NYKAA,3,126394,2022-01-03T09:15:00.000000,2026-02-04T15:27:00.000000,126394,126394,2022-01-03T09:15:00.000000,2026-02-04T15:27:00.000000,50,0,0,100
IGIL,1440,281,2024-12-20T00:00:00.000000,2026-02-05T00:00:00.000000,281,281,2024-12-20T00:00:00.000000,2026-02-05T00:00:00.000000,15,0,0,100
AIIL,5,33264,2024-04-23T09:15:00.000000,2026-02-04T15:25:00.000000,33264,33264,2024-04-23T09:15:00.000000,2026-02-04T15:25:00.000000,23,0,0,100
CDSL,3,126269,2022-01-03T09:15:00.000000,2026-02-03T15:27:00.000000,126269,126269,2022-01-03T09:15:00.000000,2026-02-03T15:27:00.000000,50,0,0,100
HCLTECH,3,126149,2022-01-03T09:15:00.000000,2026-02-02T15:27:00.000000,126149,126149,2022-01-03T09:15:00.000000,2026-02-02T15:27:00.000000,50,0,0,100
TATASTEEL,1,378425,2022-01-03T09:15:00.000000,2026-02-02T15:29:00.000000,378425,378425,2022-01-03T09:15:00.000000,2026-02-02T15:29:00.000000,50,0,0,100
SHREECEM,1,378424,2022-01-03T09:15:00.000000,2026-02-02T15:29:00.000000,378424,378424,2022-01-03T09:15:00.000000,2026-02-02T15:29:00.000000,50,0,0,100
BHEL,1,378428,2022-01-03T09:15:00.000000,2026-02-02T15:29:00.000000,378428,378428,2022-01-03T09:15:00.000000,2026-02-02T15:29:00.000000,50,0,0,100
TRENT,1440,1014,2022-01-03T00:00:00.000000,2026-02-02T00:00:00.000000,1014,1014,2022-01-03T00:00:00.000000,2026-02-02T00:00:00.000000,50,0,0,100
PIIND,5,75764,2022-01-03T09:15:00.000000,2026-02-03T15:25:00.000000,75764,75764,2022-01-03T09:15:00.000000,2026-02-03T15:25:00.000000,50,0,0,100
HAL,1440,1015,2022-01-03T00:00:00.000000,2026-02-03T00:00:00.000000,1015,1015,2022-01-03T00:00:00.000000,2026-02-03T00:00:00.000000,50,0,0,100
IOB,15,25255,2022-01-03T09:15:00.000000,2026-02-03T15:15:00.000000,25255,25255,2022-01-03T09:15:00.000000,2026-02-03T15:15:00.000000,50,0,0,100
STARHEALTH,5,75762,2022-01-03T09:15:00.000000,2026-02-03T15:25:00.000000,75762,75762,2022-01-03T09:15:00.000000,2026-02-03T15:25:00.000000,50,0,0,100
DELHIVERY,3,114516,2022-05-24T09:15:00.000000,2026-02-04T15:27:00.000000,114516,114516,2022-05-24T09:15:00.000000,2026-02-04T15:27:00.000000,46,0,0,100
ELGIEQUIP,1440,1015,2022-01-03T00:00:00.000000,2026-02-03T00:00:00.000000,1015,1015,2022-01-03T00:00:00.000000,2026-02-03T00:00:00.000000,50,0,0,100
ZENSARTECH,1440,1016,2022-01-03T00:00:00.000000,2026-02-04T00:00:00.000000,1016,1016,2022-01-03T00:00:00.000000,2026-02-04T00:00:00.000000,50,0,0,100
ANGELONE,3,126269,2022-01-03T09:15:00.000000,2026-02-03T15:27:00.000000,126269,126269,2022-01-03T09:15:00.000000,2026-02-03T15:27:00.000000,50,0,0,100
ANANTRAJ,60,7083,2022-01-03T09:00:00.000000,2026-02-04T15:00:00.000000,7083,7083,2022-01-03T09:00:00.000000,2026-02-04T15:00:00.000000,50,0,0,100
IKS,30,3655,2024-12-19T09:30:00.000000,2026-02-05T15:00:00.000000,3655,3655,2024-12-19T09:30:00.000000,2026-02-05T15:00:00.000000,15,0,0,100
MAHABANK,1440,1016,2022-01-03T00:00:00.000000,2026-02-04T00:00:00.000000,1016,1016,2022-01-03T00:00:00.000000,2026-02-04T00:00:00.000000,50,0,0,100
ADANIENT,1,378429,2022-01-03T09:15:00.000000,2026-02-02T15:29:00.000000,378429,378429,2022-01-03T09:15:00.000000,2026-02-02T15:29:00.000000,50,0,0,100
STARHEALTH,10080,215,2021-12-27T00:00:00.000000,2026-02-02T00:00:00.000000,215,215,2021-12-27T00:00:00.000000,2026-02-02T00:00:00.000000,51,0,0,100
LAURUSLABS,3,126273,2022-01-03T09:15:00.000000,2026-02-03T15:27:00.000000,126273,126273,2022-01-03T09:15:00.000000,2026-02-03T15:27:00.000000,50,0,0,100
