symbol,short_name,5m_rows,5m_start,5m_end,15m_rows,15m_start,15m_end,30m_rows,30m_start,30m_end,1h_rows,1h_start,1h_end,1d_rows,1d_start,1d_end
NSE_EQ|INE002A01018,INE002A01018,73805,2022-01-03T09:15:00+05:30,2025-12-26T15:25:00+05:30,24602,2022-01-03T09:15:00+05:30,2025-12-26T15:15:00+05:30,12796,2022-01-03T09:15:00+05:30,2025-12-26T15:15:00+05:30,6891,2022-01-03T09:15:00+05:30,2025-12-26T15:15:00+05:30,989,2022-01-03T00:00:00+05:30,2025-12-26T00:00:00+05:30
NSE_EQ|INE002L01015,INE002L01015,73812,2022-01-03T09:15:00+05:30,2025-12-26T15:25:00+05:30,24605,2022-01-03T09:15:00+05:30,2025-12-26T15:15:00+05:30,12797,2022-01-03T09:15:00+05:30,2025-12-26T15:15:00+05:30,6891,2022-01-03T09:15:00+05:30,2025-12-26T15:15:00+05:30,989,2022-01-03T00:00:00+05:30,2025-12-26T00:00:00+05:30
NSE_EQ|INE002S01010,INE002S01010,73814,2022-01-03T09:15:00+05:30,2025-12-26T15:25:00+05:30,24605,2022-01-03T09:15:00+05:30,2025-12-26T15:15:00+05:30,12797,2022-01-03T09:15:00+05:30,2025-12-26T15:15:00+05:30,6891,2022-01-03T09:15:00+05:30,2025-12-26T15:15:00+05:30,989,2022-01-03T00:00:00+05:30,2025-12-26T00:00:00+05:30
NSE_EQ|INE003A01024,INE003A01024,73805,2022-01-03T09:15:00+05:30,2025-12-26T15:25:00+05:30,24602,2022-01-03T09:15:00+05:30,2025-12-26T15:15:00+05:30,12796,2022-01-03T09:15:00+05:30,2025-12-26T15:15:00+05:30,6891,2022-01-03T09:15:00+05:30,2025-12-26T15:15:00+05:30,989,2022-01-03T00:00:00+05:30,2025-12-26T00:00:00+05:30
NSE_EQ|INE006I01046,INE006I01046,73814,2022-01-03T09:15:00+05:30,2025-12-26T15:25:00+05:30,24605,2022-01-03T09:15:00+05:30,2025-12-26T15:15:00+05:30,12797,2022-01-03T09:15:00+05:30,2025-12-26T15:15:00+05:30,6891,2022-01-03T09:15:00+05:30,2025-12-26T15:15:00+05:30,989,2022-01-03T00:00:00+05:30,2025-12-26T00:00:00+05:30
NSE_EQ|INE007A01025,INE007A01025,73813,2022-01-03T09:15:00+05:30,2025-12-26T15:25:00+05:30,24605,2022-01-03T09:15:00+05:30,2025-12-26T15:15:00+05:30,12797,2022-01-03T09:15:00+05:30,2025-12-26T15:15:00+05:30,6891,2022-01-03T09:15:00+05:30,2025-12-26T15:15:00+05:30,989,2022-01-03T00:00:00+05:30,2025-12-26T00:00:00+05:30
NSE_EQ|INE008A01015,INE008A01015,73811,2022-01-03T09:15:00+05:30,2025-12-26T15:25:00+05:30,24605,2022-01-03T09:15:00+05:30,2025-12-26T15:15:00+05:30,12797,2022-01-03T09:15:00+05:30,2025-12-26T15:15:00+05:30,6891,2022-01-03T09:15:00+05:30,2025-12-26T15:15:00+05:30,989,2022-01-03T00:00:00+05:30,2025-12-26T00:00:00+05:30
NSE_EQ|INE009A01021,INE009A01021,73814,2022-01-03T09:15:00+05:30,2025-12-26T15:25:00+05:30,24605,2022-01-03T09:15:00+05:30,2025-12-26T15:15:00+05:30,12797,2022-01-03T09:15:00+05:30,2025-12-26T15:15:00+05:30,6891,2022-01-03T09:15:00+05:30,2025-12-26T15:15:00+05:30,989,2022-01-03T00:00:00+05:30,2025-12-26T00:00:00+05:30
NSE_EQ|INE00E101023,INE00E101023,57749,2022-11-16T09:15:00+05:30,2025-12-26T15:25:00+05:30,19251,2022-11-16T09:15:00+05:30,2025-12-26T15:15:00+05:30,10013,2022-11-16T09:15:00+05:30,2025-12-26T15:15:00+05:30,5392,2022-11-16T09:15:00+05:30,2025-12-26T15:15:00+05:30,774,2022-11-16T00:00:00+05:30,2025-12-26T00:00:00+05:30
NSE_EQ|INE00H001014,INE00H001014,20783,2024-11-13T09:35:00+05:30,2025-12-26T15:25:00+05:30,6928,2024-11-13T09:30:00+05:30,2025-12-26T15:15:00+05:30,3603,2024-11-13T09:15:00+05:30,2025-12-26T15:15:00+05:30,1940,2024-11-13T09:15:00+05:30,2025-12-26T15:15:00+05:30,278,2024-11-13T00:00:00+05:30,2025-12-26T00:00:00+05:30
NSE_EQ|INE00LO01017,INE00LO01017,73812,2022-01-03T09:15:00+05:30,2025-12-26T15:25:00+05:30,24605,2022-01-03T09:15:00+05:30,2025-12-26T15:15:00+05:30,12797,2022-01-03T09:15:00+05:30,2025-12-26T15:15:00+05:30,6891,2022-01-03T09:15:00+05:30,2025-12-26T15:15:00+05:30,989,2022-01-03T00:00:00+05:30,2025-12-26T00:00:00+05:30
NSE_EQ|INE00R701025,INE00R701025,73814,2022-01-03T09:15:00+05:30,2025-12-26T15:25:00+05:30,24605,2022-01-03T09:15:00+05:30,2025-12-26T15:15:00+05:30,12797,2022-01-03T09:15:00+05:30,2025-12-26T15:15:00+05:30,6891,2022-01-03T09:15:00+05:30,2025-12-26T15:15:00+05:30,989,2022-01-03T00:00:00+05:30,2025-12-26T00:00:00+05:30
NSE_EQ|INE00WC01027,INE00WC01027,73813,2022-01-03T09:15:00+05:30,2025-12-26T15:25:00+05:30,24605,2022-01-03T09:15:00+05:30,2025-12-26T15:15:00+05:30,12797,2022-01-03T09:15:00+05:30,2025-12-26T15:15:00+05:30,6891,2022-01-03T09:15:00+05:30,2025-12-26T15:15:00+05:30,989,2022-01-03T00:00:00+05:30,2025-12-26T00:00:00+05:30
NSE_EQ|INE010J01012,INE010J01012,73812,2022-01-03T09:15:00+05:30,2025-12-26T15:25:00+05:30,24605,2022-01-03T09:15:00+05:30,2025-12-26T15:15:00+05:30,12797,2022-01-03T09:15:00+05:30,2025-12-26T15:15:00+05:30,6891,2022-01-03T09:15:00+05:30,2025-12-26T15:15:00+05:30,989,2022-01-03T00:00:00+05:30,2025-12-26T00:00:00+05:30
NSE_EQ|INE010V01017,INE010V01017,73814,2022-01-03T09:15:00+05:30,2025-12-26T15:25:00+05:30,24605,2022-01-03T09:15:00+05:30,2025-12-26T15:15:00+05:30,12797,2022-01-03T09:15:00+05:30,2025-12-26T15:15:00+05:30,6891,2022-01-03T09:15:00+05:30,2025-12-26T15:15:00+05:30,989,2022-01-03T00:00:00+05:30,2025-12-26T00:00:00+05:30
NSE_EQ|INE012A01025,INE012A01025,73814,2022-01-03T09:15:00+05:30,2025-12-26T15:25:00+05:30,24605,2022-01-03T09:15:00+05:30,2025-12-26T15:15:00+05:30,12797,2022-01-03T09:15:00+05:30,2025-12-26T15:15:00+05:30,6891,2022-01-03T09:15:00+05:30,2025-12-26T15:15:00+05:30,989,2022-01-03T00:00:00+05:30,2025-12-26T00:00:00+05:30
NSE_EQ|INE013P01021,INE013P01021,17108,2025-01-24T09:35:00+05:30,2025-12-26T15:25:00+05:30,5703,2025-01-24T09:30:00+05:30,2025-12-26T15:15:00+05:30,2966,2025-01-24T09:15:00+05:30,2025-12-26T15:15:00+05:30,1597,2025-01-24T09:15:00+05:30,2025-12-26T15:15:00+05:30,229,2025-01-24T00:00:00+05:30,2025-12-26T00:00:00+05:30
NSE_EQ|INE016A01026,INE016A01026,73814,2022-01-03T09:15:00+05:30,2025-12-26T15:25:00+05:30,24605,2022-01-03T09:15:00+05:30,2025-12-26T15:15:00+05:30,12797,2022-01-03T09:15:00+05:30,2025-12-26T15:15:00+05:30,6891,2022-01-03T09:15:00+05:30,2025-12-26T15:15:00+05:30,989,2022-01-03T00:00:00+05:30,2025-12-26T00:00:00+05:30
NSE_EQ|INE017A01032,INE017A01032,73811,2022-01-03T09:15:00+05:30,2025-12-26T15:25:00+05:30,24605,2022-01-03T09:15:00+05:30,2025-12-26T15:15:00+05:30,12797,2022-01-03T09:15:00+05:30,2025-12-26T15:15:00+05:30,6891,2022-01-03T09:15:00+05:30,2025-12-26T15:15:00+05:30,989,2022-01-03T00:00:00+05:30,2025-12-26T00:00:00+05:30
NSE_EQ|INE018A01030,INE018A01030,73814,2022-01-03T09:15:00+05:30,2025-12-26T15:25:00+05:30,24605,2022-01-03T09:15:00+05:30,2025-12-26T15:15:00+05:30,12797,2022-01-03T09:15:00+05:30,2025-12-26T15:15:00+05:30,6891,2022-01-03T09:15:00+05:30,2025-12-26T15:15:00+05:30,989,2022-01-03T00:00:00+05:30,2025-12-26T00:00:00+05:30
NSE_EQ|INE018E01016,INE018E01016,73814,2022-01-03T09:15:00+05:30,2025-12-26T15:25:00+05:30,24605,2022-01-03T09:15:00+05:30,2025-12-26T15:15:00+05:30,12797,2022-01-03T09:15:00+05:30,2025-12-26T15:15:00+05:30,6891,2022-01-03T09:15:00+05:30,2025-12-26T15:15:00+05:30,989,2022-01-03T00:00:00+05:30,2025-12-26T00:00:00+05:30
NSE_EQ|INE019A01038,INE019A01038,73814,2022-01-03T09:15:00+05:30,2025-12-26T15:25:00+05:30,24605,2022-01-03T09:15:00+05:30,2025-12-26T15:15:00+05:30,12797,2022-01-03T09:15:00+05:30,2025-12-26T15:15:00+05:30,6891,2022-01-03T09:15:00+05:30,2025-12-26T15:15:00+05:30,989,2022-01-03T00:00:00+05:30,2025-12-26T00:00:00+05:30
NSE_EQ|INE019C01026,INE019C01026,73811,2022-01-03T09:15:00+05:30,2025-12-26T15:25:00+05:30,24605,2022-01-03T09:15:00+05:30,2025-12-26T15:15:00+05:30,12797,2022-01-03T09:15:00+05:30,2025-12-26T15:15:00+05:30,6891,2022-01-03T09:15:00+05:30,2025-12-26T15:15:00+05:30,989,2022-01-03T00:00:00+05:30,2025-12-26T00:00:00+05:30
NSE_EQ|INE01EA01019,INE01EA01019,19058,2024-12-18T09:35:00+05:30,2025-12-26T15:25:00+05:30,6353,2024-12-18T09:30:00+05:30,2025-12-26T15:15:00+05:30,3304,2024-12-18T09:15:00+05:30,2025-12-26T15:15:00+05:30,1779,2024-12-18T09:15:00+05:30,2025-12-26T15:15:00+05:30,255,2024-12-18T00:00:00+05:30,2025-12-26T00:00:00+05:30
NSE_EQ|INE020B01018,INE020B01018,73814,2022-01-03T09:15:00+05:30,2025-12-26T15:25:00+05:30,24605,2022-01-03T09:15:00+05:30,2025-12-26T15:15:00+05:30,12797,2022-01-03T09:15:00+05:30,2025-12-26T15:15:00+05:30,6891,2022-01-03T09:15:00+05:30,2025-12-26T15:15:00+05:30,989,2022-01-03T00:00:00+05:30,2025-12-26T00:00:00+05:30
NSE_EQ|INE021A01026,INE021A01026,73814,2022-01-03T09:15:00+05:30,2025-12-26T15:25:00+05:30,24605,2022-01-03T09:15:00+05:30,2025-12-26T15:15:00+05:30,12797,2022-01-03T09:15:00+05:30,2025-12-26T15:15:00+05:30,6891,2022-01-03T09:15:00+05:30,2025-12-26T15:15:00+05:30,989,2022-01-03T00:00:00+05:30,2025-12-26T00:00:00+05:30
NSE_EQ|INE022Q01020,INE022Q01020,73814,2022-01-03T09:15:00+05:30,2025-12-26T15:25:00+05:30,24605,2022-01-03T09:15:00+05:30,2025-12-26T15:15:00+05:30,12797,2022-01-03T09:15:00+05:30,2025-12-26T15:15:00+05:30,6891,2022-01-03T09:15:00+05:30,2025-12-26T15:15:00+05:30,989,2022-01-03T00:00:00+05:30,2025-12-26T00:00:00+05:30
NSE_EQ|INE024L01027,INE024L01027,73800,2022-01-03T09:15:00+05:30,2025-12-26T15:25:00+05:30,24605,2022-01-03T09:15:00+05:30,2025-12-26T15:15:00+05:30,12797,2022-01-03T09:15:00+05:30,2025-12-26T15:15:00+05:30,6891,2022-01-03T09:15:00+05:30,2025-12-26T15:15:00+05:30,989,2022-01-03T00:00:00+05:30,2025-12-26T00:00:00+05:30
NSE_EQ|INE027A01015,INE027A01015,73812,2022-01-03T09:15:00+05:30,2025-12-26T15:25:00+05:30,24605,2022-01-03T09:15:00+05:30,2025-12-26T15:15:00+05:30,12797,2022-01-03T09:15:00+05:30,2025-12-26T15:15:00+05:30,6891,2022-01-03T09:15:00+05:30,2025-12-26T15:15:00+05:30,989,2022-01-03T00:00:00+05:30,2025-12-26T00:00:00+05:30
NSE_EQ|INE027H01010,INE027H01010,73813,2022-01-03T09:15:00+05:30,2025-12-26T15:25:00+05:30,24605,2022-01-03T09:15:00+05:30,2025-12-26T15:15:00+05:30,12797,2022-01-03T09:15:00+05:30,2025-12-26T15:15:00+05:30,6891,2022-01-03T09:15:00+05:30,2025-12-26T15:15:00+05:30,989,2022-01-03T00:00:00+05:30,2025-12-26T00:00:00+05:30
NSE_EQ|INE028A01039,INE028A01039,73814,2022-01-03T09:15:00+05:30,2025-12-26T15:25:00+05:30,24605,2022-01-03T09:15:00+05:30,2025-12-26T15:15:00+05:30,12797,2022-01-03T09:15:00+05:30,2025-12-26T15:15:00+05:30,6891,2022-01-03T09:15:00+05:30,2025-12-26T15:15:00+05:30,989,2022-01-03T00:00:00+05:30,2025-12-26T00:00:00+05:30
NSE_EQ|INE029A01011,INE029A01011,73814,2022-01-03T09:15:00+05:30,2025-12-26T15:25:00+05:30,24605,2022-01-03T09:15:00+05:30,2025-12-26T15:15:00+05:30,12797,2022-01-03T09:15:00+05:30,2025-12-26T15:15:00+05:30,6891,2022-01-03T09:15:00+05:30,2025-12-26T15:15:00+05:30,989,2022-01-03T00:00:00+05:30,2025-12-26T00:00:00+05:30
NSE_EQ|INE02RE01045,INE02RE01045,25515,2024-08-13T10:00:00+05:30,2025-12-26T15:25:00+05:30,8505,2024-08-13T10:00:00+05:30,2025-12-26T15:15:00+05:30,4423,2024-08-13T09:45:00+05:30,2025-12-26T15:15:00+05:30,2382,2024-08-13T09:15:00+05:30,2025-12-26T15:15:00+05:30,342,2024-08-13T00:00:00+05:30,2025-12-26T00:00:00+05:30
NSE_EQ|INE030A01027,INE030A01027,73805,2022-01-03T09:15:00+05:30,2025-12-26T15:25:00+05:30,24602,2022-01-03T09:15:00+05:30,2025-12-26T15:15:00+05:30,12796,2022-01-03T09:15:00+05:30,2025-12-26T15:15:00+05:30,6891,2022-01-03T09:15:00+05:30,2025-12-26T15:15:00+05:30,989,2022-01-03T00:00:00+05:30,2025-12-26T00:00:00+05:30
NSE_EQ|INE031A01017,INE031A01017,73811,2022-01-03T09:15:00+05:30,2025-12-26T15:25:00+05:30,24605,2022-01-03T09:15:00+05:30,2025-12-26T15:15:00+05:30,12797,2022-01-03T09:15:00+05:30,2025-12-26T15:15:00+05:30,6891,2022-01-03T09:15:00+05:30,2025-12-26T15:15:00+05:30,989,2022-01-03T00:00:00+05:30,2025-12-26T00:00:00+05:30
NSE_EQ|INE031B01049,INE031B01049,73813,2022-01-03T09:15:00+05:30,2025-12-26T15:25:00+05:30,24605,2022-01-03T09:15:00+05:30,2025-12-26T15:15:00+05:30,12797,2022-01-03T09:15:00+05:30,2025-12-26T15:15:00+05:30,6891,2022-01-03T09:15:00+05:30,2025-12-26T15:15:00+05:30,989,2022-01-03T00:00:00+05:30,2025-12-26T00:00:00+05:30
NSE_EQ|INE036A01016,INE036A01016,73512,2022-01-03T09:15:00+05:30,2025-12-19T15:25:00+05:30,24505,2022-01-03T09:15:00+05:30,2025-12-19T15:15:00+05:30,12745,2022-01-03T09:15:00+05:30,2025-12-19T15:15:00+05:30,6863,2022-01-03T09:15:00+05:30,2025-12-19T15:15:00+05:30,985,2022-01-03T00:00:00+05:30,2025-12-19T00:00:00+05:30
NSE_EQ|INE036D01028,INE036D01028,73813,2022-01-03T09:15:00+05:30,2025-12-26T15:25:00+05:30,24605,2022-01-03T09:15:00+05:30,2025-12-26T15:15:00+05:30,12797,2022-01-03T09:15:00+05:30,2025-12-26T15:15:00+05:30,6891,2022-01-03T09:15:00+05:30,2025-12-26T15:15:00+05:30,989,2022-01-03T00:00:00+05:30,2025-12-26T00:00:00+05:30
NSE_EQ|INE038A01020,INE038A01020,73814,2022-01-03T09:15:00+05:30,2025-12-26T15:25:00+05:30,24605,2022-01-03T09:15:00+05:30,2025-12-26T15:15:00+05:30,12797,2022-01-03T09:15:00+05:30,2025-12-26T15:15:00+05:30,6891,2022-01-03T09:15:00+05:30,2025-12-26T15:15:00+05:30,989,2022-01-03T00:00:00+05:30,2025-12-26T00:00:00+05:30
NSE_EQ|INE039A01010,INE039A01010,73811,2022-01-03T09:15:00+05:30,2025-12-26T15:25:00+05:30,24605,2022-01-03T09:15:00+05:30,2025-12-26T15:15:00+05:30,12797,2022-01-03T09:15:00+05:30,2025-12-26T15:15:00+05:30,6891,2022-01-03T09:15:00+05:30,2025-12-26T15:15:00+05:30,989,2022-01-03T00:00:00+05:30,2025-12-26T00:00:00+05:30
NSE_EQ|INE03JT01014,INE03JT01014,29720,2024-05-23T09:15:00+05:30,2025-12-26T15:25:00+05:30,9908,2024-05-23T09:15:00+05:30,2025-12-26T15:15:00+05:30,5152,2024-05-23T09:15:00+05:30,2025-12-26T15:15:00+05:30,2774,2024-05-23T09:15:00+05:30,2025-12-26T15:15:00+05:30,398,2024-05-23T00:00:00+05:30,2025-12-26T00:00:00+05:30
NSE_EQ|INE03QK01018,INE03QK01018,73812,2022-01-03T09:15:00+05:30,2025-12-26T15:25:00+05:30,24605,2022-01-03T09:15:00+05:30,2025-12-26T15:15:00+05:30,12797,2022-01-03T09:15:00+05:30,2025-12-26T15:15:00+05:30,6891,2022-01-03T09:15:00+05:30,2025-12-26T15:15:00+05:30,989,2022-01-03T00:00:00+05:30,2025-12-26T00:00:00+05:30
NSE_EQ|INE040A01034,INE040A01034,73814,2022-01-03T09:15:00+05:30,2025-12-26T15:25:00+05:30,24605,2022-01-03T09:15:00+05:30,2025-12-26T15:15:00+05:30,12797,2022-01-03T09:15:00+05:30,2025-12-26T15:15:00+05:30,6891,2022-01-03T09:15:00+05:30,2025-12-26T15:15:00+05:30,989,2022-01-03T00:00:00+05:30,2025-12-26T00:00:00+05:30
NSE_EQ|INE040H01021,INE040H01021,73812,2022-01-03T09:15:00+05:30,2025-12-26T15:25:00+05:30,24605,2022-01-03T09:15:00+05:30,2025-12-26T15:15:00+05:30,12797,2022-01-03T09:15:00+05:30,2025-12-26T15:15:00+05:30,6891,2022-01-03T09:15:00+05:30,2025-12-26T15:15:00+05:30,989,2022-01-03T00:00:00+05:30,2025-12-26T00:00:00+05:30
NSE_EQ|INE042A01014,INE042A01014,73814,2022-01-03T09:15:00+05:30,2025-12-26T15:25:00+05:30,24605,2022-01-03T09:15:00+05:30,2025-12-26T15:15:00+05:30,12797,2022-01-03T09:15:00+05:30,2025-12-26T15:15:00+05:30,6891,2022-01-03T09:15:00+05:30,2025-12-26T15:15:00+05:30,989,2022-01-03T00:00:00+05:30,2025-12-26T00:00:00+05:30
NSE_EQ|INE043W01024,INE043W01024,73811,2022-01-03T09:15:00+05:30,2025-12-26T15:25:00+05:30,24605,2022-01-03T09:15:00+05:30,2025-12-26T15:15:00+05:30,12797,2022-01-03T09:15:00+05:30,2025-12-26T15:15:00+05:30,6891,2022-01-03T09:15:00+05:30,2025-12-26T15:15:00+05:30,989,2022-01-03T00:00:00+05:30,2025-12-26T00:00:00+05:30
NSE_EQ|INE044A01036,INE044A01036,73814,2022-01-03T09:15:00+05:30,2025-12-26T15:25:00+05:30,24605,2022-01-03T09:15:00+05:30,2025-12-26T15:15:00+05:30,12797,2022-01-03T09:15:00+05:30,2025-12-26T15:15:00+05:30,6891,2022-01-03T09:15:00+05:30,2025-12-26T15:15:00+05:30,989,2022-01-03T00:00:00+05:30,2025-12-26T00:00:00+05:30
NSE_EQ|INE047A01021,INE047A01021,73814,2022-01-03T09:15:00+05:30,2025-12-26T15:25:00+05:30,24605,2022-01-03T09:15:00+05:30,2025-12-26T15:15:00+05:30,12797,2022-01-03T09:15:00+05:30,2025-12-26T15:15:00+05:30,6891,2022-01-03T09:15:00+05:30,2025-12-26T15:15:00+05:30,989,2022-01-03T00:00:00+05:30,2025-12-26T00:00:00+05:30
NSE_EQ|INE048G01026,INE048G01026,73814,2022-01-03T09:15:00+05:30,2025-12-26T15:25:00+05:30,24605,2022-01-03T09:15:00+05:30,2025-12-26T15:15:00+05:30,12797,2022-01-03T09:15:00+05:30,2025-12-26T15:15:00+05:30,6891,2022-01-03T09:15:00+05:30,2025-12-26T15:15:00+05:30,989,2022-01-03T00:00:00+05:30,2025-12-26T00:00:00+05:30
NSE_EQ|INE049B01025,INE049B01025,73812,2022-01-03T09:15:00+05:30,2025-12-26T15:25:00+05:30,24605,2022-01-03T09:15:00+05:30,2025-12-26T15:15:00+05:30,12797,2022-01-03T09:15:00+05:30,2025-12-26T15:15:00+05:30,6891,2022-01-03T09:15:00+05:30,2025-12-26T15:15:00+05:30,989,2022-01-03T00:00:00+05:30,2025-12-26T00:00:00+05:30
NSE_EQ|INE04I401011,INE04I401011,73813,2022-01-03T09:15:00+05:30,2025-12-26T15:25:00+05:30,24605,2022-01-03T09:15:00+05:30,2025-12-26T15:15:00+05:30,12797,2022-01-03T09:15:00+05:30,2025-12-26T15:15:00+05:30,6891,2022-01-03T09:15:00+05:30,2025-12-26T15:15:00+05:30,989,2022-01-03T00:00:00+05:30,2025-12-26T00:00:00+05:30
NSE_EQ|INE050A01025,INE050A01025,73811,2022-01-03T09:15:00+05:30,2025-12-26T15:25:00+05:30,24605,2022-01-03T09:15:00+05:30,2025-12-26T15:15:00+05:30,12797,2022-01-03T09:15:00+05:30,2025-12-26T15:15:00+05:30,6891,2022-01-03T09:15:00+05:30,2025-12-26T15:15:00+05:30,989,2022-01-03T00:00:00+05:30,2025-12-26T00:00:00+05:30
NSE_EQ|INE053A01029,INE053A01029,73814,2022-01-03T09:15:00+05:30,2025-12-26T15:25:00+05:30,24605,2022-01-03T09:15:00+05:30,2025-12-26T15:15:00+05:30,12797,2022-01-03T09:15:00+05:30,2025-12-26T15:15:00+05:30,6891,2022-01-03T09:15:00+05:30,2025-12-26T15:15:00+05:30,989,2022-01-03T00:00:00+05:30,2025-12-26T00:00:00+05:30
NSE_EQ|INE053F01010,INE053F01010,73811,2022-01-03T09:15:00+05:30,2025-12-26T15:25:00+05:30,24605,2022-01-03T09:15:00+05:30,2025-12-26T15:15:00+05:30,12797,2022-01-03T09:15:00+05:30,2025-12-26T15:15:00+05:30,6891,2022-01-03T09:15:00+05:30,2025-12-26T15:15:00+05:30,989,2022-01-03T00:00:00+05:30,2025-12-26T00:00:00+05:30
NSE_EQ|INE055A01016,INE055A01016,73813,2022-01-03T09:15:00+05:30,2025-12-26T15:25:00+05:30,24605,2022-01-03T09:15:00+05:30,2025-12-26T15:15:00+05:30,12797,2022-01-03T09:15:00+05:30,2025-12-26T15:15:00+05:30,6891,2022-01-03T09:15:00+05:30,2025-12-26T15:15:00+05:30,989,2022-01-03T00:00:00+05:30,2025-12-26T00:00:00+05:30
NSE_EQ|INE059A01026,INE059A01026,73814,2022-01-03T09:15:00+05:30,2025-12-26T15:25:00+05:30,24605,2022-01-03T09:15:00+05:30,2025-12-26T15:15:00+05:30,12797,2022-01-03T09:15:00+05:30,2025-12-26T15:15:00+05:30,6891,2022-01-03T09:15:00+05:30,2025-12-26T15:15:00+05:30,989,2022-01-03T00:00:00+05:30,2025-12-26T00:00:00+05:30
NSE_EQ|INE061F01013,INE061F01013,73811,2022-01-03T09:15:00+05:30,2025-12-26T15:25:00+05:30,24605,2022-01-03T09:15:00+05:30,2025-12-26T15:15:00+05:30,12797,2022-01-03T09:15:00+05:30,2025-12-26T15:15:00+05:30,6891,2022-01-03T09:15:00+05:30,2025-12-26T15:15:00+05:30,989,2022-01-03T00:00:00+05:30,2025-12-26T00:00:00+05:30
NSE_EQ|INE062A01020,INE062A01020,73814,2022-01-03T09:15:00+05:30,2025-12-26T15:25:00+05:30,24605,2022-01-03T09:15:00+05:30,2025-12-26T15:15:00+05:30,12797,2022-01-03T09:15:00+05:30,2025-12-26T15:15:00+05:30,6891,2022-01-03T09:15:00+05:30,2025-12-26T15:15:00+05:30,989,2022-01-03T00:00:00+05:30,2025-12-26T00:00:00+05:30
NSE_EQ|INE064C01022,INE064C01022,73812,2022-01-03T09:15:00+05:30,2025-12-26T15:25:00+05:30,24605,2022-01-03T09:15:00+05:30,2025-12-26T15:15:00+05:30,12797,2022-01-03T09:15:00+05:30,2025-12-26T15:15:00+05:30,6891,2022-01-03T09:15:00+05:30,2025-12-26T15:15:00+05:30,989,2022-01-03T00:00:00+05:30,2025-12-26T00:00:00+05:30
NSE_EQ|INE065X01017,INE065X01017,30266,2024-05-13T09:15:00+05:30,2025-12-26T15:25:00+05:30,10090,2024-05-13T09:15:00+05:30,2025-12-26T15:15:00+05:30,5248,2024-05-13T09:15:00+05:30,2025-12-26T15:15:00+05:30,2826,2024-05-13T09:15:00+05:30,2025-12-26T15:15:00+05:30,406,2024-05-13T00:00:00+05:30,2025-12-26T00:00:00+05:30
NSE_EQ|INE066A01021,INE066A01021,73814,2022-01-03T09:15:00+05:30,2025-12-26T15:25:00+05:30,24605,2022-01-03T09:15:00+05:30,2025-12-26T15:15:00+05:30,12797,2022-01-03T09:15:00+05:30,2025-12-26T15:15:00+05:30,6891,2022-01-03T09:15:00+05:30,2025-12-26T15:15:00+05:30,989,2022-01-03T00:00:00+05:30,2025-12-26T00:00:00+05:30
NSE_EQ|INE066F01020,INE066F01020,73814,2022-01-03T09:15:00+05:30,2025-12-26T15:25:00+05:30,24605,2022-01-03T09:15:00+05:30,2025-12-26T15:15:00+05:30,12797,2022-01-03T09:15:00+05:30,2025-12-26T15:15:00+05:30,6891,2022-01-03T09:15:00+05:30,2025-12-26T15:15:00+05:30,989,2022-01-03T00:00:00+05:30,2025-12-26T00:00:00+05:30
NSE_EQ|INE066P01011,INE066P01011,73809,2022-01-03T09:15:00+05:30,2025-12-26T15:25:00+05:30,24605,2022-01-03T09:15:00+05:30,2025-12-26T15:15:00+05:30,12797,2022-01-03T09:15:00+05:30,2025-12-26T15:15:00+05:30,6891,2022-01-03T09:15:00+05:30,2025-12-26T15:15:00+05:30,989,2022-01-03T00:00:00+05:30,2025-12-26T00:00:00+05:30
NSE_EQ|INE067A01029,INE067A01029,73813,2022-01-03T09:15:00+05:30,2025-12-26T15:25:00+05:30,24605,2022-01-03T09:15:00+05:30,2025-12-26T15:15:00+05:30,12797,2022-01-03T09:15:00+05:30,2025-12-26T15:15:00+05:30,6891,2022-01-03T09:15:00+05:30,2025-12-26T15:15:00+05:30,989,2022-01-03T00:00:00+05:30,2025-12-26T00:00:00+05:30
NSE_EQ|INE068V01023,INE068V01023,73811,2022-01-03T09:15:00+05:30,2025-12-26T15:25:00+05:30,24605,2022-01-03T09:15:00+05:30,2025-12-26T15:15:00+05:30,12797,2022-01-03T09:15:00+05:30,2025-12-26T15:15:00+05:30,6891,2022-01-03T09:15:00+05:30,2025-12-26T15:15:00+05:30,989,2022-01-03T00:00:00+05:30,2025-12-26T00:00:00+05:30
NSE_EQ|INE070A01015,INE070A01015,73814,2022-01-03T09:15:00+05:30,2025-12-26T15:25:00+05:30,24605,2022-01-03T09:15:00+05:30,2025-12-26T15:15:00+05:30,12797,2022-01-03T09:15:00+05:30,2025-12-26T15:15:00+05:30,6891,2022-01-03T09:15:00+05:30,2025-12-26T15:15:00+05:30,989,2022-01-03T00:00:00+05:30,2025-12-26T00:00:00+05:30
NSE_EQ|INE073K01018,INE073K01018,73812,2022-01-03T09:15:00+05:30,2025-12-26T15:25:00+05:30,24605,2022-01-03T09:15:00+05:30,2025-12-26T15:15:00+05:30,12797,2022-01-03T09:15:00+05:30,2025-12-26T15:15:00+05:30,6891,2022-01-03T09:15:00+05:30,2025-12-26T15:15:00+05:30,989,2022-01-03T00:00:00+05:30,2025-12-26T00:00:00+05:30
NSE_EQ|INE074A01025,INE074A01025,73813,2022-01-03T09:15:00+05:30,2025-12-26T15:25:00+05:30,24605,2022-01-03T09:15:00+05:30,2025-12-26T15:15:00+05:30,12797,2022-01-03T09:15:00+05:30,2025-12-26T15:15:00+05:30,6891,2022-01-03T09:15:00+05:30,2025-12-26T15:15:00+05:30,989,2022-01-03T00:00:00+05:30,2025-12-26T00:00:00+05:30
NSE_EQ|INE075A01022,INE075A01022,73814,2022-01-03T09:15:00+05:30,2025-12-26T15:25:00+05:30,24605,2022-01-03T09:15:00+05:30,2025-12-26T15:15:00+05:30,12797,2022-01-03T09:15:00+05:30,2025-12-26T15:15:00+05:30,6891,2022-01-03T09:15:00+05:30,2025-12-26T15:15:00+05:30,989,2022-01-03T00:00:00+05:30,2025-12-26T00:00:00+05:30
NSE_EQ|INE079A01024,INE079A01024,73814,2022-01-03T09:15:00+05:30,2025-12-26T15:25:00+05:30,24605,2022-01-03T09:15:00+05:30,2025-12-26T15:15:00+05:30,12797,2022-01-03T09:15:00+05:30,2025-12-26T15:15:00+05:30,6891,2022-01-03T09:15:00+05:30,2025-12-26T15:15:00+05:30,989,2022-01-03T00:00:00+05:30,2025-12-26T00:00:00+05:30
NSE_EQ|INE07Y701011,INE07Y701011,73812,2022-01-03T09:15:00+05:30,2025-12-26T15:25:00+05:30,24605,2022-01-03T09:15:00+05:30,2025-12-26T15:15:00+05:30,12797,2022-01-03T09:15:00+05:30,2025-12-26T15:15:00+05:30,6891,2022-01-03T09:15:00+05:30,2025-12-26T15:15:00+05:30,989,2022-01-03T00:00:00+05:30,2025-12-26T00:00:00+05:30
NSE_EQ|INE081A01020,INE081A01020,73814,2022-01-03T09:15:00+05:30,2025-12-26T15:25:00+05:30,24605,2022-01-03T09:15:00+05:30,2025-12-26T15:15:00+05:30,12797,2022-01-03T09:15:00+05:30,2025-12-26T15:15:00+05:30,6891,2022-01-03T09:15:00+05:30,2025-12-26T15:15:00+05:30,989,2022-01-03T00:00:00+05:30,2025-12-26T00:00:00+05:30
NSE_EQ|INE084A01016,INE084A01016,73813,2022-01-03T09:15:00+05:30,2025-12-26T15:25:00+05:30,24605,2022-01-03T09:15:00+05:30,2025-12-26T15:15:00+05:30,12797,2022-01-03T09:15:00+05:30,2025-12-26T15:15:00+05:30,6891,2022-01-03T09:15:00+05:30,2025-12-26T15:15:00+05:30,989,2022-01-03T00:00:00+05:30,2025-12-26T00:00:00+05:30
NSE_EQ|INE085A01013,INE085A01013,73814,2022-01-03T09:15:00+05:30,2025-12-26T15:25:00+05:30,24605,2022-01-03T09:15:00+05:30,2025-12-26T15:15:00+05:30,12797,2022-01-03T09:15:00+05:30,2025-12-26T15:15:00+05:30,6891,2022-01-03T09:15:00+05:30,2025-12-26T15:15:00+05:30,989,2022-01-03T00:00:00+05:30,2025-12-26T00:00:00+05:30
NSE_EQ|INE089A01031,INE089A01031,73814,2022-01-03T09:15:00+05:30,2025-12-26T15:25:00+05:30,24605,2022-01-03T09:15:00+05:30,2025-12-26T15:15:00+05:30,12797,2022-01-03T09:15:00+05:30,2025-12-26T15:15:00+05:30,6891,2022-01-03T09:15:00+05:30,2025-12-26T15:15:00+05:30,989,2022-01-03T00:00:00+05:30,2025-12-26T00:00:00+05:30
NSE_EQ|INE090A01021,INE090A01021,73814,2022-01-03T09:15:00+05:30,2025-12-26T15:25:00+05:30,24605,2022-01-03T09:15:00+05:30,2025-12-26T15:15:00+05:30,12797,2022-01-03T09:15:00+05:30,2025-12-26T15:15:00+05:30,6891,2022-01-03T09:15:00+05:30,2025-12-26T15:15:00+05:30,989,2022-01-03T00:00:00+05:30,2025-12-26T00:00:00+05:30
NSE_EQ|INE092A01019,INE092A01019,73814,2022-01-03T09:15:00+05:30,2025-12-26T15:25:00+05:30,24605,2022-01-03T09:15:00+05:30,2025-12-26T15:15:00+05:30,12797,2022-01-03T09:15:00+05:30,2025-12-26T15:15:00+05:30,6891,2022-01-03T09:15:00+05:30,2025-12-26T15:15:00+05:30,989,2022-01-03T00:00:00+05:30,2025-12-26T00:00:00+05:30
NSE_EQ|INE092T01019,INE092T01019,73814,2022-01-03T09:15:00+05:30,2025-12-26T15:25:00+05:30,24605,2022-01-03T09:15:00+05:30,2025-12-26T15:15:00+05:30,12797,2022-01-03T09:15:00+05:30,2025-12-26T15:15:00+05:30,6891,2022-01-03T09:15:00+05:30,2025-12-26T15:15:00+05:30,989,2022-01-03T00:00:00+05:30,2025-12-26T00:00:00+05:30
NSE_EQ|INE093A01041,INE093A01041,15683,2025-02-19T09:35:00+05:30,2025-12-26T15:25:00+05:30,5228,2025-02-19T09:30:00+05:30,2025-12-26T15:15:00+05:30,2719,2025-02-19T09:15:00+05:30,2025-12-26T15:15:00+05:30,1464,2025-02-19T09:15:00+05:30,2025-12-26T15:15:00+05:30,210,2025-02-19T00:00:00+05:30,2025-12-26T00:00:00+05:30
NSE_EQ|INE093I01010,INE093I01010,73814,2022-01-03T09:15:00+05:30,2025-12-26T15:25:00+05:30,24605,2022-01-03T09:15:00+05:30,2025-12-26T15:15:00+05:30,12797,2022-01-03T09:15:00+05:30,2025-12-26T15:15:00+05:30,6891,2022-01-03T09:15:00+05:30,2025-12-26T15:15:00+05:30,989,2022-01-03T00:00:00+05:30,2025-12-26T00:00:00+05:30
NSE_EQ|INE094A01015,INE094A01015,73814,2022-01-03T09:15:00+05:30,2025-12-26T15:25:00+05:30,24605,2022-01-03T09:15:00+05:30,2025-12-26T15:15:00+05:30,12797,2022-01-03T09:15:00+05:30,2025-12-26T15:15:00+05:30,6891,2022-01-03T09:15:00+05:30,2025-12-26T15:15:00+05:30,989,2022-01-03T00:00:00+05:30,2025-12-26T00:00:00+05:30
NSE_EQ|INE094J01016,INE094J01016,73812,2022-01-03T09:15:00+05:30,2025-12-26T15:25:00+05:30,24605,2022-01-03T09:15:00+05:30,2025-12-26T15:15:00+05:30,12797,2022-01-03T09:15:00+05:30,2025-12-26T15:15:00+05:30,6891,2022-01-03T09:15:00+05:30,2025-12-26T15:15:00+05:30,989,2022-01-03T00:00:00+05:30,2025-12-26T00:00:00+05:30
NSE_EQ|INE095A01012,INE095A01012,73814,2022-01-03T09:15:00+05:30,2025-12-26T15:25:00+05:30,24605,2022-01-03T09:15:00+05:30,2025-12-26T15:15:00+05:30,12797,2022-01-03T09:15:00+05:30,2025-12-26T15:15:00+05:30,6891,2022-01-03T09:15:00+05:30,2025-12-26T15:15:00+05:30,989,2022-01-03T00:00:00+05:30,2025-12-26T00:00:00+05:30
NSE_EQ|INE095N01031,INE095N01031,73814,2022-01-03T09:15:00+05:30,2025-12-26T15:25:00+05:30,24605,2022-01-03T09:15:00+05:30,2025-12-26T15:15:00+05:30,12797,2022-01-03T09:15:00+05:30,2025-12-26T15:15:00+05:30,6891,2022-01-03T09:15:00+05:30,2025-12-26T15:15:00+05:30,989,2022-01-03T00:00:00+05:30,2025-12-26T00:00:00+05:30
NSE_EQ|INE09N301011,INE09N301011,73811,2022-01-03T09:15:00+05:30,2025-12-26T15:25:00+05:30,24605,2022-01-03T09:15:00+05:30,2025-12-26T15:15:00+05:30,12797,2022-01-03T09:15:00+05:30,2025-12-26T15:15:00+05:30,6891,2022-01-03T09:15:00+05:30,2025-12-26T15:15:00+05:30,989,2022-01-03T00:00:00+05:30,2025-12-26T00:00:00+05:30
NSE_EQ|INE09XN01023,INE09XN01023,25895,2024-08-06T09:15:00+05:30,2025-12-26T15:25:00+05:30,8633,2024-08-06T09:15:00+05:30,2025-12-26T15:15:00+05:30,4489,2024-08-06T09:15:00+05:30,2025-12-26T15:15:00+05:30,2417,2024-08-06T09:15:00+05:30,2025-12-26T15:15:00+05:30,347,2024-08-06T00:00:00+05:30,2025-12-26T00:00:00+05:30
NSE_EQ|INE0AQ201015,INE0AQ201015,10728,2025-06-02T10:00:00+05:30,2025-12-26T15:25:00+05:30,3576,2025-06-02T10:00:00+05:30,2025-12-26T15:15:00+05:30,1860,2025-06-02T09:45:00+05:30,2025-12-26T15:15:00+05:30,1002,2025-06-02T09:15:00+05:30,2025-12-26T15:15:00+05:30,144,2025-06-02T00:00:00+05:30,2025-12-26T00:00:00+05:30
NSE_EQ|INE0BS701011,INE0BS701011,24470,2024-09-03T09:15:00+05:30,2025-12-26T15:25:00+05:30,8158,2024-09-03T09:15:00+05:30,2025-12-26T15:15:00+05:30,4242,2024-09-03T09:15:00+05:30,2025-12-26T15:15:00+05:30,2284,2024-09-03T09:15:00+05:30,2025-12-26T15:15:00+05:30,328,2024-09-03T00:00:00+05:30,2025-12-26T00:00:00+05:30
NSE_EQ|INE0BV301023,INE0BV301023,73813,2022-01-03T09:15:00+05:30,2025-12-26T15:25:00+05:30,24605,2022-01-03T09:15:00+05:30,2025-12-26T15:15:00+05:30,12797,2022-01-03T09:15:00+05:30,2025-12-26T15:15:00+05:30,6891,2022-01-03T09:15:00+05:30,2025-12-26T15:15:00+05:30,989,2022-01-03T00:00:00+05:30,2025-12-26T00:00:00+05:30
NSE_EQ|INE0BY001018,INE0BY001018,73813,2022-01-03T09:15:00+05:30,2025-12-26T15:25:00+05:30,24605,2022-01-03T09:15:00+05:30,2025-12-26T15:15:00+05:30,12797,2022-01-03T09:15:00+05:30,2025-12-26T15:15:00+05:30,6891,2022-01-03T09:15:00+05:30,2025-12-26T15:15:00+05:30,989,2022-01-03T00:00:00+05:30,2025-12-26T00:00:00+05:30
NSE_EQ|INE0DD101019,INE0DD101019,73812,2022-01-03T09:15:00+05:30,2025-12-26T15:25:00+05:30,24605,2022-01-03T09:15:00+05:30,2025-12-26T15:15:00+05:30,12797,2022-01-03T09:15:00+05:30,2025-12-26T15:15:00+05:30,6891,2022-01-03T09:15:00+05:30,2025-12-26T15:15:00+05:30,989,2022-01-03T00:00:00+05:30,2025-12-26T00:00:00+05:30
NSE_EQ|INE0DK501011,INE0DK501011,59036,2022-10-19T09:15:00+05:30,2025-12-26T15:25:00+05:30,19680,2022-10-19T09:15:00+05:30,2025-12-26T15:15:00+05:30,10236,2022-10-19T09:15:00+05:30,2025-12-26T15:15:00+05:30,5512,2022-10-19T09:15:00+05:30,2025-12-26T15:15:00+05:30,792,2022-10-19T00:00:00+05:30,2025-12-26T00:00:00+05:30
NSE_EQ|INE0DYJ01015,INE0DYJ01015,61736,2022-08-26T09:15:00+05:30,2025-12-26T15:25:00+05:30,20580,2022-08-26T09:15:00+05:30,2025-12-26T15:15:00+05:30,10704,2022-08-26T09:15:00+05:30,2025-12-26T15:15:00+05:30,5764,2022-08-26T09:15:00+05:30,2025-12-26T15:15:00+05:30,828,2022-08-26T00:00:00+05:30,2025-12-26T00:00:00+05:30
NSE_EQ|INE0FS801015,INE0FS801015,69536,2022-03-28T09:15:00+05:30,2025-12-26T15:25:00+05:30,23180,2022-03-28T09:15:00+05:30,2025-12-26T15:15:00+05:30,12056,2022-03-28T09:15:00+05:30,2025-12-26T15:15:00+05:30,6492,2022-03-28T09:15:00+05:30,2025-12-26T15:15:00+05:30,932,2022-03-28T00:00:00+05:30,2025-12-26T00:00:00+05:30
NSE_EQ|INE0I7C01011,INE0I7C01011,73813,2022-01-03T09:15:00+05:30,2025-12-26T15:25:00+05:30,24605,2022-01-03T09:15:00+05:30,2025-12-26T15:15:00+05:30,12797,2022-01-03T09:15:00+05:30,2025-12-26T15:15:00+05:30,6891,2022-01-03T09:15:00+05:30,2025-12-26T15:15:00+05:30,989,2022-01-03T00:00:00+05:30,2025-12-26T00:00:00+05:30
NSE_EQ|INE0INX01018,INE0INX01018,10728,2025-06-02T10:00:00+05:30,2025-12-26T15:25:00+05:30,3576,2025-06-02T10:00:00+05:30,2025-12-26T15:15:00+05:30,1860,2025-06-02T09:45:00+05:30,2025-12-26T15:15:00+05:30,1002,2025-06-02T09:15:00+05:30,2025-12-26T15:15:00+05:30,144,2025-06-02T00:00:00+05:30,2025-12-26T00:00:00+05:30
NSE_EQ|INE0IX101010,INE0IX101010,73771,2022-01-03T09:15:00+05:30,2025-12-26T15:25:00+05:30,24593,2022-01-03T09:15:00+05:30,2025-12-26T15:15:00+05:30,12792,2022-01-03T09:15:00+05:30,2025-12-26T15:15:00+05:30,6889,2022-01-03T09:15:00+05:30,2025-12-26T15:15:00+05:30,989,2022-01-03T00:00:00+05:30,2025-12-26T00:00:00+05:30
NSE_EQ|INE0J1Y01017,INE0J1Y01017,67060,2022-05-17T09:40:00+05:30,2025-12-26T15:25:00+05:30,22354,2022-05-17T09:30:00+05:30,2025-12-26T15:15:00+05:30,11627,2022-05-17T09:15:00+05:30,2025-12-26T15:15:00+05:30,6261,2022-05-17T09:15:00+05:30,2025-12-26T15:15:00+05:30,899,2022-05-17T00:00:00+05:30,2025-12-26T00:00:00+05:30
NSE_EQ|INE0J5401028,INE0J5401028,39599,2023-11-07T09:15:00+05:30,2025-12-26T15:25:00+05:30,13201,2023-11-07T09:15:00+05:30,2025-12-26T15:15:00+05:30,6867,2023-11-07T09:15:00+05:30,2025-12-26T15:15:00+05:30,3698,2023-11-07T09:15:00+05:30,2025-12-26T15:15:00+05:30,532,2023-11-07T00:00:00+05:30,2025-12-26T00:00:00+05:30
NSE_EQ|INE0KBH01020,INE0KBH01020,39899,2023-11-01T09:15:00+05:30,2025-12-26T15:25:00+05:30,13301,2023-11-01T09:15:00+05:30,2025-12-26T15:15:00+05:30,6919,2023-11-01T09:15:00+05:30,2025-12-26T15:15:00+05:30,3726,2023-11-01T09:15:00+05:30,2025-12-26T15:15:00+05:30,536,2023-11-01T00:00:00+05:30,2025-12-26T00:00:00+05:30
NSE_EQ|INE0LEZ01016,INE0LEZ01016,12153,2025-05-06T10:00:00+05:30,2025-12-26T15:25:00+05:30,4051,2025-05-06T10:00:00+05:30,2025-12-26T15:15:00+05:30,2107,2025-05-06T09:45:00+05:30,2025-12-26T15:15:00+05:30,1135,2025-05-06T09:15:00+05:30,2025-12-26T15:15:00+05:30,163,2025-05-06T00:00:00+05:30,2025-12-26T00:00:00+05:30
NSE_EQ|INE0LXG01040,INE0LXG01040,25665,2024-08-09T10:00:00+05:30,2025-12-26T15:25:00+05:30,8555,2024-08-09T10:00:00+05:30,2025-12-26T15:15:00+05:30,4449,2024-08-09T09:45:00+05:30,2025-12-26T15:15:00+05:30,2396,2024-08-09T09:15:00+05:30,2025-12-26T15:15:00+05:30,344,2024-08-09T00:00:00+05:30,2025-12-26T00:00:00+05:30
NSE_EQ|INE0NNS01018,INE0NNS01018,52724,2023-02-20T09:15:00+05:30,2025-12-26T15:25:00+05:30,17576,2023-02-20T09:15:00+05:30,2025-12-26T15:15:00+05:30,9142,2023-02-20T09:15:00+05:30,2025-12-26T15:15:00+05:30,4923,2023-02-20T09:15:00+05:30,2025-12-26T15:15:00+05:30,707,2023-02-20T00:00:00+05:30,2025-12-26T00:00:00+05:30
NSE_EQ|INE0NT901020,INE0NT901020,44774,2023-07-27T09:15:00+05:30,2025-12-26T15:25:00+05:30,14926,2023-07-27T09:15:00+05:30,2025-12-26T15:15:00+05:30,7764,2023-07-27T09:15:00+05:30,2025-12-26T15:15:00+05:30,4181,2023-07-27T09:15:00+05:30,2025-12-26T15:15:00+05:30,601,2023-07-27T00:00:00+05:30,2025-12-26T00:00:00+05:30
NSE_EQ|INE0ONG01011,INE0ONG01011,20183,2024-11-27T09:35:00+05:30,2025-12-26T15:25:00+05:30,6728,2024-11-27T09:30:00+05:30,2025-12-26T15:15:00+05:30,3499,2024-11-27T09:15:00+05:30,2025-12-26T15:15:00+05:30,1884,2024-11-27T09:15:00+05:30,2025-12-26T15:15:00+05:30,270,2024-11-27T00:00:00+05:30,2025-12-26T00:00:00+05:30
NSE_EQ|INE0Q9301021,INE0Q9301021,18907,2024-12-20T09:40:00+05:30,2025-12-26T15:25:00+05:30,6303,2024-12-20T09:30:00+05:30,2025-12-26T15:15:00+05:30,3278,2024-12-20T09:15:00+05:30,2025-12-26T15:15:00+05:30,1765,2024-12-20T09:15:00+05:30,2025-12-26T15:15:00+05:30,253,2024-12-20T00:00:00+05:30,2025-12-26T00:00:00+05:30
NSE_EQ|INE0V6F01027,INE0V6F01027,21919,2024-10-22T09:40:00+05:30,2025-12-26T15:25:00+05:30,7307,2024-10-22T09:30:00+05:30,2025-12-26T15:15:00+05:30,3800,2024-10-22T09:15:00+05:30,2025-12-26T15:15:00+05:30,2046,2024-10-22T09:15:00+05:30,2025-12-26T15:15:00+05:30,294,2024-10-22T00:00:00+05:30,2025-12-26T00:00:00+05:30
NSE_EQ|INE0W2G01015,INE0W2G01015,20857,2024-11-12T09:40:00+05:30,2025-12-26T15:25:00+05:30,6953,2024-11-12T09:30:00+05:30,2025-12-26T15:15:00+05:30,3616,2024-11-12T09:15:00+05:30,2025-12-26T15:15:00+05:30,1947,2024-11-12T09:15:00+05:30,2025-12-26T15:15:00+05:30,279,2024-11-12T00:00:00+05:30,2025-12-26T00:00:00+05:30
NSE_EQ|INE100A01010,INE100A01010,73814,2022-01-03T09:15:00+05:30,2025-12-26T15:25:00+05:30,24605,2022-01-03T09:15:00+05:30,2025-12-26T15:15:00+05:30,12797,2022-01-03T09:15:00+05:30,2025-12-26T15:15:00+05:30,6891,2022-01-03T09:15:00+05:30,2025-12-26T15:15:00+05:30,989,2022-01-03T00:00:00+05:30,2025-12-26T00:00:00+05:30
NSE_EQ|INE101A01026,INE101A01026,73814,2022-01-03T09:15:00+05:30,2025-12-26T15:25:00+05:30,24605,2022-01-03T09:15:00+05:30,2025-12-26T15:15:00+05:30,12797,2022-01-03T09:15:00+05:30,2025-12-26T15:15:00+05:30,6891,2022-01-03T09:15:00+05:30,2025-12-26T15:15:00+05:30,989,2022-01-03T00:00:00+05:30,2025-12-26T00:00:00+05:30
NSE_EQ|INE101D01020,INE101D01020,73814,2022-01-03T09:15:00+05:30,2025-12-26T15:25:00+05:30,24605,2022-01-03T09:15:00+05:30,2025-12-26T15:15:00+05:30,12797,2022-01-03T09:15:00+05:30,2025-12-26T15:15:00+05:30,6891,2022-01-03T09:15:00+05:30,2025-12-26T15:15:00+05:30,989,2022-01-03T00:00:00+05:30,2025-12-26T00:00:00+05:30
NSE_EQ|INE101I01011,INE101I01011,21307,2024-11-04T09:40:00+05:30,2025-12-26T15:25:00+05:30,7103,2024-11-04T09:30:00+05:30,2025-12-26T15:15:00+05:30,3694,2024-11-04T09:15:00+05:30,2025-12-26T15:15:00+05:30,1989,2024-11-04T09:15:00+05:30,2025-12-26T15:15:00+05:30,285,2024-11-04T00:00:00+05:30,2025-12-26T00:00:00+05:30
NSE_EQ|INE102B01014,INE102B01014,68569,2022-04-08T09:15:00+05:30,2025-12-26T15:25:00+05:30,22951,2022-04-08T09:15:00+05:30,2025-12-26T15:15:00+05:30,11939,2022-04-08T09:15:00+05:30,2025-12-26T15:15:00+05:30,6429,2022-04-08T09:15:00+05:30,2025-12-26T15:15:00+05:30,923,2022-04-08T00:00:00+05:30,2025-12-26T00:00:00+05:30
NSE_EQ|INE102D01028,INE102D01028,73814,2022-01-03T09:15:00+05:30,2025-12-26T15:25:00+05:30,24605,2022-01-03T09:15:00+05:30,2025-12-26T15:15:00+05:30,12797,2022-01-03T09:15:00+05:30,2025-12-26T15:15:00+05:30,6891,2022-01-03T09:15:00+05:30,2025-12-26T15:15:00+05:30,989,2022-01-03T00:00:00+05:30,2025-12-26T00:00:00+05:30
NSE_EQ|INE103A01014,INE103A01014,73813,2022-01-03T09:15:00+05:30,2025-12-26T15:25:00+05:30,24605,2022-01-03T09:15:00+05:30,2025-12-26T15:15:00+05:30,12797,2022-01-03T09:15:00+05:30,2025-12-26T15:15:00+05:30,6891,2022-01-03T09:15:00+05:30,2025-12-26T15:15:00+05:30,989,2022-01-03T00:00:00+05:30,2025-12-26T00:00:00+05:30
NSE_EQ|INE109A01011,INE109A01011,73806,2022-01-03T09:15:00+05:30,2025-12-26T15:25:00+05:30,24605,2022-01-03T09:15:00+05:30,2025-12-26T15:15:00+05:30,12797,2022-01-03T09:15:00+05:30,2025-12-26T15:15:00+05:30,6891,2022-01-03T09:15:00+05:30,2025-12-26T15:15:00+05:30,989,2022-01-03T00:00:00+05:30,2025-12-26T00:00:00+05:30
NSE_EQ|INE111A01025,INE111A01025,73814,2022-01-03T09:15:00+05:30,2025-12-26T15:25:00+05:30,24605,2022-01-03T09:15:00+05:30,2025-12-26T15:15:00+05:30,12797,2022-01-03T09:15:00+05:30,2025-12-26T15:15:00+05:30,6891,2022-01-03T09:15:00+05:30,2025-12-26T15:15:00+05:30,989,2022-01-03T00:00:00+05:30,2025-12-26T00:00:00+05:30
NSE_EQ|INE112L01020,INE112L01020,73814,2022-01-03T09:15:00+05:30,2025-12-26T15:25:00+05:30,24605,2022-01-03T09:15:00+05:30,2025-12-26T15:15:00+05:30,12797,2022-01-03T09:15:00+05:30,2025-12-26T15:15:00+05:30,6891,2022-01-03T09:15:00+05:30,2025-12-26T15:15:00+05:30,989,2022-01-03T00:00:00+05:30,2025-12-26T00:00:00+05:30
NSE_EQ|INE114A01011,INE114A01011,73814,2022-01-03T09:15:00+05:30,2025-12-26T15:25:00+05:30,24605,2022-01-03T09:15:00+05:30,2025-12-26T15:15:00+05:30,12797,2022-01-03T09:15:00+05:30,2025-12-26T15:15:00+05:30,6891,2022-01-03T09:15:00+05:30,2025-12-26T15:15:00+05:30,989,2022-01-03T00:00:00+05:30,2025-12-26T00:00:00+05:30
NSE_EQ|INE115A01026,INE115A01026,73814,2022-01-03T09:15:00+05:30,2025-12-26T15:25:00+05:30,24605,2022-01-03T09:15:00+05:30,2025-12-26T15:15:00+05:30,12797,2022-01-03T09:15:00+05:30,2025-12-26T15:15:00+05:30,6891,2022-01-03T09:15:00+05:30,2025-12-26T15:15:00+05:30,989,2022-01-03T00:00:00+05:30,2025-12-26T00:00:00+05:30
NSE_EQ|INE115Q01022,INE115Q01022,18982,2024-12-19T09:40:00+05:30,2025-12-26T15:25:00+05:30,6328,2024-12-19T09:30:00+05:30,2025-12-26T15:15:00+05:30,3291,2024-12-19T09:15:00+05:30,2025-12-26T15:15:00+05:30,1772,2024-12-19T09:15:00+05:30,2025-12-26T15:15:00+05:30,254,2024-12-19T00:00:00+05:30,2025-12-26T00:00:00+05:30
NSE_EQ|INE117A01022,INE117A01022,73814,2022-01-03T09:15:00+05:30,2025-12-26T15:25:00+05:30,24605,2022-01-03T09:15:00+05:30,2025-12-26T15:15:00+05:30,12797,2022-01-03T09:15:00+05:30,2025-12-26T15:15:00+05:30,6891,2022-01-03T09:15:00+05:30,2025-12-26T15:15:00+05:30,989,2022-01-03T00:00:00+05:30,2025-12-26T00:00:00+05:30
NSE_EQ|INE118A01012,INE118A01012,73813,2022-01-03T09:15:00+05:30,2025-12-26T15:25:00+05:30,24605,2022-01-03T09:15:00+05:30,2025-12-26T15:15:00+05:30,12797,2022-01-03T09:15:00+05:30,2025-12-26T15:15:00+05:30,6891,2022-01-03T09:15:00+05:30,2025-12-26T15:15:00+05:30,989,2022-01-03T00:00:00+05:30,2025-12-26T00:00:00+05:30
NSE_EQ|INE118D01016,INE118D01016,73813,2022-01-03T09:15:00+05:30,2025-12-26T15:25:00+05:30,24605,2022-01-03T09:15:00+05:30,2025-12-26T15:15:00+05:30,12797,2022-01-03T09:15:00+05:30,2025-12-26T15:15:00+05:30,6891,2022-01-03T09:15:00+05:30,2025-12-26T15:15:00+05:30,989,2022-01-03T00:00:00+05:30,2025-12-26T00:00:00+05:30
NSE_EQ|INE118H01025,INE118H01025,73813,2022-01-03T09:15:00+05:30,2025-12-26T15:25:00+05:30,24605,2022-01-03T09:15:00+05:30,2025-12-26T15:15:00+05:30,12797,2022-01-03T09:15:00+05:30,2025-12-26T15:15:00+05:30,6891,2022-01-03T09:15:00+05:30,2025-12-26T15:15:00+05:30,989,2022-01-03T00:00:00+05:30,2025-12-26T00:00:00+05:30
NSE_EQ|INE119A01028,INE119A01028,73814,2022-01-03T09:15:00+05:30,2025-12-26T15:25:00+05:30,24605,2022-01-03T09:15:00+05:30,2025-12-26T15:15:00+05:30,12797,2022-01-03T09:15:00+05:30,2025-12-26T15:15:00+05:30,6891,2022-01-03T09:15:00+05:30,2025-12-26T15:15:00+05:30,989,2022-01-03T00:00:00+05:30,2025-12-26T00:00:00+05:30
NSE_EQ|INE120A01034,INE120A01034,73813,2022-01-03T09:15:00+05:30,2025-12-26T15:25:00+05:30,24605,2022-01-03T09:15:00+05:30,2025-12-26T15:15:00+05:30,12797,2022-01-03T09:15:00+05:30,2025-12-26T15:15:00+05:30,6891,2022-01-03T09:15:00+05:30,2025-12-26T15:15:00+05:30,989,2022-01-03T00:00:00+05:30,2025-12-26T00:00:00+05:30
NSE_EQ|INE121A01024,INE121A01024,73814,2022-01-03T09:15:00+05:30,2025-12-26T15:25:00+05:30,24605,2022-01-03T09:15:00+05:30,2025-12-26T15:15:00+05:30,12797,2022-01-03T09:15:00+05:30,2025-12-26T15:15:00+05:30,6891,2022-01-03T09:15:00+05:30,2025-12-26T15:15:00+05:30,989,2022-01-03T00:00:00+05:30,2025-12-26T00:00:00+05:30
NSE_EQ|INE121E01018,INE121E01018,73813,2022-01-03T09:15:00+05:30,2025-12-26T15:25:00+05:30,24605,2022-01-03T09:15:00+05:30,2025-12-26T15:15:00+05:30,12797,2022-01-03T09:15:00+05:30,2025-12-26T15:15:00+05:30,6891,2022-01-03T09:15:00+05:30,2025-12-26T15:15:00+05:30,989,2022-01-03T00:00:00+05:30,2025-12-26T00:00:00+05:30
NSE_EQ|INE121J01017,INE121J01017,73814,2022-01-03T09:15:00+05:30,2025-12-26T15:25:00+05:30,24605,2022-01-03T09:15:00+05:30,2025-12-26T15:15:00+05:30,12797,2022-01-03T09:15:00+05:30,2025-12-26T15:15:00+05:30,6891,2022-01-03T09:15:00+05:30,2025-12-26T15:15:00+05:30,989,2022-01-03T00:00:00+05:30,2025-12-26T00:00:00+05:30
NSE_EQ|INE123F01029,INE123F01029,73813,2022-01-03T09:15:00+05:30,2025-12-26T15:25:00+05:30,24605,2022-01-03T09:15:00+05:30,2025-12-26T15:15:00+05:30,12797,2022-01-03T09:15:00+05:30,2025-12-26T15:15:00+05:30,6891,2022-01-03T09:15:00+05:30,2025-12-26T15:15:00+05:30,989,2022-01-03T00:00:00+05:30,2025-12-26T00:00:00+05:30
NSE_EQ|INE123W01016,INE123W01016,73814,2022-01-03T09:15:00+05:30,2025-12-26T15:25:00+05:30,24605,2022-01-03T09:15:00+05:30,2025-12-26T15:15:00+05:30,12797,2022-01-03T09:15:00+05:30,2025-12-26T15:15:00+05:30,6891,2022-01-03T09:15:00+05:30,2025-12-26T15:15:00+05:30,989,2022-01-03T00:00:00+05:30,2025-12-26T00:00:00+05:30
NSE_EQ|INE126A01031,INE126A01031,73811,2022-01-03T09:15:00+05:30,2025-12-26T15:25:00+05:30,24605,2022-01-03T09:15:00+05:30,2025-12-26T15:15:00+05:30,12797,2022-01-03T09:15:00+05:30,2025-12-26T15:15:00+05:30,6891,2022-01-03T09:15:00+05:30,2025-12-26T15:15:00+05:30,989,2022-01-03T00:00:00+05:30,2025-12-26T00:00:00+05:30
NSE_EQ|INE127D01025,INE127D01025,73814,2022-01-03T09:15:00+05:30,2025-12-26T15:25:00+05:30,24605,2022-01-03T09:15:00+05:30,2025-12-26T15:15:00+05:30,12797,2022-01-03T09:15:00+05:30,2025-12-26T15:15:00+05:30,6891,2022-01-03T09:15:00+05:30,2025-12-26T15:15:00+05:30,989,2022-01-03T00:00:00+05:30,2025-12-26T00:00:00+05:30
NSE_EQ|INE128S01021,INE128S01021,57521,2022-11-21T09:15:00+05:30,2025-12-26T15:25:00+05:30,19176,2022-11-21T09:15:00+05:30,2025-12-26T15:15:00+05:30,9974,2022-11-21T09:15:00+05:30,2025-12-26T15:15:00+05:30,5371,2022-11-21T09:15:00+05:30,2025-12-26T15:15:00+05:30,771,2022-11-21T00:00:00+05:30,2025-12-26T00:00:00+05:30
NSE_EQ|INE129A01019,INE129A01019,73814,2022-01-03T09:15:00+05:30,2025-12-26T15:25:00+05:30,24605,2022-01-03T09:15:00+05:30,2025-12-26T15:15:00+05:30,12797,2022-01-03T09:15:00+05:30,2025-12-26T15:15:00+05:30,6891,2022-01-03T09:15:00+05:30,2025-12-26T15:15:00+05:30,989,2022-01-03T00:00:00+05:30,2025-12-26T00:00:00+05:30
NSE_EQ|INE131A01031,INE131A01031,73811,2022-01-03T09:15:00+05:30,2025-12-26T15:25:00+05:30,24605,2022-01-03T09:15:00+05:30,2025-12-26T15:15:00+05:30,12797,2022-01-03T09:15:00+05:30,2025-12-26T15:15:00+05:30,6891,2022-01-03T09:15:00+05:30,2025-12-26T15:15:00+05:30,989,2022-01-03T00:00:00+05:30,2025-12-26T00:00:00+05:30
NSE_EQ|INE133A01011,INE133A01011,73791,2022-01-03T09:15:00+05:30,2025-12-26T15:25:00+05:30,24605,2022-01-03T09:15:00+05:30,2025-12-26T15:15:00+05:30,12797,2022-01-03T09:15:00+05:30,2025-12-26T15:15:00+05:30,6891,2022-01-03T09:15:00+05:30,2025-12-26T15:15:00+05:30,989,2022-01-03T00:00:00+05:30,2025-12-26T00:00:00+05:30
NSE_EQ|INE134E01011,INE134E01011,73814,2022-01-03T09:15:00+05:30,2025-12-26T15:25:00+05:30,24605,2022-01-03T09:15:00+05:30,2025-12-26T15:15:00+05:30,12797,2022-01-03T09:15:00+05:30,2025-12-26T15:15:00+05:30,6891,2022-01-03T09:15:00+05:30,2025-12-26T15:15:00+05:30,989,2022-01-03T00:00:00+05:30,2025-12-26T00:00:00+05:30
NSE_EQ|INE136B01020,INE136B01020,73813,2022-01-03T09:15:00+05:30,2025-12-26T15:25:00+05:30,24605,2022-01-03T09:15:00+05:30,2025-12-26T15:15:00+05:30,12797,2022-01-03T09:15:00+05:30,2025-12-26T15:15:00+05:30,6891,2022-01-03T09:15:00+05:30,2025-12-26T15:15:00+05:30,989,2022-01-03T00:00:00+05:30,2025-12-26T00:00:00+05:30
NSE_EQ|INE138Y01010,INE138Y01010,55424,2022-12-29T09:15:00+05:30,2025-12-26T15:25:00+05:30,18476,2022-12-29T09:15:00+05:30,2025-12-26T15:15:00+05:30,9610,2022-12-29T09:15:00+05:30,2025-12-26T15:15:00+05:30,5175,2022-12-29T09:15:00+05:30,2025-12-26T15:15:00+05:30,743,2022-12-29T00:00:00+05:30,2025-12-26T00:00:00+05:30
NSE_EQ|INE139A01034,INE139A01034,73814,2022-01-03T09:15:00+05:30,2025-12-26T15:25:00+05:30,24605,2022-01-03T09:15:00+05:30,2025-12-26T15:15:00+05:30,12797,2022-01-03T09:15:00+05:30,2025-12-26T15:15:00+05:30,6891,2022-01-03T09:15:00+05:30,2025-12-26T15:15:00+05:30,989,2022-01-03T00:00:00+05:30,2025-12-26T00:00:00+05:30
NSE_EQ|INE142M01025,INE142M01025,38457,2023-11-30T10:00:00+05:30,2025-12-26T15:25:00+05:30,12819,2023-11-30T10:00:00+05:30,2025-12-26T15:15:00+05:30,6669,2023-11-30T09:45:00+05:30,2025-12-26T15:15:00+05:30,3592,2023-11-30T09:15:00+05:30,2025-12-26T15:15:00+05:30,516,2023-11-30T00:00:00+05:30,2025-12-26T00:00:00+05:30
NSE_EQ|INE146L01010,INE146L01010,73809,2022-01-03T09:15:00+05:30,2025-12-26T15:25:00+05:30,24605,2022-01-03T09:15:00+05:30,2025-12-26T15:15:00+05:30,12797,2022-01-03T09:15:00+05:30,2025-12-26T15:15:00+05:30,6891,2022-01-03T09:15:00+05:30,2025-12-26T15:15:00+05:30,989,2022-01-03T00:00:00+05:30,2025-12-26T00:00:00+05:30
NSE_EQ|INE148I01020,INE148I01020,73814,2022-01-03T09:15:00+05:30,2025-12-26T15:25:00+05:30,24605,2022-01-03T09:15:00+05:30,2025-12-26T15:15:00+05:30,12797,2022-01-03T09:15:00+05:30,2025-12-26T15:15:00+05:30,6891,2022-01-03T09:15:00+05:30,2025-12-26T15:15:00+05:30,989,2022-01-03T00:00:00+05:30,2025-12-26T00:00:00+05:30
NSE_EQ|INE148O01028,INE148O01028,66686,2022-05-24T09:15:00+05:30,2025-12-26T15:25:00+05:30,22230,2022-05-24T09:15:00+05:30,2025-12-26T15:15:00+05:30,11562,2022-05-24T09:15:00+05:30,2025-12-26T15:15:00+05:30,6226,2022-05-24T09:15:00+05:30,2025-12-26T15:15:00+05:30,894,2022-05-24T00:00:00+05:30,2025-12-26T00:00:00+05:30
NSE_EQ|INE149A01033,INE149A01033,73786,2022-01-03T09:15:00+05:30,2025-12-26T15:25:00+05:30,24605,2022-01-03T09:15:00+05:30,2025-12-26T15:15:00+05:30,12797,2022-01-03T09:15:00+05:30,2025-12-26T15:15:00+05:30,6891,2022-01-03T09:15:00+05:30,2025-12-26T15:15:00+05:30,989,2022-01-03T00:00:00+05:30,2025-12-26T00:00:00+05:30
NSE_EQ|INE14LE01019,INE14LE01019,9603,2025-06-23T10:00:00+05:30,2025-12-26T15:25:00+05:30,3201,2025-06-23T10:00:00+05:30,2025-12-26T15:15:00+05:30,1665,2025-06-23T09:45:00+05:30,2025-12-26T15:15:00+05:30,897,2025-06-23T09:15:00+05:30,2025-12-26T15:15:00+05:30,129,2025-06-23T00:00:00+05:30,2025-12-26T00:00:00+05:30
NSE_EQ|INE150B01039,INE150B01039,73813,2022-01-03T09:15:00+05:30,2025-12-26T15:25:00+05:30,24605,2022-01-03T09:15:00+05:30,2025-12-26T15:15:00+05:30,12797,2022-01-03T09:15:00+05:30,2025-12-26T15:15:00+05:30,6891,2022-01-03T09:15:00+05:30,2025-12-26T15:15:00+05:30,989,2022-01-03T00:00:00+05:30,2025-12-26T00:00:00+05:30
NSE_EQ|INE151A01013,INE151A01013,73814,2022-01-03T09:15:00+05:30,2025-12-26T15:25:00+05:30,24605,2022-01-03T09:15:00+05:30,2025-12-26T15:15:00+05:30,12797,2022-01-03T09:15:00+05:30,2025-12-26T15:15:00+05:30,6891,2022-01-03T09:15:00+05:30,2025-12-26T15:15:00+05:30,989,2022-01-03T00:00:00+05:30,2025-12-26T00:00:00+05:30
NSE_EQ|INE152A01029,INE152A01029,73812,2022-01-03T09:15:00+05:30,2025-12-26T15:25:00+05:30,24605,2022-01-03T09:15:00+05:30,2025-12-26T15:15:00+05:30,12797,2022-01-03T09:15:00+05:30,2025-12-26T15:15:00+05:30,6891,2022-01-03T09:15:00+05:30,2025-12-26T15:15:00+05:30,989,2022-01-03T00:00:00+05:30,2025-12-26T00:00:00+05:30
NSE_EQ|INE152M01016,INE152M01016,73812,2022-01-03T09:15:00+05:30,2025-12-26T15:25:00+05:30,24605,2022-01-03T09:15:00+05:30,2025-12-26T15:15:00+05:30,12797,2022-01-03T09:15:00+05:30,2025-12-26T15:15:00+05:30,6891,2022-01-03T09:15:00+05:30,2025-12-26T15:15:00+05:30,989,2022-01-03T00:00:00+05:30,2025-12-26T00:00:00+05:30
NSE_EQ|INE153T01027,INE153T01027,73812,2022-01-03T09:15:00+05:30,2025-12-26T15:25:00+05:30,24605,2022-01-03T09:15:00+05:30,2025-12-26T15:15:00+05:30,12797,2022-01-03T09:15:00+05:30,2025-12-26T15:15:00+05:30,6891,2022-01-03T09:15:00+05:30,2025-12-26T15:15:00+05:30,989,2022-01-03T00:00:00+05:30,2025-12-26T00:00:00+05:30
NSE_EQ|INE154A01025,INE154A01025,73810,2022-01-03T09:15:00+05:30,2025-12-26T15:25:00+05:30,24604,2022-01-03T09:15:00+05:30,2025-12-26T15:15:00+05:30,12797,2022-01-03T09:15:00+05:30,2025-12-26T15:15:00+05:30,6891,2022-01-03T09:15:00+05:30,2025-12-26T15:15:00+05:30,989,2022-01-03T00:00:00+05:30,2025-12-26T00:00:00+05:30
NSE_EQ|INE155A01022,INE155A01022,73805,2022-01-03T09:15:00+05:30,2025-12-26T15:25:00+05:30,24602,2022-01-03T09:15:00+05:30,2025-12-26T15:15:00+05:30,12796,2022-01-03T09:15:00+05:30,2025-12-26T15:15:00+05:30,6891,2022-01-03T09:15:00+05:30,2025-12-26T15:15:00+05:30,989,2022-01-03T00:00:00+05:30,2025-12-26T00:00:00+05:30
NSE_EQ|INE158A01026,INE158A01026,73814,2022-01-03T09:15:00+05:30,2025-12-26T15:25:00+05:30,24605,2022-01-03T09:15:00+05:30,2025-12-26T15:15:00+05:30,12797,2022-01-03T09:15:00+05:30,2025-12-26T15:15:00+05:30,6891,2022-01-03T09:15:00+05:30,2025-12-26T15:15:00+05:30,989,2022-01-03T00:00:00+05:30,2025-12-26T00:00:00+05:30
NSE_EQ|INE159A01016,INE159A01016,73811,2022-01-03T09:15:00+05:30,2025-12-26T15:25:00+05:30,24605,2022-01-03T09:15:00+05:30,2025-12-26T15:15:00+05:30,12797,2022-01-03T09:15:00+05:30,2025-12-26T15:15:00+05:30,6891,2022-01-03T09:15:00+05:30,2025-12-26T15:15:00+05:30,989,2022-01-03T00:00:00+05:30,2025-12-26T00:00:00+05:30
NSE_EQ|INE160A01022,INE160A01022,73814,2022-01-03T09:15:00+05:30,2025-12-26T15:25:00+05:30,24605,2022-01-03T09:15:00+05:30,2025-12-26T15:15:00+05:30,12797,2022-01-03T09:15:00+05:30,2025-12-26T15:15:00+05:30,6891,2022-01-03T09:15:00+05:30,2025-12-26T15:15:00+05:30,989,2022-01-03T00:00:00+05:30,2025-12-26T00:00:00+05:30
NSE_EQ|INE168A01041,INE168A01041,73813,2022-01-03T09:15:00+05:30,2025-12-26T15:25:00+05:30,24605,2022-01-03T09:15:00+05:30,2025-12-26T15:15:00+05:30,12797,2022-01-03T09:15:00+05:30,2025-12-26T15:15:00+05:30,6891,2022-01-03T09:15:00+05:30,2025-12-26T15:15:00+05:30,989,2022-01-03T00:00:00+05:30,2025-12-26T00:00:00+05:30
NSE_EQ|INE168P01015,INE168P01015,27245,2024-07-10T09:15:00+05:30,2025-12-26T15:25:00+05:30,9083,2024-07-10T09:15:00+05:30,2025-12-26T15:15:00+05:30,4723,2024-07-10T09:15:00+05:30,2025-12-26T15:15:00+05:30,2543,2024-07-10T09:15:00+05:30,2025-12-26T15:15:00+05:30,365,2024-07-10T00:00:00+05:30,2025-12-26T00:00:00+05:30
NSE_EQ|INE169A01031,INE169A01031,73814,2022-01-03T09:15:00+05:30,2025-12-26T15:25:00+05:30,24605,2022-01-03T09:15:00+05:30,2025-12-26T15:15:00+05:30,12797,2022-01-03T09:15:00+05:30,2025-12-26T15:15:00+05:30,6891,2022-01-03T09:15:00+05:30,2025-12-26T15:15:00+05:30,989,2022-01-03T00:00:00+05:30,2025-12-26T00:00:00+05:30
NSE_EQ|INE171A01029,INE171A01029,73814,2022-01-03T09:15:00+05:30,2025-12-26T15:25:00+05:30,24605,2022-01-03T09:15:00+05:30,2025-12-26T15:15:00+05:30,12797,2022-01-03T09:15:00+05:30,2025-12-26T15:15:00+05:30,6891,2022-01-03T09:15:00+05:30,2025-12-26T15:15:00+05:30,989,2022-01-03T00:00:00+05:30,2025-12-26T00:00:00+05:30
NSE_EQ|INE171Z01026,INE171Z01026,73813,2022-01-03T09:15:00+05:30,2025-12-26T15:25:00+05:30,24605,2022-01-03T09:15:00+05:30,2025-12-26T15:15:00+05:30,12797,2022-01-03T09:15:00+05:30,2025-12-26T15:15:00+05:30,6891,2022-01-03T09:15:00+05:30,2025-12-26T15:15:00+05:30,989,2022-01-03T00:00:00+05:30,2025-12-26T00:00:00+05:30
NSE_EQ|INE172A01027,INE172A01027,73813,2022-01-03T09:15:00+05:30,2025-12-26T15:25:00+05:30,24605,2022-01-03T09:15:00+05:30,2025-12-26T15:15:00+05:30,12797,2022-01-03T09:15:00+05:30,2025-12-26T15:15:00+05:30,6891,2022-01-03T09:15:00+05:30,2025-12-26T15:15:00+05:30,989,2022-01-03T00:00:00+05:30,2025-12-26T00:00:00+05:30
NSE_EQ|INE176A01028,INE176A01028,73814,2022-01-03T09:15:00+05:30,2025-12-26T15:25:00+05:30,24605,2022-01-03T09:15:00+05:30,2025-12-26T15:15:00+05:30,12797,2022-01-03T09:15:00+05:30,2025-12-26T15:15:00+05:30,6891,2022-01-03T09:15:00+05:30,2025-12-26T15:15:00+05:30,989,2022-01-03T00:00:00+05:30,2025-12-26T00:00:00+05:30
NSE_EQ|INE176B01034,INE176B01034,73814,2022-01-03T09:15:00+05:30,2025-12-26T15:25:00+05:30,24605,2022-01-03T09:15:00+05:30,2025-12-26T15:15:00+05:30,12797,2022-01-03T09:15:00+05:30,2025-12-26T15:15:00+05:30,6891,2022-01-03T09:15:00+05:30,2025-12-26T15:15:00+05:30,989,2022-01-03T00:00:00+05:30,2025-12-26T00:00:00+05:30
NSE_EQ|INE177H01039,INE177H01039,73811,2022-01-03T09:15:00+05:30,2025-12-26T15:25:00+05:30,24605,2022-01-03T09:15:00+05:30,2025-12-26T15:15:00+05:30,12797,2022-01-03T09:15:00+05:30,2025-12-26T15:15:00+05:30,6891,2022-01-03T09:15:00+05:30,2025-12-26T15:15:00+05:30,989,2022-01-03T00:00:00+05:30,2025-12-26T00:00:00+05:30
NSE_EQ|INE178A01016,INE178A01016,73813,2022-01-03T09:15:00+05:30,2025-12-26T15:25:00+05:30,24605,2022-01-03T09:15:00+05:30,2025-12-26T15:15:00+05:30,12797,2022-01-03T09:15:00+05:30,2025-12-26T15:15:00+05:30,6891,2022-01-03T09:15:00+05:30,2025-12-26T15:15:00+05:30,989,2022-01-03T00:00:00+05:30,2025-12-26T00:00:00+05:30
NSE_EQ|INE179A01014,INE179A01014,73810,2022-01-03T09:15:00+05:30,2025-12-26T15:25:00+05:30,24605,2022-01-03T09:15:00+05:30,2025-12-26T15:15:00+05:30,12797,2022-01-03T09:15:00+05:30,2025-12-26T15:15:00+05:30,6891,2022-01-03T09:15:00+05:30,2025-12-26T15:15:00+05:30,989,2022-01-03T00:00:00+05:30,2025-12-26T00:00:00+05:30
NSE_EQ|INE180A01020,INE180A01020,73814,2022-01-03T09:15:00+05:30,2025-12-26T15:25:00+05:30,24605,2022-01-03T09:15:00+05:30,2025-12-26T15:15:00+05:30,12797,2022-01-03T09:15:00+05:30,2025-12-26T15:15:00+05:30,6891,2022-01-03T09:15:00+05:30,2025-12-26T15:15:00+05:30,989,2022-01-03T00:00:00+05:30,2025-12-26T00:00:00+05:30
NSE_EQ|INE180C01042,INE180C01042,73782,2022-01-03T09:15:00+05:30,2025-12-26T15:25:00+05:30,24605,2022-01-03T09:15:00+05:30,2025-12-26T15:15:00+05:30,12797,2022-01-03T09:15:00+05:30,2025-12-26T15:15:00+05:30,6891,2022-01-03T09:15:00+05:30,2025-12-26T15:15:00+05:30,989,2022-01-03T00:00:00+05:30,2025-12-26T00:00:00+05:30
NSE_EQ|INE182A01018,INE182A01018,73813,2022-01-03T09:15:00+05:30,2025-12-26T15:25:00+05:30,24605,2022-01-03T09:15:00+05:30,2025-12-26T15:15:00+05:30,12797,2022-01-03T09:15:00+05:30,2025-12-26T15:15:00+05:30,6891,2022-01-03T09:15:00+05:30,2025-12-26T15:15:00+05:30,989,2022-01-03T00:00:00+05:30,2025-12-26T00:00:00+05:30
NSE_EQ|INE183A01024,INE183A01024,73811,2022-01-03T09:15:00+05:30,2025-12-26T15:25:00+05:30,24605,2022-01-03T09:15:00+05:30,2025-12-26T15:15:00+05:30,12797,2022-01-03T09:15:00+05:30,2025-12-26T15:15:00+05:30,6891,2022-01-03T09:15:00+05:30,2025-12-26T15:15:00+05:30,989,2022-01-03T00:00:00+05:30,2025-12-26T00:00:00+05:30
NSE_EQ|INE188A01015,INE188A01015,73806,2022-01-03T09:15:00+05:30,2025-12-26T15:25:00+05:30,24605,2022-01-03T09:15:00+05:30,2025-12-26T15:15:00+05:30,12797,2022-01-03T09:15:00+05:30,2025-12-26T15:15:00+05:30,6891,2022-01-03T09:15:00+05:30,2025-12-26T15:15:00+05:30,989,2022-01-03T00:00:00+05:30,2025-12-26T00:00:00+05:30
NSE_EQ|INE191B01025,INE191B01025,73812,2022-01-03T09:15:00+05:30,2025-12-26T15:25:00+05:30,24605,2022-01-03T09:15:00+05:30,2025-12-26T15:15:00+05:30,12797,2022-01-03T09:15:00+05:30,2025-12-26T15:15:00+05:30,6891,2022-01-03T09:15:00+05:30,2025-12-26T15:15:00+05:30,989,2022-01-03T00:00:00+05:30,2025-12-26T00:00:00+05:30
NSE_EQ|INE191H01014,INE191H01014,73814,2022-01-03T09:15:00+05:30,2025-12-26T15:25:00+05:30,24605,2022-01-03T09:15:00+05:30,2025-12-26T15:15:00+05:30,12797,2022-01-03T09:15:00+05:30,2025-12-26T15:15:00+05:30,6891,2022-01-03T09:15:00+05:30,2025-12-26T15:15:00+05:30,989,2022-01-03T00:00:00+05:30,2025-12-26T00:00:00+05:30
NSE_EQ|INE192A01025,INE192A01025,73814,2022-01-03T09:15:00+05:30,2025-12-26T15:25:00+05:30,24605,2022-01-03T09:15:00+05:30,2025-12-26T15:15:00+05:30,12797,2022-01-03T09:15:00+05:30,2025-12-26T15:15:00+05:30,6891,2022-01-03T09:15:00+05:30,2025-12-26T15:15:00+05:30,989,2022-01-03T00:00:00+05:30,2025-12-26T00:00:00+05:30
NSE_EQ|INE192B01031,INE192B01031,73812,2022-01-03T09:15:00+05:30,2025-12-26T15:25:00+05:30,24605,2022-01-03T09:15:00+05:30,2025-12-26T15:15:00+05:30,12797,2022-01-03T09:15:00+05:30,2025-12-26T15:15:00+05:30,6891,2022-01-03T09:15:00+05:30,2025-12-26T15:15:00+05:30,989,2022-01-03T00:00:00+05:30,2025-12-26T00:00:00+05:30
NSE_EQ|INE192R01011,INE192R01011,73811,2022-01-03T09:15:00+05:30,2025-12-26T15:25:00+05:30,24605,2022-01-03T09:15:00+05:30,2025-12-26T15:15:00+05:30,12797,2022-01-03T09:15:00+05:30,2025-12-26T15:15:00+05:30,6891,2022-01-03T09:15:00+05:30,2025-12-26T15:15:00+05:30,989,2022-01-03T00:00:00+05:30,2025-12-26T00:00:00+05:30
NSE_EQ|INE195A01028,INE195A01028,73812,2022-01-03T09:15:00+05:30,2025-12-26T15:25:00+05:30,24605,2022-01-03T09:15:00+05:30,2025-12-26T15:15:00+05:30,12797,2022-01-03T09:15:00+05:30,2025-12-26T15:15:00+05:30,6891,2022-01-03T09:15:00+05:30,2025-12-26T15:15:00+05:30,989,2022-01-03T00:00:00+05:30,2025-12-26T00:00:00+05:30
NSE_EQ|INE196A01026,INE196A01026,73814,2022-01-03T09:15:00+05:30,2025-12-26T15:25:00+05:30,24605,2022-01-03T09:15:00+05:30,2025-12-26T15:15:00+05:30,12797,2022-01-03T09:15:00+05:30,2025-12-26T15:15:00+05:30,6891,2022-01-03T09:15:00+05:30,2025-12-26T15:15:00+05:30,989,2022-01-03T00:00:00+05:30,2025-12-26T00:00:00+05:30
NSE_EQ|INE1NPP01017,INE1NPP01017,9753,2025-06-19T10:00:00+05:30,2025-12-26T15:25:00+05:30,3251,2025-06-19T10:00:00+05:30,2025-12-26T15:15:00+05:30,1691,2025-06-19T09:45:00+05:30,2025-12-26T15:15:00+05:30,911,2025-06-19T09:15:00+05:30,2025-12-26T15:15:00+05:30,131,2025-06-19T00:00:00+05:30,2025-12-26T00:00:00+05:30
NSE_EQ|INE200A01026,INE200A01026,73647,2022-01-03T09:15:00+05:30,2025-12-26T15:25:00+05:30,24605,2022-01-03T09:15:00+05:30,2025-12-26T15:15:00+05:30,12797,2022-01-03T09:15:00+05:30,2025-12-26T15:15:00+05:30,6891,2022-01-03T09:15:00+05:30,2025-12-26T15:15:00+05:30,989,2022-01-03T00:00:00+05:30,2025-12-26T00:00:00+05:30
NSE_EQ|INE200M01039,INE200M01039,73812,2022-01-03T09:15:00+05:30,2025-12-26T15:25:00+05:30,24605,2022-01-03T09:15:00+05:30,2025-12-26T15:15:00+05:30,12797,2022-01-03T09:15:00+05:30,2025-12-26T15:15:00+05:30,6891,2022-01-03T09:15:00+05:30,2025-12-26T15:15:00+05:30,989,2022-01-03T00:00:00+05:30,2025-12-26T00:00:00+05:30
NSE_EQ|INE202E01016,INE202E01016,38537,2023-11-29T09:15:00+05:30,2025-12-26T15:25:00+05:30,12847,2023-11-29T09:15:00+05:30,2025-12-26T15:15:00+05:30,6683,2023-11-29T09:15:00+05:30,2025-12-26T15:15:00+05:30,3599,2023-11-29T09:15:00+05:30,2025-12-26T15:15:00+05:30,517,2023-11-29T00:00:00+05:30,2025-12-26T00:00:00+05:30
NSE_EQ|INE203A01020,INE203A01020,73784,2022-01-03T09:15:00+05:30,2025-12-26T15:25:00+05:30,24605,2022-01-03T09:15:00+05:30,2025-12-26T15:15:00+05:30,12797,2022-01-03T09:15:00+05:30,2025-12-26T15:15:00+05:30,6891,2022-01-03T09:15:00+05:30,2025-12-26T15:15:00+05:30,989,2022-01-03T00:00:00+05:30,2025-12-26T00:00:00+05:30
NSE_EQ|INE203G01027,INE203G01027,73814,2022-01-03T09:15:00+05:30,2025-12-26T15:25:00+05:30,24605,2022-01-03T09:15:00+05:30,2025-12-26T15:15:00+05:30,12797,2022-01-03T09:15:00+05:30,2025-12-26T15:15:00+05:30,6891,2022-01-03T09:15:00+05:30,2025-12-26T15:15:00+05:30,989,2022-01-03T00:00:00+05:30,2025-12-26T00:00:00+05:30
NSE_EQ|INE205A01025,INE205A01025,73814,2022-01-03T09:15:00+05:30,2025-12-26T15:25:00+05:30,24605,2022-01-03T09:15:00+05:30,2025-12-26T15:15:00+05:30,12797,2022-01-03T09:15:00+05:30,2025-12-26T15:15:00+05:30,6891,2022-01-03T09:15:00+05:30,2025-12-26T15:15:00+05:30,989,2022-01-03T00:00:00+05:30,2025-12-26T00:00:00+05:30
NSE_EQ|INE205B01031,INE205B01031,73811,2022-01-03T09:15:00+05:30,2025-12-26T15:25:00+05:30,24605,2022-01-03T09:15:00+05:30,2025-12-26T15:15:00+05:30,12797,2022-01-03T09:15:00+05:30,2025-12-26T15:15:00+05:30,6891,2022-01-03T09:15:00+05:30,2025-12-26T15:15:00+05:30,989,2022-01-03T00:00:00+05:30,2025-12-26T00:00:00+05:30
NSE_EQ|INE205C01021,INE205C01021,73808,2022-01-03T09:15:00+05:30,2025-12-26T15:25:00+05:30,24605,2022-01-03T09:15:00+05:30,2025-12-26T15:15:00+05:30,12797,2022-01-03T09:15:00+05:30,2025-12-26T15:15:00+05:30,6891,2022-01-03T09:15:00+05:30,2025-12-26T15:15:00+05:30,989,2022-01-03T00:00:00+05:30,2025-12-26T00:00:00+05:30
NSE_EQ|INE206F01022,INE206F01022,31239,2024-04-23T09:15:00+05:30,2025-12-26T15:25:00+05:30,10415,2024-04-23T09:15:00+05:30,2025-12-26T15:15:00+05:30,5417,2024-04-23T09:15:00+05:30,2025-12-26T15:15:00+05:30,2917,2024-04-23T09:15:00+05:30,2025-12-26T15:15:00+05:30,419,2024-04-23T00:00:00+05:30,2025-12-26T00:00:00+05:30
NSE_EQ|INE208A01029,INE208A01029,73814,2022-01-03T09:15:00+05:30,2025-12-26T15:25:00+05:30,24605,2022-01-03T09:15:00+05:30,2025-12-26T15:15:00+05:30,12797,2022-01-03T09:15:00+05:30,2025-12-26T15:15:00+05:30,6891,2022-01-03T09:15:00+05:30,2025-12-26T15:15:00+05:30,989,2022-01-03T00:00:00+05:30,2025-12-26T00:00:00+05:30
NSE_EQ|INE208C01025,INE208C01025,73813,2022-01-03T09:15:00+05:30,2025-12-26T15:25:00+05:30,24605,2022-01-03T09:15:00+05:30,2025-12-26T15:15:00+05:30,12797,2022-01-03T09:15:00+05:30,2025-12-26T15:15:00+05:30,6891,2022-01-03T09:15:00+05:30,2025-12-26T15:15:00+05:30,989,2022-01-03T00:00:00+05:30,2025-12-26T00:00:00+05:30
NSE_EQ|INE209L01016,INE209L01016,73777,2022-01-03T09:15:00+05:30,2025-12-26T15:25:00+05:30,24605,2022-01-03T09:15:00+05:30,2025-12-26T15:15:00+05:30,12797,2022-01-03T09:15:00+05:30,2025-12-26T15:15:00+05:30,6891,2022-01-03T09:15:00+05:30,2025-12-26T15:15:00+05:30,989,2022-01-03T00:00:00+05:30,2025-12-26T00:00:00+05:30
NSE_EQ|INE211B01039,INE211B01039,73813,2022-01-03T09:15:00+05:30,2025-12-26T15:25:00+05:30,24605,2022-01-03T09:15:00+05:30,2025-12-26T15:15:00+05:30,12797,2022-01-03T09:15:00+05:30,2025-12-26T15:15:00+05:30,6891,2022-01-03T09:15:00+05:30,2025-12-26T15:15:00+05:30,989,2022-01-03T00:00:00+05:30,2025-12-26T00:00:00+05:30
NSE_EQ|INE212H01026,INE212H01026,73813,2022-01-03T09:15:00+05:30,2025-12-26T15:25:00+05:30,24605,2022-01-03T09:15:00+05:30,2025-12-26T15:15:00+05:30,12797,2022-01-03T09:15:00+05:30,2025-12-26T15:15:00+05:30,6891,2022-01-03T09:15:00+05:30,2025-12-26T15:15:00+05:30,989,2022-01-03T00:00:00+05:30,2025-12-26T00:00:00+05:30
NSE_EQ|INE213A01029,INE213A01029,73814,2022-01-03T09:15:00+05:30,2025-12-26T15:25:00+05:30,24605,2022-01-03T09:15:00+05:30,2025-12-26T15:15:00+05:30,12797,2022-01-03T09:15:00+05:30,2025-12-26T15:15:00+05:30,6891,2022-01-03T09:15:00+05:30,2025-12-26T15:15:00+05:30,989,2022-01-03T00:00:00+05:30,2025-12-26T00:00:00+05:30
NSE_EQ|INE214T01019,INE214T01019,73814,2022-01-03T09:15:00+05:30,2025-12-26T15:25:00+05:30,24605,2022-01-03T09:15:00+05:30,2025-12-26T15:15:00+05:30,12797,2022-01-03T09:15:00+05:30,2025-12-26T15:15:00+05:30,6891,2022-01-03T09:15:00+05:30,2025-12-26T15:15:00+05:30,989,2022-01-03T00:00:00+05:30,2025-12-26T00:00:00+05:30
NSE_EQ|INE216A01030,INE216A01030,73814,2022-01-03T09:15:00+05:30,2025-12-26T15:25:00+05:30,24605,2022-01-03T09:15:00+05:30,2025-12-26T15:15:00+05:30,12797,2022-01-03T09:15:00+05:30,2025-12-26T15:15:00+05:30,6891,2022-01-03T09:15:00+05:30,2025-12-26T15:15:00+05:30,989,2022-01-03T00:00:00+05:30,2025-12-26T00:00:00+05:30
NSE_EQ|INE216P01012,INE216P01012,73813,2022-01-03T09:15:00+05:30,2025-12-26T15:25:00+05:30,24605,2022-01-03T09:15:00+05:30,2025-12-26T15:15:00+05:30,12797,2022-01-03T09:15:00+05:30,2025-12-26T15:15:00+05:30,6891,2022-01-03T09:15:00+05:30,2025-12-26T15:15:00+05:30,989,2022-01-03T00:00:00+05:30,2025-12-26T00:00:00+05:30
NSE_EQ|INE217B01036,INE217B01036,73813,2022-01-03T09:15:00+05:30,2025-12-26T15:25:00+05:30,24605,2022-01-03T09:15:00+05:30,2025-12-26T15:15:00+05:30,12797,2022-01-03T09:15:00+05:30,2025-12-26T15:15:00+05:30,6891,2022-01-03T09:15:00+05:30,2025-12-26T15:15:00+05:30,989,2022-01-03T00:00:00+05:30,2025-12-26T00:00:00+05:30
NSE_EQ|INE220B01022,INE220B01022,73813,2022-01-03T09:15:00+05:30,2025-12-26T15:25:00+05:30,24605,2022-01-03T09:15:00+05:30,2025-12-26T15:15:00+05:30,12797,2022-01-03T09:15:00+05:30,2025-12-26T15:15:00+05:30,6891,2022-01-03T09:15:00+05:30,2025-12-26T15:15:00+05:30,989,2022-01-03T00:00:00+05:30,2025-12-26T00:00:00+05:30
NSE_EQ|INE220G01021,INE220G01021,73813,2022-01-03T09:15:00+05:30,2025-12-26T15:25:00+05:30,24605,2022-01-03T09:15:00+05:30,2025-12-26T15:15:00+05:30,12797,2022-01-03T09:15:00+05:30,2025-12-26T15:15:00+05:30,6891,2022-01-03T09:15:00+05:30,2025-12-26T15:15:00+05:30,989,2022-01-03T00:00:00+05:30,2025-12-26T00:00:00+05:30
NSE_EQ|INE226A01021,INE226A01021,73814,2022-01-03T09:15:00+05:30,2025-12-26T15:25:00+05:30,24605,2022-01-03T09:15:00+05:30,2025-12-26T15:15:00+05:30,12797,2022-01-03T09:15:00+05:30,2025-12-26T15:15:00+05:30,6891,2022-01-03T09:15:00+05:30,2025-12-26T15:15:00+05:30,989,2022-01-03T00:00:00+05:30,2025-12-26T00:00:00+05:30
NSE_EQ|INE227W01023,INE227W01023,73813,2022-01-03T09:15:00+05:30,2025-12-26T15:25:00+05:30,24605,2022-01-03T09:15:00+05:30,2025-12-26T15:15:00+05:30,12797,2022-01-03T09:15:00+05:30,2025-12-26T15:15:00+05:30,6891,2022-01-03T09:15:00+05:30,2025-12-26T15:15:00+05:30,989,2022-01-03T00:00:00+05:30,2025-12-26T00:00:00+05:30
NSE_EQ|INE228A01035,INE228A01035,73812,2022-01-03T09:15:00+05:30,2025-12-26T15:25:00+05:30,24605,2022-01-03T09:15:00+05:30,2025-12-26T15:15:00+05:30,12797,2022-01-03T09:15:00+05:30,2025-12-26T15:15:00+05:30,6891,2022-01-03T09:15:00+05:30,2025-12-26T15:15:00+05:30,989,2022-01-03T00:00:00+05:30,2025-12-26T00:00:00+05:30
NSE_EQ|INE230A01023,INE230A01023,73811,2022-01-03T09:15:00+05:30,2025-12-26T15:25:00+05:30,24605,2022-01-03T09:15:00+05:30,2025-12-26T15:15:00+05:30,12797,2022-01-03T09:15:00+05:30,2025-12-26T15:15:00+05:30,6891,2022-01-03T09:15:00+05:30,2025-12-26T15:15:00+05:30,989,2022-01-03T00:00:00+05:30,2025-12-26T00:00:00+05:30
NSE_EQ|INE233A01035,INE233A01035,73811,2022-01-03T09:15:00+05:30,2025-12-26T15:25:00+05:30,24605,2022-01-03T09:15:00+05:30,2025-12-26T15:15:00+05:30,12797,2022-01-03T09:15:00+05:30,2025-12-26T15:15:00+05:30,6891,2022-01-03T09:15:00+05:30,2025-12-26T15:15:00+05:30,989,2022-01-03T00:00:00+05:30,2025-12-26T00:00:00+05:30
NSE_EQ|INE233B01017,INE233B01017,73813,2022-01-03T09:15:00+05:30,2025-12-26T15:25:00+05:30,24605,2022-01-03T09:15:00+05:30,2025-12-26T15:15:00+05:30,12797,2022-01-03T09:15:00+05:30,2025-12-26T15:15:00+05:30,6891,2022-01-03T09:15:00+05:30,2025-12-26T15:15:00+05:30,989,2022-01-03T00:00:00+05:30,2025-12-26T00:00:00+05:30
NSE_EQ|INE235A01022,INE235A01022,73811,2022-01-03T09:15:00+05:30,2025-12-26T15:25:00+05:30,24605,2022-01-03T09:15:00+05:30,2025-12-26T15:15:00+05:30,12797,2022-01-03T09:15:00+05:30,2025-12-26T15:15:00+05:30,6891,2022-01-03T09:15:00+05:30,2025-12-26T15:15:00+05:30,989,2022-01-03T00:00:00+05:30,2025-12-26T00:00:00+05:30
NSE_EQ|INE237A01028,INE237A01028,73814,2022-01-03T09:15:00+05:30,2025-12-26T15:25:00+05:30,24605,2022-01-03T09:15:00+05:30,2025-12-26T15:15:00+05:30,12797,2022-01-03T09:15:00+05:30,2025-12-26T15:15:00+05:30,6891,2022-01-03T09:15:00+05:30,2025-12-26T15:15:00+05:30,989,2022-01-03T00:00:00+05:30,2025-12-26T00:00:00+05:30
NSE_EQ|INE238A01034,INE238A01034,73814,2022-01-03T09:15:00+05:30,2025-12-26T15:25:00+05:30,24605,2022-01-03T09:15:00+05:30,2025-12-26T15:15:00+05:30,12797,2022-01-03T09:15:00+05:30,2025-12-26T15:15:00+05:30,6891,2022-01-03T09:15:00+05:30,2025-12-26T15:15:00+05:30,989,2022-01-03T00:00:00+05:30,2025-12-26T00:00:00+05:30
NSE_EQ|INE239A01024,INE239A01024,73814,2022-01-03T09:15:00+05:30,2025-12-26T15:25:00+05:30,24605,2022-01-03T09:15:00+05:30,2025-12-26T15:15:00+05:30,12797,2022-01-03T09:15:00+05:30,2025-12-26T15:15:00+05:30,6891,2022-01-03T09:15:00+05:30,2025-12-26T15:15:00+05:30,989,2022-01-03T00:00:00+05:30,2025-12-26T00:00:00+05:30
NSE_EQ|INE242A01010,INE242A01010,73814,2022-01-03T09:15:00+05:30,2025-12-26T15:25:00+05:30,24605,2022-01-03T09:15:00+05:30,2025-12-26T15:15:00+05:30,12797,2022-01-03T09:15:00+05:30,2025-12-26T15:15:00+05:30,6891,2022-01-03T09:15:00+05:30,2025-12-26T15:15:00+05:30,989,2022-01-03T00:00:00+05:30,2025-12-26T00:00:00+05:30
NSE_EQ|INE242C01024,INE242C01024,73812,2022-01-03T09:15:00+05:30,2025-12-26T15:25:00+05:30,24605,2022-01-03T09:15:00+05:30,2025-12-26T15:15:00+05:30,12797,2022-01-03T09:15:00+05:30,2025-12-26T15:15:00+05:30,6891,2022-01-03T09:15:00+05:30,2025-12-26T15:15:00+05:30,989,2022-01-03T00:00:00+05:30,2025-12-26T00:00:00+05:30
NSE_EQ|INE245A01021,INE245A01021,73814,2022-01-03T09:15:00+05:30,2025-12-26T15:25:00+05:30,24605,2022-01-03T09:15:00+05:30,2025-12-26T15:15:00+05:30,12797,2022-01-03T09:15:00+05:30,2025-12-26T15:15:00+05:30,6891,2022-01-03T09:15:00+05:30,2025-12-26T15:15:00+05:30,989,2022-01-03T00:00:00+05:30,2025-12-26T00:00:00+05:30
NSE_EQ|INE246F01010,INE246F01010,73814,2022-01-03T09:15:00+05:30,2025-12-26T15:25:00+05:30,24605,2022-01-03T09:15:00+05:30,2025-12-26T15:15:00+05:30,12797,2022-01-03T09:15:00+05:30,2025-12-26T15:15:00+05:30,6891,2022-01-03T09:15:00+05:30,2025-12-26T15:15:00+05:30,989,2022-01-03T00:00:00+05:30,2025-12-26T00:00:00+05:30
NSE_EQ|INE248A01017,INE248A01017,73811,2022-01-03T09:15:00+05:30,2025-12-26T15:25:00+05:30,24605,2022-01-03T09:15:00+05:30,2025-12-26T15:15:00+05:30,12797,2022-01-03T09:15:00+05:30,2025-12-26T15:15:00+05:30,6891,2022-01-03T09:15:00+05:30,2025-12-26T15:15:00+05:30,989,2022-01-03T00:00:00+05:30,2025-12-26T00:00:00+05:30
NSE_EQ|INE249Z01020,INE249Z01020,73813,2022-01-03T09:15:00+05:30,2025-12-26T15:25:00+05:30,24605,2022-01-03T09:15:00+05:30,2025-12-26T15:15:00+05:30,12797,2022-01-03T09:15:00+05:30,2025-12-26T15:15:00+05:30,6891,2022-01-03T09:15:00+05:30,2025-12-26T15:15:00+05:30,989,2022-01-03T00:00:00+05:30,2025-12-26T00:00:00+05:30
NSE_EQ|INE256C01024,INE256C01024,73812,2022-01-03T09:15:00+05:30,2025-12-26T15:25:00+05:30,24605,2022-01-03T09:15:00+05:30,2025-12-26T15:15:00+05:30,12797,2022-01-03T09:15:00+05:30,2025-12-26T15:15:00+05:30,6891,2022-01-03T09:15:00+05:30,2025-12-26T15:15:00+05:30,989,2022-01-03T00:00:00+05:30,2025-12-26T00:00:00+05:30
NSE_EQ|INE257A01026,INE257A01026,73814,2022-01-03T09:15:00+05:30,2025-12-26T15:25:00+05:30,24605,2022-01-03T09:15:00+05:30,2025-12-26T15:15:00+05:30,12797,2022-01-03T09:15:00+05:30,2025-12-26T15:15:00+05:30,6891,2022-01-03T09:15:00+05:30,2025-12-26T15:15:00+05:30,989,2022-01-03T00:00:00+05:30,2025-12-26T00:00:00+05:30
NSE_EQ|INE258A01024,INE258A01024,73808,2022-01-03T09:15:00+05:30,2025-12-26T15:25:00+05:30,24605,2022-01-03T09:15:00+05:30,2025-12-26T15:15:00+05:30,12797,2022-01-03T09:15:00+05:30,2025-12-26T15:15:00+05:30,6891,2022-01-03T09:15:00+05:30,2025-12-26T15:15:00+05:30,989,2022-01-03T00:00:00+05:30,2025-12-26T00:00:00+05:30
NSE_EQ|INE258G01013,INE258G01013,73812,2022-01-03T09:15:00+05:30,2025-12-26T15:25:00+05:30,24605,2022-01-03T09:15:00+05:30,2025-12-26T15:15:00+05:30,12797,2022-01-03T09:15:00+05:30,2025-12-26T15:15:00+05:30,6891,2022-01-03T09:15:00+05:30,2025-12-26T15:15:00+05:30,989,2022-01-03T00:00:00+05:30,2025-12-26T00:00:00+05:30
NSE_EQ|INE259A01022,INE259A01022,73814,2022-01-03T09:15:00+05:30,2025-12-26T15:25:00+05:30,24605,2022-01-03T09:15:00+05:30,2025-12-26T15:15:00+05:30,12797,2022-01-03T09:15:00+05:30,2025-12-26T15:15:00+05:30,6891,2022-01-03T09:15:00+05:30,2025-12-26T15:15:00+05:30,989,2022-01-03T00:00:00+05:30,2025-12-26T00:00:00+05:30
NSE_EQ|INE260B01028,INE260B01028,73808,2022-01-03T09:15:00+05:30,2025-12-26T15:25:00+05:30,24605,2022-01-03T09:15:00+05:30,2025-12-26T15:15:00+05:30,12797,2022-01-03T09:15:00+05:30,2025-12-26T15:15:00+05:30,6891,2022-01-03T09:15:00+05:30,2025-12-26T15:15:00+05:30,989,2022-01-03T00:00:00+05:30,2025-12-26T00:00:00+05:30
NSE_EQ|INE260D01016,INE260D01016,73813,2022-01-03T09:15:00+05:30,2025-12-26T15:25:00+05:30,24605,2022-01-03T09:15:00+05:30,2025-12-26T15:15:00+05:30,12797,2022-01-03T09:15:00+05:30,2025-12-26T15:15:00+05:30,6891,2022-01-03T09:15:00+05:30,2025-12-26T15:15:00+05:30,989,2022-01-03T00:00:00+05:30,2025-12-26T00:00:00+05:30
NSE_EQ|INE262H01021,INE262H01021,73814,2022-01-03T09:15:00+05:30,2025-12-26T15:25:00+05:30,24605,2022-01-03T09:15:00+05:30,2025-12-26T15:15:00+05:30,12797,2022-01-03T09:15:00+05:30,2025-12-26T15:15:00+05:30,6891,2022-01-03T09:15:00+05:30,2025-12-26T15:15:00+05:30,989,2022-01-03T00:00:00+05:30,2025-12-26T00:00:00+05:30
NSE_EQ|INE263A01024,INE263A01024,73814,2022-01-03T09:15:00+05:30,2025-12-26T15:25:00+05:30,24605,2022-01-03T09:15:00+05:30,2025-12-26T15:15:00+05:30,12797,2022-01-03T09:15:00+05:30,2025-12-26T15:15:00+05:30,6891,2022-01-03T09:15:00+05:30,2025-12-26T15:15:00+05:30,989,2022-01-03T00:00:00+05:30,2025-12-26T00:00:00+05:30
NSE_EQ|INE267A01025,INE267A01025,73811,2022-01-03T09:15:00+05:30,2025-12-26T15:25:00+05:30,24605,2022-01-03T09:15:00+05:30,2025-12-26T15:15:00+05:30,12797,2022-01-03T09:15:00+05:30,2025-12-26T15:15:00+05:30,6891,2022-01-03T09:15:00+05:30,2025-12-26T15:15:00+05:30,989,2022-01-03T00:00:00+05:30,2025-12-26T00:00:00+05:30
NSE_EQ|INE269A01021,INE269A01021,73812,2022-01-03T09:15:00+05:30,2025-12-26T15:25:00+05:30,24605,2022-01-03T09:15:00+05:30,2025-12-26T15:15:00+05:30,12797,2022-01-03T09:15:00+05:30,2025-12-26T15:15:00+05:30,6891,2022-01-03T09:15:00+05:30,2025-12-26T15:15:00+05:30,989,2022-01-03T00:00:00+05:30,2025-12-26T00:00:00+05:30
NSE_EQ|INE270A01029,INE270A01029,73813,2022-01-03T09:15:00+05:30,2025-12-26T15:25:00+05:30,24605,2022-01-03T09:15:00+05:30,2025-12-26T15:15:00+05:30,12797,2022-01-03T09:15:00+05:30,2025-12-26T15:15:00+05:30,6891,2022-01-03T09:15:00+05:30,2025-12-26T15:15:00+05:30,989,2022-01-03T00:00:00+05:30,2025-12-26T00:00:00+05:30
NSE_EQ|INE271B01025,INE271B01025,73813,2022-01-03T09:15:00+05:30,2025-12-26T15:25:00+05:30,24605,2022-01-03T09:15:00+05:30,2025-12-26T15:15:00+05:30,12797,2022-01-03T09:15:00+05:30,2025-12-26T15:15:00+05:30,6891,2022-01-03T09:15:00+05:30,2025-12-26T15:15:00+05:30,989,2022-01-03T00:00:00+05:30,2025-12-26T00:00:00+05:30
NSE_EQ|INE271C01023,INE271C01023,73814,2022-01-03T09:15:00+05:30,2025-12-26T15:25:00+05:30,24605,2022-01-03T09:15:00+05:30,2025-12-26T15:15:00+05:30,12797,2022-01-03T09:15:00+05:30,2025-12-26T15:15:00+05:30,6891,2022-01-03T09:15:00+05:30,2025-12-26T15:15:00+05:30,989,2022-01-03T00:00:00+05:30,2025-12-26T00:00:00+05:30
NSE_EQ|INE274J01014,INE274J01014,73813,2022-01-03T09:15:00+05:30,2025-12-26T15:25:00+05:30,24605,2022-01-03T09:15:00+05:30,2025-12-26T15:15:00+05:30,12797,2022-01-03T09:15:00+05:30,2025-12-26T15:15:00+05:30,6891,2022-01-03T09:15:00+05:30,2025-12-26T15:15:00+05:30,989,2022-01-03T00:00:00+05:30,2025-12-26T00:00:00+05:30
NSE_EQ|INE278Y01022,INE278Y01022,67510,2022-05-09T09:15:00+05:30,2025-12-26T15:25:00+05:30,22504,2022-05-09T09:15:00+05:30,2025-12-26T15:15:00+05:30,11705,2022-05-09T09:15:00+05:30,2025-12-26T15:15:00+05:30,6303,2022-05-09T09:15:00+05:30,2025-12-26T15:15:00+05:30,905,2022-05-09T00:00:00+05:30,2025-12-26T00:00:00+05:30
NSE_EQ|INE280A01028,INE280A01028,73814,2022-01-03T09:15:00+05:30,2025-12-26T15:25:00+05:30,24605,2022-01-03T09:15:00+05:30,2025-12-26T15:15:00+05:30,12797,2022-01-03T09:15:00+05:30,2025-12-26T15:15:00+05:30,6891,2022-01-03T09:15:00+05:30,2025-12-26T15:15:00+05:30,989,2022-01-03T00:00:00+05:30,2025-12-26T00:00:00+05:30
NSE_EQ|INE281B01032,INE281B01032,45378,2023-07-17T09:15:00+05:30,2025-12-26T15:25:00+05:30,15126,2023-07-17T09:15:00+05:30,2025-12-26T15:15:00+05:30,7868,2023-07-17T09:15:00+05:30,2025-12-26T15:15:00+05:30,4237,2023-07-17T09:15:00+05:30,2025-12-26T15:15:00+05:30,609,2023-07-17T00:00:00+05:30,2025-12-26T00:00:00+05:30
NSE_EQ|INE285A01027,INE285A01027,73811,2022-01-03T09:15:00+05:30,2025-12-26T15:25:00+05:30,24605,2022-01-03T09:15:00+05:30,2025-12-26T15:15:00+05:30,12797,2022-01-03T09:15:00+05:30,2025-12-26T15:15:00+05:30,6891,2022-01-03T09:15:00+05:30,2025-12-26T15:15:00+05:30,989,2022-01-03T00:00:00+05:30,2025-12-26T00:00:00+05:30
NSE_EQ|INE285K01026,INE285K01026,73801,2022-01-03T09:15:00+05:30,2025-12-26T15:25:00+05:30,24605,2022-01-03T09:15:00+05:30,2025-12-26T15:15:00+05:30,12797,2022-01-03T09:15:00+05:30,2025-12-26T15:15:00+05:30,6891,2022-01-03T09:15:00+05:30,2025-12-26T15:15:00+05:30,989,2022-01-03T00:00:00+05:30,2025-12-26T00:00:00+05:30
NSE_EQ|INE288A01013,INE288A01013,73449,2022-01-03T09:15:00+05:30,2025-12-26T15:25:00+05:30,24523,2022-01-03T09:15:00+05:30,2025-12-26T15:15:00+05:30,12756,2022-01-03T09:15:00+05:30,2025-12-26T15:15:00+05:30,6870,2022-01-03T09:15:00+05:30,2025-12-26T15:15:00+05:30,985,2022-01-03T00:00:00+05:30,2025-12-26T00:00:00+05:30
NSE_EQ|INE288B01029,INE288B01029,73814,2022-01-03T09:15:00+05:30,2025-12-26T15:25:00+05:30,24605,2022-01-03T09:15:00+05:30,2025-12-26T15:15:00+05:30,12797,2022-01-03T09:15:00+05:30,2025-12-26T15:15:00+05:30,6891,2022-01-03T09:15:00+05:30,2025-12-26T15:15:00+05:30,989,2022-01-03T00:00:00+05:30,2025-12-26T00:00:00+05:30
NSE_EQ|INE292B01021,INE292B01021,73811,2022-01-03T09:15:00+05:30,2025-12-26T15:25:00+05:30,24605,2022-01-03T09:15:00+05:30,2025-12-26T15:15:00+05:30,12797,2022-01-03T09:15:00+05:30,2025-12-26T15:15:00+05:30,6891,2022-01-03T09:15:00+05:30,2025-12-26T15:15:00+05:30,989,2022-01-03T00:00:00+05:30,2025-12-26T00:00:00+05:30
NSE_EQ|INE296A01032,INE296A01032,73814,2022-01-03T09:15:00+05:30,2025-12-26T15:25:00+05:30,24605,2022-01-03T09:15:00+05:30,2025-12-26T15:15:00+05:30,12797,2022-01-03T09:15:00+05:30,2025-12-26T15:15:00+05:30,6891,2022-01-03T09:15:00+05:30,2025-12-26T15:15:00+05:30,989,2022-01-03T00:00:00+05:30,2025-12-26T00:00:00+05:30
NSE_EQ|INE298A01020,INE298A01020,73814,2022-01-03T09:15:00+05:30,2025-12-26T15:25:00+05:30,24605,2022-01-03T09:15:00+05:30,2025-12-26T15:15:00+05:30,12797,2022-01-03T09:15:00+05:30,2025-12-26T15:15:00+05:30,6891,2022-01-03T09:15:00+05:30,2025-12-26T15:15:00+05:30,989,2022-01-03T00:00:00+05:30,2025-12-26T00:00:00+05:30
NSE_EQ|INE298J01013,INE298J01013,73814,2022-01-03T09:15:00+05:30,2025-12-26T15:25:00+05:30,24605,2022-01-03T09:15:00+05:30,2025-12-26T15:15:00+05:30,12797,2022-01-03T09:15:00+05:30,2025-12-26T15:15:00+05:30,6891,2022-01-03T09:15:00+05:30,2025-12-26T15:15:00+05:30,989,2022-01-03T00:00:00+05:30,2025-12-26T00:00:00+05:30
NSE_EQ|INE299U01018,INE299U01018,73814,2022-01-03T09:15:00+05:30,2025-12-26T15:25:00+05:30,24605,2022-01-03T09:15:00+05:30,2025-12-26T15:15:00+05:30,12797,2022-01-03T09:15:00+05:30,2025-12-26T15:15:00+05:30,6891,2022-01-03T09:15:00+05:30,2025-12-26T15:15:00+05:30,989,2022-01-03T00:00:00+05:30,2025-12-26T00:00:00+05:30
NSE_EQ|INE302A01020,INE302A01020,73814,2022-01-03T09:15:00+05:30,2025-12-26T15:25:00+05:30,24605,2022-01-03T09:15:00+05:30,2025-12-26T15:15:00+05:30,12797,2022-01-03T09:15:00+05:30,2025-12-26T15:15:00+05:30,6891,2022-01-03T09:15:00+05:30,2025-12-26T15:15:00+05:30,989,2022-01-03T00:00:00+05:30,2025-12-26T00:00:00+05:30
NSE_EQ|INE303R01014,INE303R01014,73813,2022-01-03T09:15:00+05:30,2025-12-26T15:25:00+05:30,24605,2022-01-03T09:15:00+05:30,2025-12-26T15:15:00+05:30,12797,2022-01-03T09:15:00+05:30,2025-12-26T15:15:00+05:30,6891,2022-01-03T09:15:00+05:30,2025-12-26T15:15:00+05:30,989,2022-01-03T00:00:00+05:30,2025-12-26T00:00:00+05:30
NSE_EQ|INE306R01017,INE306R01017,73814,2022-01-03T09:15:00+05:30,2025-12-26T15:25:00+05:30,24605,2022-01-03T09:15:00+05:30,2025-12-26T15:15:00+05:30,12797,2022-01-03T09:15:00+05:30,2025-12-26T15:15:00+05:30,6891,2022-01-03T09:15:00+05:30,2025-12-26T15:15:00+05:30,989,2022-01-03T00:00:00+05:30,2025-12-26T00:00:00+05:30
NSE_EQ|INE318A01026,INE318A01026,73814,2022-01-03T09:15:00+05:30,2025-12-26T15:25:00+05:30,24605,2022-01-03T09:15:00+05:30,2025-12-26T15:15:00+05:30,12797,2022-01-03T09:15:00+05:30,2025-12-26T15:15:00+05:30,6891,2022-01-03T09:15:00+05:30,2025-12-26T15:15:00+05:30,989,2022-01-03T00:00:00+05:30,2025-12-26T00:00:00+05:30
NSE_EQ|INE320J01015,INE320J01015,73812,2022-01-03T09:15:00+05:30,2025-12-26T15:25:00+05:30,24605,2022-01-03T09:15:00+05:30,2025-12-26T15:15:00+05:30,12797,2022-01-03T09:15:00+05:30,2025-12-26T15:15:00+05:30,6891,2022-01-03T09:15:00+05:30,2025-12-26T15:15:00+05:30,989,2022-01-03T00:00:00+05:30,2025-12-26T00:00:00+05:30
NSE_EQ|INE321T01012,INE321T01012,37412,2023-12-20T09:15:00+05:30,2025-12-26T15:25:00+05:30,12472,2023-12-20T09:15:00+05:30,2025-12-26T15:15:00+05:30,6488,2023-12-20T09:15:00+05:30,2025-12-26T15:15:00+05:30,3494,2023-12-20T09:15:00+05:30,2025-12-26T15:15:00+05:30,502,2023-12-20T00:00:00+05:30,2025-12-26T00:00:00+05:30
NSE_EQ|INE322A01010,INE322A01010,73772,2022-01-03T09:15:00+05:30,2025-12-26T15:25:00+05:30,24604,2022-01-03T09:15:00+05:30,2025-12-26T15:15:00+05:30,12797,2022-01-03T09:15:00+05:30,2025-12-26T15:15:00+05:30,6891,2022-01-03T09:15:00+05:30,2025-12-26T15:15:00+05:30,989,2022-01-03T00:00:00+05:30,2025-12-26T00:00:00+05:30
NSE_EQ|INE323A01026,INE323A01026,73814,2022-01-03T09:15:00+05:30,2025-12-26T15:25:00+05:30,24605,2022-01-03T09:15:00+05:30,2025-12-26T15:15:00+05:30,12797,2022-01-03T09:15:00+05:30,2025-12-26T15:15:00+05:30,6891,2022-01-03T09:15:00+05:30,2025-12-26T15:15:00+05:30,989,2022-01-03T00:00:00+05:30,2025-12-26T00:00:00+05:30
NSE_EQ|INE324A01032,INE324A01032,73813,2022-01-03T09:15:00+05:30,2025-12-26T15:25:00+05:30,24605,2022-01-03T09:15:00+05:30,2025-12-26T15:15:00+05:30,12797,2022-01-03T09:15:00+05:30,2025-12-26T15:15:00+05:30,6891,2022-01-03T09:15:00+05:30,2025-12-26T15:15:00+05:30,989,2022-01-03T00:00:00+05:30,2025-12-26T00:00:00+05:30
NSE_EQ|INE325A01013,INE325A01013,73812,2022-01-03T09:15:00+05:30,2025-12-26T15:25:00+05:30,24605,2022-01-03T09:15:00+05:30,2025-12-26T15:15:00+05:30,12797,2022-01-03T09:15:00+05:30,2025-12-26T15:15:00+05:30,6891,2022-01-03T09:15:00+05:30,2025-12-26T15:15:00+05:30,989,2022-01-03T00:00:00+05:30,2025-12-26T00:00:00+05:30
NSE_EQ|INE326A01037,INE326A01037,73814,2022-01-03T09:15:00+05:30,2025-12-26T15:25:00+05:30,24605,2022-01-03T09:15:00+05:30,2025-12-26T15:15:00+05:30,12797,2022-01-03T09:15:00+05:30,2025-12-26T15:15:00+05:30,6891,2022-01-03T09:15:00+05:30,2025-12-26T15:15:00+05:30,989,2022-01-03T00:00:00+05:30,2025-12-26T00:00:00+05:30
NSE_EQ|INE331A01037,INE331A01037,73814,2022-01-03T09:15:00+05:30,2025-12-26T15:25:00+05:30,24605,2022-01-03T09:15:00+05:30,2025-12-26T15:15:00+05:30,12797,2022-01-03T09:15:00+05:30,2025-12-26T15:15:00+05:30,6891,2022-01-03T09:15:00+05:30,2025-12-26T15:15:00+05:30,989,2022-01-03T00:00:00+05:30,2025-12-26T00:00:00+05:30
NSE_EQ|INE335Y01020,INE335Y01020,73814,2022-01-03T09:15:00+05:30,2025-12-26T15:25:00+05:30,24605,2022-01-03T09:15:00+05:30,2025-12-26T15:15:00+05:30,12797,2022-01-03T09:15:00+05:30,2025-12-26T15:15:00+05:30,6891,2022-01-03T09:15:00+05:30,2025-12-26T15:15:00+05:30,989,2022-01-03T00:00:00+05:30,2025-12-26T00:00:00+05:30
NSE_EQ|INE338H01029,INE338H01029,43649,2023-08-18T09:15:00+05:30,2025-12-26T15:25:00+05:30,14551,2023-08-18T09:15:00+05:30,2025-12-26T15:15:00+05:30,7569,2023-08-18T09:15:00+05:30,2025-12-26T15:15:00+05:30,4076,2023-08-18T09:15:00+05:30,2025-12-26T15:15:00+05:30,586,2023-08-18T00:00:00+05:30,2025-12-26T00:00:00+05:30
NSE_EQ|INE338I01027,INE338I01027,73813,2022-01-03T09:15:00+05:30,2025-12-26T15:25:00+05:30,24605,2022-01-03T09:15:00+05:30,2025-12-26T15:15:00+05:30,12797,2022-01-03T09:15:00+05:30,2025-12-26T15:15:00+05:30,6891,2022-01-03T09:15:00+05:30,2025-12-26T15:15:00+05:30,989,2022-01-03T00:00:00+05:30,2025-12-26T00:00:00+05:30
NSE_EQ|INE342J01019,INE342J01019,23156,2022-01-03T09:15:00+05:30,2023-03-31T15:25:00+05:30,0,,,0,,,0,,,0,,
NSE_EQ|INE343G01021,INE343G01021,31691,2024-04-12T09:15:00+05:30,2025-12-26T15:25:00+05:30,10565,2024-04-12T09:15:00+05:30,2025-12-26T15:15:00+05:30,5495,2024-04-12T09:15:00+05:30,2025-12-26T15:15:00+05:30,2959,2024-04-12T09:15:00+05:30,2025-12-26T15:15:00+05:30,425,2024-04-12T00:00:00+05:30,2025-12-26T00:00:00+05:30
NSE_EQ|INE343H01029,INE343H01029,73812,2022-01-03T09:15:00+05:30,2025-12-26T15:25:00+05:30,24605,2022-01-03T09:15:00+05:30,2025-12-26T15:15:00+05:30,12797,2022-01-03T09:15:00+05:30,2025-12-26T15:15:00+05:30,6891,2022-01-03T09:15:00+05:30,2025-12-26T15:15:00+05:30,989,2022-01-03T00:00:00+05:30,2025-12-26T00:00:00+05:30
NSE_EQ|INE347G01014,INE347G01014,73814,2022-01-03T09:15:00+05:30,2025-12-26T15:25:00+05:30,24605,2022-01-03T09:15:00+05:30,2025-12-26T15:15:00+05:30,12797,2022-01-03T09:15:00+05:30,2025-12-26T15:15:00+05:30,6891,2022-01-03T09:15:00+05:30,2025-12-26T15:15:00+05:30,989,2022-01-03T00:00:00+05:30,2025-12-26T00:00:00+05:30
NSE_EQ|INE348B01021,INE348B01021,73813,2022-01-03T09:15:00+05:30,2025-12-26T15:25:00+05:30,24605,2022-01-03T09:15:00+05:30,2025-12-26T15:15:00+05:30,12797,2022-01-03T09:15:00+05:30,2025-12-26T15:15:00+05:30,6891,2022-01-03T09:15:00+05:30,2025-12-26T15:15:00+05:30,989,2022-01-03T00:00:00+05:30,2025-12-26T00:00:00+05:30
NSE_EQ|INE351F01018,INE351F01018,73813,2022-01-03T09:15:00+05:30,2025-12-26T15:25:00+05:30,24605,2022-01-03T09:15:00+05:30,2025-12-26T15:15:00+05:30,12797,2022-01-03T09:15:00+05:30,2025-12-26T15:15:00+05:30,6891,2022-01-03T09:15:00+05:30,2025-12-26T15:15:00+05:30,989,2022-01-03T00:00:00+05:30,2025-12-26T00:00:00+05:30
NSE_EQ|INE356A01018,INE356A01018,73814,2022-01-03T09:15:00+05:30,2025-12-26T15:25:00+05:30,24605,2022-01-03T09:15:00+05:30,2025-12-26T15:15:00+05:30,12797,2022-01-03T09:15:00+05:30,2025-12-26T15:15:00+05:30,6891,2022-01-03T09:15:00+05:30,2025-12-26T15:15:00+05:30,989,2022-01-03T00:00:00+05:30,2025-12-26T00:00:00+05:30
NSE_EQ|INE358A01014,INE358A01014,73814,2022-01-03T09:15:00+05:30,2025-12-26T15:25:00+05:30,24605,2022-01-03T09:15:00+05:30,2025-12-26T15:15:00+05:30,12797,2022-01-03T09:15:00+05:30,2025-12-26T15:15:00+05:30,6891,2022-01-03T09:15:00+05:30,2025-12-26T15:15:00+05:30,989,2022-01-03T00:00:00+05:30,2025-12-26T00:00:00+05:30
NSE_EQ|INE361B01024,INE361B01024,73814,2022-01-03T09:15:00+05:30,2025-12-26T15:25:00+05:30,24605,2022-01-03T09:15:00+05:30,2025-12-26T15:15:00+05:30,12797,2022-01-03T09:15:00+05:30,2025-12-26T15:15:00+05:30,6891,2022-01-03T09:15:00+05:30,2025-12-26T15:15:00+05:30,989,2022-01-03T00:00:00+05:30,2025-12-26T00:00:00+05:30
NSE_EQ|INE364U01010,INE364U01010,73813,2022-01-03T09:15:00+05:30,2025-12-26T15:25:00+05:30,24605,2022-01-03T09:15:00+05:30,2025-12-26T15:15:00+05:30,12797,2022-01-03T09:15:00+05:30,2025-12-26T15:15:00+05:30,6891,2022-01-03T09:15:00+05:30,2025-12-26T15:15:00+05:30,989,2022-01-03T00:00:00+05:30,2025-12-26T00:00:00+05:30
NSE_EQ|INE371A01025,INE371A01025,73811,2022-01-03T09:15:00+05:30,2025-12-26T15:25:00+05:30,24605,2022-01-03T09:15:00+05:30,2025-12-26T15:15:00+05:30,12797,2022-01-03T09:15:00+05:30,2025-12-26T15:15:00+05:30,6891,2022-01-03T09:15:00+05:30,2025-12-26T15:15:00+05:30,989,2022-01-03T00:00:00+05:30,2025-12-26T00:00:00+05:30
NSE_EQ|INE371P01015,INE371P01015,73813,2022-01-03T09:15:00+05:30,2025-12-26T15:25:00+05:30,24605,2022-01-03T09:15:00+05:30,2025-12-26T15:15:00+05:30,12797,2022-01-03T09:15:00+05:30,2025-12-26T15:15:00+05:30,6891,2022-01-03T09:15:00+05:30,2025-12-26T15:15:00+05:30,989,2022-01-03T00:00:00+05:30,2025-12-26T00:00:00+05:30
NSE_EQ|INE372A01015,INE372A01015,73811,2022-01-03T09:15:00+05:30,2025-12-26T15:25:00+05:30,24605,2022-01-03T09:15:00+05:30,2025-12-26T15:15:00+05:30,12797,2022-01-03T09:15:00+05:30,2025-12-26T15:15:00+05:30,6891,2022-01-03T09:15:00+05:30,2025-12-26T15:15:00+05:30,989,2022-01-03T00:00:00+05:30,2025-12-26T00:00:00+05:30
NSE_EQ|INE373A01013,INE373A01013,73809,2022-01-03T09:15:00+05:30,2025-12-26T15:25:00+05:30,24605,2022-01-03T09:15:00+05:30,2025-12-26T15:15:00+05:30,12797,2022-01-03T09:15:00+05:30,2025-12-26T15:15:00+05:30,6891,2022-01-03T09:15:00+05:30,2025-12-26T15:15:00+05:30,989,2022-01-03T00:00:00+05:30,2025-12-26T00:00:00+05:30
NSE_EQ|INE376G01013,INE376G01013,73814,2022-01-03T09:15:00+05:30,2025-12-26T15:25:00+05:30,24605,2022-01-03T09:15:00+05:30,2025-12-26T15:15:00+05:30,12797,2022-01-03T09:15:00+05:30,2025-12-26T15:15:00+05:30,6891,2022-01-03T09:15:00+05:30,2025-12-26T15:15:00+05:30,989,2022-01-03T00:00:00+05:30,2025-12-26T00:00:00+05:30
NSE_EQ|INE377N01017,INE377N01017,21620,2024-10-28T09:35:00+05:30,2025-12-26T15:25:00+05:30,7207,2024-10-28T09:30:00+05:30,2025-12-26T15:15:00+05:30,3748,2024-10-28T09:15:00+05:30,2025-12-26T15:15:00+05:30,2018,2024-10-28T09:15:00+05:30,2025-12-26T15:15:00+05:30,290,2024-10-28T00:00:00+05:30,2025-12-26T00:00:00+05:30
NSE_EQ|INE377Y01014,INE377Y01014,23795,2024-09-16T09:15:00+05:30,2025-12-26T15:25:00+05:30,7933,2024-09-16T09:15:00+05:30,2025-12-26T15:15:00+05:30,4125,2024-09-16T09:15:00+05:30,2025-12-26T15:15:00+05:30,2221,2024-09-16T09:15:00+05:30,2025-12-26T15:15:00+05:30,319,2024-09-16T00:00:00+05:30,2025-12-26T00:00:00+05:30
NSE_EQ|INE379A01028,INE379A01028,16882,2025-01-29T09:40:00+05:30,2025-12-26T15:25:00+05:30,5628,2025-01-29T09:30:00+05:30,2025-12-26T15:15:00+05:30,2927,2025-01-29T09:15:00+05:30,2025-12-26T15:15:00+05:30,1576,2025-01-29T09:15:00+05:30,2025-12-26T15:15:00+05:30,226,2025-01-29T00:00:00+05:30,2025-12-26T00:00:00+05:30
NSE_EQ|INE382Z01011,INE382Z01011,73811,2022-01-03T09:15:00+05:30,2025-12-26T15:25:00+05:30,24605,2022-01-03T09:15:00+05:30,2025-12-26T15:15:00+05:30,12797,2022-01-03T09:15:00+05:30,2025-12-26T15:15:00+05:30,6891,2022-01-03T09:15:00+05:30,2025-12-26T15:15:00+05:30,989,2022-01-03T00:00:00+05:30,2025-12-26T00:00:00+05:30
NSE_EQ|INE383A01012,INE383A01012,73814,2022-01-03T09:15:00+05:30,2025-12-26T15:25:00+05:30,24605,2022-01-03T09:15:00+05:30,2025-12-26T15:15:00+05:30,12797,2022-01-03T09:15:00+05:30,2025-12-26T15:15:00+05:30,6891,2022-01-03T09:15:00+05:30,2025-12-26T15:15:00+05:30,989,2022-01-03T00:00:00+05:30,2025-12-26T00:00:00+05:30
NSE_EQ|INE385C01021,INE385C01021,73774,2022-01-03T09:15:00+05:30,2025-12-26T15:25:00+05:30,24595,2022-01-03T09:15:00+05:30,2025-12-26T15:15:00+05:30,12792,2022-01-03T09:15:00+05:30,2025-12-26T15:15:00+05:30,6889,2022-01-03T09:15:00+05:30,2025-12-26T15:15:00+05:30,989,2022-01-03T00:00:00+05:30,2025-12-26T00:00:00+05:30
NSE_EQ|INE387A01021,INE387A01021,73812,2022-01-03T09:15:00+05:30,2025-12-26T15:25:00+05:30,24605,2022-01-03T09:15:00+05:30,2025-12-26T15:15:00+05:30,12797,2022-01-03T09:15:00+05:30,2025-12-26T15:15:00+05:30,6891,2022-01-03T09:15:00+05:30,2025-12-26T15:15:00+05:30,989,2022-01-03T00:00:00+05:30,2025-12-26T00:00:00+05:30
NSE_EQ|INE388Y01029,INE388Y01029,73813,2022-01-03T09:15:00+05:30,2025-12-26T15:25:00+05:30,24605,2022-01-03T09:15:00+05:30,2025-12-26T15:15:00+05:30,12797,2022-01-03T09:15:00+05:30,2025-12-26T15:15:00+05:30,6891,2022-01-03T09:15:00+05:30,2025-12-26T15:15:00+05:30,989,2022-01-03T00:00:00+05:30,2025-12-26T00:00:00+05:30
NSE_EQ|INE389H01022,INE389H01022,73813,2022-01-03T09:15:00+05:30,2025-12-26T15:25:00+05:30,24605,2022-01-03T09:15:00+05:30,2025-12-26T15:15:00+05:30,12797,2022-01-03T09:15:00+05:30,2025-12-26T15:15:00+05:30,6891,2022-01-03T09:15:00+05:30,2025-12-26T15:15:00+05:30,989,2022-01-03T00:00:00+05:30,2025-12-26T00:00:00+05:30
NSE_EQ|INE397D01024,INE397D01024,73814,2022-01-03T09:15:00+05:30,2025-12-26T15:25:00+05:30,24605,2022-01-03T09:15:00+05:30,2025-12-26T15:15:00+05:30,12797,2022-01-03T09:15:00+05:30,2025-12-26T15:15:00+05:30,6891,2022-01-03T09:15:00+05:30,2025-12-26T15:15:00+05:30,989,2022-01-03T00:00:00+05:30,2025-12-26T00:00:00+05:30
NSE_EQ|INE398R01022,INE398R01022,73814,2022-01-03T09:15:00+05:30,2025-12-26T15:25:00+05:30,24605,2022-01-03T09:15:00+05:30,2025-12-26T15:15:00+05:30,12797,2022-01-03T09:15:00+05:30,2025-12-26T15:15:00+05:30,6891,2022-01-03T09:15:00+05:30,2025-12-26T15:15:00+05:30,989,2022-01-03T00:00:00+05:30,2025-12-26T00:00:00+05:30
NSE_EQ|INE399G01023,INE399G01023,73812,2022-01-03T09:15:00+05:30,2025-12-26T15:25:00+05:30,24605,2022-01-03T09:15:00+05:30,2025-12-26T15:15:00+05:30,12797,2022-01-03T09:15:00+05:30,2025-12-26T15:15:00+05:30,6891,2022-01-03T09:15:00+05:30,2025-12-26T15:15:00+05:30,989,2022-01-03T00:00:00+05:30,2025-12-26T00:00:00+05:30
NSE_EQ|INE399L01023,INE399L01023,73813,2022-01-03T09:15:00+05:30,2025-12-26T15:25:00+05:30,24605,2022-01-03T09:15:00+05:30,2025-12-26T15:15:00+05:30,12797,2022-01-03T09:15:00+05:30,2025-12-26T15:15:00+05:30,6891,2022-01-03T09:15:00+05:30,2025-12-26T15:15:00+05:30,989,2022-01-03T00:00:00+05:30,2025-12-26T00:00:00+05:30
NSE_EQ|INE404A01024,INE404A01024,73813,2022-01-03T09:15:00+05:30,2025-12-26T15:25:00+05:30,24605,2022-01-03T09:15:00+05:30,2025-12-26T15:15:00+05:30,12797,2022-01-03T09:15:00+05:30,2025-12-26T15:15:00+05:30,6891,2022-01-03T09:15:00+05:30,2025-12-26T15:15:00+05:30,989,2022-01-03T00:00:00+05:30,2025-12-26T00:00:00+05:30
NSE_EQ|INE405E01023,INE405E01023,73813,2022-01-03T09:15:00+05:30,2025-12-26T15:25:00+05:30,24605,2022-01-03T09:15:00+05:30,2025-12-26T15:15:00+05:30,12797,2022-01-03T09:15:00+05:30,2025-12-26T15:15:00+05:30,6891,2022-01-03T09:15:00+05:30,2025-12-26T15:15:00+05:30,989,2022-01-03T00:00:00+05:30,2025-12-26T00:00:00+05:30
NSE_EQ|INE406A01037,INE406A01037,73814,2022-01-03T09:15:00+05:30,2025-12-26T15:25:00+05:30,24605,2022-01-03T09:15:00+05:30,2025-12-26T15:15:00+05:30,12797,2022-01-03T09:15:00+05:30,2025-12-26T15:15:00+05:30,6891,2022-01-03T09:15:00+05:30,2025-12-26T15:15:00+05:30,989,2022-01-03T00:00:00+05:30,2025-12-26T00:00:00+05:30
NSE_EQ|INE406M01024,INE406M01024,73802,2022-01-03T09:15:00+05:30,2025-12-26T15:25:00+05:30,24605,2022-01-03T09:15:00+05:30,2025-12-26T15:15:00+05:30,12797,2022-01-03T09:15:00+05:30,2025-12-26T15:15:00+05:30,6891,2022-01-03T09:15:00+05:30,2025-12-26T15:15:00+05:30,989,2022-01-03T00:00:00+05:30,2025-12-26T00:00:00+05:30
NSE_EQ|INE410P01011,INE410P01011,73813,2022-01-03T09:15:00+05:30,2025-12-26T15:25:00+05:30,24605,2022-01-03T09:15:00+05:30,2025-12-26T15:15:00+05:30,12797,2022-01-03T09:15:00+05:30,2025-12-26T15:15:00+05:30,6891,2022-01-03T09:15:00+05:30,2025-12-26T15:15:00+05:30,989,2022-01-03T00:00:00+05:30,2025-12-26T00:00:00+05:30
NSE_EQ|INE414G01012,INE414G01012,73814,2022-01-03T09:15:00+05:30,2025-12-26T15:25:00+05:30,24605,2022-01-03T09:15:00+05:30,2025-12-26T15:15:00+05:30,12797,2022-01-03T09:15:00+05:30,2025-12-26T15:15:00+05:30,6891,2022-01-03T09:15:00+05:30,2025-12-26T15:15:00+05:30,989,2022-01-03T00:00:00+05:30,2025-12-26T00:00:00+05:30
NSE_EQ|INE415G01027,INE415G01027,73812,2022-01-03T09:15:00+05:30,2025-12-26T15:25:00+05:30,24605,2022-01-03T09:15:00+05:30,2025-12-26T15:15:00+05:30,12797,2022-01-03T09:15:00+05:30,2025-12-26T15:15:00+05:30,6891,2022-01-03T09:15:00+05:30,2025-12-26T15:15:00+05:30,989,2022-01-03T00:00:00+05:30,2025-12-26T00:00:00+05:30
NSE_EQ|INE417T01026,INE417T01026,73813,2022-01-03T09:15:00+05:30,2025-12-26T15:25:00+05:30,24605,2022-01-03T09:15:00+05:30,2025-12-26T15:15:00+05:30,12797,2022-01-03T09:15:00+05:30,2025-12-26T15:15:00+05:30,6891,2022-01-03T09:15:00+05:30,2025-12-26T15:15:00+05:30,989,2022-01-03T00:00:00+05:30,2025-12-26T00:00:00+05:30
NSE_EQ|INE419U01012,INE419U01012,73811,2022-01-03T09:15:00+05:30,2025-12-26T15:25:00+05:30,24605,2022-01-03T09:15:00+05:30,2025-12-26T15:15:00+05:30,12797,2022-01-03T09:15:00+05:30,2025-12-26T15:15:00+05:30,6891,2022-01-03T09:15:00+05:30,2025-12-26T15:15:00+05:30,989,2022-01-03T00:00:00+05:30,2025-12-26T00:00:00+05:30
NSE_EQ|INE421D01022,INE421D01022,73813,2022-01-03T09:15:00+05:30,2025-12-26T15:25:00+05:30,24605,2022-01-03T09:15:00+05:30,2025-12-26T15:15:00+05:30,12797,2022-01-03T09:15:00+05:30,2025-12-26T15:15:00+05:30,6891,2022-01-03T09:15:00+05:30,2025-12-26T15:15:00+05:30,989,2022-01-03T00:00:00+05:30,2025-12-26T00:00:00+05:30
NSE_EQ|INE423A01024,INE423A01024,73814,2022-01-03T09:15:00+05:30,2025-12-26T15:25:00+05:30,24605,2022-01-03T09:15:00+05:30,2025-12-26T15:15:00+05:30,12797,2022-01-03T09:15:00+05:30,2025-12-26T15:15:00+05:30,6891,2022-01-03T09:15:00+05:30,2025-12-26T15:15:00+05:30,989,2022-01-03T00:00:00+05:30,2025-12-26T00:00:00+05:30
NSE_EQ|INE423Y01016,INE423Y01016,43799,2023-08-16T09:15:00+05:30,2025-12-26T15:25:00+05:30,14601,2023-08-16T09:15:00+05:30,2025-12-26T15:15:00+05:30,7595,2023-08-16T09:15:00+05:30,2025-12-26T15:15:00+05:30,4090,2023-08-16T09:15:00+05:30,2025-12-26T15:15:00+05:30,588,2023-08-16T00:00:00+05:30,2025-12-26T00:00:00+05:30
NSE_EQ|INE424H01027,INE424H01027,73814,2022-01-03T09:15:00+05:30,2025-12-26T15:25:00+05:30,24605,2022-01-03T09:15:00+05:30,2025-12-26T15:15:00+05:30,12797,2022-01-03T09:15:00+05:30,2025-12-26T15:15:00+05:30,6891,2022-01-03T09:15:00+05:30,2025-12-26T15:15:00+05:30,989,2022-01-03T00:00:00+05:30,2025-12-26T00:00:00+05:30
NSE_EQ|INE427F01016,INE427F01016,73813,2022-01-03T09:15:00+05:30,2025-12-26T15:25:00+05:30,24605,2022-01-03T09:15:00+05:30,2025-12-26T15:15:00+05:30,12797,2022-01-03T09:15:00+05:30,2025-12-26T15:15:00+05:30,6891,2022-01-03T09:15:00+05:30,2025-12-26T15:15:00+05:30,989,2022-01-03T00:00:00+05:30,2025-12-26T00:00:00+05:30
NSE_EQ|INE437A01024,INE437A01024,73814,2022-01-03T09:15:00+05:30,2025-12-26T15:25:00+05:30,24605,2022-01-03T09:15:00+05:30,2025-12-26T15:15:00+05:30,12797,2022-01-03T09:15:00+05:30,2025-12-26T15:15:00+05:30,6891,2022-01-03T09:15:00+05:30,2025-12-26T15:15:00+05:30,989,2022-01-03T00:00:00+05:30,2025-12-26T00:00:00+05:30
NSE_EQ|INE438A01022,INE438A01022,73814,2022-01-03T09:15:00+05:30,2025-12-26T15:25:00+05:30,24605,2022-01-03T09:15:00+05:30,2025-12-26T15:15:00+05:30,12797,2022-01-03T09:15:00+05:30,2025-12-26T15:15:00+05:30,6891,2022-01-03T09:15:00+05:30,2025-12-26T15:15:00+05:30,989,2022-01-03T00:00:00+05:30,2025-12-26T00:00:00+05:30
NSE_EQ|INE439A01020,INE439A01020,73813,2022-01-03T09:15:00+05:30,2025-12-26T15:25:00+05:30,24605,2022-01-03T09:15:00+05:30,2025-12-26T15:15:00+05:30,12797,2022-01-03T09:15:00+05:30,2025-12-26T15:15:00+05:30,6891,2022-01-03T09:15:00+05:30,2025-12-26T15:15:00+05:30,989,2022-01-03T00:00:00+05:30,2025-12-26T00:00:00+05:30
NSE_EQ|INE451A01017,INE451A01017,68174,2022-01-03T09:15:00+05:30,2025-12-26T15:25:00+05:30,22726,2022-01-03T09:15:00+05:30,2025-12-26T15:15:00+05:30,11820,2022-01-03T09:15:00+05:30,2025-12-26T15:15:00+05:30,6365,2022-01-03T09:15:00+05:30,2025-12-26T15:15:00+05:30,913,2022-01-03T00:00:00+05:30,2025-12-26T00:00:00+05:30
NSE_EQ|INE455K01017,INE455K01017,73814,2022-01-03T09:15:00+05:30,2025-12-26T15:25:00+05:30,24605,2022-01-03T09:15:00+05:30,2025-12-26T15:15:00+05:30,12797,2022-01-03T09:15:00+05:30,2025-12-26T15:15:00+05:30,6891,2022-01-03T09:15:00+05:30,2025-12-26T15:15:00+05:30,989,2022-01-03T00:00:00+05:30,2025-12-26T00:00:00+05:30
NSE_EQ|INE457A01014,INE457A01014,73813,2022-01-03T09:15:00+05:30,2025-12-26T15:25:00+05:30,24605,2022-01-03T09:15:00+05:30,2025-12-26T15:15:00+05:30,12797,2022-01-03T09:15:00+05:30,2025-12-26T15:15:00+05:30,6891,2022-01-03T09:15:00+05:30,2025-12-26T15:15:00+05:30,989,2022-01-03T00:00:00+05:30,2025-12-26T00:00:00+05:30
NSE_EQ|INE457L01029,INE457L01029,73698,2022-01-03T09:15:00+05:30,2025-12-26T15:25:00+05:30,24605,2022-01-03T09:15:00+05:30,2025-12-26T15:15:00+05:30,12797,2022-01-03T09:15:00+05:30,2025-12-26T15:15:00+05:30,6891,2022-01-03T09:15:00+05:30,2025-12-26T15:15:00+05:30,989,2022-01-03T00:00:00+05:30,2025-12-26T00:00:00+05:30
NSE_EQ|INE462A01022,INE462A01022,73809,2022-01-03T09:15:00+05:30,2025-12-26T15:25:00+05:30,24605,2022-01-03T09:15:00+05:30,2025-12-26T15:15:00+05:30,12797,2022-01-03T09:15:00+05:30,2025-12-26T15:15:00+05:30,6891,2022-01-03T09:15:00+05:30,2025-12-26T15:15:00+05:30,989,2022-01-03T00:00:00+05:30,2025-12-26T00:00:00+05:30
NSE_EQ|INE463A01038,INE463A01038,73814,2022-01-03T09:15:00+05:30,2025-12-26T15:25:00+05:30,24605,2022-01-03T09:15:00+05:30,2025-12-26T15:15:00+05:30,12797,2022-01-03T09:15:00+05:30,2025-12-26T15:15:00+05:30,6891,2022-01-03T09:15:00+05:30,2025-12-26T15:15:00+05:30,989,2022-01-03T00:00:00+05:30,2025-12-26T00:00:00+05:30
NSE_EQ|INE463V01026,INE463V01026,73797,2022-01-03T09:15:00+05:30,2025-12-26T15:25:00+05:30,24605,2022-01-03T09:15:00+05:30,2025-12-26T15:15:00+05:30,12797,2022-01-03T09:15:00+05:30,2025-12-26T15:15:00+05:30,6891,2022-01-03T09:15:00+05:30,2025-12-26T15:15:00+05:30,989,2022-01-03T00:00:00+05:30,2025-12-26T00:00:00+05:30
NSE_EQ|INE465A01025,INE465A01025,73814,2022-01-03T09:15:00+05:30,2025-12-26T15:25:00+05:30,24605,2022-01-03T09:15:00+05:30,2025-12-26T15:15:00+05:30,12797,2022-01-03T09:15:00+05:30,2025-12-26T15:15:00+05:30,6891,2022-01-03T09:15:00+05:30,2025-12-26T15:15:00+05:30,989,2022-01-03T00:00:00+05:30,2025-12-26T00:00:00+05:30
NSE_EQ|INE466L01038,INE466L01038,73803,2022-01-03T09:15:00+05:30,2025-12-26T15:25:00+05:30,24605,2022-01-03T09:15:00+05:30,2025-12-26T15:15:00+05:30,12797,2022-01-03T09:15:00+05:30,2025-12-26T15:15:00+05:30,6891,2022-01-03T09:15:00+05:30,2025-12-26T15:15:00+05:30,989,2022-01-03T00:00:00+05:30,2025-12-26T00:00:00+05:30
NSE_EQ|INE467B01029,INE467B01029,73814,2022-01-03T09:15:00+05:30,2025-12-26T15:25:00+05:30,24605,2022-01-03T09:15:00+05:30,2025-12-26T15:15:00+05:30,12797,2022-01-03T09:15:00+05:30,2025-12-26T15:15:00+05:30,6891,2022-01-03T09:15:00+05:30,2025-12-26T15:15:00+05:30,989,2022-01-03T00:00:00+05:30,2025-12-26T00:00:00+05:30
NSE_EQ|INE470A01017,INE470A01017,73809,2022-01-03T09:15:00+05:30,2025-12-26T15:25:00+05:30,24605,2022-01-03T09:15:00+05:30,2025-12-26T15:15:00+05:30,12797,2022-01-03T09:15:00+05:30,2025-12-26T15:15:00+05:30,6891,2022-01-03T09:15:00+05:30,2025-12-26T15:15:00+05:30,989,2022-01-03T00:00:00+05:30,2025-12-26T00:00:00+05:30
NSE_EQ|INE470Y01017,INE470Y01017,73813,2022-01-03T09:15:00+05:30,2025-12-26T15:25:00+05:30,24605,2022-01-03T09:15:00+05:30,2025-12-26T15:15:00+05:30,12797,2022-01-03T09:15:00+05:30,2025-12-26T15:15:00+05:30,6891,2022-01-03T09:15:00+05:30,2025-12-26T15:15:00+05:30,989,2022-01-03T00:00:00+05:30,2025-12-26T00:00:00+05:30
NSE_EQ|INE472A01039,INE472A01039,73813,2022-01-03T09:15:00+05:30,2025-12-26T15:25:00+05:30,24605,2022-01-03T09:15:00+05:30,2025-12-26T15:15:00+05:30,12797,2022-01-03T09:15:00+05:30,2025-12-26T15:15:00+05:30,6891,2022-01-03T09:15:00+05:30,2025-12-26T15:15:00+05:30,989,2022-01-03T00:00:00+05:30,2025-12-26T00:00:00+05:30
NSE_EQ|INE473A01011,INE473A01011,73813,2022-01-03T09:15:00+05:30,2025-12-26T15:25:00+05:30,24605,2022-01-03T09:15:00+05:30,2025-12-26T15:15:00+05:30,12797,2022-01-03T09:15:00+05:30,2025-12-26T15:15:00+05:30,6891,2022-01-03T09:15:00+05:30,2025-12-26T15:15:00+05:30,989,2022-01-03T00:00:00+05:30,2025-12-26T00:00:00+05:30
NSE_EQ|INE474Q01031,INE474Q01031,57749,2022-11-16T09:15:00+05:30,2025-12-26T15:25:00+05:30,19251,2022-11-16T09:15:00+05:30,2025-12-26T15:15:00+05:30,10013,2022-11-16T09:15:00+05:30,2025-12-26T15:15:00+05:30,5392,2022-11-16T09:15:00+05:30,2025-12-26T15:15:00+05:30,774,2022-11-16T00:00:00+05:30,2025-12-26T00:00:00+05:30
NSE_EQ|INE475E01026,INE475E01026,73813,2022-01-03T09:15:00+05:30,2025-12-26T15:25:00+05:30,24605,2022-01-03T09:15:00+05:30,2025-12-26T15:15:00+05:30,12797,2022-01-03T09:15:00+05:30,2025-12-26T15:15:00+05:30,6891,2022-01-03T09:15:00+05:30,2025-12-26T15:15:00+05:30,989,2022-01-03T00:00:00+05:30,2025-12-26T00:00:00+05:30
NSE_EQ|INE476A01022,INE476A01022,73814,2022-01-03T09:15:00+05:30,2025-12-26T15:25:00+05:30,24605,2022-01-03T09:15:00+05:30,2025-12-26T15:15:00+05:30,12797,2022-01-03T09:15:00+05:30,2025-12-26T15:15:00+05:30,6891,2022-01-03T09:15:00+05:30,2025-12-26T15:15:00+05:30,989,2022-01-03T00:00:00+05:30,2025-12-26T00:00:00+05:30
NSE_EQ|INE477A01020,INE477A01020,73814,2022-01-03T09:15:00+05:30,2025-12-26T15:25:00+05:30,24605,2022-01-03T09:15:00+05:30,2025-12-26T15:15:00+05:30,12797,2022-01-03T09:15:00+05:30,2025-12-26T15:15:00+05:30,6891,2022-01-03T09:15:00+05:30,2025-12-26T15:15:00+05:30,989,2022-01-03T00:00:00+05:30,2025-12-26T00:00:00+05:30
NSE_EQ|INE481G01011,INE481G01011,73814,2022-01-03T09:15:00+05:30,2025-12-26T15:25:00+05:30,24605,2022-01-03T09:15:00+05:30,2025-12-26T15:15:00+05:30,12797,2022-01-03T09:15:00+05:30,2025-12-26T15:15:00+05:30,6891,2022-01-03T09:15:00+05:30,2025-12-26T15:15:00+05:30,989,2022-01-03T00:00:00+05:30,2025-12-26T00:00:00+05:30
NSE_EQ|INE481N01025,INE481N01025,73810,2022-01-03T09:15:00+05:30,2025-12-26T15:25:00+05:30,24605,2022-01-03T09:15:00+05:30,2025-12-26T15:15:00+05:30,12797,2022-01-03T09:15:00+05:30,2025-12-26T15:15:00+05:30,6891,2022-01-03T09:15:00+05:30,2025-12-26T15:15:00+05:30,989,2022-01-03T00:00:00+05:30,2025-12-26T00:00:00+05:30
NSE_EQ|INE481Y01014,INE481Y01014,73811,2022-01-03T09:15:00+05:30,2025-12-26T15:25:00+05:30,24605,2022-01-03T09:15:00+05:30,2025-12-26T15:15:00+05:30,12797,2022-01-03T09:15:00+05:30,2025-12-26T15:15:00+05:30,6891,2022-01-03T09:15:00+05:30,2025-12-26T15:15:00+05:30,989,2022-01-03T00:00:00+05:30,2025-12-26T00:00:00+05:30
NSE_EQ|INE482A01020,INE482A01020,73813,2022-01-03T09:15:00+05:30,2025-12-26T15:25:00+05:30,24605,2022-01-03T09:15:00+05:30,2025-12-26T15:15:00+05:30,12797,2022-01-03T09:15:00+05:30,2025-12-26T15:15:00+05:30,6891,2022-01-03T09:15:00+05:30,2025-12-26T15:15:00+05:30,989,2022-01-03T00:00:00+05:30,2025-12-26T00:00:00+05:30
NSE_EQ|INE483A01010,INE483A01010,73813,2022-01-03T09:15:00+05:30,2025-12-26T15:25:00+05:30,24605,2022-01-03T09:15:00+05:30,2025-12-26T15:15:00+05:30,12797,2022-01-03T09:15:00+05:30,2025-12-26T15:15:00+05:30,6891,2022-01-03T09:15:00+05:30,2025-12-26T15:15:00+05:30,989,2022-01-03T00:00:00+05:30,2025-12-26T00:00:00+05:30
NSE_EQ|INE484J01027,INE484J01027,73814,2022-01-03T09:15:00+05:30,2025-12-26T15:25:00+05:30,24605,2022-01-03T09:15:00+05:30,2025-12-26T15:15:00+05:30,12797,2022-01-03T09:15:00+05:30,2025-12-26T15:15:00+05:30,6891,2022-01-03T09:15:00+05:30,2025-12-26T15:15:00+05:30,989,2022-01-03T00:00:00+05:30,2025-12-26T00:00:00+05:30
NSE_EQ|INE486A01021,INE486A01021,73813,2022-01-03T09:15:00+05:30,2025-12-26T15:25:00+05:30,24605,2022-01-03T09:15:00+05:30,2025-12-26T15:15:00+05:30,12797,2022-01-03T09:15:00+05:30,2025-12-26T15:15:00+05:30,6891,2022-01-03T09:15:00+05:30,2025-12-26T15:15:00+05:30,989,2022-01-03T00:00:00+05:30,2025-12-26T00:00:00+05:30
NSE_EQ|INE491A01021,INE491A01021,73814,2022-01-03T09:15:00+05:30,2025-12-26T15:25:00+05:30,24605,2022-01-03T09:15:00+05:30,2025-12-26T15:15:00+05:30,12797,2022-01-03T09:15:00+05:30,2025-12-26T15:15:00+05:30,6891,2022-01-03T09:15:00+05:30,2025-12-26T15:15:00+05:30,989,2022-01-03T00:00:00+05:30,2025-12-26T00:00:00+05:30
NSE_EQ|INE494B01023,INE494B01023,73814,2022-01-03T09:15:00+05:30,2025-12-26T15:25:00+05:30,24605,2022-01-03T09:15:00+05:30,2025-12-26T15:15:00+05:30,12797,2022-01-03T09:15:00+05:30,2025-12-26T15:15:00+05:30,6891,2022-01-03T09:15:00+05:30,2025-12-26T15:15:00+05:30,989,2022-01-03T00:00:00+05:30,2025-12-26T00:00:00+05:30
NSE_EQ|INE498L01015,INE498L01015,73814,2022-01-03T09:15:00+05:30,2025-12-26T15:25:00+05:30,24605,2022-01-03T09:15:00+05:30,2025-12-26T15:15:00+05:30,12797,2022-01-03T09:15:00+05:30,2025-12-26T15:15:00+05:30,6891,2022-01-03T09:15:00+05:30,2025-12-26T15:15:00+05:30,989,2022-01-03T00:00:00+05:30,2025-12-26T00:00:00+05:30
NSE_EQ|INE499A01024,INE499A01024,73809,2022-01-03T09:15:00+05:30,2025-12-26T15:25:00+05:30,24605,2022-01-03T09:15:00+05:30,2025-12-26T15:15:00+05:30,12797,2022-01-03T09:15:00+05:30,2025-12-26T15:15:00+05:30,6891,2022-01-03T09:15:00+05:30,2025-12-26T15:15:00+05:30,989,2022-01-03T00:00:00+05:30,2025-12-26T00:00:00+05:30
NSE_EQ|INE501A01019,INE501A01019,73811,2022-01-03T09:15:00+05:30,2025-12-26T15:25:00+05:30,24605,2022-01-03T09:15:00+05:30,2025-12-26T15:15:00+05:30,12797,2022-01-03T09:15:00+05:30,2025-12-26T15:15:00+05:30,6891,2022-01-03T09:15:00+05:30,2025-12-26T15:15:00+05:30,989,2022-01-03T00:00:00+05:30,2025-12-26T00:00:00+05:30
NSE_EQ|INE510A01028,INE510A01028,73811,2022-01-03T09:15:00+05:30,2025-12-26T15:25:00+05:30,24605,2022-01-03T09:15:00+05:30,2025-12-26T15:15:00+05:30,12797,2022-01-03T09:15:00+05:30,2025-12-26T15:15:00+05:30,6891,2022-01-03T09:15:00+05:30,2025-12-26T15:15:00+05:30,989,2022-01-03T00:00:00+05:30,2025-12-26T00:00:00+05:30
NSE_EQ|INE511C01022,INE511C01022,73813,2022-01-03T09:15:00+05:30,2025-12-26T15:25:00+05:30,24605,2022-01-03T09:15:00+05:30,2025-12-26T15:15:00+05:30,12797,2022-01-03T09:15:00+05:30,2025-12-26T15:15:00+05:30,6891,2022-01-03T09:15:00+05:30,2025-12-26T15:15:00+05:30,989,2022-01-03T00:00:00+05:30,2025-12-26T00:00:00+05:30
NSE_EQ|INE513A01022,INE513A01022,73812,2022-01-03T09:15:00+05:30,2025-12-26T15:25:00+05:30,24605,2022-01-03T09:15:00+05:30,2025-12-26T15:15:00+05:30,12797,2022-01-03T09:15:00+05:30,2025-12-26T15:15:00+05:30,6891,2022-01-03T09:15:00+05:30,2025-12-26T15:15:00+05:30,989,2022-01-03T00:00:00+05:30,2025-12-26T00:00:00+05:30
NSE_EQ|INE517B01013,INE517B01013,73812,2022-01-03T09:15:00+05:30,2025-12-26T15:25:00+05:30,24605,2022-01-03T09:15:00+05:30,2025-12-26T15:15:00+05:30,12797,2022-01-03T09:15:00+05:30,2025-12-26T15:15:00+05:30,6891,2022-01-03T09:15:00+05:30,2025-12-26T15:15:00+05:30,989,2022-01-03T00:00:00+05:30,2025-12-26T00:00:00+05:30
NSE_EQ|INE522D01027,INE522D01027,73814,2022-01-03T09:15:00+05:30,2025-12-26T15:25:00+05:30,24605,2022-01-03T09:15:00+05:30,2025-12-26T15:15:00+05:30,12797,2022-01-03T09:15:00+05:30,2025-12-26T15:15:00+05:30,6891,2022-01-03T09:15:00+05:30,2025-12-26T15:15:00+05:30,989,2022-01-03T00:00:00+05:30,2025-12-26T00:00:00+05:30
NSE_EQ|INE522F01014,INE522F01014,73814,2022-01-03T09:15:00+05:30,2025-12-26T15:25:00+05:30,24605,2022-01-03T09:15:00+05:30,2025-12-26T15:15:00+05:30,12797,2022-01-03T09:15:00+05:30,2025-12-26T15:15:00+05:30,6891,2022-01-03T09:15:00+05:30,2025-12-26T15:15:00+05:30,989,2022-01-03T00:00:00+05:30,2025-12-26T00:00:00+05:30
NSE_EQ|INE528G01035,INE528G01035,73812,2022-01-03T09:15:00+05:30,2025-12-26T15:25:00+05:30,24605,2022-01-03T09:15:00+05:30,2025-12-26T15:15:00+05:30,12797,2022-01-03T09:15:00+05:30,2025-12-26T15:15:00+05:30,6891,2022-01-03T09:15:00+05:30,2025-12-26T15:15:00+05:30,989,2022-01-03T00:00:00+05:30,2025-12-26T00:00:00+05:30
NSE_EQ|INE530B01024,INE530B01024,73811,2022-01-03T09:15:00+05:30,2025-12-26T15:25:00+05:30,24605,2022-01-03T09:15:00+05:30,2025-12-26T15:15:00+05:30,12797,2022-01-03T09:15:00+05:30,2025-12-26T15:15:00+05:30,6891,2022-01-03T09:15:00+05:30,2025-12-26T15:15:00+05:30,989,2022-01-03T00:00:00+05:30,2025-12-26T00:00:00+05:30
NSE_EQ|INE531E01026,INE531E01026,73814,2022-01-03T09:15:00+05:30,2025-12-26T15:25:00+05:30,24605,2022-01-03T09:15:00+05:30,2025-12-26T15:15:00+05:30,12797,2022-01-03T09:15:00+05:30,2025-12-26T15:15:00+05:30,6891,2022-01-03T09:15:00+05:30,2025-12-26T15:15:00+05:30,989,2022-01-03T00:00:00+05:30,2025-12-26T00:00:00+05:30
NSE_EQ|INE531F01023,INE531F01023,41699,2023-09-26T09:15:00+05:30,2025-12-26T15:25:00+05:30,13901,2023-09-26T09:15:00+05:30,2025-12-26T15:15:00+05:30,7231,2023-09-26T09:15:00+05:30,2025-12-26T15:15:00+05:30,3894,2023-09-26T09:15:00+05:30,2025-12-26T15:15:00+05:30,560,2023-09-26T00:00:00+05:30,2025-12-26T00:00:00+05:30
NSE_EQ|INE540L01014,INE540L01014,73814,2022-01-03T09:15:00+05:30,2025-12-26T15:25:00+05:30,24605,2022-01-03T09:15:00+05:30,2025-12-26T15:15:00+05:30,12797,2022-01-03T09:15:00+05:30,2025-12-26T15:15:00+05:30,6891,2022-01-03T09:15:00+05:30,2025-12-26T15:15:00+05:30,989,2022-01-03T00:00:00+05:30,2025-12-26T00:00:00+05:30
NSE_EQ|INE545A01024,INE545A01024,73811,2022-01-03T09:15:00+05:30,2025-12-26T15:25:00+05:30,24605,2022-01-03T09:15:00+05:30,2025-12-26T15:15:00+05:30,12797,2022-01-03T09:15:00+05:30,2025-12-26T15:15:00+05:30,6891,2022-01-03T09:15:00+05:30,2025-12-26T15:15:00+05:30,989,2022-01-03T00:00:00+05:30,2025-12-26T00:00:00+05:30
NSE_EQ|INE545U01014,INE545U01014,73814,2022-01-03T09:15:00+05:30,2025-12-26T15:25:00+05:30,24605,2022-01-03T09:15:00+05:30,2025-12-26T15:15:00+05:30,12797,2022-01-03T09:15:00+05:30,2025-12-26T15:15:00+05:30,6891,2022-01-03T09:15:00+05:30,2025-12-26T15:15:00+05:30,989,2022-01-03T00:00:00+05:30,2025-12-26T00:00:00+05:30
NSE_EQ|INE548A01028,INE548A01028,73811,2022-01-03T09:15:00+05:30,2025-12-26T15:25:00+05:30,24605,2022-01-03T09:15:00+05:30,2025-12-26T15:15:00+05:30,12797,2022-01-03T09:15:00+05:30,2025-12-26T15:15:00+05:30,6891,2022-01-03T09:15:00+05:30,2025-12-26T15:15:00+05:30,989,2022-01-03T00:00:00+05:30,2025-12-26T00:00:00+05:30
NSE_EQ|INE548C01032,INE548C01032,73811,2022-01-03T09:15:00+05:30,2025-12-26T15:25:00+05:30,24605,2022-01-03T09:15:00+05:30,2025-12-26T15:15:00+05:30,12797,2022-01-03T09:15:00+05:30,2025-12-26T15:15:00+05:30,6891,2022-01-03T09:15:00+05:30,2025-12-26T15:15:00+05:30,989,2022-01-03T00:00:00+05:30,2025-12-26T00:00:00+05:30
NSE_EQ|INE562A01011,INE562A01011,73811,2022-01-03T09:15:00+05:30,2025-12-26T15:25:00+05:30,24605,2022-01-03T09:15:00+05:30,2025-12-26T15:15:00+05:30,12797,2022-01-03T09:15:00+05:30,2025-12-26T15:15:00+05:30,6891,2022-01-03T09:15:00+05:30,2025-12-26T15:15:00+05:30,989,2022-01-03T00:00:00+05:30,2025-12-26T00:00:00+05:30
NSE_EQ|INE565A01014,INE565A01014,73811,2022-01-03T09:15:00+05:30,2025-12-26T15:25:00+05:30,24605,2022-01-03T09:15:00+05:30,2025-12-26T15:15:00+05:30,12797,2022-01-03T09:15:00+05:30,2025-12-26T15:15:00+05:30,6891,2022-01-03T09:15:00+05:30,2025-12-26T15:15:00+05:30,989,2022-01-03T00:00:00+05:30,2025-12-26T00:00:00+05:30
NSE_EQ|INE570L01029,INE570L01029,19058,2024-12-18T09:35:00+05:30,2025-12-26T15:25:00+05:30,6353,2024-12-18T09:30:00+05:30,2025-12-26T15:15:00+05:30,3304,2024-12-18T09:15:00+05:30,2025-12-26T15:15:00+05:30,1779,2024-12-18T09:15:00+05:30,2025-12-26T15:15:00+05:30,255,2024-12-18T00:00:00+05:30,2025-12-26T00:00:00+05:30
NSE_EQ|INE571A01038,INE571A01038,73814,2022-01-03T09:15:00+05:30,2025-12-26T15:25:00+05:30,24605,2022-01-03T09:15:00+05:30,2025-12-26T15:15:00+05:30,12797,2022-01-03T09:15:00+05:30,2025-12-26T15:15:00+05:30,6891,2022-01-03T09:15:00+05:30,2025-12-26T15:15:00+05:30,989,2022-01-03T00:00:00+05:30,2025-12-26T00:00:00+05:30
NSE_EQ|INE572A01036,INE572A01036,73813,2022-01-03T09:15:00+05:30,2025-12-26T15:25:00+05:30,24605,2022-01-03T09:15:00+05:30,2025-12-26T15:15:00+05:30,12797,2022-01-03T09:15:00+05:30,2025-12-26T15:15:00+05:30,6891,2022-01-03T09:15:00+05:30,2025-12-26T15:15:00+05:30,989,2022-01-03T00:00:00+05:30,2025-12-26T00:00:00+05:30
NSE_EQ|INE572E01012,INE572E01012,73813,2022-01-03T09:15:00+05:30,2025-12-26T15:25:00+05:30,24605,2022-01-03T09:15:00+05:30,2025-12-26T15:15:00+05:30,12797,2022-01-03T09:15:00+05:30,2025-12-26T15:15:00+05:30,6891,2022-01-03T09:15:00+05:30,2025-12-26T15:15:00+05:30,989,2022-01-03T00:00:00+05:30,2025-12-26T00:00:00+05:30
NSE_EQ|INE573A01042,INE573A01042,73813,2022-01-03T09:15:00+05:30,2025-12-26T15:25:00+05:30,24605,2022-01-03T09:15:00+05:30,2025-12-26T15:15:00+05:30,12797,2022-01-03T09:15:00+05:30,2025-12-26T15:15:00+05:30,6891,2022-01-03T09:15:00+05:30,2025-12-26T15:15:00+05:30,989,2022-01-03T00:00:00+05:30,2025-12-26T00:00:00+05:30
NSE_EQ|INE575P01011,INE575P01011,73812,2022-01-03T09:15:00+05:30,2025-12-26T15:25:00+05:30,24605,2022-01-03T09:15:00+05:30,2025-12-26T15:15:00+05:30,12797,2022-01-03T09:15:00+05:30,2025-12-26T15:15:00+05:30,6891,2022-01-03T09:15:00+05:30,2025-12-26T15:15:00+05:30,989,2022-01-03T00:00:00+05:30,2025-12-26T00:00:00+05:30
NSE_EQ|INE584A01023,INE584A01023,73810,2022-01-03T09:15:00+05:30,2025-12-26T15:25:00+05:30,24605,2022-01-03T09:15:00+05:30,2025-12-26T15:15:00+05:30,12797,2022-01-03T09:15:00+05:30,2025-12-26T15:15:00+05:30,6891,2022-01-03T09:15:00+05:30,2025-12-26T15:15:00+05:30,989,2022-01-03T00:00:00+05:30,2025-12-26T00:00:00+05:30
NSE_EQ|INE585B01010,INE585B01010,73814,2022-01-03T09:15:00+05:30,2025-12-26T15:25:00+05:30,24605,2022-01-03T09:15:00+05:30,2025-12-26T15:15:00+05:30,12797,2022-01-03T09:15:00+05:30,2025-12-26T15:15:00+05:30,6891,2022-01-03T09:15:00+05:30,2025-12-26T15:15:00+05:30,989,2022-01-03T00:00:00+05:30,2025-12-26T00:00:00+05:30
NSE_EQ|INE589A01014,INE589A01014,73813,2022-01-03T09:15:00+05:30,2025-12-26T15:25:00+05:30,24605,2022-01-03T09:15:00+05:30,2025-12-26T15:15:00+05:30,12797,2022-01-03T09:15:00+05:30,2025-12-26T15:15:00+05:30,6891,2022-01-03T09:15:00+05:30,2025-12-26T15:15:00+05:30,989,2022-01-03T00:00:00+05:30,2025-12-26T00:00:00+05:30
NSE_EQ|INE591G01025,INE591G01025,73814,2022-01-03T09:15:00+05:30,2025-12-26T15:25:00+05:30,24605,2022-01-03T09:15:00+05:30,2025-12-26T15:15:00+05:30,12797,2022-01-03T09:15:00+05:30,2025-12-26T15:15:00+05:30,6891,2022-01-03T09:15:00+05:30,2025-12-26T15:15:00+05:30,989,2022-01-03T00:00:00+05:30,2025-12-26T00:00:00+05:30
NSE_EQ|INE596F01018,INE596F01018,47137,2023-06-09T09:15:00+05:30,2025-12-26T15:25:00+05:30,15747,2023-06-09T09:15:00+05:30,2025-12-26T15:15:00+05:30,8193,2023-06-09T09:15:00+05:30,2025-12-26T15:15:00+05:30,4412,2023-06-09T09:15:00+05:30,2025-12-26T15:15:00+05:30,634,2023-06-09T00:00:00+05:30,2025-12-26T00:00:00+05:30
NSE_EQ|INE596I01020,INE596I01020,73813,2022-01-03T09:15:00+05:30,2025-12-26T15:25:00+05:30,24605,2022-01-03T09:15:00+05:30,2025-12-26T15:15:00+05:30,12797,2022-01-03T09:15:00+05:30,2025-12-26T15:15:00+05:30,6891,2022-01-03T09:15:00+05:30,2025-12-26T15:15:00+05:30,989,2022-01-03T00:00:00+05:30,2025-12-26T00:00:00+05:30
NSE_EQ|INE600L01024,INE600L01024,73814,2022-01-03T09:15:00+05:30,2025-12-26T15:25:00+05:30,24605,2022-01-03T09:15:00+05:30,2025-12-26T15:15:00+05:30,12797,2022-01-03T09:15:00+05:30,2025-12-26T15:15:00+05:30,6891,2022-01-03T09:15:00+05:30,2025-12-26T15:15:00+05:30,989,2022-01-03T00:00:00+05:30,2025-12-26T00:00:00+05:30
NSE_EQ|INE602A01031,INE602A01031,73813,2022-01-03T09:15:00+05:30,2025-12-26T15:25:00+05:30,24605,2022-01-03T09:15:00+05:30,2025-12-26T15:15:00+05:30,12797,2022-01-03T09:15:00+05:30,2025-12-26T15:15:00+05:30,6891,2022-01-03T09:15:00+05:30,2025-12-26T15:15:00+05:30,989,2022-01-03T00:00:00+05:30,2025-12-26T00:00:00+05:30
NSE_EQ|INE603J01030,INE603J01030,73814,2022-01-03T09:15:00+05:30,2025-12-26T15:25:00+05:30,24605,2022-01-03T09:15:00+05:30,2025-12-26T15:15:00+05:30,12797,2022-01-03T09:15:00+05:30,2025-12-26T15:15:00+05:30,6891,2022-01-03T09:15:00+05:30,2025-12-26T15:15:00+05:30,989,2022-01-03T00:00:00+05:30,2025-12-26T00:00:00+05:30
NSE_EQ|INE614G01033,INE614G01033,73812,2022-01-03T09:15:00+05:30,2025-12-26T15:25:00+05:30,24605,2022-01-03T09:15:00+05:30,2025-12-26T15:15:00+05:30,12797,2022-01-03T09:15:00+05:30,2025-12-26T15:15:00+05:30,6891,2022-01-03T09:15:00+05:30,2025-12-26T15:15:00+05:30,989,2022-01-03T00:00:00+05:30,2025-12-26T00:00:00+05:30
NSE_EQ|INE615H01020,INE615H01020,73812,2022-01-03T09:15:00+05:30,2025-12-26T15:25:00+05:30,24605,2022-01-03T09:15:00+05:30,2025-12-26T15:15:00+05:30,12797,2022-01-03T09:15:00+05:30,2025-12-26T15:15:00+05:30,6891,2022-01-03T09:15:00+05:30,2025-12-26T15:15:00+05:30,989,2022-01-03T00:00:00+05:30,2025-12-26T00:00:00+05:30
NSE_EQ|INE616N01034,INE616N01034,37337,2023-12-21T09:15:00+05:30,2025-12-26T15:25:00+05:30,12447,2023-12-21T09:15:00+05:30,2025-12-26T15:15:00+05:30,6475,2023-12-21T09:15:00+05:30,2025-12-26T15:15:00+05:30,3487,2023-12-21T09:15:00+05:30,2025-12-26T15:15:00+05:30,501,2023-12-21T00:00:00+05:30,2025-12-26T00:00:00+05:30
NSE_EQ|INE619A01035,INE619A01035,73812,2022-01-03T09:15:00+05:30,2025-12-26T15:25:00+05:30,24605,2022-01-03T09:15:00+05:30,2025-12-26T15:15:00+05:30,12797,2022-01-03T09:15:00+05:30,2025-12-26T15:15:00+05:30,6891,2022-01-03T09:15:00+05:30,2025-12-26T15:15:00+05:30,989,2022-01-03T00:00:00+05:30,2025-12-26T00:00:00+05:30
NSE_EQ|INE619B01017,INE619B01017,73813,2022-01-03T09:15:00+05:30,2025-12-26T15:25:00+05:30,24605,2022-01-03T09:15:00+05:30,2025-12-26T15:15:00+05:30,12797,2022-01-03T09:15:00+05:30,2025-12-26T15:15:00+05:30,6891,2022-01-03T09:15:00+05:30,2025-12-26T15:15:00+05:30,989,2022-01-03T00:00:00+05:30,2025-12-26T00:00:00+05:30
NSE_EQ|INE622W01025,INE622W01025,20783,2024-11-13T09:35:00+05:30,2025-12-26T15:25:00+05:30,6928,2024-11-13T09:30:00+05:30,2025-12-26T15:15:00+05:30,3603,2024-11-13T09:15:00+05:30,2025-12-26T15:15:00+05:30,1940,2024-11-13T09:15:00+05:30,2025-12-26T15:15:00+05:30,278,2024-11-13T00:00:00+05:30,2025-12-26T00:00:00+05:30
NSE_EQ|INE628A01036,INE628A01036,73814,2022-01-03T09:15:00+05:30,2025-12-26T15:25:00+05:30,24605,2022-01-03T09:15:00+05:30,2025-12-26T15:15:00+05:30,12797,2022-01-03T09:15:00+05:30,2025-12-26T15:15:00+05:30,6891,2022-01-03T09:15:00+05:30,2025-12-26T15:15:00+05:30,989,2022-01-03T00:00:00+05:30,2025-12-26T00:00:00+05:30
NSE_EQ|INE634S01028,INE634S01028,48974,2023-05-09T09:15:00+05:30,2025-12-26T15:25:00+05:30,16326,2023-05-09T09:15:00+05:30,2025-12-26T15:15:00+05:30,8492,2023-05-09T09:15:00+05:30,2025-12-26T15:15:00+05:30,4573,2023-05-09T09:15:00+05:30,2025-12-26T15:15:00+05:30,657,2023-05-09T00:00:00+05:30,2025-12-26T00:00:00+05:30
NSE_EQ|INE640A01023,INE640A01023,73803,2022-01-03T09:15:00+05:30,2025-12-26T15:25:00+05:30,24602,2022-01-03T09:15:00+05:30,2025-12-26T15:15:00+05:30,12796,2022-01-03T09:15:00+05:30,2025-12-26T15:15:00+05:30,6891,2022-01-03T09:15:00+05:30,2025-12-26T15:15:00+05:30,989,2022-01-03T00:00:00+05:30,2025-12-26T00:00:00+05:30
NSE_EQ|INE646L01027,INE646L01027,73814,2022-01-03T09:15:00+05:30,2025-12-26T15:25:00+05:30,24605,2022-01-03T09:15:00+05:30,2025-12-26T15:15:00+05:30,12797,2022-01-03T09:15:00+05:30,2025-12-26T15:15:00+05:30,6891,2022-01-03T09:15:00+05:30,2025-12-26T15:15:00+05:30,989,2022-01-03T00:00:00+05:30,2025-12-26T00:00:00+05:30
NSE_EQ|INE647A01010,INE647A01010,73814,2022-01-03T09:15:00+05:30,2025-12-26T15:25:00+05:30,24605,2022-01-03T09:15:00+05:30,2025-12-26T15:15:00+05:30,12797,2022-01-03T09:15:00+05:30,2025-12-26T15:15:00+05:30,6891,2022-01-03T09:15:00+05:30,2025-12-26T15:15:00+05:30,989,2022-01-03T00:00:00+05:30,2025-12-26T00:00:00+05:30
NSE_EQ|INE647O01011,INE647O01011,73805,2022-01-03T09:15:00+05:30,2025-12-26T15:25:00+05:30,24602,2022-01-03T09:15:00+05:30,2025-12-26T15:15:00+05:30,12796,2022-01-03T09:15:00+05:30,2025-12-26T15:15:00+05:30,6891,2022-01-03T09:15:00+05:30,2025-12-26T15:15:00+05:30,989,2022-01-03T00:00:00+05:30,2025-12-26T00:00:00+05:30
NSE_EQ|INE660A01013,INE660A01013,73799,2022-01-03T09:15:00+05:30,2025-12-26T15:25:00+05:30,24605,2022-01-03T09:15:00+05:30,2025-12-26T15:15:00+05:30,12797,2022-01-03T09:15:00+05:30,2025-12-26T15:15:00+05:30,6891,2022-01-03T09:15:00+05:30,2025-12-26T15:15:00+05:30,989,2022-01-03T00:00:00+05:30,2025-12-26T00:00:00+05:30
NSE_EQ|INE663F01032,INE663F01032,73814,2022-01-03T09:15:00+05:30,2025-12-26T15:25:00+05:30,24605,2022-01-03T09:15:00+05:30,2025-12-26T15:15:00+05:30,12797,2022-01-03T09:15:00+05:30,2025-12-26T15:15:00+05:30,6891,2022-01-03T09:15:00+05:30,2025-12-26T15:15:00+05:30,989,2022-01-03T00:00:00+05:30,2025-12-26T00:00:00+05:30
NSE_EQ|INE665A01038,INE665A01038,73794,2022-01-03T09:15:00+05:30,2025-12-26T15:25:00+05:30,24605,2022-01-03T09:15:00+05:30,2025-12-26T15:15:00+05:30,12797,2022-01-03T09:15:00+05:30,2025-12-26T15:15:00+05:30,6891,2022-01-03T09:15:00+05:30,2025-12-26T15:15:00+05:30,989,2022-01-03T00:00:00+05:30,2025-12-26T00:00:00+05:30
NSE_EQ|INE668F01031,INE668F01031,73812,2022-01-03T09:15:00+05:30,2025-12-26T15:25:00+05:30,24605,2022-01-03T09:15:00+05:30,2025-12-26T15:15:00+05:30,12797,2022-01-03T09:15:00+05:30,2025-12-26T15:15:00+05:30,6891,2022-01-03T09:15:00+05:30,2025-12-26T15:15:00+05:30,989,2022-01-03T00:00:00+05:30,2025-12-26T00:00:00+05:30
NSE_EQ|INE669C01036,INE669C01036,73814,2022-01-03T09:15:00+05:30,2025-12-26T15:25:00+05:30,24605,2022-01-03T09:15:00+05:30,2025-12-26T15:15:00+05:30,12797,2022-01-03T09:15:00+05:30,2025-12-26T15:15:00+05:30,6891,2022-01-03T09:15:00+05:30,2025-12-26T15:15:00+05:30,989,2022-01-03T00:00:00+05:30,2025-12-26T00:00:00+05:30
NSE_EQ|INE669E01016,INE669E01016,73814,2022-01-03T09:15:00+05:30,2025-12-26T15:25:00+05:30,24605,2022-01-03T09:15:00+05:30,2025-12-26T15:15:00+05:30,12797,2022-01-03T09:15:00+05:30,2025-12-26T15:15:00+05:30,6891,2022-01-03T09:15:00+05:30,2025-12-26T15:15:00+05:30,989,2022-01-03T00:00:00+05:30,2025-12-26T00:00:00+05:30
NSE_EQ|INE670A01012,INE670A01012,73812,2022-01-03T09:15:00+05:30,2025-12-26T15:25:00+05:30,24605,2022-01-03T09:15:00+05:30,2025-12-26T15:15:00+05:30,12797,2022-01-03T09:15:00+05:30,2025-12-26T15:15:00+05:30,6891,2022-01-03T09:15:00+05:30,2025-12-26T15:15:00+05:30,989,2022-01-03T00:00:00+05:30,2025-12-26T00:00:00+05:30
NSE_EQ|INE670K01029,INE670K01029,73813,2022-01-03T09:15:00+05:30,2025-12-26T15:25:00+05:30,24605,2022-01-03T09:15:00+05:30,2025-12-26T15:15:00+05:30,12797,2022-01-03T09:15:00+05:30,2025-12-26T15:15:00+05:30,6891,2022-01-03T09:15:00+05:30,2025-12-26T15:15:00+05:30,989,2022-01-03T00:00:00+05:30,2025-12-26T00:00:00+05:30
NSE_EQ|INE671A01010,INE671A01010,73814,2022-01-03T09:15:00+05:30,2025-12-26T15:25:00+05:30,24605,2022-01-03T09:15:00+05:30,2025-12-26T15:15:00+05:30,12797,2022-01-03T09:15:00+05:30,2025-12-26T15:15:00+05:30,6891,2022-01-03T09:15:00+05:30,2025-12-26T15:15:00+05:30,989,2022-01-03T00:00:00+05:30,2025-12-26T00:00:00+05:30
NSE_EQ|INE671H01015,INE671H01015,73812,2022-01-03T09:15:00+05:30,2025-12-26T15:25:00+05:30,24605,2022-01-03T09:15:00+05:30,2025-12-26T15:15:00+05:30,12797,2022-01-03T09:15:00+05:30,2025-12-26T15:15:00+05:30,6891,2022-01-03T09:15:00+05:30,2025-12-26T15:15:00+05:30,989,2022-01-03T00:00:00+05:30,2025-12-26T00:00:00+05:30
NSE_EQ|INE672A01026,INE672A01026,73812,2022-01-03T09:15:00+05:30,2025-12-26T15:25:00+05:30,24605,2022-01-03T09:15:00+05:30,2025-12-26T15:15:00+05:30,12797,2022-01-03T09:15:00+05:30,2025-12-26T15:15:00+05:30,6891,2022-01-03T09:15:00+05:30,2025-12-26T15:15:00+05:30,989,2022-01-03T00:00:00+05:30,2025-12-26T00:00:00+05:30
NSE_EQ|INE673O01025,INE673O01025,30116,2024-05-15T09:15:00+05:30,2025-12-26T15:25:00+05:30,10040,2024-05-15T09:15:00+05:30,2025-12-26T15:15:00+05:30,5222,2024-05-15T09:15:00+05:30,2025-12-26T15:15:00+05:30,2812,2024-05-15T09:15:00+05:30,2025-12-26T15:15:00+05:30,404,2024-05-15T00:00:00+05:30,2025-12-26T00:00:00+05:30
NSE_EQ|INE674K01013,INE674K01013,73814,2022-01-03T09:15:00+05:30,2025-12-26T15:25:00+05:30,24605,2022-01-03T09:15:00+05:30,2025-12-26T15:15:00+05:30,12797,2022-01-03T09:15:00+05:30,2025-12-26T15:15:00+05:30,6891,2022-01-03T09:15:00+05:30,2025-12-26T15:15:00+05:30,989,2022-01-03T00:00:00+05:30,2025-12-26T00:00:00+05:30
NSE_EQ|INE684F01012,INE684F01012,73814,2022-01-03T09:15:00+05:30,2025-12-26T15:25:00+05:30,24605,2022-01-03T09:15:00+05:30,2025-12-26T15:15:00+05:30,12797,2022-01-03T09:15:00+05:30,2025-12-26T15:15:00+05:30,6891,2022-01-03T09:15:00+05:30,2025-12-26T15:15:00+05:30,989,2022-01-03T00:00:00+05:30,2025-12-26T00:00:00+05:30
NSE_EQ|INE685A01028,INE685A01028,73814,2022-01-03T09:15:00+05:30,2025-12-26T15:25:00+05:30,24605,2022-01-03T09:15:00+05:30,2025-12-26T15:15:00+05:30,12797,2022-01-03T09:15:00+05:30,2025-12-26T15:15:00+05:30,6891,2022-01-03T09:15:00+05:30,2025-12-26T15:15:00+05:30,989,2022-01-03T00:00:00+05:30,2025-12-26T00:00:00+05:30
NSE_EQ|INE686F01025,INE686F01025,73814,2022-01-03T09:15:00+05:30,2025-12-26T15:25:00+05:30,24605,2022-01-03T09:15:00+05:30,2025-12-26T15:15:00+05:30,12797,2022-01-03T09:15:00+05:30,2025-12-26T15:15:00+05:30,6891,2022-01-03T09:15:00+05:30,2025-12-26T15:15:00+05:30,989,2022-01-03T00:00:00+05:30,2025-12-26T00:00:00+05:30
NSE_EQ|INE691A01018,INE691A01018,73812,2022-01-03T09:15:00+05:30,2025-12-26T15:25:00+05:30,24605,2022-01-03T09:15:00+05:30,2025-12-26T15:15:00+05:30,12797,2022-01-03T09:15:00+05:30,2025-12-26T15:15:00+05:30,6891,2022-01-03T09:15:00+05:30,2025-12-26T15:15:00+05:30,989,2022-01-03T00:00:00+05:30,2025-12-26T00:00:00+05:30
NSE_EQ|INE692A01016,INE692A01016,73812,2022-01-03T09:15:00+05:30,2025-12-26T15:25:00+05:30,24605,2022-01-03T09:15:00+05:30,2025-12-26T15:15:00+05:30,12797,2022-01-03T09:15:00+05:30,2025-12-26T15:15:00+05:30,6891,2022-01-03T09:15:00+05:30,2025-12-26T15:15:00+05:30,989,2022-01-03T00:00:00+05:30,2025-12-26T00:00:00+05:30
NSE_EQ|INE699H01024,INE699H01024,71933,2022-02-08T09:15:00+05:30,2025-12-26T15:25:00+05:30,23979,2022-02-08T09:15:00+05:30,2025-12-26T15:15:00+05:30,12472,2022-02-08T09:15:00+05:30,2025-12-26T15:15:00+05:30,6716,2022-02-08T09:15:00+05:30,2025-12-26T15:15:00+05:30,893,2022-02-08T00:00:00+05:30,2025-12-26T00:00:00+05:30
NSE_EQ|INE700A01033,INE700A01033,73813,2022-01-03T09:15:00+05:30,2025-12-26T15:25:00+05:30,24605,2022-01-03T09:15:00+05:30,2025-12-26T15:15:00+05:30,12797,2022-01-03T09:15:00+05:30,2025-12-26T15:15:00+05:30,6891,2022-01-03T09:15:00+05:30,2025-12-26T15:15:00+05:30,989,2022-01-03T00:00:00+05:30,2025-12-26T00:00:00+05:30
NSE_EQ|INE702C01027,INE702C01027,73813,2022-01-03T09:15:00+05:30,2025-12-26T15:25:00+05:30,24605,2022-01-03T09:15:00+05:30,2025-12-26T15:15:00+05:30,12797,2022-01-03T09:15:00+05:30,2025-12-26T15:15:00+05:30,6891,2022-01-03T09:15:00+05:30,2025-12-26T15:15:00+05:30,989,2022-01-03T00:00:00+05:30,2025-12-26T00:00:00+05:30
NSE_EQ|INE704P01025,INE704P01025,73813,2022-01-03T09:15:00+05:30,2025-12-26T15:25:00+05:30,24605,2022-01-03T09:15:00+05:30,2025-12-26T15:15:00+05:30,12797,2022-01-03T09:15:00+05:30,2025-12-26T15:15:00+05:30,6891,2022-01-03T09:15:00+05:30,2025-12-26T15:15:00+05:30,989,2022-01-03T00:00:00+05:30,2025-12-26T00:00:00+05:30
NSE_EQ|INE716A01013,INE716A01013,73814,2022-01-03T09:15:00+05:30,2025-12-26T15:25:00+05:30,24605,2022-01-03T09:15:00+05:30,2025-12-26T15:15:00+05:30,12797,2022-01-03T09:15:00+05:30,2025-12-26T15:15:00+05:30,6891,2022-01-03T09:15:00+05:30,2025-12-26T15:15:00+05:30,989,2022-01-03T00:00:00+05:30,2025-12-26T00:00:00+05:30
NSE_EQ|INE721A01047,INE721A01047,73814,2022-01-03T09:15:00+05:30,2025-12-26T15:25:00+05:30,24605,2022-01-03T09:15:00+05:30,2025-12-26T15:15:00+05:30,12797,2022-01-03T09:15:00+05:30,2025-12-26T15:15:00+05:30,6891,2022-01-03T09:15:00+05:30,2025-12-26T15:15:00+05:30,989,2022-01-03T00:00:00+05:30,2025-12-26T00:00:00+05:30
NSE_EQ|INE725A01030,INE725A01030,73813,2022-01-03T09:15:00+05:30,2025-12-26T15:25:00+05:30,24605,2022-01-03T09:15:00+05:30,2025-12-26T15:15:00+05:30,12797,2022-01-03T09:15:00+05:30,2025-12-26T15:15:00+05:30,6891,2022-01-03T09:15:00+05:30,2025-12-26T15:15:00+05:30,989,2022-01-03T00:00:00+05:30,2025-12-26T00:00:00+05:30
NSE_EQ|INE726G01019,INE726G01019,73814,2022-01-03T09:15:00+05:30,2025-12-26T15:25:00+05:30,24605,2022-01-03T09:15:00+05:30,2025-12-26T15:15:00+05:30,12797,2022-01-03T09:15:00+05:30,2025-12-26T15:15:00+05:30,6891,2022-01-03T09:15:00+05:30,2025-12-26T15:15:00+05:30,989,2022-01-03T00:00:00+05:30,2025-12-26T00:00:00+05:30
NSE_EQ|INE731H01025,INE731H01025,73813,2022-01-03T09:15:00+05:30,2025-12-26T15:25:00+05:30,24605,2022-01-03T09:15:00+05:30,2025-12-26T15:15:00+05:30,12797,2022-01-03T09:15:00+05:30,2025-12-26T15:15:00+05:30,6891,2022-01-03T09:15:00+05:30,2025-12-26T15:15:00+05:30,989,2022-01-03T00:00:00+05:30,2025-12-26T00:00:00+05:30
NSE_EQ|INE732A01036,INE732A01036,73758,2022-01-03T09:15:00+05:30,2025-12-26T15:25:00+05:30,24605,2022-01-03T09:15:00+05:30,2025-12-26T15:15:00+05:30,12797,2022-01-03T09:15:00+05:30,2025-12-26T15:15:00+05:30,6891,2022-01-03T09:15:00+05:30,2025-12-26T15:15:00+05:30,989,2022-01-03T00:00:00+05:30,2025-12-26T00:00:00+05:30
NSE_EQ|INE732I01013,INE732I01013,73813,2022-01-03T09:15:00+05:30,2025-12-26T15:25:00+05:30,24605,2022-01-03T09:15:00+05:30,2025-12-26T15:15:00+05:30,12797,2022-01-03T09:15:00+05:30,2025-12-26T15:15:00+05:30,6891,2022-01-03T09:15:00+05:30,2025-12-26T15:15:00+05:30,989,2022-01-03T00:00:00+05:30,2025-12-26T00:00:00+05:30
NSE_EQ|INE733E01010,INE733E01010,73814,2022-01-03T09:15:00+05:30,2025-12-26T15:25:00+05:30,24605,2022-01-03T09:15:00+05:30,2025-12-26T15:15:00+05:30,12797,2022-01-03T09:15:00+05:30,2025-12-26T15:15:00+05:30,6891,2022-01-03T09:15:00+05:30,2025-12-26T15:15:00+05:30,989,2022-01-03T00:00:00+05:30,2025-12-26T00:00:00+05:30
NSE_EQ|INE736A01011,INE736A01011,73813,2022-01-03T09:15:00+05:30,2025-12-26T15:25:00+05:30,24605,2022-01-03T09:15:00+05:30,2025-12-26T15:15:00+05:30,12797,2022-01-03T09:15:00+05:30,2025-12-26T15:15:00+05:30,6891,2022-01-03T09:15:00+05:30,2025-12-26T15:15:00+05:30,989,2022-01-03T00:00:00+05:30,2025-12-26T00:00:00+05:30
NSE_EQ|INE739E01017,INE739E01017,73811,2022-01-03T09:15:00+05:30,2025-12-26T15:25:00+05:30,24605,2022-01-03T09:15:00+05:30,2025-12-26T15:15:00+05:30,12797,2022-01-03T09:15:00+05:30,2025-12-26T15:15:00+05:30,6891,2022-01-03T09:15:00+05:30,2025-12-26T15:15:00+05:30,989,2022-01-03T00:00:00+05:30,2025-12-26T00:00:00+05:30
NSE_EQ|INE741K01010,INE741K01010,73813,2022-01-03T09:15:00+05:30,2025-12-26T15:25:00+05:30,24605,2022-01-03T09:15:00+05:30,2025-12-26T15:15:00+05:30,12797,2022-01-03T09:15:00+05:30,2025-12-26T15:15:00+05:30,6891,2022-01-03T09:15:00+05:30,2025-12-26T15:15:00+05:30,989,2022-01-03T00:00:00+05:30,2025-12-26T00:00:00+05:30
NSE_EQ|INE742F01042,INE742F01042,73814,2022-01-03T09:15:00+05:30,2025-12-26T15:25:00+05:30,24605,2022-01-03T09:15:00+05:30,2025-12-26T15:15:00+05:30,12797,2022-01-03T09:15:00+05:30,2025-12-26T15:15:00+05:30,6891,2022-01-03T09:15:00+05:30,2025-12-26T15:15:00+05:30,989,2022-01-03T00:00:00+05:30,2025-12-26T00:00:00+05:30
NSE_EQ|INE743M01012,INE743M01012,73813,2022-01-03T09:15:00+05:30,2025-12-26T15:25:00+05:30,24605,2022-01-03T09:15:00+05:30,2025-12-26T15:15:00+05:30,12797,2022-01-03T09:15:00+05:30,2025-12-26T15:15:00+05:30,6891,2022-01-03T09:15:00+05:30,2025-12-26T15:15:00+05:30,989,2022-01-03T00:00:00+05:30,2025-12-26T00:00:00+05:30
NSE_EQ|INE745G01035,INE745G01035,73814,2022-01-03T09:15:00+05:30,2025-12-26T15:25:00+05:30,24605,2022-01-03T09:15:00+05:30,2025-12-26T15:15:00+05:30,12797,2022-01-03T09:15:00+05:30,2025-12-26T15:15:00+05:30,6891,2022-01-03T09:15:00+05:30,2025-12-26T15:15:00+05:30,989,2022-01-03T00:00:00+05:30,2025-12-26T00:00:00+05:30
NSE_EQ|INE749A01030,INE749A01030,73814,2022-01-03T09:15:00+05:30,2025-12-26T15:25:00+05:30,24605,2022-01-03T09:15:00+05:30,2025-12-26T15:15:00+05:30,12797,2022-01-03T09:15:00+05:30,2025-12-26T15:15:00+05:30,6891,2022-01-03T09:15:00+05:30,2025-12-26T15:15:00+05:30,989,2022-01-03T00:00:00+05:30,2025-12-26T00:00:00+05:30
NSE_EQ|INE752E01010,INE752E01010,73814,2022-01-03T09:15:00+05:30,2025-12-26T15:25:00+05:30,24605,2022-01-03T09:15:00+05:30,2025-12-26T15:15:00+05:30,12797,2022-01-03T09:15:00+05:30,2025-12-26T15:15:00+05:30,6891,2022-01-03T09:15:00+05:30,2025-12-26T15:15:00+05:30,989,2022-01-03T00:00:00+05:30,2025-12-26T00:00:00+05:30
NSE_EQ|INE758E01017,INE758E01017,43574,2023-08-21T09:15:00+05:30,2025-12-26T15:25:00+05:30,14526,2023-08-21T09:15:00+05:30,2025-12-26T15:15:00+05:30,7556,2023-08-21T09:15:00+05:30,2025-12-26T15:15:00+05:30,4069,2023-08-21T09:15:00+05:30,2025-12-26T15:15:00+05:30,585,2023-08-21T00:00:00+05:30,2025-12-26T00:00:00+05:30
NSE_EQ|INE758T01015,INE758T01015,73812,2022-01-03T09:15:00+05:30,2025-12-26T15:25:00+05:30,24605,2022-01-03T09:15:00+05:30,2025-12-26T15:15:00+05:30,12797,2022-01-03T09:15:00+05:30,2025-12-26T15:15:00+05:30,6891,2022-01-03T09:15:00+05:30,2025-12-26T15:15:00+05:30,989,2022-01-03T00:00:00+05:30,2025-12-26T00:00:00+05:30
NSE_EQ|INE761H01022,INE761H01022,73814,2022-01-03T09:15:00+05:30,2025-12-26T15:25:00+05:30,24605,2022-01-03T09:15:00+05:30,2025-12-26T15:15:00+05:30,12797,2022-01-03T09:15:00+05:30,2025-12-26T15:15:00+05:30,6891,2022-01-03T09:15:00+05:30,2025-12-26T15:15:00+05:30,989,2022-01-03T00:00:00+05:30,2025-12-26T00:00:00+05:30
NSE_EQ|INE763I01026,INE763I01026,73794,2022-01-03T09:15:00+05:30,2025-12-26T15:25:00+05:30,24605,2022-01-03T09:15:00+05:30,2025-12-26T15:15:00+05:30,12797,2022-01-03T09:15:00+05:30,2025-12-26T15:15:00+05:30,6891,2022-01-03T09:15:00+05:30,2025-12-26T15:15:00+05:30,989,2022-01-03T00:00:00+05:30,2025-12-26T00:00:00+05:30
NSE_EQ|INE765G01017,INE765G01017,73814,2022-01-03T09:15:00+05:30,2025-12-26T15:25:00+05:30,24605,2022-01-03T09:15:00+05:30,2025-12-26T15:15:00+05:30,12797,2022-01-03T09:15:00+05:30,2025-12-26T15:15:00+05:30,6891,2022-01-03T09:15:00+05:30,2025-12-26T15:15:00+05:30,989,2022-01-03T00:00:00+05:30,2025-12-26T00:00:00+05:30
NSE_EQ|INE769A01020,INE769A01020,73810,2022-01-03T09:15:00+05:30,2025-12-26T15:25:00+05:30,24605,2022-01-03T09:15:00+05:30,2025-12-26T15:15:00+05:30,12797,2022-01-03T09:15:00+05:30,2025-12-26T15:15:00+05:30,6891,2022-01-03T09:15:00+05:30,2025-12-26T15:15:00+05:30,989,2022-01-03T00:00:00+05:30,2025-12-26T00:00:00+05:30
NSE_EQ|INE774D01024,INE774D01024,73814,2022-01-03T09:15:00+05:30,2025-12-26T15:25:00+05:30,24605,2022-01-03T09:15:00+05:30,2025-12-26T15:15:00+05:30,12797,2022-01-03T09:15:00+05:30,2025-12-26T15:15:00+05:30,6891,2022-01-03T09:15:00+05:30,2025-12-26T15:15:00+05:30,989,2022-01-03T00:00:00+05:30,2025-12-26T00:00:00+05:30
NSE_EQ|INE775A01035,INE775A01035,73809,2022-01-03T09:15:00+05:30,2025-12-26T15:25:00+05:30,24604,2022-01-03T09:15:00+05:30,2025-12-26T15:15:00+05:30,12797,2022-01-03T09:15:00+05:30,2025-12-26T15:15:00+05:30,6891,2022-01-03T09:15:00+05:30,2025-12-26T15:15:00+05:30,989,2022-01-03T00:00:00+05:30,2025-12-26T00:00:00+05:30
NSE_EQ|INE776C01039,INE776C01039,73810,2022-01-03T09:15:00+05:30,2025-12-26T15:25:00+05:30,24605,2022-01-03T09:15:00+05:30,2025-12-26T15:15:00+05:30,12797,2022-01-03T09:15:00+05:30,2025-12-26T15:15:00+05:30,6891,2022-01-03T09:15:00+05:30,2025-12-26T15:15:00+05:30,989,2022-01-03T00:00:00+05:30,2025-12-26T00:00:00+05:30
NSE_EQ|INE777K01022,INE777K01022,41999,2023-09-20T09:15:00+05:30,2025-12-26T15:25:00+05:30,14001,2023-09-20T09:15:00+05:30,2025-12-26T15:15:00+05:30,7283,2023-09-20T09:15:00+05:30,2025-12-26T15:15:00+05:30,3922,2023-09-20T09:15:00+05:30,2025-12-26T15:15:00+05:30,564,2023-09-20T00:00:00+05:30,2025-12-26T00:00:00+05:30
NSE_EQ|INE780C01023,INE780C01023,73813,2022-01-03T09:15:00+05:30,2025-12-26T15:25:00+05:30,24605,2022-01-03T09:15:00+05:30,2025-12-26T15:15:00+05:30,12797,2022-01-03T09:15:00+05:30,2025-12-26T15:15:00+05:30,6891,2022-01-03T09:15:00+05:30,2025-12-26T15:15:00+05:30,989,2022-01-03T00:00:00+05:30,2025-12-26T00:00:00+05:30
NSE_EQ|INE781S01027,INE781S01027,18533,2024-12-30T09:35:00+05:30,2025-12-26T15:25:00+05:30,6178,2024-12-30T09:30:00+05:30,2025-12-26T15:15:00+05:30,3213,2024-12-30T09:15:00+05:30,2025-12-26T15:15:00+05:30,1730,2024-12-30T09:15:00+05:30,2025-12-26T15:15:00+05:30,248,2024-12-30T00:00:00+05:30,2025-12-26T00:00:00+05:30
NSE_EQ|INE787D01026,INE787D01026,73814,2022-01-03T09:15:00+05:30,2025-12-26T15:25:00+05:30,24605,2022-01-03T09:15:00+05:30,2025-12-26T15:15:00+05:30,12797,2022-01-03T09:15:00+05:30,2025-12-26T15:15:00+05:30,6891,2022-01-03T09:15:00+05:30,2025-12-26T15:15:00+05:30,989,2022-01-03T00:00:00+05:30,2025-12-26T00:00:00+05:30
NSE_EQ|INE791I01019,INE791I01019,73813,2022-01-03T09:15:00+05:30,2025-12-26T15:25:00+05:30,24605,2022-01-03T09:15:00+05:30,2025-12-26T15:15:00+05:30,12797,2022-01-03T09:15:00+05:30,2025-12-26T15:15:00+05:30,6891,2022-01-03T09:15:00+05:30,2025-12-26T15:15:00+05:30,989,2022-01-03T00:00:00+05:30,2025-12-26T00:00:00+05:30
NSE_EQ|INE794A01010,INE794A01010,73811,2022-01-03T09:15:00+05:30,2025-12-26T15:25:00+05:30,24605,2022-01-03T09:15:00+05:30,2025-12-26T15:15:00+05:30,12797,2022-01-03T09:15:00+05:30,2025-12-26T15:15:00+05:30,6891,2022-01-03T09:15:00+05:30,2025-12-26T15:15:00+05:30,989,2022-01-03T00:00:00+05:30,2025-12-26T00:00:00+05:30
NSE_EQ|INE795G01014,INE795G01014,73814,2022-01-03T09:15:00+05:30,2025-12-26T15:25:00+05:30,24605,2022-01-03T09:15:00+05:30,2025-12-26T15:15:00+05:30,12797,2022-01-03T09:15:00+05:30,2025-12-26T15:15:00+05:30,6891,2022-01-03T09:15:00+05:30,2025-12-26T15:15:00+05:30,989,2022-01-03T00:00:00+05:30,2025-12-26T00:00:00+05:30
NSE_EQ|INE797F01020,INE797F01020,73814,2022-01-03T09:15:00+05:30,2025-12-26T15:25:00+05:30,24605,2022-01-03T09:15:00+05:30,2025-12-26T15:15:00+05:30,12797,2022-01-03T09:15:00+05:30,2025-12-26T15:15:00+05:30,6891,2022-01-03T09:15:00+05:30,2025-12-26T15:15:00+05:30,989,2022-01-03T00:00:00+05:30,2025-12-26T00:00:00+05:30
NSE_EQ|INE806T01020,INE806T01020,73812,2022-01-03T09:15:00+05:30,2025-12-26T15:25:00+05:30,24605,2022-01-03T09:15:00+05:30,2025-12-26T15:15:00+05:30,12797,2022-01-03T09:15:00+05:30,2025-12-26T15:15:00+05:30,6891,2022-01-03T09:15:00+05:30,2025-12-26T15:15:00+05:30,989,2022-01-03T00:00:00+05:30,2025-12-26T00:00:00+05:30
NSE_EQ|INE810G01011,INE810G01011,73812,2022-01-03T09:15:00+05:30,2025-12-26T15:25:00+05:30,24605,2022-01-03T09:15:00+05:30,2025-12-26T15:15:00+05:30,12797,2022-01-03T09:15:00+05:30,2025-12-26T15:15:00+05:30,6891,2022-01-03T09:15:00+05:30,2025-12-26T15:15:00+05:30,989,2022-01-03T00:00:00+05:30,2025-12-26T00:00:00+05:30
NSE_EQ|INE811K01011,INE811K01011,73813,2022-01-03T09:15:00+05:30,2025-12-26T15:25:00+05:30,24605,2022-01-03T09:15:00+05:30,2025-12-26T15:15:00+05:30,12797,2022-01-03T09:15:00+05:30,2025-12-26T15:15:00+05:30,6891,2022-01-03T09:15:00+05:30,2025-12-26T15:15:00+05:30,989,2022-01-03T00:00:00+05:30,2025-12-26T00:00:00+05:30
NSE_EQ|INE813H01021,INE813H01021,73814,2022-01-03T09:15:00+05:30,2025-12-26T15:25:00+05:30,24605,2022-01-03T09:15:00+05:30,2025-12-26T15:15:00+05:30,12797,2022-01-03T09:15:00+05:30,2025-12-26T15:15:00+05:30,6891,2022-01-03T09:15:00+05:30,2025-12-26T15:15:00+05:30,989,2022-01-03T00:00:00+05:30,2025-12-26T00:00:00+05:30
NSE_EQ|INE814H01029,INE814H01029,73813,2022-01-03T09:15:00+05:30,2025-12-26T15:25:00+05:30,24605,2022-01-03T09:15:00+05:30,2025-12-26T15:15:00+05:30,12797,2022-01-03T09:15:00+05:30,2025-12-26T15:15:00+05:30,6891,2022-01-03T09:15:00+05:30,2025-12-26T15:15:00+05:30,989,2022-01-03T00:00:00+05:30,2025-12-26T00:00:00+05:30
NSE_EQ|INE818H01020,INE818H01020,73811,2022-01-03T09:15:00+05:30,2025-12-26T15:25:00+05:30,24605,2022-01-03T09:15:00+05:30,2025-12-26T15:15:00+05:30,12797,2022-01-03T09:15:00+05:30,2025-12-26T15:15:00+05:30,6891,2022-01-03T09:15:00+05:30,2025-12-26T15:15:00+05:30,989,2022-01-03T00:00:00+05:30,2025-12-26T00:00:00+05:30
NSE_EQ|INE821I01022,INE821I01022,73811,2022-01-03T09:15:00+05:30,2025-12-26T15:25:00+05:30,24605,2022-01-03T09:15:00+05:30,2025-12-26T15:15:00+05:30,12797,2022-01-03T09:15:00+05:30,2025-12-26T15:15:00+05:30,6891,2022-01-03T09:15:00+05:30,2025-12-26T15:15:00+05:30,989,2022-01-03T00:00:00+05:30,2025-12-26T00:00:00+05:30
NSE_EQ|INE823G01014,INE823G01014,73814,2022-01-03T09:15:00+05:30,2025-12-26T15:25:00+05:30,24605,2022-01-03T09:15:00+05:30,2025-12-26T15:15:00+05:30,12797,2022-01-03T09:15:00+05:30,2025-12-26T15:15:00+05:30,6891,2022-01-03T09:15:00+05:30,2025-12-26T15:15:00+05:30,989,2022-01-03T00:00:00+05:30,2025-12-26T00:00:00+05:30
NSE_EQ|INE825A01020,INE825A01020,73811,2022-01-03T09:15:00+05:30,2025-12-26T15:25:00+05:30,24605,2022-01-03T09:15:00+05:30,2025-12-26T15:15:00+05:30,12797,2022-01-03T09:15:00+05:30,2025-12-26T15:15:00+05:30,6891,2022-01-03T09:15:00+05:30,2025-12-26T15:15:00+05:30,989,2022-01-03T00:00:00+05:30,2025-12-26T00:00:00+05:30
NSE_EQ|INE825V01034,INE825V01034,71484,2022-02-16T09:15:00+05:30,2025-12-26T15:25:00+05:30,23830,2022-02-16T09:15:00+05:30,2025-12-26T15:15:00+05:30,12394,2022-02-16T09:15:00+05:30,2025-12-26T15:15:00+05:30,6674,2022-02-16T09:15:00+05:30,2025-12-26T15:15:00+05:30,958,2022-02-16T00:00:00+05:30,2025-12-26T00:00:00+05:30
NSE_EQ|INE836A01035,INE836A01035,73814,2022-01-03T09:15:00+05:30,2025-12-26T15:25:00+05:30,24605,2022-01-03T09:15:00+05:30,2025-12-26T15:15:00+05:30,12797,2022-01-03T09:15:00+05:30,2025-12-26T15:15:00+05:30,6891,2022-01-03T09:15:00+05:30,2025-12-26T15:15:00+05:30,989,2022-01-03T00:00:00+05:30,2025-12-26T00:00:00+05:30
NSE_EQ|INE839M01018,INE839M01018,73812,2022-01-03T09:15:00+05:30,2025-12-26T15:25:00+05:30,24605,2022-01-03T09:15:00+05:30,2025-12-26T15:15:00+05:30,12797,2022-01-03T09:15:00+05:30,2025-12-26T15:15:00+05:30,6891,2022-01-03T09:15:00+05:30,2025-12-26T15:15:00+05:30,989,2022-01-03T00:00:00+05:30,2025-12-26T00:00:00+05:30
NSE_EQ|INE842C01021,INE842C01021,73813,2022-01-03T09:15:00+05:30,2025-12-26T15:25:00+05:30,24605,2022-01-03T09:15:00+05:30,2025-12-26T15:15:00+05:30,12797,2022-01-03T09:15:00+05:30,2025-12-26T15:15:00+05:30,6891,2022-01-03T09:15:00+05:30,2025-12-26T15:15:00+05:30,989,2022-01-03T00:00:00+05:30,2025-12-26T00:00:00+05:30
NSE_EQ|INE844O01030,INE844O01030,73814,2022-01-03T09:15:00+05:30,2025-12-26T15:25:00+05:30,24605,2022-01-03T09:15:00+05:30,2025-12-26T15:15:00+05:30,12797,2022-01-03T09:15:00+05:30,2025-12-26T15:15:00+05:30,6891,2022-01-03T09:15:00+05:30,2025-12-26T15:15:00+05:30,989,2022-01-03T00:00:00+05:30,2025-12-26T00:00:00+05:30
NSE_EQ|INE848E01016,INE848E01016,73813,2022-01-03T09:15:00+05:30,2025-12-26T15:25:00+05:30,24605,2022-01-03T09:15:00+05:30,2025-12-26T15:15:00+05:30,12797,2022-01-03T09:15:00+05:30,2025-12-26T15:15:00+05:30,6891,2022-01-03T09:15:00+05:30,2025-12-26T15:15:00+05:30,989,2022-01-03T00:00:00+05:30,2025-12-26T00:00:00+05:30
NSE_EQ|INE849A01020,INE849A01020,73814,2022-01-03T09:15:00+05:30,2025-12-26T15:25:00+05:30,24605,2022-01-03T09:15:00+05:30,2025-12-26T15:15:00+05:30,12797,2022-01-03T09:15:00+05:30,2025-12-26T15:15:00+05:30,6891,2022-01-03T09:15:00+05:30,2025-12-26T15:15:00+05:30,989,2022-01-03T00:00:00+05:30,2025-12-26T00:00:00+05:30
NSE_EQ|INE850D01014,INE850D01014,73811,2022-01-03T09:15:00+05:30,2025-12-26T15:25:00+05:30,24605,2022-01-03T09:15:00+05:30,2025-12-26T15:15:00+05:30,12797,2022-01-03T09:15:00+05:30,2025-12-26T15:15:00+05:30,6891,2022-01-03T09:15:00+05:30,2025-12-26T15:15:00+05:30,989,2022-01-03T00:00:00+05:30,2025-12-26T00:00:00+05:30
NSE_EQ|INE852O01025,INE852O01025,73813,2022-01-03T09:15:00+05:30,2025-12-26T15:25:00+05:30,24605,2022-01-03T09:15:00+05:30,2025-12-26T15:15:00+05:30,12797,2022-01-03T09:15:00+05:30,2025-12-26T15:15:00+05:30,6891,2022-01-03T09:15:00+05:30,2025-12-26T15:15:00+05:30,989,2022-01-03T00:00:00+05:30,2025-12-26T00:00:00+05:30
NSE_EQ|INE854D01024,INE854D01024,73814,2022-01-03T09:15:00+05:30,2025-12-26T15:25:00+05:30,24605,2022-01-03T09:15:00+05:30,2025-12-26T15:15:00+05:30,12797,2022-01-03T09:15:00+05:30,2025-12-26T15:15:00+05:30,6891,2022-01-03T09:15:00+05:30,2025-12-26T15:15:00+05:30,989,2022-01-03T00:00:00+05:30,2025-12-26T00:00:00+05:30
NSE_EQ|INE860A01027,INE860A01027,73814,2022-01-03T09:15:00+05:30,2025-12-26T15:25:00+05:30,24605,2022-01-03T09:15:00+05:30,2025-12-26T15:15:00+05:30,12797,2022-01-03T09:15:00+05:30,2025-12-26T15:15:00+05:30,6891,2022-01-03T09:15:00+05:30,2025-12-26T15:15:00+05:30,989,2022-01-03T00:00:00+05:30,2025-12-26T00:00:00+05:30
NSE_EQ|INE868B01028,INE868B01028,73813,2022-01-03T09:15:00+05:30,2025-12-26T15:25:00+05:30,24605,2022-01-03T09:15:00+05:30,2025-12-26T15:15:00+05:30,12797,2022-01-03T09:15:00+05:30,2025-12-26T15:15:00+05:30,6891,2022-01-03T09:15:00+05:30,2025-12-26T15:15:00+05:30,989,2022-01-03T00:00:00+05:30,2025-12-26T00:00:00+05:30
NSE_EQ|INE872J01023,INE872J01023,73811,2022-01-03T09:15:00+05:30,2025-12-26T15:25:00+05:30,24605,2022-01-03T09:15:00+05:30,2025-12-26T15:15:00+05:30,12797,2022-01-03T09:15:00+05:30,2025-12-26T15:15:00+05:30,6891,2022-01-03T09:15:00+05:30,2025-12-26T15:15:00+05:30,989,2022-01-03T00:00:00+05:30,2025-12-26T00:00:00+05:30
NSE_EQ|INE878B01027,INE878B01027,73813,2022-01-03T09:15:00+05:30,2025-12-26T15:25:00+05:30,24605,2022-01-03T09:15:00+05:30,2025-12-26T15:15:00+05:30,12797,2022-01-03T09:15:00+05:30,2025-12-26T15:15:00+05:30,6891,2022-01-03T09:15:00+05:30,2025-12-26T15:15:00+05:30,989,2022-01-03T00:00:00+05:30,2025-12-26T00:00:00+05:30
NSE_EQ|INE879I01012,INE879I01012,73788,2022-01-03T09:15:00+05:30,2025-12-26T15:25:00+05:30,24602,2022-01-03T09:15:00+05:30,2025-12-26T15:15:00+05:30,12796,2022-01-03T09:15:00+05:30,2025-12-26T15:15:00+05:30,6891,2022-01-03T09:15:00+05:30,2025-12-26T15:15:00+05:30,989,2022-01-03T00:00:00+05:30,2025-12-26T00:00:00+05:30
NSE_EQ|INE880J01026,INE880J01026,41399,2023-10-03T09:15:00+05:30,2025-12-26T15:25:00+05:30,13801,2023-10-03T09:15:00+05:30,2025-12-26T15:15:00+05:30,7179,2023-10-03T09:15:00+05:30,2025-12-26T15:15:00+05:30,3866,2023-10-03T09:15:00+05:30,2025-12-26T15:15:00+05:30,556,2023-10-03T00:00:00+05:30,2025-12-26T00:00:00+05:30
NSE_EQ|INE881D01027,INE881D01027,73814,2022-01-03T09:15:00+05:30,2025-12-26T15:25:00+05:30,24605,2022-01-03T09:15:00+05:30,2025-12-26T15:15:00+05:30,12797,2022-01-03T09:15:00+05:30,2025-12-26T15:15:00+05:30,6891,2022-01-03T09:15:00+05:30,2025-12-26T15:15:00+05:30,989,2022-01-03T00:00:00+05:30,2025-12-26T00:00:00+05:30
NSE_EQ|INE883A01011,INE883A01011,73814,2022-01-03T09:15:00+05:30,2025-12-26T15:25:00+05:30,24605,2022-01-03T09:15:00+05:30,2025-12-26T15:15:00+05:30,12797,2022-01-03T09:15:00+05:30,2025-12-26T15:15:00+05:30,6891,2022-01-03T09:15:00+05:30,2025-12-26T15:15:00+05:30,989,2022-01-03T00:00:00+05:30,2025-12-26T00:00:00+05:30
NSE_EQ|INE883F01010,INE883F01010,30116,2024-05-15T09:15:00+05:30,2025-12-26T15:25:00+05:30,10040,2024-05-15T09:15:00+05:30,2025-12-26T15:15:00+05:30,5222,2024-05-15T09:15:00+05:30,2025-12-26T15:15:00+05:30,2812,2024-05-15T09:15:00+05:30,2025-12-26T15:15:00+05:30,404,2024-05-15T00:00:00+05:30,2025-12-26T00:00:00+05:30
NSE_EQ|INE885A01032,INE885A01032,73814,2022-01-03T09:15:00+05:30,2025-12-26T15:25:00+05:30,24605,2022-01-03T09:15:00+05:30,2025-12-26T15:15:00+05:30,12797,2022-01-03T09:15:00+05:30,2025-12-26T15:15:00+05:30,6891,2022-01-03T09:15:00+05:30,2025-12-26T15:15:00+05:30,989,2022-01-03T00:00:00+05:30,2025-12-26T00:00:00+05:30
NSE_EQ|INE891D01026,INE891D01026,73812,2022-01-03T09:15:00+05:30,2025-12-26T15:25:00+05:30,24605,2022-01-03T09:15:00+05:30,2025-12-26T15:15:00+05:30,12797,2022-01-03T09:15:00+05:30,2025-12-26T15:15:00+05:30,6891,2022-01-03T09:15:00+05:30,2025-12-26T15:15:00+05:30,989,2022-01-03T00:00:00+05:30,2025-12-26T00:00:00+05:30
NSE_EQ|INE901L01018,INE901L01018,73814,2022-01-03T09:15:00+05:30,2025-12-26T15:25:00+05:30,24605,2022-01-03T09:15:00+05:30,2025-12-26T15:15:00+05:30,12797,2022-01-03T09:15:00+05:30,2025-12-26T15:15:00+05:30,6891,2022-01-03T09:15:00+05:30,2025-12-26T15:15:00+05:30,989,2022-01-03T00:00:00+05:30,2025-12-26T00:00:00+05:30
NSE_EQ|INE903U01023,INE903U01023,41624,2023-09-27T09:15:00+05:30,2025-12-26T15:25:00+05:30,13876,2023-09-27T09:15:00+05:30,2025-12-26T15:15:00+05:30,7218,2023-09-27T09:15:00+05:30,2025-12-26T15:15:00+05:30,3887,2023-09-27T09:15:00+05:30,2025-12-26T15:15:00+05:30,559,2023-09-27T00:00:00+05:30,2025-12-26T00:00:00+05:30
NSE_EQ|INE913H01037,INE913H01037,73811,2022-01-03T09:15:00+05:30,2025-12-26T15:25:00+05:30,24605,2022-01-03T09:15:00+05:30,2025-12-26T15:15:00+05:30,12797,2022-01-03T09:15:00+05:30,2025-12-26T15:15:00+05:30,6891,2022-01-03T09:15:00+05:30,2025-12-26T15:15:00+05:30,989,2022-01-03T00:00:00+05:30,2025-12-26T00:00:00+05:30
NSE_EQ|INE914M01019,INE914M01019,73813,2022-01-03T09:15:00+05:30,2025-12-26T15:25:00+05:30,24605,2022-01-03T09:15:00+05:30,2025-12-26T15:15:00+05:30,12797,2022-01-03T09:15:00+05:30,2025-12-26T15:15:00+05:30,6891,2022-01-03T09:15:00+05:30,2025-12-26T15:15:00+05:30,989,2022-01-03T00:00:00+05:30,2025-12-26T00:00:00+05:30
NSE_EQ|INE917I01010,INE917I01010,73814,2022-01-03T09:15:00+05:30,2025-12-26T15:25:00+05:30,24605,2022-01-03T09:15:00+05:30,2025-12-26T15:15:00+05:30,12797,2022-01-03T09:15:00+05:30,2025-12-26T15:15:00+05:30,6891,2022-01-03T09:15:00+05:30,2025-12-26T15:15:00+05:30,989,2022-01-03T00:00:00+05:30,2025-12-26T00:00:00+05:30
NSE_EQ|INE918I01026,INE918I01026,73814,2022-01-03T09:15:00+05:30,2025-12-26T15:25:00+05:30,24605,2022-01-03T09:15:00+05:30,2025-12-26T15:15:00+05:30,12797,2022-01-03T09:15:00+05:30,2025-12-26T15:15:00+05:30,6891,2022-01-03T09:15:00+05:30,2025-12-26T15:15:00+05:30,989,2022-01-03T00:00:00+05:30,2025-12-26T00:00:00+05:30
NSE_EQ|INE918Z01012,INE918Z01012,57449,2022-11-22T09:15:00+05:30,2025-12-26T15:25:00+05:30,19151,2022-11-22T09:15:00+05:30,2025-12-26T15:15:00+05:30,9961,2022-11-22T09:15:00+05:30,2025-12-26T15:15:00+05:30,5364,2022-11-22T09:15:00+05:30,2025-12-26T15:15:00+05:30,770,2022-11-22T00:00:00+05:30,2025-12-26T00:00:00+05:30
NSE_EQ|INE927D01051,INE927D01051,73813,2022-01-03T09:15:00+05:30,2025-12-26T15:25:00+05:30,24605,2022-01-03T09:15:00+05:30,2025-12-26T15:15:00+05:30,12797,2022-01-03T09:15:00+05:30,2025-12-26T15:15:00+05:30,6891,2022-01-03T09:15:00+05:30,2025-12-26T15:15:00+05:30,989,2022-01-03T00:00:00+05:30,2025-12-26T00:00:00+05:30
NSE_EQ|INE930H01031,INE930H01031,73813,2022-01-03T09:15:00+05:30,2025-12-26T15:25:00+05:30,24605,2022-01-03T09:15:00+05:30,2025-12-26T15:15:00+05:30,12797,2022-01-03T09:15:00+05:30,2025-12-26T15:15:00+05:30,6891,2022-01-03T09:15:00+05:30,2025-12-26T15:15:00+05:30,989,2022-01-03T00:00:00+05:30,2025-12-26T00:00:00+05:30
NSE_EQ|INE931S01010,INE931S01010,73813,2022-01-03T09:15:00+05:30,2025-12-26T15:25:00+05:30,24605,2022-01-03T09:15:00+05:30,2025-12-26T15:15:00+05:30,12797,2022-01-03T09:15:00+05:30,2025-12-26T15:15:00+05:30,6891,2022-01-03T09:15:00+05:30,2025-12-26T15:15:00+05:30,989,2022-01-03T00:00:00+05:30,2025-12-26T00:00:00+05:30
NSE_EQ|INE933S01016,INE933S01016,73814,2022-01-03T09:15:00+05:30,2025-12-26T15:25:00+05:30,24605,2022-01-03T09:15:00+05:30,2025-12-26T15:15:00+05:30,12797,2022-01-03T09:15:00+05:30,2025-12-26T15:15:00+05:30,6891,2022-01-03T09:15:00+05:30,2025-12-26T15:15:00+05:30,989,2022-01-03T00:00:00+05:30,2025-12-26T00:00:00+05:30
NSE_EQ|INE935A01035,INE935A01035,73814,2022-01-03T09:15:00+05:30,2025-12-26T15:25:00+05:30,24605,2022-01-03T09:15:00+05:30,2025-12-26T15:15:00+05:30,12797,2022-01-03T09:15:00+05:30,2025-12-26T15:15:00+05:30,6891,2022-01-03T09:15:00+05:30,2025-12-26T15:15:00+05:30,989,2022-01-03T00:00:00+05:30,2025-12-26T00:00:00+05:30
NSE_EQ|INE935N01020,INE935N01020,73814,2022-01-03T09:15:00+05:30,2025-12-26T15:25:00+05:30,24605,2022-01-03T09:15:00+05:30,2025-12-26T15:15:00+05:30,12797,2022-01-03T09:15:00+05:30,2025-12-26T15:15:00+05:30,6891,2022-01-03T09:15:00+05:30,2025-12-26T15:15:00+05:30,989,2022-01-03T00:00:00+05:30,2025-12-26T00:00:00+05:30
NSE_EQ|INE943P01029,INE943P01029,16508,2025-02-04T09:35:00+05:30,2025-12-26T15:25:00+05:30,5503,2025-02-04T09:30:00+05:30,2025-12-26T15:15:00+05:30,2862,2025-02-04T09:15:00+05:30,2025-12-26T15:15:00+05:30,1541,2025-02-04T09:15:00+05:30,2025-12-26T15:15:00+05:30,221,2025-02-04T00:00:00+05:30,2025-12-26T00:00:00+05:30
NSE_EQ|INE944F01028,INE944F01028,73812,2022-01-03T09:15:00+05:30,2025-12-26T15:25:00+05:30,24605,2022-01-03T09:15:00+05:30,2025-12-26T15:15:00+05:30,12797,2022-01-03T09:15:00+05:30,2025-12-26T15:15:00+05:30,6891,2022-01-03T09:15:00+05:30,2025-12-26T15:15:00+05:30,989,2022-01-03T00:00:00+05:30,2025-12-26T00:00:00+05:30
NSE_EQ|INE947Q01028,INE947Q01028,73814,2022-01-03T09:15:00+05:30,2025-12-26T15:25:00+05:30,24605,2022-01-03T09:15:00+05:30,2025-12-26T15:15:00+05:30,12797,2022-01-03T09:15:00+05:30,2025-12-26T15:15:00+05:30,6891,2022-01-03T09:15:00+05:30,2025-12-26T15:15:00+05:30,989,2022-01-03T00:00:00+05:30,2025-12-26T00:00:00+05:30
NSE_EQ|INE949L01017,INE949L01017,73814,2022-01-03T09:15:00+05:30,2025-12-26T15:25:00+05:30,24605,2022-01-03T09:15:00+05:30,2025-12-26T15:15:00+05:30,12797,2022-01-03T09:15:00+05:30,2025-12-26T15:15:00+05:30,6891,2022-01-03T09:15:00+05:30,2025-12-26T15:15:00+05:30,989,2022-01-03T00:00:00+05:30,2025-12-26T00:00:00+05:30
NSE_EQ|INE951I01027,INE951I01027,73812,2022-01-03T09:15:00+05:30,2025-12-26T15:25:00+05:30,24605,2022-01-03T09:15:00+05:30,2025-12-26T15:15:00+05:30,12797,2022-01-03T09:15:00+05:30,2025-12-26T15:15:00+05:30,6891,2022-01-03T09:15:00+05:30,2025-12-26T15:15:00+05:30,989,2022-01-03T00:00:00+05:30,2025-12-26T00:00:00+05:30
NSE_EQ|INE961O01016,INE961O01016,67436,2022-05-10T09:15:00+05:30,2025-12-26T15:25:00+05:30,22480,2022-05-10T09:15:00+05:30,2025-12-26T15:15:00+05:30,11692,2022-05-10T09:15:00+05:30,2025-12-26T15:15:00+05:30,6296,2022-05-10T09:15:00+05:30,2025-12-26T15:15:00+05:30,904,2022-05-10T00:00:00+05:30,2025-12-26T00:00:00+05:30
NSE_EQ|INE962Y01021,INE962Y01021,73811,2022-01-03T09:15:00+05:30,2025-12-26T15:25:00+05:30,24605,2022-01-03T09:15:00+05:30,2025-12-26T15:15:00+05:30,12797,2022-01-03T09:15:00+05:30,2025-12-26T15:15:00+05:30,6891,2022-01-03T09:15:00+05:30,2025-12-26T15:15:00+05:30,989,2022-01-03T00:00:00+05:30,2025-12-26T00:00:00+05:30
NSE_EQ|INE967H01025,INE967H01025,73813,2022-01-03T09:15:00+05:30,2025-12-26T15:25:00+05:30,24605,2022-01-03T09:15:00+05:30,2025-12-26T15:15:00+05:30,12797,2022-01-03T09:15:00+05:30,2025-12-26T15:15:00+05:30,6891,2022-01-03T09:15:00+05:30,2025-12-26T15:15:00+05:30,989,2022-01-03T00:00:00+05:30,2025-12-26T00:00:00+05:30
NSE_EQ|INE970X01018,INE970X01018,73813,2022-01-03T09:15:00+05:30,2025-12-26T15:25:00+05:30,24605,2022-01-03T09:15:00+05:30,2025-12-26T15:15:00+05:30,12797,2022-01-03T09:15:00+05:30,2025-12-26T15:15:00+05:30,6891,2022-01-03T09:15:00+05:30,2025-12-26T15:15:00+05:30,989,2022-01-03T00:00:00+05:30,2025-12-26T00:00:00+05:30
NSE_EQ|INE974X01010,INE974X01010,73812,2022-01-03T09:15:00+05:30,2025-12-26T15:25:00+05:30,24605,2022-01-03T09:15:00+05:30,2025-12-26T15:15:00+05:30,12797,2022-01-03T09:15:00+05:30,2025-12-26T15:15:00+05:30,6891,2022-01-03T09:15:00+05:30,2025-12-26T15:15:00+05:30,989,2022-01-03T00:00:00+05:30,2025-12-26T00:00:00+05:30
NSE_EQ|INE976G01028,INE976G01028,73814,2022-01-03T09:15:00+05:30,2025-12-26T15:25:00+05:30,24605,2022-01-03T09:15:00+05:30,2025-12-26T15:15:00+05:30,12797,2022-01-03T09:15:00+05:30,2025-12-26T15:15:00+05:30,6891,2022-01-03T09:15:00+05:30,2025-12-26T15:15:00+05:30,989,2022-01-03T00:00:00+05:30,2025-12-26T00:00:00+05:30
NSE_EQ|INE979A01025,INE979A01025,73806,2022-01-03T09:15:00+05:30,2025-12-26T15:25:00+05:30,24605,2022-01-03T09:15:00+05:30,2025-12-26T15:15:00+05:30,12797,2022-01-03T09:15:00+05:30,2025-12-26T15:15:00+05:30,6891,2022-01-03T09:15:00+05:30,2025-12-26T15:15:00+05:30,989,2022-01-03T00:00:00+05:30,2025-12-26T00:00:00+05:30
NSE_EQ|INE980O01024,INE980O01024,36062,2024-01-16T09:15:00+05:30,2025-12-26T15:25:00+05:30,12022,2024-01-16T09:15:00+05:30,2025-12-26T15:15:00+05:30,6254,2024-01-16T09:15:00+05:30,2025-12-26T15:15:00+05:30,3368,2024-01-16T09:15:00+05:30,2025-12-26T15:15:00+05:30,484,2024-01-16T00:00:00+05:30,2025-12-26T00:00:00+05:30
NSE_EQ|INE982J01020,INE982J01020,73813,2022-01-03T09:15:00+05:30,2025-12-26T15:25:00+05:30,24605,2022-01-03T09:15:00+05:30,2025-12-26T15:15:00+05:30,12797,2022-01-03T09:15:00+05:30,2025-12-26T15:15:00+05:30,6891,2022-01-03T09:15:00+05:30,2025-12-26T15:15:00+05:30,989,2022-01-03T00:00:00+05:30,2025-12-26T00:00:00+05:30
NSE_EQ|INE987B01026,INE987B01026,73813,2022-01-03T09:15:00+05:30,2025-12-26T15:25:00+05:30,24605,2022-01-03T09:15:00+05:30,2025-12-26T15:15:00+05:30,12797,2022-01-03T09:15:00+05:30,2025-12-26T15:15:00+05:30,6891,2022-01-03T09:15:00+05:30,2025-12-26T15:15:00+05:30,989,2022-01-03T00:00:00+05:30,2025-12-26T00:00:00+05:30
NSE_EQ|INE995S01015,INE995S01015,20708,2024-11-14T09:35:00+05:30,2025-12-26T15:25:00+05:30,6903,2024-11-14T09:30:00+05:30,2025-12-26T15:15:00+05:30,3590,2024-11-14T09:15:00+05:30,2025-12-26T15:15:00+05:30,1933,2024-11-14T09:15:00+05:30,2025-12-26T15:15:00+05:30,277,2024-11-14T00:00:00+05:30,2025-12-26T00:00:00+05:30
NSE_EQ|INE999A01023,INE999A01023,73807,2022-01-03T09:15:00+05:30,2025-12-26T15:25:00+05:30,24605,2022-01-03T09:15:00+05:30,2025-12-26T15:15:00+05:30,12797,2022-01-03T09:15:00+05:30,2025-12-26T15:15:00+05:30,6891,2022-01-03T09:15:00+05:30,2025-12-26T15:15:00+05:30,989,2022-01-03T00:00:00+05:30,2025-12-26T00:00:00+05:30
