instrument_id,instrument_key,symbol,series,exchange,company_name,sector,isin_code,is_active
2592,NSE_EQ|INE053F08536,0IRFC35,N0,NSE,IRFC 0% 2035 SR 192,Others,INE053F08536,True
2769,NSE_EQ|INE338I07099,0MOFSL27,N3,NSE,SEC RE NCD SR IV,Others,INE338I07099,True
5602,NSE_EQ|INE0H7R07066,0NHIT34,N0,NSE,NHIT 0% 34 SR I STRPP A,Others,INE0H7R07066,True
5613,NSE_EQ|INE0H7R07058,0NHIT35,N0,NSE,NHIT 0% 35 SR I STRPP B,Others,INE0H7R07058,True
8613,NSE_EQ|INE020B08FJ3,0RL34,N0,NSE,REC LTD 0% 2034 SR 239,Others,INE020B08FJ3,True
5497,NSE_EQ|INE148I07SK0,0SCL27,YW,NSE,SEC RE NCD SR VI,Others,INE148I07SK0,True
7056,NSE_EQ|INE413U07301,1003IIFL29,NC,NSE,SEC RE NCD 10.03% SR V,Others,INE413U07301,True
4949,NSE_EQ|INE413U07269,1003ISFL28,N4,NSE,SEC RE NCD 10.03% SR 5,Others,INE413U07269,True
5538,NSE_EQ|INE148I07SX3,1003SCFL31,Z4,NSE,SEC RE NCD 10.03% SR X,Others,INE148I07SX3,True
5433,NSE_EQ|INE148I07PN0,1003SCL30,BW,NSE,SEC RE NCD 10.00% SR IX,Others,INE148I07PN0,True
5446,NSE_EQ|INE148I07QX7,1003SCL30A,NV,NSE,SEC RE NCD 10.03% SR X,Others,INE148I07QX7,True
5576,NSE_EQ|INE148I07TW3,1003SCL31,ZQ,NSE,SEC RE NCD 10.03% SR X,Others,INE148I07TW3,True
5633,NSE_EQ|INE148I07UR1,1003SCL31A,N1,NSE,SEC RE NCD 10.03% SR X,Others,INE148I07UR1,True
5600,NSE_EQ|INE148I07VA5,1003SCL31P,N1,NSE,SCL 10.03% 2031 SR X,Others,INE148I07VA5,True
5677,NSE_EQ|INE148I07WM8,1003SCL32,N1,NSE,SCL 10.03% SR X,Others,INE148I07WM8,True
8741,NSE_EQ|INE244L07556,1003SFIL28,NX,NSE,SEC RE NCD 10.50% SR.VII,Others,INE244L07556,True
8489,NSE_EQ|INE389Z07054,10157PCP27,N0,NSE,PCPL 10.157% 2027,Others,INE389Z07054,True
7309,NSE_EQ|INE804IA7014,1015ECL29,NR,NSE,SEC RED NCD 10.15% SR. VI,Others,INE804IA7014,True
5533,NSE_EQ|INE148I07SS3,1015SCFL29,YY,NSE,SEC RE NCD 10.15% SR VII,Others,INE148I07SS3,True
5469,NSE_EQ|INE148I07QR9,1015SCL28,NR,NSE,SEC RE NCD 10.15% SR VII,Others,INE148I07QR9,True
5350,NSE_EQ|INE148I07OH5,1015SCL28A,AL,NSE,SEC RE NCD 10.15% SR.VII,Others,INE148I07OH5,True
5338,NSE_EQ|INE148I07OW4,1015SCL28B,AZ,NSE,SEC RE NCD 10.15% SR VII,Others,INE148I07OW4,True
5565,NSE_EQ|INE148I07TR3,1015SCL29,ZL,NSE,SEC RE NCD 10.15% SR VII,Others,INE148I07TR3,True
5564,NSE_EQ|INE148I07UK6,1015SCL29B,N1,NSE,SEC RE NCD 10.15% SR VII,Others,INE148I07UK6,True
5615,NSE_EQ|INE148I07VO6,1015SCL29T,N1,NSE,SCL 10.15% 2029 SR VII,Others,INE148I07VO6,True
5738,NSE_EQ|INE148I07WT3,1015SCL30,N1,NSE,SCL 10.15% SR VII,Others,INE148I07WT3,True
3651,NSE_EQ|INE583D07604,1015UCL27,NF,NSE,UCL 10.15% SR III,Others,INE583D07604,True
3861,NSE_EQ|IN0020010081,1018GS2026,GS,NSE,GOI LOAN 10.18% 2026,Others,IN0020010081,True
2706,NSE_EQ|INE157D07EJ4,1020CCSP27,N0,NSE,CCSP 10.20% 2027 SR 02,Others,INE157D07EJ4,True
6481,NSE_EQ|INE530B07492,1025IIFL30,Y3,NSE,IIFL 10.25% TR I SR IX,Others,INE530B07492,True
6912,NSE_EQ|INE244B07243,1025PATE28,N0,NSE,PATE 10.25% 2028,Others,INE244B07243,True
5549,NSE_EQ|INE148I07SV7,1025SCFL34,Z5,NSE,SEC RE NCD 10.25% SR XI,Others,INE148I07SV7,True
5509,NSE_EQ|INE148I07RV9,1025SCL33,YJ,NSE,SEC RE NCD 10.25% SR XI,Others,INE148I07RV9,True
5440,NSE_EQ|INE148I07PP5,1025SCL33A,N1,NSE,SEC RE NCD 10.25% SR XI,Others,INE148I07PP5,True
5531,NSE_EQ|INE148I07SQ7,1025SCL34,Z8,NSE,SEC RE NCD 10.25% SR XII,Others,INE148I07SQ7,True
5568,NSE_EQ|INE148I07TN2,1025SCL34A,ZT,NSE,SEC RE NCD 10.25% SR XII,Others,INE148I07TN2,True
5625,NSE_EQ|INE148I07UV3,1025SCL34B,N1,NSE,SEC RE NCD 10.25% SR XII,Others,INE148I07UV3,True
5621,NSE_EQ|INE148I07UT7,1025SCL34C,N1,NSE,SEC RE NCD 10.25% SR XI,Others,INE148I07UT7,True
5620,NSE_EQ|INE148I07VM0,1025SCL34U,N1,NSE,SCL 10.25% 2034 SR XI,Others,INE148I07VM0,True
5596,NSE_EQ|INE148I07VI8,1025SCL34Z,N1,NSE,SCL 10.25% 2034 SR XII,Others,INE148I07VI8,True
5674,NSE_EQ|INE148I07WS5,1025SCL35,N1,NSE,SCL 10.25% SR XI,Others,INE148I07WS5,True
5699,NSE_EQ|INE148I07VZ2,1025SCL35A,N1,NSE,SCL 10.25% SR XII,Others,INE148I07VZ2,True
3655,NSE_EQ|INE583D07521,1025UCL26A,N1,NSE,SEC RE NCD 10.25% SR II,Others,INE583D07521,True
3668,NSE_EQ|INE583D07588,1025UCL27A,NG,NSE,UCL 10.25% SR IV,Others,INE583D07588,True
7602,NSE_EQ|INE04HY07294,1025VCCL28,N0,NSE,VCCL 10.25% 2028,Others,INE04HY07294,True
2707,NSE_EQ|INE157D07EK2,102CCSP27A,N0,NSE,CCSP 10.20% 2027 SR 03,Others,INE157D07EK2,True
8691,NSE_EQ|INE244L07283,1030SFIL28,NM,NSE,SEC RE NCD 10.30% SR.VII,Others,INE244L07283,True
2704,NSE_EQ|INE157D07EH8,1035CCSP26,N2,NSE,CCSPL 10.35% 2026,Others,INE157D07EH8,True
2705,NSE_EQ|INE157D07EI6,1035CCSP27,N3,NSE,CCSPL 10.35% 2027,Others,INE157D07EI6,True
3665,NSE_EQ|INE583D07570,1039UCL26,NE,NSE,UCL 10.39% SR II,Others,INE583D07570,True
3654,NSE_EQ|INE583D07513,1040UCL27B,N1,NSE,SEC RE NCD 10.40% SR III,Others,INE583D07513,True
7059,NSE_EQ|INE413U07319,1050IIFL29,ND,NSE,SEC RE NCD 10.50% SR VI,Others,INE413U07319,True
4955,NSE_EQ|INE413U07251,1050ISFL28,N5,NSE,SEC RE NCD 10.50% SR 6,Others,INE413U07251,True
6186,NSE_EQ|INE342T07387,1050NFL26,N7,NSE,SEC RE NCD 10.50% SR.IV,Others,INE342T07387,True
5535,NSE_EQ|INE148I07SM6,1050SCFL31,Z2,NSE,SEC RE NCD 10.5% SR IX,Others,INE148I07SM6,True
5465,NSE_EQ|INE148I07QV1,1050SCL30,NU,NSE,SEC RE NCD 10.5% SR IX,Others,INE148I07QV1,True
5521,NSE_EQ|INE148I07TK8,1050SCL31,ZP,NSE,SEC RE NCD 10.5% SR IX,Others,INE148I07TK8,True
5631,NSE_EQ|INE148I07UP5,1050SCL31A,N1,NSE,SEC RE NCD 10.50% SR IX,Others,INE148I07UP5,True
5611,NSE_EQ|INE148I07VD9,1050SCL31T,N1,NSE,SCL 10.50% 2031 SR IX,Others,INE148I07VD9,True
5733,NSE_EQ|INE148I07WX5,1050SCL32,N1,NSE,SCL 10.50% SR IX,Others,INE148I07WX5,True
3670,NSE_EQ|INE583D07596,1050UCL28,NH,NSE,UCL 10.50% SR V,Others,INE583D07596,True
7696,NSE_EQ|INE866I08295,105IIFL29,N7,NSE,UNSEC RED NCD 10.5% SR.VI,Others,INE866I08295,True
7307,NSE_EQ|INE804IA7022,1060ECL29,NS,NSE,SEC RED NCD 10.6% SR. VII,Others,INE804IA7022,True
6193,NSE_EQ|INE342T07460,1065NFL27,NC,NSE,SEC RE NCD 10.65% SR.IV,Others,INE342T07460,True
5532,NSE_EQ|INE148I07SR5,1075SCFL34,Z6,NSE,SEC RE NCD 10.75% SR XI,Others,INE148I07SR5,True
5512,NSE_EQ|INE148I07RW7,1075SCL33,YK,NSE,SEC RE NCD 10.75% SR XI,Others,INE148I07RW7,True
5428,NSE_EQ|INE148I07PT7,1075SCL33A,N2,NSE,SEC RE NCD 10.75% SR XI,Others,INE148I07PT7,True
5449,NSE_EQ|INE148I07QY5,1075SCL33B,NW,NSE,SEC RE NCD 10.25% SR XI,Others,INE148I07QY5,True
5571,NSE_EQ|INE148I07TP7,1075SCL34,ZR,NSE,SEC RE NCD 10.75% SR XI,Others,INE148I07TP7,True
5627,NSE_EQ|INE148I07UW1,1075SCL34C,N1,NSE,SEC RE NCD 10.75% SR XI,Others,INE148I07UW1,True
5612,NSE_EQ|INE148I07VE7,1075SCL34T,N1,NSE,SCL 10.75% 2034 SR XI,Others,INE148I07VE7,True
5673,NSE_EQ|INE148I07WR7,1075SCL35,N1,NSE,SCL 10.75% SR XI,Others,INE148I07WR7,True
8188,NSE_EQ|INE0A3007065,1075WCA28,N0,NSE,WCAPL 10.75% 2028,Others,INE0A3007065,True
8195,NSE_EQ|INE0A3007057,1075WCAP28,N0,NSE,WCAPL 10.75% 2028,Others,INE0A3007057,True
7779,NSE_EQ|INE413U08127,1077IIFL30,N7,NSE,IIFL SAMASTA 10.77% 2030,Others,INE413U08127,True
5629,NSE_EQ|INE1BEC07011,1096GIPL28,N0,NSE,GIPL 10.96% 2028 SR 1,Others,INE1BEC07011,True
5892,NSE_EQ|INE741K07496,10CAGL27,N5,NSE,SEC RE NCD 10% SR. V,Others,INE741K07496,True
6202,NSE_EQ|INE477L08147,10IIFL28,N4,NSE,UNSEC RE NCD 10% SR.I,Others,INE477L08147,True
6698,NSE_EQ|INE530B08094,10IIFL28A,NE,NSE,UNSE RE NCD 10% SR.I,Others,INE530B08094,True
7693,NSE_EQ|INE866I08279,10IIFL29,N6,NSE,UNSEC RED NCD 10.0% SR. V,Others,INE866I08279,True
4950,NSE_EQ|INE413U07293,10IIFLSF27,NB,NSE,SEC RE NCD 10.00% SR IV,Others,INE413U07293,True
4948,NSE_EQ|INE413U07277,10ISFL26,N3,NSE,SEC RE NCD 10% SR 4,Others,INE413U07277,True
5071,NSE_EQ|INE0JYY07026,10MWL29,N0,NSE,MWL 10% 2029,Others,INE0JYY07026,True
6468,NSE_EQ|INE530L07228,10NIDO26,N6,NSE,SEC RED NCD 10% SR. VI,Others,INE530L07228,True
5437,NSE_EQ|INE148I07PO8,10SCL30A,BV,NSE,SEC RE NCD 9.71% SR VIII,Others,INE148I07PO8,True
5547,NSE_EQ|INE148I07SU9,10SCL31,Z1,NSE,SEC RE NCD 10% SR IX,Others,INE148I07SU9,True
5569,NSE_EQ|INE148I07TO0,10SCL31A,ZO,NSE,SEC RE NCD 10% SR IX,Others,INE148I07TO0,True
3662,NSE_EQ|INE583D07562,10UCL26,ND,NSE,UCL 10.00% SR I,Others,INE583D07562,True
6190,NSE_EQ|INE342T07403,1102NFL26,N8,NSE,SEC RE NCD 11.02% SR.V,Others,INE342T07403,True
6696,NSE_EQ|INE0RU307254,1116AFL27,N0,NSE,AFL 11.16 % 2027,Others,INE0RU307254,True
6198,NSE_EQ|INE342T07445,1119NFL27,ND,NSE,SEC RE NCD 11.19% SR.V,Others,INE342T07445,True
6018,NSE_EQ|INE818W08131,111ESFB31,N0,NSE,ESFB 11.1% 2031 SR 1,Others,INE818W08131,True
6420,NSE_EQ|INE916Y07081,1125AFIL29,N0,NSE,AFIL 11.25% 2029,Others,INE916Y07081,True
7556,NSE_EQ|INE04HY07351,1125VCCL27,N0,NSE,VCCL 11.25% 2027 SR B,Others,INE04HY07351,True
6037,NSE_EQ|INE818W08149,113ESFB31,N0,NSE,ESFB 11.3% 2031 SR 2,Others,INE818W08149,True
6035,NSE_EQ|INE818W08156,113ESFB31B,N0,NSE,ESFB 11.3% 2031 SR 3,Others,INE818W08156,True
6408,NSE_EQ|INE916Y07065,1150AFIL28,N0,NSE,AFIL 11.50% 2028 SR 05,Others,INE916Y07065,True
6411,NSE_EQ|INE916Y07073,1150AFIL29,N0,NSE,AFIL 11.50% 2029,Others,INE916Y07073,True
7604,NSE_EQ|INE04HY07286,115VCCL27,N0,NSE,VCCL 11.5% 2027 SR II,Others,INE04HY07286,True
7552,NSE_EQ|INE04HY07377,115VCCL28,N0,NSE,VCCL 11.5% 2028 SR C,Others,INE04HY07377,True
7550,NSE_EQ|INE04HY07385,115VCCL28A,N0,NSE,VCCL28A 11.5% 2028,Others,INE04HY07385,True
7548,NSE_EQ|INE04HY07393,115VCCL31,N0,NSE,VCCL 11.5% 2031,Others,INE04HY07393,True
7529,NSE_EQ|INE04HY07401,115VCCL31A,N0,NSE,VCCL31A 11.5% 2031,Others,INE04HY07401,True
6044,NSE_EQ|INE818W08164,1165ESFB32,N0,NSE,ESFB 11.65% 2032 SR 4,Others,INE818W08164,True
7607,NSE_EQ|INE04HY07260,116VCCL26A,N0,NSE,VCCL 11.6% 2026 SR A,Others,INE04HY07260,True
7563,NSE_EQ|INE04HY07310,116VCCL27,N0,NSE,VCCL 11.6% 2027 SR A,Others,INE04HY07310,True
7561,NSE_EQ|INE04HY07328,116VCCL27A,N0,NSE,VCCL 11.6% 2027 SR A,Others,INE04HY07328,True
4933,NSE_EQ|INE01XO07033,1175IFL28,N0,NSE,IFL 11.75% 2028,Others,INE01XO07033,True
4907,NSE_EQ|INE01XO07066,1175IFL28A,N0,NSE,IFL 11.75% 2028,Others,INE01XO07066,True
4934,NSE_EQ|INE01XO07041,1180IFL28,N0,NSE,IFL 11.80% 2028,Others,INE01XO07041,True
4902,NSE_EQ|INE01XO07058,1180IFL28A,N0,NSE,IFL 11.80% 2028,Others,INE01XO07058,True
7492,NSE_EQ|INE04HY07187,1180VCCL26,N0,NSE,VCCL 11.80% 2026 SR B,Others,INE04HY07187,True
7609,NSE_EQ|INE04HY07245,118VCCL27,N0,NSE,VCCL 11.8% 2027 SR B,Others,INE04HY07245,True
7564,NSE_EQ|INE04HY07302,118VCCL27A,N0,NSE,VCCL 11.8% 2027 SR B,Others,INE04HY07302,True
7558,NSE_EQ|INE04HY07336,118VCCL27B,N0,NSE,VCCL 11.8% 2027 SR B,Others,INE04HY07336,True
7498,NSE_EQ|INE04HY07120,1190VCCL26,N0,NSE,VCCL 11.90% 2026,Others,INE04HY07120,True
7497,NSE_EQ|INE04HY07146,119VCCL26,N0,NSE,VEDIKA CREDIT 11.9% 2026,Others,INE04HY07146,True
5866,NSE_EQ|INE2UHF07015,11MCS27,N0,NSE,MCS 11% 2027,Others,INE2UHF07015,True
7554,NSE_EQ|INE04HY07369,11VCCL27,N0,NSE,VCCL 11% 2027 SR A,Others,INE04HY07369,True
3916,NSE_EQ|INE835I08019,1215DHPL27,N0,NSE,DHPL 12.15% 2027,Others,INE835I08019,True
8470,NSE_EQ|INE04Q907108,1225DCCL27,N0,NSE,DCCL 12.25% 2027 SR IIA,Others,INE04Q907108,True
4932,NSE_EQ|INE01XO07017,1225IFL27,N0,NSE,IFL 12.25% 2027,Others,INE01XO07017,True
4936,NSE_EQ|INE01XO07025,1225IFL28,N0,NSE,IFL 12.25% 2028,Others,INE01XO07025,True
7174,NSE_EQ|INE04HY08011,125VCCL31,N0,NSE,VCCL 12.5% 2031,Others,INE04HY08011,True
8483,NSE_EQ|INE04Q907199,1275DCC28,N0,NSE,DCCL 12.75% 2028,Others,INE04Q907199,True
8479,NSE_EQ|INE04Q907181,1275DCCL28,N0,NSE,DCCL 12.75% 2028,Others,INE04Q907181,True
6418,NSE_EQ|INE916Y07032,12AFIL27,N0,NSE,AFIL 12% 2027 SR 1,Others,INE916Y07032,True
6402,NSE_EQ|INE916Y07040,12AFIL27A,N0,NSE,AFIL 12% 2027,Others,INE916Y07040,True
6407,NSE_EQ|INE916Y07057,12AFIL28,N0,NSE,AFIL 12% 2028,Others,INE916Y07057,True
8493,NSE_EQ|INE04Q907090,12DCCL27,N0,NSE,DCCL 12% 2027 SR II,Others,INE04Q907090,True
8481,NSE_EQ|INE04Q907165,12DCCL29,N0,NSE,DCCL 12% 2029 SR 3A,Others,INE04Q907165,True
8482,NSE_EQ|INE04Q907157,12DCCL29A,N0,NSE,DCCL 12% 2029 SR 3A,Others,INE04Q907157,True
7494,NSE_EQ|INE04HY07161,12VCCL27,N0,NSE,VCCL 12% 2027 SR A,Others,INE04HY07161,True
7493,NSE_EQ|INE04HY07179,12VCCL27A,N0,NSE,VCCL 12% 2027 SR C,Others,INE04HY07179,True
7470,NSE_EQ|INE04HY07211,12VCCL27B,N0,NSE,VCCL 12% 2027,Others,INE04HY07211,True
7608,NSE_EQ|INE04HY07252,12VCCL27D,N0,NSE,VCCL 12% 2027 SR C,Others,INE04HY07252,True
7557,NSE_EQ|INE04HY07344,12VCCL28,N0,NSE,VCCL 12% 2028,Others,INE04HY07344,True
7496,NSE_EQ|INE04HY07153,12VCCL29,N0,NSE,VCCL 12% 2029 SR B,Others,INE04HY07153,True
7471,NSE_EQ|INE04HY07203,12VCCL29A,N0,NSE,VCCL12% 2029,Others,INE04HY07203,True
7610,NSE_EQ|INE04HY07229,12VCCL29B,N0,NSE,VCCL 12% 2029,Others,INE04HY07229,True
7605,NSE_EQ|INE04HY07278,12VCCL29C,N0,NSE,VCCL 12% 2029 SR I,Others,INE04HY07278,True
4750,NSE_EQ|INE0MEG07029,12VPT28,N0,NSE,VPT 12% 2028,Others,INE0MEG07029,True
8480,NSE_EQ|INE04Q907173,13DCCL29,N0,NSE,DCCL 13% 2029 SR IIB,Others,INE04Q907173,True
8474,NSE_EQ|INE04Q907116,14DCCL31,N0,NSE,DCCL 14% 2031 SR 3C,Others,INE04Q907116,True
8472,NSE_EQ|INE04Q907124,14DCCL31A,N0,NSE,DCCL 14% 2031 SR 3C,Others,INE04Q907124,True
7049,NSE_EQ|INE03UZ07023,14RARL30,N0,NSE,RARL 14% 2030 SR IV,Others,INE03UZ07023,True
7047,NSE_EQ|INE03UZ07015,1650RARL27,N0,NSE,RARL 16.50% 2027 SR III,Others,INE03UZ07015,True
7048,NSE_EQ|INE03UZ07031,165RARL28,N0,NSE,RARL 16.50% 2028 SR V,Others,INE03UZ07031,True
2607,NSE_EQ|IN002025Y487,182D030926,TB,NSE,GOI TBILL 182D-03/09/26,Others,IN002025Y487,True
6262,NSE_EQ|IN002026Y055,182D051126,TB,NSE,GOI TBILL 182D-05/11/26,Others,IN002026Y055,True
2595,NSE_EQ|IN002025Y446,182D060826,TB,NSE,GOI TBILL 182D-06/08/26,Others,IN002025Y446,True
6260,NSE_EQ|IN002026Y014,182D081026,TB,NSE,GOI TBILL 182D-08/10/26,Others,IN002026Y014,True
2671,NSE_EQ|IN002025Y404,182D090726,TB,NSE,GOI TBILL 182D-09/07/26,Others,IN002025Y404,True
2604,NSE_EQ|IN002025Y495,182D100926,TB,NSE,GOI TBILL 182D-10/09/26,Others,IN002025Y495,True
6235,NSE_EQ|IN002026Y105,182D101226,TB,NSE,GOI TBILL 182D-10/12/26,Others,IN002026Y105,True
6270,NSE_EQ|IN002026Y063,182D121126,TB,NSE,GOI TBILL 182D-12/11/26,Others,IN002026Y063,True
2593,NSE_EQ|IN002025Y453,182D130826,TB,NSE,GOI TBILL 182D-13/08/26,Others,IN002025Y453,True
6267,NSE_EQ|IN002026Y022,182D151026,TB,NSE,GOI TBILL 182D-15/10/26,Others,IN002026Y022,True
2667,NSE_EQ|IN002025Y412,182D170726,TB,NSE,GOI TBILL 182D-17/07/26,Others,IN002025Y412,True
2535,NSE_EQ|IN002025Y388,182D180626,TB,NSE,GOI TBILL 182D-18/06/26,Others,IN002025Y388,True
2591,NSE_EQ|IN002025Y503,182D180926,TB,NSE,GOI TBILL 182D-18/09/26,Others,IN002025Y503,True
6269,NSE_EQ|IN002026Y071,182D191126,TB,NSE,GOI TBILL 182D-19/11/26,Others,IN002026Y071,True
2613,NSE_EQ|IN002025Y461,182D210826,TB,NSE,GOI TBILL 182D-21/08/26,Others,IN002025Y461,True
6264,NSE_EQ|IN002026Y030,182D221026,TB,NSE,GOI TBILL 182D-22/10/26,Others,IN002026Y030,True
2600,NSE_EQ|IN002025Y420,182D230726,TB,NSE,GOI TBILL 182D-23/07/26,Others,IN002025Y420,True
2533,NSE_EQ|IN002025Y396,182D260626,TB,NSE,GOI TBILL 182D-26/06/26,Others,IN002025Y396,True
2610,NSE_EQ|IN002025Y479,182D270826,TB,NSE,GOI TBILL 182D-27/08/26,Others,IN002025Y479,True
6268,NSE_EQ|IN002026Y089,182D271126,TB,NSE,GOI TBILL 182D-27/11/26,Others,IN002026Y089,True
6263,NSE_EQ|IN002026Y048,182D291026,TB,NSE,GOI TBILL 182D-29/10/26,Others,IN002026Y048,True
2599,NSE_EQ|IN002025Y438,182D300726,TB,NSE,GOI TBILL 182D-30/07/26,Others,IN002025Y438,True
2690,NSE_EQ|INE387I07013,18MVL27,N0,NSE,MAGNUM VENTURES 18% 2027,Others,INE387I07013,True
4127,NSE_EQ|INE362A07054,18PVL29,N0,NSE,PVL 18% 2029 SR A,Others,INE362A07054,True
4125,NSE_EQ|INE362A07047,18PVL29A,N0,NSE,PVL 18% 2029 SR B,Others,INE362A07047,True
1697,NSE_EQ|INE144J01027,20MICRONS,EQ,NSE,20 MICRONS LTD,Others,INE144J01027,True
1585,NSE_EQ|INE253B01015,21STCENMGM,EQ,NSE,21ST CENTURY MGMT SERVICE,Others,INE253B01015,True
1,NSE_EQ|INE466L01038,360ONE,EQ,NSE,360 ONE WAM LIMITED,Finance,INE466L01038,True
6022,NSE_EQ|IN002025Z146,364D020726,TB,NSE,GOI TBILL 364D-02/07/26,Others,IN002025Z146,True
5992,NSE_EQ|IN002025Z278,364D021026,TB,NSE,GOI TBILL 364D-02/10/26,Others,IN002025Z278,True
5987,NSE_EQ|IN002025Z237,364D030926,TB,NSE,GOI TBILL 364D-03/09/26,Others,IN002025Z237,True
6136,NSE_EQ|IN002025Z369,364D031226,TB,NSE,GOI TBILL 364D-03/12/26,Others,IN002025Z369,True
6076,NSE_EQ|IN002025Z443,364D040227,TB,NSE,GOI TBILL 364D-04/02/27,Others,IN002025Z443,True
6086,NSE_EQ|IN002025Z484,364D040327,TB,NSE,GOI TBILL 364D-04/03/27,Others,IN002025Z484,True
8516,NSE_EQ|IN002026Z052,364D060527,TB,NSE,GOI TBILL 364D-06/05/27,Others,IN002026Z052,True
5998,NSE_EQ|IN002025Z195,364D060826,TB,NSE,GOI TBILL 364D-06/08/26,Others,IN002025Z195,True
6129,NSE_EQ|IN002025Z328,364D061126,TB,NSE,GOI TBILL 364D-06/11/26,Others,IN002025Z328,True
6071,NSE_EQ|IN002025Z401,364D070127,TB,NSE,GOI TBILL 364D-07/01/27,Others,IN002025Z401,True
8505,NSE_EQ|IN002026Z011,364D080427,TB,NSE,GOI TBILL 364D-08/04/27,Others,IN002026Z011,True
5991,NSE_EQ|IN002025Z286,364D081026,TB,NSE,GOI TBILL 364D-08/10/26,Others,IN002025Z286,True
6043,NSE_EQ|IN002025Z153,364D090726,TB,NSE,GOI TBILL 364D-09/07/26,Others,IN002025Z153,True
8673,NSE_EQ|IN002026Z102,364D100627,TB,NSE,GOI TBILL 364D-10/06/27,Others,IN002026Z102,True
5983,NSE_EQ|IN002025Z245,364D100926,TB,NSE,GOI TBILL 364D-10/09/26,Others,IN002025Z245,True
6133,NSE_EQ|IN002025Z377,364D101226,TB,NSE,GOI TBILL 364D-10/12/26,Others,IN002025Z377,True
6074,NSE_EQ|IN002025Z450,364D110227,TB,NSE,GOI TBILL 364D-11/02/27,Others,IN002025Z450,True
6082,NSE_EQ|IN002025Z492,364D110327,TB,NSE,GOI TBILL 364D-11/03/27,Others,IN002025Z492,True
6126,NSE_EQ|IN002025Z336,364D121126,TB,NSE,GOI TBILL 364D-12/11/26,Others,IN002025Z336,True
8513,NSE_EQ|IN002026Z060,364D130527,TB,NSE,GOI TBILL 364D-13/05/27,Others,IN002026Z060,True
5972,NSE_EQ|IN002025Z203,364D130826,TB,NSE,GOI TBILL 364D-13/08/26,Others,IN002025Z203,True
6070,NSE_EQ|IN002025Z419,364D150127,TB,NSE,GOI TBILL 364D-15/01/27,Others,IN002025Z419,True
8501,NSE_EQ|IN002026Z029,364D150427,TB,NSE,GOI TBILL 364D-15/04/27,Others,IN002026Z029,True
5990,NSE_EQ|IN002025Z294,364D151026,TB,NSE,GOI TBILL 364D-15/10/26,Others,IN002025Z294,True
6041,NSE_EQ|IN002025Z161,364D160726,TB,NSE,GOI TBILL 364D-16/07/26,Others,IN002025Z161,True
5979,NSE_EQ|IN002025Z252,364D170926,TB,NSE,GOI TBILL 364D-17/09/26,Others,IN002025Z252,True
6132,NSE_EQ|IN002025Z385,364D171226,TB,NSE,GOI TBILL 364D-17/12/26,Others,IN002025Z385,True
6028,NSE_EQ|IN002025Z120,364D180626,TB,NSE,GOI TBILL 364D-18/06/26,Others,IN002025Z120,True
6073,NSE_EQ|IN002025Z468,364D190227,TB,NSE,GOI TBILL 364D-19/02/27,Others,IN002025Z468,True
5085,NSE_EQ|IN002025Z500,364D190327,TB,NSE,GOI TBILL 364D-19/03/27,Others,IN002025Z500,True
6123,NSE_EQ|IN002025Z344,364D191126,TB,NSE,GOI TBILL 364D-19/11/26,Others,IN002025Z344,True
8531,NSE_EQ|IN002026Z078,364D200527,TB,NSE,GOI TBILL 364D-20/05/27,Others,IN002026Z078,True
5970,NSE_EQ|IN002025Z211,364D200826,TB,NSE,GOI TBILL 364D-20/08/26,Others,IN002025Z211,True
6068,NSE_EQ|IN002025Z427,364D210127,TB,NSE,GOI TBILL 364D-21/01/27,Others,IN002025Z427,True
8521,NSE_EQ|IN002026Z037,364D220427,TB,NSE,GOI TBILL 364D-22/04/27,Others,IN002026Z037,True
6038,NSE_EQ|IN002025Z179,364D230726,TB,NSE,GOI TBILL 364D-23/07/26,Others,IN002025Z179,True
6116,NSE_EQ|IN002025Z302,364D231026,TB,NSE,GOI TBILL 364D-23/10/26,Others,IN002025Z302,True
5978,NSE_EQ|IN002025Z260,364D240926,TB,NSE,GOI TBILL 364D-24/09/26,Others,IN002025Z260,True
6090,NSE_EQ|IN002025Z476,364D250227,TB,NSE,GOI TBILL 364D-25/02/27,Others,IN002025Z476,True
6025,NSE_EQ|IN002025Z138,364D250626,TB,NSE,GOI TBILL 364D-25/06/26,Others,IN002025Z138,True
6148,NSE_EQ|IN002025Z393,364D251226,TB,NSE,GOI TBILL 364D-25/12/26,Others,IN002025Z393,True
6138,NSE_EQ|IN002025Z351,364D261126,TB,NSE,GOI TBILL 364D-26/11/26,Others,IN002025Z351,True
6078,NSE_EQ|IN002025Z435,364D280127,TB,NSE,GOI TBILL 364D-28/01/27,Others,IN002025Z435,True
8530,NSE_EQ|IN002026Z086,364D280527,TB,NSE,GOI TBILL 364D-28/05/27,Others,IN002026Z086,True
5969,NSE_EQ|IN002025Z229,364D280826,TB,NSE,GOI TBILL 364D-28/08/26,Others,IN002025Z229,True
8520,NSE_EQ|IN002026Z045,364D290427,TB,NSE,GOI TBILL 364D-29/04/27,Others,IN002026Z045,True
6131,NSE_EQ|IN002025Z310,364D291026,TB,NSE,GOI TBILL 364D-29/10/26,Others,IN002025Z310,True
6033,NSE_EQ|IN002025Z187,364D300726,TB,NSE,GOI TBILL 364D-30/07/26,Others,IN002025Z187,True
2154,NSE_EQ|INE994E01018,3BBLACKBIO,EQ,NSE,3B BLACKBIO DX LTD.,Others,INE994E01018,True
2281,NSE_EQ|INE748C01038,3IINFOLTD,EQ,NSE,3I INFOTECH LIMITED,Others,INE748C01038,True
2,NSE_EQ|INE470A01017,3MINDIA,EQ,NSE,3M INDIA LIMITED,Diversified,INE470A01017,True
1205,NSE_EQ|INE105C01023,3PLAND,EQ,NSE,3P LAND HOLDINGS LIMITED,Others,INE105C01023,True
4985,NSE_EQ|IN0020210186,574GS2026,GS,NSE,GOI LOAN  5.74% 2026,Others,IN0020210186,True
8105,NSE_EQ|IN3820200035,575PY26,SG,NSE,SDL PY 5.75% 2026,Others,IN3820200035,True
8401,NSE_EQ|IN0020200153,577GS2030,GS,NSE,GOI LOAN 5.77% 2030,Others,IN0020200153,True
8428,NSE_EQ|IN0020200070,579GS2030,GS,NSE,GOI LOAN 5.79% 2030,Others,IN0020200070,True
2588,NSE_EQ|IN1920200079,57KA26,SG,NSE,SDL KA 5.7% 2026,Others,IN1920200079,True
7129,NSE_EQ|IN2920200556,582RJ27,SG,NSE,SDL RJ 5.82% 2027,Others,IN2920200556,True
8452,NSE_EQ|IN0020200294,585GS2030,GS,NSE,GOI LOAN  5.85% 2030,Others,IN0020200294,True
7184,NSE_EQ|IN3520200087,588CG26,SG,NSE,SDL CG 5.88% 2026,Others,IN3520200087,True
7480,NSE_EQ|IN0020250034,591GS2028,GS,NSE,GOI LOAN  5.91% 2028,Others,IN0020250034,True
7185,NSE_EQ|IN3520200079,593CG26,SG,NSE,SDL CG 5.93% 2026,Others,IN3520200079,True
5581,NSE_EQ|IN3820210018,596PY26,SG,NSE,SDL PY 5.96% 2026,Others,IN3820210018,True
7186,NSE_EQ|IN3520200095,597CG27,SG,NSE,SDL CG 5.97% 2027,Others,IN3520200095,True
4740,NSE_EQ|IN2120210025,599MP26,SG,NSE,SDL MP 5.99% 2026,Others,IN2120210025,True
2036,NSE_EQ|INE618L01018,5PAISA,EQ,NSE,5PAISA CAPITAL LIMITED,Others,INE618L01018,True
7646,NSE_EQ|IN0020020247,601GS2028,GS,NSE,GOI LOAN 6.01% 2028,Others,IN0020020247,True
7585,NSE_EQ|IN0020250067,601GS2030,GS,NSE,GOI LOAN  6.01% 2030,Others,IN0020250067,True
3243,NSE_EQ|IN2920210316,601RJ26,SG,NSE,SDL RJ 6.01% 2026,Others,IN2920210316,True
7579,NSE_EQ|IN0020250125,603GS2029,GS,NSE,GOI LOAN  6.03% 2029,Others,IN0020250125,True
4145,NSE_EQ|IN1220210158,604AS26,SG,NSE,SDL AS 6.04% 2026,Others,IN1220210158,True
5689,NSE_EQ|IN1520210130,604GJ26,SG,NSE,SDL GJ 6.04% 2026,Others,IN1520210130,True
3232,NSE_EQ|IN2920210381,607RJ26,SG,NSE,SDL RJ 6.07% 2026,Others,IN2920210381,True
4093,NSE_EQ|IN1220210091,609AS26,SG,NSE,SDL AS 6.09% 2026,Others,IN1220210091,True
2590,NSE_EQ|IN1920200095,609KA28,SG,NSE,SDL KA 6.09% 2028,Others,IN1920200095,True
7689,NSE_EQ|IN3120250102,60TN28,SG,NSE,SDL TN 6.0% 2028,Others,IN3120250102,True
5020,NSE_EQ|IN0020210095,610GS2031,GS,NSE,GOI LOAN  6.10% 2031,Others,IN0020210095,True
2586,NSE_EQ|IN1920200087,612KA27,SG,NSE,SDL KA 6.12% 2027,Others,IN1920200087,True
4184,NSE_EQ|IN0020030022,613GS2028,GS,NSE,GOI LOAN 6.13% 2028,Others,IN0020030022,True
3737,NSE_EQ|IN2720250017,613OR28,SG,NSE,SDL OR 6.13% 2028,Others,IN2720250017,True
7680,NSE_EQ|IN3120250185,614TN28,SG,NSE,SDL TN 6.14% 2028,Others,IN3120250185,True
6377,NSE_EQ|IN2020200233,617KL27,SG,NSE,SDL KL 6.17% 2027,Others,IN2020200233,True
8431,NSE_EQ|IN0020200096,619GS2034,GS,NSE,GOI LOAN 6.19% 2034,Others,IN0020200096,True
7200,NSE_EQ|IN3520200103,61CG27,SG,NSE,SDL CG 6.1% 2027,Others,IN3520200103,True
4533,NSE_EQ|IN1520250085,61GJ28,SG,NSE,SDL GJ 6.1% 2028,Others,IN1520250085,True
7164,NSE_EQ|IN2920200440,61RJ27,SG,NSE,SDL RJ 6.1% 2027,Others,IN2920200440,True
3394,NSE_EQ|IN1220250055,622AS30,SG,NSE,SDL AS 6.22% 2030,Others,IN1220250055,True
8448,NSE_EQ|IN0020200245,622GS2035,GS,NSE,GOI LOAN  6.22% 2035,Others,IN0020200245,True
6376,NSE_EQ|IN2020200225,622KL27,SG,NSE,SDL KL 6.22% 2027,Others,IN2020200225,True
3261,NSE_EQ|IN2920210290,623RJ27,SG,NSE,SDL RJ 6.23% 2027,Others,IN2920210290,True
4827,NSE_EQ|IN2220210214,624MH26,SG,NSE,SDL MH 6.24% 2026,Others,IN2220210214,True
8848,NSE_EQ|IN2220200116,624MH28,SG,NSE,SDL MH 6.24% 2028,Others,IN2220200116,True
3197,NSE_EQ|IN2920210183,624RJ26,SG,NSE,SDL RJ 6.24% 2026,Others,IN2920210183,True
4085,NSE_EQ|IN1220210026,625AS26,SG,NSE,SDL AS 6.25% 2026,Others,IN1220210026,True
3139,NSE_EQ|INE134E08NT9,627PFCL27,N0,NSE,PFCL 6.27% 2027 SR 251A,Others,INE134E08NT9,True
3268,NSE_EQ|IN2920210241,627RJ26,SG,NSE,SDL RJ 6.27% 2026,Others,IN2920210241,True
7510,NSE_EQ|IN3120250243,627TN27,SG,NSE,SDL TN 6.27% 2027,Others,IN3120250243,True
7678,NSE_EQ|IN3120250193,627TN29,SG,NSE,SDL TN 6.27% 2029,Others,IN3120250193,True
5724,NSE_EQ|IN1520210098,628GJ27,SG,NSE,SDL GJ 6.28% 2027,Others,IN1520210098,True
7591,NSE_EQ|IN0020250059,628GS2032,GS,NSE,GOI LOAN  6.28% 2032,Others,IN0020250059,True
3265,NSE_EQ|IN2920210225,629RJ26,SG,NSE,SDL RJ 6.29% 2026,Others,IN2920210225,True
3312,NSE_EQ|IN2920210407,629RJ26A,SG,NSE,SDL RJ 6.29% 2026,Others,IN2920210407,True
7090,NSE_EQ|IN2920200267,62RJ27,SG,NSE,SDL RJ 6.2% 2027,Others,IN2920200267,True
2655,NSE_EQ|IN1920200129,632KA28,SG,NSE,SDL KA 6.32% 2028,Others,IN1920200129,True
4088,NSE_EQ|IN1220210018,633AS26,SG,NSE,SDL AS 6.33% 2026,Others,IN1220210018,True
4138,NSE_EQ|IN1220210182,633AS26A,SG,NSE,SDL AS 6.33% 2026,Others,IN1220210182,True
7479,NSE_EQ|IN0020250026,633GS2035,GS,NSE,GOI LOAN  6.33% 2035,Others,IN0020250026,True
3102,NSE_EQ|IN3120200222,633TN30,SG,NSE,SDL TN 6.33% 2030,Others,IN3120200222,True
3246,NSE_EQ|IN2920210340,634RJ27,SG,NSE,SDL RJ 6.34% 2027,Others,IN2920210340,True
5393,NSE_EQ|IN1020200110,635AP27,SG,NSE,SDL AP 6.35% 2027,Others,IN1020200110,True
8000,NSE_EQ|INE018A08BN0,635LT28,N0,NSE,LT 6.35% SB 2028,Others,INE018A08BN0,True
8948,NSE_EQ|IN2220200314,635MH28,SG,NSE,SDL MH 6.35% 2028,Others,IN2220200314,True
7575,NSE_EQ|IN0020250141,636GS2031,GS,NSE,GOI LOAN  6.36% 2031,Others,IN0020250141,True
3895,NSE_EQ|IN1720200030,636HP28,SG,NSE,SDL HP 6.36% 2028,Others,IN1720200030,True
8602,NSE_EQ|INE020B08FX4,637RECL27,N0,NSE,REC 6.37% 2027 SR 249-A,Others,INE020B08FX4,True
4830,NSE_EQ|IN2220210230,638MH27,SG,NSE,SDL MH 6.38% 2027,Others,IN2220210230,True
2530,NSE_EQ|IN1320210017,639BR27,SG,NSE,SDL BR 6.39% 2027,Others,IN1320210017,True
1135,NSE_EQ|INE111B01023,63MOONS,EQ,NSE,63 MOONS TECHNOLOGIES LTD,Others,INE111B01023,True
5594,NSE_EQ|IN3820210042,63PY27,SG,NSE,SDL PY 6.3% 2027,Others,IN3820210042,True
4790,NSE_EQ|INE848E08375,640NHPCL27,N0,NSE,NHPC 6.40% 2027,Others,INE848E08375,True
7708,NSE_EQ|IN3120250078,640TN32,SG,NSE,SDL TN 6.40% 2032,Others,IN3120250078,True
7547,NSE_EQ|IN1420200082,641GA30,SG,NSE,SDL GA 6.41% 2030,Others,IN1420200082,True
3103,NSE_EQ|IN3120200214,641TN30,SG,NSE,SDL TN 6.41% 2030,Others,IN3120200214,True
7532,NSE_EQ|IN1420200165,642GA30,SG,NSE,SDL GA 6.42% 2030,Others,IN1420200165,True
7895,NSE_EQ|IN4920250037,642JK31,SG,NSE,SDL JK 6.42% 2031,Others,IN4920250037,True
7896,NSE_EQ|IN4920250052,642JK31A,SG,NSE,SDL JK 6.42% 2031,Others,IN4920250052,True
8949,NSE_EQ|IN2320200040,642MN30,SG,NSE,SDL MN 6.42% 2030,Others,IN2320200040,True
5399,NSE_EQ|IN2820200094,642PN30,SG,NSE,SDL PN 6.42% 2030,Others,IN2820200094,True
7685,NSE_EQ|IN3120250128,642TN31,SG,NSE,SDL TN 6.42% 2031,Others,IN3120250128,True
4392,NSE_EQ|IN3320200154,642UP30,SG,NSE,SDL UP 6.42% 2030,Others,IN3320200154,True
5130,NSE_EQ|IN1020200458,643AP30,SG,NSE,SDL AP 6.43% 2030,Others,IN1020200458,True
4831,NSE_EQ|IN2220210222,643MH27,SG,NSE,SDL MH 6.43% 2027,Others,IN2220210222,True
3333,NSE_EQ|IN2920210431,643RJ27,SG,NSE,SDL RJ 6.43% 2027,Others,IN2920210431,True
7068,NSE_EQ|IN3620200029,643UK30,SG,NSE,SDL UK 6.43% 2030,Others,IN3620200029,True
8766,NSE_EQ|IN1520200081,644GJ29,SG,NSE,SDL GJ 6.44% 2029,Others,IN1520200081,True
9209,NSE_EQ|IN1520200115,644GJ29A,SG,NSE,SDL GJ 6.44% 2029,Others,IN1520200115,True
8858,NSE_EQ|IN2220200124,644MH28,SG,NSE,SDL MH 6.44% 2028,Others,IN2220200124,True
7024,NSE_EQ|IN3620200060,644UK30,SG,NSE,SDL UK 6.44% 2030,Others,IN3620200060,True
4430,NSE_EQ|IN3320200063,644UP30,SG,NSE,SDL UP 6.44% 2030,Others,IN3320200063,True
2529,NSE_EQ|IN1320210025,645BR27,SG,NSE,SDL BR 6.45% 2027,Others,IN1320210025,True
9211,NSE_EQ|IN1520200131,645GJ30,SG,NSE,SDL GJ 6.45% 2030,Others,IN1520200131,True
9173,NSE_EQ|IN1520200248,645GJ30A,SG,NSE,SDL GJ 6.45% 2030,Others,IN1520200248,True
4944,NSE_EQ|IN0020190362,645GS2029,GS,NSE,GOI LOAN 6.45% 2029,Others,IN0020190362,True
3900,NSE_EQ|IN1720200071,645HP29,SG,NSE,SDL HP 6.45% 2029,Others,IN1720200071,True
8986,NSE_EQ|IN2220200249,645MH27,SG,NSE,SDL MH 6.45% 2027,Others,IN2220200249,True
3729,NSE_EQ|IN2420200023,645ML30,SG,NSE,SDL ML 6.45% 2030,Others,IN2420200023,True
8947,NSE_EQ|IN2320200057,645MN30,SG,NSE,SDL MN 6.45% 2030,Others,IN2320200057,True
6790,NSE_EQ|IN2920200614,645RJ27,SG,NSE,SDL RJ 6.45% 2027,Others,IN2920200614,True
3338,NSE_EQ|IN2920210449,645RJ27A,SG,NSE,SDL RJ 6.45% 2027,Others,IN2920210449,True
7166,NSE_EQ|IN2920200457,645RJ30,SG,NSE,SDL RJ 6.45% 2030,Others,IN2920200457,True
9201,NSE_EQ|IN1520200198,646GJ30,SG,NSE,SDL GJ 6.46% 2030,Others,IN1520200198,True
5074,NSE_EQ|IN4920200065,646JK30,SG,NSE,SDL JK 6.46% 2030,Others,IN4920200065,True
7073,NSE_EQ|IN2920200317,646RJ30,SG,NSE,SDL RJ 6.46% 2030,Others,IN2920200317,True
7061,NSE_EQ|IN2920200358,646RJ30A,SG,NSE,SDL RJ 6.46% 2030,Others,IN2920200358,True
4707,NSE_EQ|IN3420200070,646WB30,SG,NSE,SDL WB 6.46% 2030,Others,IN3420200070,True
8772,NSE_EQ|IN1520200040,647GJ30,SG,NSE,SDL GJ 6.47% 2030,Others,IN1520200040,True
2609,NSE_EQ|INE053F08510,647IRFC28,N0,NSE,IRFC 6.47% 2028 SR 191A,Others,INE053F08510,True
6048,NSE_EQ|IN1920200392,647KA30,SG,NSE,SDL KA 6.47% 2030,Others,IN1920200392,True
8987,NSE_EQ|IN2220200272,647MH28,SG,NSE,SDL MH 6.47% 2028,Others,IN2220200272,True
5253,NSE_EQ|IN1020200193,648AP27,SG,NSE,SDL AP 6.48% 2027,Others,IN1020200193,True
5245,NSE_EQ|IN1020200243,648AP32,SG,NSE,SDL AP 6.48% 2032,Others,IN1020200243,True
4380,NSE_EQ|IN1220200118,648AS30,SG,NSE,SDL AS 6.48% 2030,Others,IN1220200118,True
7601,NSE_EQ|IN0020250091,648GS2035,GS,NSE,GOI LOAN  6.48% 2035,Others,IN0020250091,True
8753,NSE_EQ|IN1620200072,648HR40,SG,NSE,SDL HR 6.48% 2040,Others,IN1620200072,True
2652,NSE_EQ|IN1920200137,648KA30,SG,NSE,SDL KA 6.48% 2030,Others,IN1920200137,True
6050,NSE_EQ|IN1920200368,648KA31,SG,NSE,SDL KA 6.48% 2031,Others,IN1920200368,True
2909,NSE_EQ|IN2520200055,648MZ30,SG,NSE,SDL MZ 6.48% 2030,Others,IN2520200055,True
3277,NSE_EQ|IN2920210506,648RJ27,SG,NSE,SDL RJ 6.48% 2027,Others,IN2920210506,True
5242,NSE_EQ|IN1020200250,649AP33,SG,NSE,SDL AP 6.49% 2033,Others,IN1020200250,True
9183,NSE_EQ|IN1520200222,649GJ29,SG,NSE,SDL GJ 6.49% 2029,Others,IN1520200222,True
2579,NSE_EQ|IN1920200038,649KA30,SG,NSE,SDL KA 6.49% 2030,Others,IN1920200038,True
6092,NSE_EQ|IN1920200418,649KA30A,SG,NSE,SDL KA 6.49% 2030,Others,IN1920200418,True
2649,NSE_EQ|IN1920200145,649KA31,SG,NSE,SDL KA 6.49% 2031,Others,IN1920200145,True
8854,NSE_EQ|IN2220200132,649MH31,SG,NSE,SDL MH 6.49% 2031,Others,IN2220200132,True
3740,NSE_EQ|IN2720250033,649OR30,SG,NSE,SDL OR 6.49% 2030,Others,IN2720250033,True
7008,NSE_EQ|IN2920200085,649RJ30,SG,NSE,SDL RJ 6.49% 2030,Others,IN2920200085,True
3106,NSE_EQ|IN3120200230,649TN50,SG,NSE,SDL TN 6.49% 2050,Others,IN3120200230,True
9335,NSE_EQ|IN4520200127,649TS50,SG,NSE,SDL TS 6.49% 2050,Others,IN4520200127,True
5144,NSE_EQ|IN1020200474,64AP28,SG,NSE,SDL AP 6.4% 2028,Others,IN1020200474,True
9213,NSE_EQ|IN1520200107,64GJ30,SG,NSE,SDL GJ 6.4% 2030,Others,IN1520200107,True
9205,NSE_EQ|IN1520200180,64GJ30A,SG,NSE,SDL GJ 6.4% 2030,Others,IN1520200180,True
2620,NSE_EQ|IN1920200103,64KA30,SG,NSE,SDL KA 6.4% 2030,Others,IN1920200103,True
2670,NSE_EQ|IN1920200194,64KA30A,SG,NSE,SDL KA 6.4% 2030,Others,IN1920200194,True
6053,NSE_EQ|IN1920200350,64KA30B,SG,NSE,SDL KA 6.4% 2030,Others,IN1920200350,True
6056,NSE_EQ|IN1920200376,64KA30C,SG,NSE,SDL KA 6.4% 2030,Others,IN1920200376,True
2647,NSE_EQ|IN1920200111,64KA31,SG,NSE,SDL KA 6.4% 2031,Others,IN1920200111,True
8992,NSE_EQ|IN2220200298,64MH30,SG,NSE,SDL MH 6.4% 2030,Others,IN2220200298,True
4535,NSE_EQ|IN1520250078,651GJ33,SG,NSE,SDL GJ 6.51% 2033,Others,IN1520250078,True
3899,NSE_EQ|IN1720200089,651HP30,SG,NSE,SDL HP 6.51% 2030,Others,IN1720200089,True
6030,NSE_EQ|IN1920200335,651KA30,SG,NSE,SDL KA 6.51% 2030,Others,IN1920200335,True
6140,NSE_EQ|IN1920200517,651KA30B,SG,NSE,SDL KA 6.51% 2030,Others,IN1920200517,True
6146,NSE_EQ|IN1920200533,651KA30C,SG,NSE,SDL KA 6.51% 2030,Others,IN1920200533,True
2578,NSE_EQ|IN1920200046,651KA31,SG,NSE,SDL KA 6.51% 2031,Others,IN1920200046,True
9316,NSE_EQ|IN3320250027,651UP32,SG,NSE,SDL UP 6.51% 2032,Others,IN3320250027,True
6099,NSE_EQ|IN1920200491,652KA30,SG,NSE,SDL KA 6.52% 2030,Others,IN1920200491,True
8955,NSE_EQ|IN2220200322,652MH30,SG,NSE,SDL MH 6.52% 2030,Others,IN2220200322,True
3738,NSE_EQ|IN2420200015,652ML30,SG,NSE,SDL ML 6.52% 2030,Others,IN2420200015,True
7289,NSE_EQ|IN2120200125,652MP35,SG,NSE,SDL MP 6.52% 2035,Others,IN2120200125,True
4638,NSE_EQ|IN2620200021,652NL30,SG,NSE,SDL NL 6.52% 2030,Others,IN2620200021,True
8106,NSE_EQ|IN3820200043,652PY30,SG,NSE,SDL PY 6.52% 2030,Others,IN3820200043,True
8604,NSE_EQ|INE020B08FW6,652RL28,N0,NSE,REC 6.52% 2028 SR 248-A,Others,INE020B08FW6,True
9336,NSE_EQ|IN4520200135,652TS50,SG,NSE,SDL TS 6.52% 2050,Others,IN4520200135,True
3645,NSE_EQ|IN3520210037,653CG28,SG,NSE,SDL CG 6.53% 2028,Others,IN3520210037,True
3901,NSE_EQ|IN1720200097,653HP29,SG,NSE,SDL HP 6.53% 2029,Others,IN1720200097,True
6088,NSE_EQ|IN1920200459,653KA30,SG,NSE,SDL KA 6.53% 2030,Others,IN1920200459,True
2966,NSE_EQ|IN3120200339,653TN31,SG,NSE,SDL TN 6.53% 2031,Others,IN3120200339,True
5240,NSE_EQ|IN1020200201,654AP30,SG,NSE,SDL AP 6.54% 2030,Others,IN1020200201,True
5764,NSE_EQ|IN1120200036,654AR30,SG,NSE,SDL AR 6.54% 2030,Others,IN1120200036,True
7393,NSE_EQ|IN1420200066,654GA30,SG,NSE,SDL GA 6.54% 2030,Others,IN1420200066,True
7580,NSE_EQ|IN1420200207,654GA30A,SG,NSE,SDL GA 6.54% 2030,Others,IN1420200207,True
8769,NSE_EQ|IN1520200073,654GJ30,SG,NSE,SDL GJ 6.54% 2030,Others,IN1520200073,True
4256,NSE_EQ|IN0020210244,654GS2032,GS,NSE,GOI LOAN  6.54% 2032,Others,IN0020210244,True
6096,NSE_EQ|IN1920200475,654KA30,SG,NSE,SDL KA 6.54% 2030,Others,IN1920200475,True
4817,NSE_EQ|IN2220210271,654MH27,SG,NSE,SDL MH 6.54% 2027,Others,IN2220210271,True
8899,NSE_EQ|IN2220200033,654MH30,SG,NSE,SDL MH 6.54% 2030,Others,IN2220200033,True
7286,NSE_EQ|IN2120200133,654MP35,SG,NSE,SDL MP 6.54% 2035,Others,IN2120200133,True
7014,NSE_EQ|IN2920200150,654RJ30,SG,NSE,SDL RJ 6.54% 2030,Others,IN2920200150,True
7146,NSE_EQ|IN2920200481,654RJ30A,SG,NSE,SDL RJ 6.54% 2030,Others,IN2920200481,True
7390,NSE_EQ|IN3120250730,654TN29,SG,NSE,SDL TN 6.54% 2029,Others,IN3120250730,True
7700,NSE_EQ|IN3120250037,654TN31,SG,NSE,SDL TN 6.54% 2031,Others,IN3120250037,True
4386,NSE_EQ|IN3320200147,654UP30,SG,NSE,SDL UP 6.54% 2030,Others,IN3320200147,True
4708,NSE_EQ|IN3420200062,654WB35,SG,NSE,SDL WB 6.54% 2035,Others,IN3420200062,True
5390,NSE_EQ|IN1020200144,655AP28,SG,NSE,SDL AP 6.55% 2028,Others,IN1020200144,True
5134,NSE_EQ|IN1020200433,655AP33,SG,NSE,SDL AP 6.55% 2033,Others,IN1020200433,True
5243,NSE_EQ|IN1020200268,655AP35,SG,NSE,SDL AP 6.55% 2035,Others,IN1020200268,True
4331,NSE_EQ|IN1220200027,655AS30,SG,NSE,SDL AS 6.55% 2030,Others,IN1220200027,True
4325,NSE_EQ|IN1220200035,655AS30A,SG,NSE,SDL AS 6.55% 2030,Others,IN1220200035,True
7530,NSE_EQ|IN1420200173,655GA30,SG,NSE,SDL GA 6.55% 2030,Others,IN1420200173,True
7606,NSE_EQ|IN1420200199,655GA30A,SG,NSE,SDL GA 6.55% 2030,Others,IN1420200199,True
6391,NSE_EQ|IN2020200118,655KL30,SG,NSE,SDL KL 6.55% 2030,Others,IN2020200118,True
8985,NSE_EQ|IN2220200256,655MH28,SG,NSE,SDL MH 6.55% 2028,Others,IN2220200256,True
7077,NSE_EQ|IN2920200184,655RJ30,SG,NSE,SDL RJ 6.55% 2030,Others,IN2920200184,True
7086,NSE_EQ|IN2920200226,655RJ50,SG,NSE,SDL RJ 6.55% 2050,Others,IN2920200226,True
7088,NSE_EQ|IN2920200234,655RJ55,SG,NSE,SDL RJ 6.55% 2055,Others,IN2920200234,True
7474,NSE_EQ|IN3120250391,655TN29,SG,NSE,SDL TN 6.55% 2029,Others,IN3120250391,True
3163,NSE_EQ|IN3120200149,655TN30,SG,NSE,SDL TN 6.55% 2030,Others,IN3120200149,True
2737,NSE_EQ|IN3220200023,655TR30,SG,NSE,SDL TR 6.55% 2030,Others,IN3220200023,True
4709,NSE_EQ|IN3420200054,655WB30,SG,NSE,SDL WB 6.55% 2030,Others,IN3420200054,True
5244,NSE_EQ|IN1020200235,656AP31,SG,NSE,SDL AP 6.56% 2031,Others,IN1020200235,True
4358,NSE_EQ|IN1220200100,656AS30,SG,NSE,SDL AS 6.56% 2030,Others,IN1220200100,True
5984,NSE_EQ|IN1920200210,656KA30,SG,NSE,SDL KA 6.56% 2030,Others,IN1920200210,True
8993,NSE_EQ|IN2220200280,656MH30,SG,NSE,SDL MH 6.56% 2030,Others,IN2220200280,True
8950,NSE_EQ|IN2220200306,656MH32,SG,NSE,SDL MH 6.56% 2032,Others,IN2220200306,True
8953,NSE_EQ|IN2320200032,656MN30,SG,NSE,SDL MN 6.56% 2030,Others,IN2320200032,True
2568,NSE_EQ|IN2920250304,656RJ29,SG,NSE,SDL RJ 6.56% 2029,Others,IN2920250304,True
4385,NSE_EQ|IN3320200196,656UP30,SG,NSE,SDL UP 6.56% 2030,Others,IN3320200196,True
5236,NSE_EQ|IN1020200219,657AP30,SG,NSE,SDL AP 6.57% 2030,Others,IN1020200219,True
7525,NSE_EQ|IN1420200181,657GA30,SG,NSE,SDL GA 6.57% 2030,Others,IN1420200181,True
8774,NSE_EQ|IN1520200057,657GJ29,SG,NSE,SDL GJ 6.57% 2029,Others,IN1520200057,True
9180,NSE_EQ|IN1520200255,657GJ31,SG,NSE,SDL GJ 6.57% 2031,Others,IN1520200255,True
8754,NSE_EQ|IN0020160100,657GS2033,GS,NSE,GOI LOAN 6.57% 2033,Others,IN0020160100,True
4074,NSE_EQ|IN1720200113,657HP30,SG,NSE,SDL HP 6.57% 2030,Others,IN1720200113,True
4073,NSE_EQ|IN1720200121,657HP30A,SG,NSE,SDL HP 6.57% 2030,Others,IN1720200121,True
8905,NSE_EQ|IN2220200058,657MH31,SG,NSE,SDL MH 6.57% 2031,Others,IN2220200058,True
7296,NSE_EQ|IN2120200109,657MP30,SG,NSE,SDL MP 6.57% 2030,Others,IN2120200109,True
2911,NSE_EQ|IN2520200030,657MZ35,SG,NSE,SDL MZ 6.57% 2035,Others,IN2520200030,True
7011,NSE_EQ|IN2920200135,657RJ30,SG,NSE,SDL RJ 6.57% 2030,Others,IN2920200135,True
2963,NSE_EQ|IN3120200347,657TN31,SG,NSE,SDL TN 6.57% 2031,Others,IN3120200347,True
5405,NSE_EQ|IN1020200169,658AP30,SG,NSE,SDL AP 6.58% 2030,Others,IN1020200169,True
7549,NSE_EQ|IN1420200074,658GA30,SG,NSE,SDL GA 6.58% 2030,Others,IN1420200074,True
7578,NSE_EQ|IN1420200215,658GA30A,SG,NSE,SDL GA 6.58% 2030,Others,IN1420200215,True
7565,NSE_EQ|IN1420200231,658GA31,SG,NSE,SDL GA 6.58% 2031,Others,IN1420200231,True
9138,NSE_EQ|IN1520200347,658GJ27,SG,NSE,SDL GJ 6.58% 2027,Others,IN1520200347,True
2611,NSE_EQ|INE053F08528,658IRFC30,N0,NSE,IRFC 6.58% 2030 SR 191B,Others,INE053F08528,True
5072,NSE_EQ|IN4920200057,658JK30,SG,NSE,SDL JK 6.58% 2030,Others,IN4920200057,True
2580,NSE_EQ|IN1920200053,658KA30,SG,NSE,SDL KA 6.58% 2030,Others,IN1920200053,True
7292,NSE_EQ|IN2120200117,658MP35,SG,NSE,SDL MP 6.58% 2035,Others,IN2120200117,True
7010,NSE_EQ|IN2920200119,658RJ30,SG,NSE,SDL RJ 6.58% 2030,Others,IN2920200119,True
7485,NSE_EQ|IN3120250326,658TN29,SG,NSE,SDL TN 6.58% 2029,Others,IN3120250326,True
4383,NSE_EQ|IN3320200188,658UP30,SG,NSE,SDL UP 6.58% 2030,Others,IN3320200188,True
3646,NSE_EQ|IN3520210045,659CG28,SG,NSE,SDL CG 6.59% 2028,Others,IN3520210045,True
8552,NSE_EQ|IN1620200122,659HR30,SG,NSE,SDL HR 6.59% 2030,Others,IN1620200122,True
3141,NSE_EQ|INE134E08NU7,659PFCL30,N0,NSE,PFCL 6.59% 2030 SR 251B,Others,INE134E08NU7,True
7015,NSE_EQ|IN2920200168,659RJ30,SG,NSE,SDL RJ 6.59% 2030,Others,IN2920200168,True
7148,NSE_EQ|IN2920200499,659RJ30A,SG,NSE,SDL RJ 6.59% 2030,Others,IN2920200499,True
7131,NSE_EQ|IN2920200564,659RJ31,SG,NSE,SDL RJ 6.59% 2031,Others,IN2920200564,True
4391,NSE_EQ|IN3320200162,659UP30,SG,NSE,SDL UP 6.59% 2030,Others,IN3320200162,True
5238,NSE_EQ|IN1020200227,65AP30,SG,NSE,SDL AP 6.5% 2030,Others,IN1020200227,True
5250,NSE_EQ|IN1020200276,65AP38,SG,NSE,SDL AP 6.5% 2038,Others,IN1020200276,True
7546,NSE_EQ|IN1420200090,65GA30,SG,NSE,SDL GA 6.5% 2030,Others,IN1420200090,True
7535,NSE_EQ|IN1420200108,65GA30A,SG,NSE,SDL GA 6.5% 2030,Others,IN1420200108,True
9182,NSE_EQ|IN1520200206,65GJ30,SG,NSE,SDL GJ 6.5% 2030,Others,IN1520200206,True
9184,NSE_EQ|IN1520200214,65GJ30A,SG,NSE,SDL GJ 6.5% 2030,Others,IN1520200214,True
2638,NSE_EQ|IN1920200152,65KA30,SG,NSE,SDL KA 6.5% 2030,Others,IN1920200152,True
6080,NSE_EQ|IN1920200434,65KA30A,SG,NSE,SDL KA 6.5% 2030,Others,IN1920200434,True
6433,NSE_EQ|IN2020200084,65KL27,SG,NSE,SDL KL 6.5% 2027,Others,IN2020200084,True
4640,NSE_EQ|IN2620200054,65NL30,SG,NSE,SDL NL 6.5% 2030,Others,IN2620200054,True
7075,NSE_EQ|IN2920200325,65RJ30,SG,NSE,SDL RJ 6.5% 2030,Others,IN2920200325,True
7091,NSE_EQ|IN2920200291,65RJ50,SG,NSE,SDL RJ 6.5% 2050,Others,IN2920200291,True
3112,NSE_EQ|IN3120200255,65TN30,SG,NSE,SDL TN 6.5% 2030,Others,IN3120200255,True
4431,NSE_EQ|IN3320200055,65UP30,SG,NSE,SDL UP 6.5% 2030,Others,IN3320200055,True
4711,NSE_EQ|IN3420200039,65WB30,SG,NSE,SDL WB 6.5% 2030,Others,IN3420200039,True
5247,NSE_EQ|IN1020200292,660AP39,SG,NSE,SDL AP 6.60% 2039,Others,IN1020200292,True
5279,NSE_EQ|IN1020200300,660AP40,SG,NSE,SDL AP 6.60% 2040,Others,IN1020200300,True
8582,NSE_EQ|INE020B08FZ9,660RECL27,N0,NSE,REC 6.60% 2027 SR 250A,Others,INE020B08FZ9,True
7711,NSE_EQ|IN3120250060,660TN35,SG,NSE,SDL TN 6.60% 2035,Others,IN3120250060,True
9348,NSE_EQ|IN4520200101,660TS30,SG,NSE,SDL TS 6.60% 2030,Others,IN4520200101,True
8155,NSE_EQ|IN1020250115,661AP34,SG,NSE,SDL AP 6.61% 2034,Others,IN1020250115,True
4543,NSE_EQ|IN1520250011,661GJ32,SG,NSE,SDL GJ 6.61% 2032,Others,IN1520250011,True
6023,NSE_EQ|IN1920200319,661KA30,SG,NSE,SDL KA 6.61% 2030,Others,IN1920200319,True
6135,NSE_EQ|IN1920200582,661KA33,SG,NSE,SDL KA 6.61% 2033,Others,IN1920200582,True
5976,NSE_EQ|IN1920200202,661KA35,SG,NSE,SDL KA 6.61% 2035,Others,IN1920200202,True
7284,NSE_EQ|IN2120200141,661MP35,SG,NSE,SDL MP 6.61% 2035,Others,IN2120200141,True
7320,NSE_EQ|IN2120200232,661MP37,SG,NSE,SDL MP 6.61% 2037,Others,IN2120200232,True
3145,NSE_EQ|INE134E08NS1,661PFCL28,N0,NSE,PFCL 6.61% 2028 SR 250A,Others,INE134E08NS1,True
7145,NSE_EQ|IN2920200473,661RJ30,SG,NSE,SDL RJ 6.61% 2030,Others,IN2920200473,True
7132,NSE_EQ|IN2920200572,661RJ31,SG,NSE,SDL RJ 6.61% 2031,Others,IN2920200572,True
7115,NSE_EQ|IN2920200598,661RJ31A,SG,NSE,SDL RJ 6.61% 2031,Others,IN2920200598,True
9241,NSE_EQ|IN4520200317,661TS51,SG,NSE,SDL TS 6.61% 2051,Others,IN4520200317,True
4356,NSE_EQ|IN3320200238,661UP31,SG,NSE,SDL UP 6.61% 2031,Others,IN3320200238,True
4749,NSE_EQ|IN3420200211,661WB36,SG,NSE,SDL WB 6.61% 2036,Others,IN3420200211,True
4371,NSE_EQ|IN1220200175,662AS30,SG,NSE,SDL AS 6.62% 2030,Others,IN1220200175,True
3649,NSE_EQ|IN3520210052,662CG28,SG,NSE,SDL CG 6.62% 2028,Others,IN3520210052,True
7562,NSE_EQ|IN1420200256,662GA31,SG,NSE,SDL GA 6.62% 2031,Others,IN1420200256,True
8721,NSE_EQ|IN0020160092,662GS2051,GS,NSE,GOI LOAN 6.62% 2051,Others,IN0020160092,True
8549,NSE_EQ|IN1620200130,662HR41,SG,NSE,SDL HR 6.62% 2041,Others,IN1620200130,True
6640,NSE_EQ|IN3720200028,662JH30,SG,NSE,SDL JH 6.62% 2030,Others,IN3720200028,True
5069,NSE_EQ|IN4920200040,662JK30,SG,NSE,SDL JK 6.62% 2030,Others,IN4920200040,True
6026,NSE_EQ|IN1920200343,662KA32,SG,NSE,SDL KA 6.62% 2032,Others,IN1920200343,True
6142,NSE_EQ|IN1920200541,662KA32A,SG,NSE,SDL KA 6.62% 2032,Others,IN1920200541,True
4647,NSE_EQ|IN2620200062,662NL30,SG,NSE,SDL NL 6.62% 2030,Others,IN2620200062,True
5588,NSE_EQ|IN3820210034,662PY28,SG,NSE,SDL PY 6.62% 2028,Others,IN3820210034,True
7123,NSE_EQ|IN2920200507,662RJ30,SG,NSE,SDL RJ 6.62% 2030,Others,IN2920200507,True
6777,NSE_EQ|IN2920200606,662RJ41,SG,NSE,SDL RJ 6.62% 2041,Others,IN2920200606,True
9237,NSE_EQ|IN4520200309,662TS41,SG,NSE,SDL TS 6.62% 2041,Others,IN4520200309,True
7023,NSE_EQ|IN3620200052,662UK30,SG,NSE,SDL UK 6.62% 2030,Others,IN3620200052,True
4354,NSE_EQ|IN3320200212,662UP30,SG,NSE,SDL UP 6.62% 2030,Others,IN3320200212,True
4345,NSE_EQ|IN3320200253,662UP31,SG,NSE,SDL UP 6.62% 2031,Others,IN3320200253,True
4706,NSE_EQ|IN3420200088,662WB35,SG,NSE,SDL WB 6.62% 2035,Others,IN3420200088,True
5174,NSE_EQ|IN1020200540,663AP37,SG,NSE,SDL AP 6.63% 2037,Others,IN1020200540,True
3388,NSE_EQ|IN1220250048,663AS35,SG,NSE,SDL AS 6.63% 2035,Others,IN1220250048,True
4768,NSE_EQ|IN1420250038,663GA35,SG,NSE,SDL GA 6.63% 2035,Others,IN1420250038,True
9210,NSE_EQ|IN1520200149,663GJ29,SG,NSE,SDL GJ 6.63% 2029,Others,IN1520200149,True
4076,NSE_EQ|IN1720200139,663HP31,SG,NSE,SDL HP 6.63% 2031,Others,IN1720200139,True
4075,NSE_EQ|IN1720200147,663HP33,SG,NSE,SDL HP 6.63% 2033,Others,IN1720200147,True
6104,NSE_EQ|IN1620210121,663HR28,SG,NSE,SDL HR 6.63% 2028,Others,IN1620210121,True
2642,NSE_EQ|IN1920200178,663KA30,SG,NSE,SDL KA 6.63% 2030,Others,IN1920200178,True
6149,NSE_EQ|IN1920200525,663KA34,SG,NSE,SDL KA 6.63% 2034,Others,IN1920200525,True
6434,NSE_EQ|IN2020200092,663KL30,SG,NSE,SDL KL 6.63% 2030,Others,IN2020200092,True
8990,NSE_EQ|IN2220200264,663MH30,SG,NSE,SDL MH 6.63% 2030,Others,IN2220200264,True
3711,NSE_EQ|IN2420200106,663ML31,SG,NSE,SDL ML 6.63% 2031,Others,IN2420200106,True
8935,NSE_EQ|IN2320200073,663MN31,SG,NSE,SDL MN 6.63% 2031,Others,IN2320200073,True
6665,NSE_EQ|IN2820200185,663PN51,SG,NSE,SDL PN 6.63% 2051,Others,IN2820200185,True
3091,NSE_EQ|IN3120200321,663TN35,SG,NSE,SDL TN 6.63% 2035,Others,IN3120200321,True
3127,NSE_EQ|IN3120200206,663TN55,SG,NSE,SDL TN 6.63% 2055,Others,IN3120200206,True
4388,NSE_EQ|IN3320200139,663UP30,SG,NSE,SDL UP 6.63% 2030,Others,IN3320200139,True
4748,NSE_EQ|IN3420200229,663WB31,SG,NSE,SDL WB 6.63% 2031,Others,IN3420200229,True
4723,NSE_EQ|IN3420200195,663WB41,SG,NSE,SDL WB 6.63% 2041,Others,IN3420200195,True
5182,NSE_EQ|IN1020200524,664AP39,SG,NSE,SDL AP 6.64% 2039,Others,IN1020200524,True
4376,NSE_EQ|IN1220200167,664AS30,SG,NSE,SDL AS 6.64% 2030,Others,IN1220200167,True
4538,NSE_EQ|IN1520250052,664GJ36,SG,NSE,SDL GJ 6.64% 2036,Others,IN1520250052,True
3772,NSE_EQ|IN0020240167,664GS2027,GS,NSE,GOI LOAN   6.64% 2027,Others,IN0020240167,True
5053,NSE_EQ|IN0020210020,664GS2035,GS,NSE,GOI LOAN  6.64% 2035,Others,IN0020210020,True
6296,NSE_EQ|IN1620250051,664HR36,SG,NSE,SDL HR 6.64% 2036,Others,IN1620250051,True
5176,NSE_EQ|IN4920200131,664JK36,SG,NSE,SDL JK 6.64% 2036,Others,IN4920200131,True
2635,NSE_EQ|IN1920200160,664KA32,SG,NSE,SDL KA 6.64% 2032,Others,IN1920200160,True
6609,NSE_EQ|IN2420250028,664ML35,SG,NSE,SDL ML 6.64% 2035,Others,IN2420250028,True
7297,NSE_EQ|IN2120200091,664MP30,SG,NSE,SDL MP 6.64% 2030,Others,IN2120200091,True
2791,NSE_EQ|IN2520200089,664MZ32,SG,NSE,SDL MZ 6.64% 2032,Others,IN2520200089,True
3144,NSE_EQ|INE134E08NR3,664PFCL30,N0,NSE,PFCL 6.64% 2030 SR 250B,Others,INE134E08NR3,True
8120,NSE_EQ|IN3820200050,664PY32,SG,NSE,SDL PY 6.64% 2032,Others,IN3820200050,True
7060,NSE_EQ|IN2920200341,664RJ30,SG,NSE,SDL RJ 6.64% 2030,Others,IN2920200341,True
2552,NSE_EQ|IN2920250072,664RJ35,SG,NSE,SDL RJ 6.64% 2035,Others,IN2920250072,True
8339,NSE_EQ|IN3020200041,664SK31,SG,NSE,SDL SK 6.64% 2031,Others,IN3020200041,True
7372,NSE_EQ|IN3120250797,664TN29,SG,NSE,SDL TN 6.64% 2029,Others,IN3120250797,True
9351,NSE_EQ|IN4520200119,664TS50,SG,NSE,SDL TS 6.64% 2050,Others,IN4520200119,True
9296,NSE_EQ|IN4520200283,664TS51,SG,NSE,SDL TS 6.64% 2051,Others,IN4520200283,True
4434,NSE_EQ|IN3320200089,664UP30,SG,NSE,SDL UP 6.64% 2030,Others,IN3320200089,True
4344,NSE_EQ|IN3320200261,664UP31,SG,NSE,SDL UP 6.64% 2031,Others,IN3320200261,True
8163,NSE_EQ|IN1020250164,665AP33,SG,NSE,SDL AP 6.65% 2033,Others,IN1020250164,True
8164,NSE_EQ|IN1020250172,665AP34,SG,NSE,SDL AP 6.65% 2034,Others,IN1020250172,True
5223,NSE_EQ|IN1020200508,665AP36,SG,NSE,SDL AP 6.65% 2036,Others,IN1020200508,True
5179,NSE_EQ|IN1020200516,665AP40,SG,NSE,SDL AP 6.65% 2040,Others,IN1020200516,True
5170,NSE_EQ|IN1020200532,665AP41,SG,NSE,SDL AP 6.65% 2041,Others,IN1020200532,True
4775,NSE_EQ|IN1420250012,665GA35,SG,NSE,SDL GA 6.65% 2035,Others,IN1420250012,True
9207,NSE_EQ|IN1520200123,665GJ30,SG,NSE,SDL GJ 6.65% 2030,Others,IN1520200123,True
4537,NSE_EQ|IN1520250060,665GJ37,SG,NSE,SDL GJ 6.65% 2037,Others,IN1520250060,True
6705,NSE_EQ|IN1720250027,665HP32,SG,NSE,SDL HP 6.65% 2032,Others,IN1720250027,True
2605,NSE_EQ|INE053F08502,665IRFC30,N0,NSE,IRFCL 6.65% 2030 SR 190,Others,INE053F08502,True
5171,NSE_EQ|IN4920200123,665JK30,SG,NSE,SDL JK 6.65% 2030,Others,IN4920200123,True
6002,NSE_EQ|IN1920200236,665KA30,SG,NSE,SDL KA 6.65% 2030,Others,IN1920200236,True
6141,NSE_EQ|IN1920200509,665KA35,SG,NSE,SDL KA 6.65% 2035,Others,IN1920200509,True
3731,NSE_EQ|IN2420200056,665ML30,SG,NSE,SDL ML 6.65% 2030,Others,IN2420200056,True
5396,NSE_EQ|IN2820200086,665PN50,SG,NSE,SDL PN 6.65% 2050,Others,IN2820200086,True
6651,NSE_EQ|IN2820200177,665PN50A,SG,NSE,SDL PN 6.65% 2050,Others,IN2820200177,True
2735,NSE_EQ|IN3220200049,665TR35,SG,NSE,SDL TR 6.65% 2035,Others,IN3220200049,True
9287,NSE_EQ|IN4520200275,665TS40,SG,NSE,SDL TS 6.65% 2040,Others,IN4520200275,True
8203,NSE_EQ|IN3420210020,665WB28,SG,NSE,SDL WB 6.65% 2028,Others,IN3420210020,True
4710,NSE_EQ|IN3420200047,665WB30,SG,NSE,SDL WB 6.65% 2030,Others,IN3420200047,True
6636,NSE_EQ|IN3720200044,666JH34,SG,NSE,SDL JH 6.66% 2034,Others,IN3720200044,True
6079,NSE_EQ|IN1920200442,666KA32,SG,NSE,SDL KA 6.66% 2032,Others,IN1920200442,True
6885,NSE_EQ|INE261F08EP4,666NBRD28,N0,NSE,NABARD 6.66% 2028 SR 26A,Others,INE261F08EP4,True
2598,NSE_EQ|IN2920250262,666RJ29,SG,NSE,SDL RJ 6.66% 2029,Others,IN2920250262,True
5473,NSE_EQ|INE556F08KZ3,666SIDBI28,N0,NSE,SIDBI28 6.66% 2028 SR I,Others,INE556F08KZ3,True
7263,NSE_EQ|IN3120210254,666TN29,SG,NSE,SDL TN 6.66% 2029,Others,IN3120210254,True
3113,NSE_EQ|IN3120200289,666TN30,SG,NSE,SDL TN 6.66% 2030,Others,IN3120200289,True
7687,NSE_EQ|IN3120250110,666TN35,SG,NSE,SDL TN 6.66% 2035,Others,IN3120250110,True
8151,NSE_EQ|IN1020250065,667AP32,SG,NSE,SDL AP 6.67% 2032,Others,IN1020250065,True
5014,NSE_EQ|IN0020210152,667GS2035,GS,NSE,GOI LOAN  6.67% 2035,Others,IN0020210152,True
8449,NSE_EQ|IN0020200252,667GS2050,GS,NSE,GOI LOAN  6.67% 2050,Others,IN0020200252,True
8861,NSE_EQ|IN2220200157,667MH31,SG,NSE,SDL MH 6.67% 2031,Others,IN2220200157,True
8951,NSE_EQ|IN2220200330,667MH32,SG,NSE,SDL MH 6.67% 2032,Others,IN2220200330,True
9433,NSE_EQ|INE0KUG08092,667NBFID30,N0,NSE,NABF 6.67% 2030 SR 3,Others,INE0KUG08092,True
7063,NSE_EQ|IN2920200374,667RJ30,SG,NSE,SDL RJ 6.67% 2030,Others,IN2920200374,True
7080,NSE_EQ|IN2920200192,667RJ50,SG,NSE,SDL RJ 6.67% 2050,Others,IN2920200192,True
3108,NSE_EQ|IN3120200263,667TN50,SG,NSE,SDL TN 6.67% 2050,Others,IN3120200263,True
9285,NSE_EQ|IN4520200259,667TS50,SG,NSE,SDL TS 6.67% 2050,Others,IN4520200259,True
7070,NSE_EQ|IN3620200037,667UK30,SG,NSE,SDL UK 6.67% 2030,Others,IN3620200037,True
4436,NSE_EQ|IN3320200071,667UP30,SG,NSE,SDL UP 6.67% 2030,Others,IN3320200071,True
9318,NSE_EQ|IN3320250019,667UP32,SG,NSE,SDL UP 6.67% 2032,Others,IN3320250019,True
5148,NSE_EQ|IN1020200482,668AP33,SG,NSE,SDL AP 6.68% 2033,Others,IN1020200482,True
5285,NSE_EQ|IN1020200334,668AP35,SG,NSE,SDL AP 6.68% 2035,Others,IN1020200334,True
5140,NSE_EQ|IN1020200490,668AP35A,SG,NSE,SDL AP 6.68% 2035,Others,IN1020200490,True
8165,NSE_EQ|IN1020250180,668AP35B,SG,NSE,SDL AP 6.68% 2035,Others,IN1020250180,True
5288,NSE_EQ|IN1020200342,668AP39,SG,NSE,SDL AP 6.68% 2039,Others,IN1020200342,True
7524,NSE_EQ|IN1420200116,668GA30,SG,NSE,SDL GA 6.68% 2030,Others,IN1420200116,True
4542,NSE_EQ|IN1520250029,668GJ33,SG,NSE,SDL GJ 6.68% 2033,Others,IN1520250029,True
5355,NSE_EQ|IN0020170042,668GS2031,GS,NSE,GOI LOAN 6.68% 2031,Others,IN0020170042,True
7582,NSE_EQ|IN0020250133,668GS2033,GS,NSE,GOI LOAN  6.68% 2033,Others,IN0020250133,True
7589,NSE_EQ|IN0020250042,668GS2040,GS,NSE,GOI LOAN  6.68% 2040,Others,IN0020250042,True
6294,NSE_EQ|IN1620250069,668HR38,SG,NSE,SDL HR 6.68% 2038,Others,IN1620250069,True
8752,NSE_EQ|IN1620200080,668HR39,SG,NSE,SDL HR 6.68% 2039,Others,IN1620200080,True
6635,NSE_EQ|IN3720200036,668JH32,SG,NSE,SDL JH 6.68% 2032,Others,IN3720200036,True
6095,NSE_EQ|IN1920200483,668KA36,SG,NSE,SDL KA 6.68% 2036,Others,IN1920200483,True
2794,NSE_EQ|IN2520200071,668MZ31,SG,NSE,SDL MZ 6.68% 2031,Others,IN2520200071,True
2549,NSE_EQ|IN2920250080,668RJ35,SG,NSE,SDL RJ 6.68% 2035,Others,IN2920250080,True
3138,NSE_EQ|IN3120200180,668TN55,SG,NSE,SDL TN 6.68% 2055,Others,IN3120200180,True
4424,NSE_EQ|IN3320200097,668UP30,SG,NSE,SDL UP 6.68% 2030,Others,IN3320200097,True
4705,NSE_EQ|IN3420200096,668WB30,SG,NSE,SDL WB 6.68% 2030,Others,IN3420200096,True
4725,NSE_EQ|IN3420200179,668WB35,SG,NSE,SDL WB 6.68% 2035,Others,IN3420200179,True
4541,NSE_EQ|IN1520250037,669GJ34,SG,NSE,SDL GJ 6.69% 2034,Others,IN1520250037,True
4539,NSE_EQ|IN1520250045,669GJ35,SG,NSE,SDL GJ 6.69% 2035,Others,IN1520250045,True
6085,NSE_EQ|IN1920200467,669KA37,SG,NSE,SDL KA 6.69% 2037,Others,IN1920200467,True
7300,NSE_EQ|IN2120200075,669MP30,SG,NSE,SDL MP 6.69% 2030,Others,IN2120200075,True
6656,NSE_EQ|IN2820200128,669PN30,SG,NSE,SDL PN 6.69% 2030,Others,IN2820200128,True
3095,NSE_EQ|IN3120200297,669TN30,SG,NSE,SDL TN 6.69% 2030,Others,IN3120200297,True
3164,NSE_EQ|IN3120200131,669TN50,SG,NSE,SDL TN 6.69% 2050,Others,IN3120200131,True
9286,NSE_EQ|IN4520200267,669TS40,SG,NSE,SDL TS 6.69% 2040,Others,IN4520200267,True
9341,NSE_EQ|IN4520200143,669TS50,SG,NSE,SDL TS 6.69% 2050,Others,IN4520200143,True
4442,NSE_EQ|IN3320200048,669UP30,SG,NSE,SDL UP 6.69% 2030,Others,IN3320200048,True
4379,NSE_EQ|IN1220200142,66AS30,SG,NSE,SDL AS 6.6% 2030,Others,IN1220200142,True
4373,NSE_EQ|IN1220200183,66AS30A,SG,NSE,SDL AS 6.6% 2030,Others,IN1220200183,True
7394,NSE_EQ|IN1420200058,66GA30,SG,NSE,SDL GA 6.6% 2030,Others,IN1420200058,True
7523,NSE_EQ|IN1420200124,66GA30A,SG,NSE,SDL GA 6.6% 2030,Others,IN1420200124,True
8773,NSE_EQ|IN1520200032,66GJ29,SG,NSE,SDL GJ 6.6% 2029,Others,IN1520200032,True
3902,NSE_EQ|IN1720200105,66HP30,SG,NSE,SDL HP 6.6% 2030,Others,IN1720200105,True
6137,NSE_EQ|IN1920200574,66KA37,SG,NSE,SDL KA 6.6% 2037,Others,IN1920200574,True
8875,NSE_EQ|IN2220200074,66MH31,SG,NSE,SDL MH 6.6% 2031,Others,IN2220200074,True
3724,NSE_EQ|IN2420200072,66ML30,SG,NSE,SDL ML 6.6% 2030,Others,IN2420200072,True
3726,NSE_EQ|IN2420200080,66ML30A,SG,NSE,SDL ML 6.6% 2030,Others,IN2420200080,True
8937,NSE_EQ|IN2320200065,66MN30,SG,NSE,SDL MN 6.6% 2030,Others,IN2320200065,True
2912,NSE_EQ|IN2520200022,66MZ30,SG,NSE,SDL MZ 6.6% 2030,Others,IN2520200022,True
6655,NSE_EQ|IN2820200151,66PN30,SG,NSE,SDL PN 6.6% 2030,Others,IN2820200151,True
7062,NSE_EQ|IN2920200366,66RJ30,SG,NSE,SDL RJ 6.6% 2030,Others,IN2920200366,True
7162,NSE_EQ|IN2920200432,66RJ30A,SG,NSE,SDL RJ 6.6% 2030,Others,IN2920200432,True
7124,NSE_EQ|IN2920200515,66RJ30B,SG,NSE,SDL RJ 6.6% 2030,Others,IN2920200515,True
7128,NSE_EQ|IN2920200549,66RJ30C,SG,NSE,SDL RJ 6.6% 2030,Others,IN2920200549,True
8340,NSE_EQ|IN3020200033,66SK30,SG,NSE,SDL SK 6.6% 2030,Others,IN3020200033,True
3169,NSE_EQ|IN3120200156,66TN29,SG,NSE,SDL TN 6.6% 2029,Others,IN3120200156,True
3161,NSE_EQ|IN3120200115,66TN30,SG,NSE,SDL TN 6.6% 2030,Others,IN3120200115,True
7025,NSE_EQ|IN3620200078,66UK31,SG,NSE,SDL UK 6.6% 2031,Others,IN3620200078,True
4384,NSE_EQ|IN3320200170,66UP30,SG,NSE,SDL UP 6.6% 2030,Others,IN3320200170,True
4361,NSE_EQ|IN3320200204,66UP30A,SG,NSE,SDL UP 6.6% 2030,Others,IN3320200204,True
4352,NSE_EQ|IN3320200220,66UP31,SG,NSE,SDL UP 6.6% 2031,Others,IN3320200220,True
4724,NSE_EQ|IN3420200187,66WB30,SG,NSE,SDL WB 6.6% 2030,Others,IN3420200187,True
4530,NSE_EQ|IN1520250094,670GJ33,SG,NSE,SDL GJ 6.70% 2033,Others,IN1520250094,True
8584,NSE_EQ|INE020B08FY2,670RECL29,N0,NSE,REC 6.70% 2029 SR 249-B,Others,INE020B08FY2,True
7017,NSE_EQ|IN2920200176,670RJ50,SG,NSE,SDL RJ 6.70% 2050,Others,IN2920200176,True
3166,NSE_EQ|IN3120200164,670TN50,SG,NSE,SDL TN 6.70% 2050,Others,IN3120200164,True
8146,NSE_EQ|IN1020250081,671AP35,SG,NSE,SDL AP 6.71% 2035,Others,IN1020250081,True
6440,NSE_EQ|IN2320250029,671MN40,SG,NSE,SDL MN 6.71% 2040,Others,IN2320250029,True
7045,NSE_EQ|IN2920200044,671RJ30,SG,NSE,SDL RJ 6.71% 2030,Others,IN2920200044,True
7276,NSE_EQ|IN3120210239,671TN29,SG,NSE,SDL TN 6.71% 2029,Others,IN3120210239,True
7706,NSE_EQ|IN3120250011,671TN35,SG,NSE,SDL TN 6.71% 2035,Others,IN3120250011,True
7697,NSE_EQ|IN3120250045,671TN35A,SG,NSE,SDL TN 6.71% 2035,Others,IN3120250045,True
9283,NSE_EQ|IN4520200242,671TS40,SG,NSE,SDL TS 6.71% 2040,Others,IN4520200242,True
9343,NSE_EQ|IN4520200150,671TS50,SG,NSE,SDL TS 6.71% 2050,Others,IN4520200150,True
4726,NSE_EQ|IN3420200161,671WB40,SG,NSE,SDL WB 6.71% 2040,Others,IN3420200161,True
5394,NSE_EQ|IN1020200128,672AP28,SG,NSE,SDL AP 6.72% 2028,Others,IN1020200128,True
7395,NSE_EQ|IN1420200033,672GA30,SG,NSE,SDL GA 6.72% 2030,Others,IN1420200033,True
5737,NSE_EQ|IN1520210015,672GJ30,SG,NSE,SDL GJ 6.72% 2030,Others,IN1520210015,True
8555,NSE_EQ|IN1620200114,672HR35,SG,NSE,SDL HR 6.72% 2035,Others,IN1620200114,True
6084,NSE_EQ|IN1920200426,672KA33,SG,NSE,SDL KA 6.72% 2033,Others,IN1920200426,True
6375,NSE_EQ|IN2020200290,672KL27,SG,NSE,SDL KL 6.72% 2027,Others,IN2020200290,True
4282,NSE_EQ|IN2220250020,672MH38,SG,NSE,SDL MH 6.72% 2038,Others,IN2220250020,True
4280,NSE_EQ|IN2220250046,672MH40,SG,NSE,SDL MH 6.72% 2040,Others,IN2220250046,True
5403,NSE_EQ|IN2820200060,672PN30,SG,NSE,SDL PN 6.72% 2030,Others,IN2820200060,True
7064,NSE_EQ|IN2920200382,672RJ30,SG,NSE,SDL RJ 6.72% 2030,Others,IN2920200382,True
3089,NSE_EQ|IN3120200305,672TN27,SG,NSE,SDL TN 6.72% 2027,Others,IN3120200305,True
8544,NSE_EQ|IN3220250028,672TR40,SG,NSE,SDL TR 6.72% 2040,Others,IN3220250028,True
9439,NSE_EQ|INE094A08176,673HPCL30,N0,NSE,HPCL 6.73% 2030 SR I,Others,INE094A08176,True
6392,NSE_EQ|IN2020200134,673KL28,SG,NSE,SDL KL 6.73% 2028,Others,IN2020200134,True
7299,NSE_EQ|IN2120200083,673MP30,SG,NSE,SDL MP 6.73% 2030,Others,IN2120200083,True
3151,NSE_EQ|INE134E08NW3,673PFCL27,N0,NSE,PFCL 6.73% 2027 SR 253,Others,INE134E08NW3,True
6649,NSE_EQ|IN2820200169,673PN40,SG,NSE,SDL PN 6.73% 2040,Others,IN2820200169,True
2550,NSE_EQ|IN2920250098,673RJ35,SG,NSE,SDL RJ 6.73% 2035,Others,IN2920250098,True
8342,NSE_EQ|IN3020200025,673SK30,SG,NSE,SDL SK 6.73% 2030,Others,IN3020200025,True
3033,NSE_EQ|IN3120200065,673TN30,SG,NSE,SDL TN 6.73% 2030,Others,IN3120200065,True
3093,NSE_EQ|IN3120200313,673TN40,SG,NSE,SDL TN 6.73% 2040,Others,IN3120200313,True
9292,NSE_EQ|IN4520200226,673TS50,SG,NSE,SDL TS 6.73% 2050,Others,IN4520200226,True
8159,NSE_EQ|IN1020250107,674AP37,SG,NSE,SDL AP 6.74% 2037,Others,IN1020250107,True
7522,NSE_EQ|IN1420200132,674GA30,SG,NSE,SDL GA 6.74% 2030,Others,IN1420200132,True
4649,NSE_EQ|IN2220250285,674MH29,SG,NSE,SDL MH 6.74% 2029,Others,IN2220250285,True
5498,NSE_EQ|INE556F08LA4,674SIDBI29,N0,NSE,SIDBI 6.74% 2029 SR II,Others,INE556F08LA4,True
3159,NSE_EQ|IN3120200123,674TN50,SG,NSE,SDL TN 6.74% 2050,Others,IN3120200123,True
9293,NSE_EQ|IN4520200234,674TS50,SG,NSE,SDL TS 6.74% 2050,Others,IN4520200234,True
4399,NSE_EQ|IN3620250016,674UK35,SG,NSE,SDL UK 6.74% 2035,Others,IN3620250016,True
4401,NSE_EQ|IN3620250024,674UK35A,SG,NSE,SDL UK 6.74% 2035,Others,IN3620250024,True
4395,NSE_EQ|IN3320200105,674UP30,SG,NSE,SDL UP 6.74% 2030,Others,IN3320200105,True
3402,NSE_EQ|IN1220250014,675AS40,SG,NSE,SDL AS 6.75% 2040,Others,IN1220250014,True
2658,NSE_EQ|IN1320210033,675BR27,SG,NSE,SDL BR 6.75% 2027,Others,IN1320210033,True
8223,NSE_EQ|IN1520240186,675GJ27,SG,NSE,SDL GJ 6.75% 2027,Others,IN1520240186,True
5678,NSE_EQ|IN1520210122,675GJ29,SG,NSE,SDL GJ 6.75% 2029,Others,IN1520210122,True
5735,NSE_EQ|IN1520210023,675GJ31,SG,NSE,SDL GJ 6.75% 2031,Others,IN1520210023,True
3762,NSE_EQ|IN0020240183,675GS2029,GS,NSE,GOI LOAN   6.75% 2029,Others,IN0020240183,True
6729,NSE_EQ|IN1720250118,675HP29,SG,NSE,SDL HP 6.75% 2029,Others,IN1720250118,True
6293,NSE_EQ|IN1620250028,675HR38,SG,NSE,SDL HR 6.75% 2038,Others,IN1620250028,True
6000,NSE_EQ|IN1920200244,675KA33,SG,NSE,SDL KA 6.75% 2033,Others,IN1920200244,True
6032,NSE_EQ|IN1920200327,675KA33A,SG,NSE,SDL KA 6.75% 2033,Others,IN1920200327,True
6091,NSE_EQ|IN1920200400,675KA34,SG,NSE,SDL KA 6.75% 2034,Others,IN1920200400,True
6055,NSE_EQ|IN1920200384,675KA35,SG,NSE,SDL KA 6.75% 2035,Others,IN1920200384,True
4281,NSE_EQ|IN2220250038,675MH39,SG,NSE,SDL MH 6.75% 2039,Others,IN2220250038,True
4285,NSE_EQ|IN2220250087,675MH40,SG,NSE,SDL MH 6.75% 2040,Others,IN2220250087,True
7143,NSE_EQ|IN2920200465,675RJ30,SG,NSE,SDL RJ 6.75% 2030,Others,IN2920200465,True
2601,NSE_EQ|IN2920250270,675RJ30A,SG,NSE,SDL RJ 6.75% 2030,Others,IN2920250270,True
3220,NSE_EQ|IN2920210027,675RJ31,SG,NSE,SDL RJ 6.75% 2031,Others,IN2920210027,True
8547,NSE_EQ|IN3220250010,675TR40,SG,NSE,SDL TR 6.75% 2040,Others,IN3220250010,True
3396,NSE_EQ|IN1220250071,676AS32,SG,NSE,SDL AS 6.76% 2032,Others,IN1220250071,True
8468,NSE_EQ|IN0020200401,676GS2061,GS,NSE,GOI LOAN  6.76% 2061,Others,IN0020200401,True
7898,NSE_EQ|IN4920250011,676JK31,SG,NSE,SDL JK 6.76% 2031,Others,IN4920250011,True
4239,NSE_EQ|IN2220250012,676MH37,SG,NSE,SDL MH 6.76% 2037,Others,IN2220250012,True
7280,NSE_EQ|IN2120200166,676MP33,SG,NSE,SDL MP 6.76% 2033,Others,IN2120200166,True
7312,NSE_EQ|IN2120200208,676MP40,SG,NSE,SDL MP 6.76% 2040,Others,IN2120200208,True
6658,NSE_EQ|IN2820200136,676PN40,SG,NSE,SDL PN 6.76% 2040,Others,IN2820200136,True
3226,NSE_EQ|IN2920210092,676RJ31,SG,NSE,SDL RJ 6.76% 2031,Others,IN2920210092,True
7310,NSE_EQ|IN3120210197,676TN31,SG,NSE,SDL TN 6.76% 2031,Others,IN3120210197,True
8112,NSE_EQ|IN1020250255,677AP31,SG,NSE,SDL AP 6.77% 2031,Others,IN1020250255,True
5137,NSE_EQ|IN1020200441,677AP38,SG,NSE,SDL AP 6.77% 2038,Others,IN1020200441,True
5290,NSE_EQ|IN1020200318,677AP40,SG,NSE,SDL AP 6.77% 2040,Others,IN1020200318,True
3389,NSE_EQ|IN1220250030,677AS40,SG,NSE,SDL AS 6.77% 2040,Others,IN1220250030,True
2664,NSE_EQ|IN1320210058,677BR28,SG,NSE,SDL BR 6.77% 2028,Others,IN1320210058,True
6292,NSE_EQ|IN1620250036,677HR39,SG,NSE,SDL HR 6.77% 2039,Others,IN1620250036,True
2640,NSE_EQ|IN1920200186,677KA33,SG,NSE,SDL KA 6.77% 2033,Others,IN1920200186,True
6004,NSE_EQ|IN1920200228,677KA34,SG,NSE,SDL KA 6.77% 2034,Others,IN1920200228,True
3054,NSE_EQ|IN2020250055,677KL37,SG,NSE,SDL KL 6.77% 2037,Others,IN2020250055,True
4592,NSE_EQ|IN2220250467,677MH30,SG,NSE,SDL MH 6.77% 2030,Others,IN2220250467,True
4279,NSE_EQ|IN2220250053,677MH37,SG,NSE,SDL MH 6.77% 2037,Others,IN2220250053,True
4287,NSE_EQ|IN2220250061,677MH38,SG,NSE,SDL MH 6.77% 2038,Others,IN2220250061,True
4540,NSE_EQ|IN2120250013,677MP37,SG,NSE,SDL MP 6.77% 2037,Others,IN2120250013,True
4506,NSE_EQ|IN2120250021,677MP39,SG,NSE,SDL MP 6.77% 2039,Others,IN2120250021,True
3734,NSE_EQ|IN2720250074,677OR29,SG,NSE,SDL OR 6.77% 2029,Others,IN2720250074,True
2784,NSE_EQ|IN2820250032,677PN43,SG,NSE,SDL PN 6.77% 2043,Others,IN2820250032,True
3225,NSE_EQ|IN2920210076,677RJ31,SG,NSE,SDL RJ 6.77% 2031,Others,IN2920210076,True
3258,NSE_EQ|IN2920210274,677RJ31A,SG,NSE,SDL RJ 6.77% 2031,Others,IN2920210274,True
3455,NSE_EQ|INE151A08356,677TCL28,N0,NSE,TCL 6.77% 2028,Others,INE151A08356,True
7594,NSE_EQ|IN3120250482,677TN29,SG,NSE,SDL TN 6.77% 2029,Others,IN3120250482,True
6615,NSE_EQ|IN3120210015,677TN31,SG,NSE,SDL TN 6.77% 2031,Others,IN3120210015,True
7712,NSE_EQ|IN3120250052,677TN40,SG,NSE,SDL TN 6.77% 2040,Others,IN3120250052,True
4732,NSE_EQ|IN3420200104,677WB40,SG,NSE,SDL WB 6.77% 2040,Others,IN3420200104,True
8142,NSE_EQ|IN1020250016,678AP33,SG,NSE,SDL AP 6.78% 2033,Others,IN1020250016,True
8157,NSE_EQ|IN1020250131,678AP37,SG,NSE,SDL AP 6.78% 2037,Others,IN1020250131,True
8707,NSE_EQ|IN1020210010,678AP38,SG,NSE,SDL AP 6.78% 2038,Others,IN1020210010,True
8706,NSE_EQ|IN1020210028,678AP39,SG,NSE,SDL AP 6.78% 2039,Others,IN1020210028,True
4112,NSE_EQ|IN1420210016,678GA31,SG,NSE,SDL GA 6.78% 2031,Others,IN1420210016,True
2565,NSE_EQ|INE053F08494,678IRFC30,N0,NSE,IRFCL 6.78% 2030 SR 189,Others,INE053F08494,True
8818,NSE_EQ|IN4920210015,678JK33,SG,NSE,SDL JK 6.78% 2033,Others,IN4920210015,True
6005,NSE_EQ|IN1920200269,678KA32,SG,NSE,SDL KA 6.78% 2032,Others,IN1920200269,True
2887,NSE_EQ|IN2020210018,678KL31,SG,NSE,SDL KL 6.78% 2031,Others,IN2020210018,True
3059,NSE_EQ|IN2020250022,678KL40,SG,NSE,SDL KL 6.78% 2040,Others,IN2020250022,True
3072,NSE_EQ|IN2020250014,678KL46,SG,NSE,SDL KL 6.78% 2046,Others,IN2020250014,True
5397,NSE_EQ|IN2220210073,678MH31,SG,NSE,SDL MH 6.78% 2031,Others,IN2220210073,True
8837,NSE_EQ|IN2220200199,678MH32,SG,NSE,SDL MH 6.78% 2032,Others,IN2220200199,True
4286,NSE_EQ|IN2220250079,678MH39,SG,NSE,SDL MH 6.78% 2039,Others,IN2220250079,True
5068,NSE_EQ|IN2320210015,678MN31,SG,NSE,SDL MN 6.78% 2031,Others,IN2320210015,True
7046,NSE_EQ|IN2920200051,678RJ30,SG,NSE,SDL RJ 6.78% 2030,Others,IN2920200051,True
3222,NSE_EQ|IN2920210035,678RJ31,SG,NSE,SDL RJ 6.78% 2031,Others,IN2920210035,True
3224,NSE_EQ|IN2920210050,678RJ31A,SG,NSE,SDL RJ 6.78% 2031,Others,IN2920210050,True
2546,NSE_EQ|IN2920250023,678RJ47,SG,NSE,SDL RJ 6.78% 2047,Others,IN2920250023,True
7231,NSE_EQ|IN3020210016,678SK31,SG,NSE,SDL SK 6.78% 2031,Others,IN3020210016,True
9364,NSE_EQ|IN4520200192,678TS50,SG,NSE,SDL TS 6.78% 2050,Others,IN4520200192,True
4727,NSE_EQ|IN3420200153,678WB35,SG,NSE,SDL WB 6.78% 2035,Others,IN3420200153,True
5131,NSE_EQ|IN1020200466,679AP34,SG,NSE,SDL AP 6.79% 2034,Others,IN1020200466,True
8143,NSE_EQ|IN1020250024,679AP34A,SG,NSE,SDL AP 6.79% 2034,Others,IN1020250024,True
8147,NSE_EQ|IN1020250099,679AP36,SG,NSE,SDL AP 6.79% 2036,Others,IN1020250099,True
3401,NSE_EQ|IN1220250022,679AS45,SG,NSE,SDL AS 6.79% 2045,Others,IN1220250022,True
5352,NSE_EQ|IN0020170026,679GS2027,GS,NSE,GOI LOAN 6.79% 2027,Others,IN0020170026,True
8756,NSE_EQ|IN0020160118,679GS2029,GS,NSE,GOI LOAN 6.79% 2029,Others,IN0020160118,True
3766,NSE_EQ|IN0020240191,679GS2031,GS,NSE,GOI LOAN   6.79% 2031,Others,IN0020240191,True
3756,NSE_EQ|IN0020240126,679GS2034,GS,NSE,GOI LOAN  6.79% 2034,Others,IN0020240126,True
3752,NSE_EQ|IN0020240159,679GS2034A,GS,NSE,GOI LOAN   6.79% 2034,Others,IN0020240159,True
6704,NSE_EQ|IN1720250035,679HP34,SG,NSE,SDL HP 6.79% 2034,Others,IN1720250035,True
6324,NSE_EQ|IN1620250374,679HR30,SG,NSE,SDL HR 6.79% 2030,Others,IN1620250374,True
6058,NSE_EQ|IN1620210022,679HR31,SG,NSE,SDL HR 6.79% 2031,Others,IN1620210022,True
5055,NSE_EQ|IN4920200032,679JK30,SG,NSE,SDL JK 6.79% 2030,Others,IN4920200032,True
7282,NSE_EQ|IN2120200158,679MP33,SG,NSE,SDL MP 6.79% 2033,Others,IN2120200158,True
7311,NSE_EQ|IN2120200216,679MP40,SG,NSE,SDL MP 6.79% 2040,Others,IN2120200216,True
6653,NSE_EQ|IN2820200144,679PN35,SG,NSE,SDL PN 6.79% 2035,Others,IN2820200144,True
2786,NSE_EQ|IN2820250040,679PN45,SG,NSE,SDL PN 6.79% 2045,Others,IN2820250040,True
7704,NSE_EQ|IN3120250029,679TN55,SG,NSE,SDL TN 6.79% 2055,Others,IN3120250029,True
6923,NSE_EQ|IN4520250049,679TS52,SG,NSE,SDL TS 6.79% 2052,Others,IN4520250049,True
6918,NSE_EQ|IN4520250064,679TS53,SG,NSE,SDL TS 6.79% 2053,Others,IN4520250064,True
6928,NSE_EQ|IN4520250056,679TS56,SG,NSE,SDL TS 6.79% 2056,Others,IN4520250056,True
8205,NSE_EQ|IN3420210046,679WB28,SG,NSE,SDL WB 6.79% 2028,Others,IN3420210046,True
8211,NSE_EQ|IN3420210095,679WB28A,SG,NSE,SDL WB 6.79% 2028,Others,IN3420210095,True
4417,NSE_EQ|IN1220200290,67AS27,SG,NSE,SDL AS 6.7% 2027,Others,IN1220200290,True
9203,NSE_EQ|IN1520200156,67GJ30,SG,NSE,SDL GJ 6.7% 2030,Others,IN1520200156,True
8751,NSE_EQ|IN1620200098,67HR30,SG,NSE,SDL HR 6.7% 2030,Others,IN1620200098,True
6291,NSE_EQ|IN1620250044,67HR39,SG,NSE,SDL HR 6.7% 2039,Others,IN1620250044,True
5075,NSE_EQ|IN4920200073,67JK30,SG,NSE,SDL JK 6.7% 2030,Others,IN4920200073,True
5192,NSE_EQ|IN4920200115,67JK32,SG,NSE,SDL JK 6.7% 2032,Others,IN4920200115,True
6007,NSE_EQ|IN1920200251,67KA30,SG,NSE,SDL KA 6.7% 2030,Others,IN1920200251,True
6427,NSE_EQ|IN2020200050,67KL27,SG,NSE,SDL KL 6.7% 2027,Others,IN2020200050,True
8838,NSE_EQ|IN2220200181,67MH28,SG,NSE,SDL MH 6.7% 2028,Others,IN2220200181,True
3727,NSE_EQ|IN2420200031,67ML30,SG,NSE,SDL ML 6.7% 2030,Others,IN2420200031,True
4636,NSE_EQ|IN2620200039,67NL30,SG,NSE,SDL NL 6.7% 2030,Others,IN2620200039,True
5407,NSE_EQ|IN2820200078,67PN30,SG,NSE,SDL PN 6.7% 2030,Others,IN2820200078,True
6659,NSE_EQ|IN2820200102,67PN40,SG,NSE,SDL PN 6.7% 2040,Others,IN2820200102,True
2545,NSE_EQ|IN2920250015,67RJ35,SG,NSE,SDL RJ 6.7% 2035,Others,IN2920250015,True
2738,NSE_EQ|IN3220200015,67TR30,SG,NSE,SDL TR 6.7% 2030,Others,IN3220200015,True
8115,NSE_EQ|IN1020250214,680AP35,SG,NSE,SDL AP 6.80% 2035,Others,IN1020250214,True
4492,NSE_EQ|IN1520250102,680GJ34,SG,NSE,SDL GJ 6.80% 2034,Others,IN1520250102,True
3548,NSE_EQ|INE557F08GE4,680NHB32,N0,NSE,NHB 6.80% 2032,Others,INE557F08GE4,True
2537,NSE_EQ|IN2920250114,680RJ35,SG,NSE,SDL RJ 6.80% 2035,Others,IN2920250114,True
7673,NSE_EQ|IN3120250151,680TN35,SG,NSE,SDL TN 6.80% 2035,Others,IN3120250151,True
6288,NSE_EQ|IN1620250010,681HR39,SG,NSE,SDL HR 6.81% 2039,Others,IN1620250010,True
2884,NSE_EQ|IN2020210042,681KL31,SG,NSE,SDL KL 6.81% 2031,Others,IN2020210042,True
8999,NSE_EQ|IN2220200215,681MH28,SG,NSE,SDL MH 6.81% 2028,Others,IN2220200215,True
5402,NSE_EQ|IN2220210099,681MH31,SG,NSE,SDL MH 6.81% 2031,Others,IN2220210099,True
2930,NSE_EQ|IN2820210010,681PN31,SG,NSE,SDL PN 6.81% 2031,Others,IN2820210010,True
8606,NSE_EQ|INE020B08FV8,681RL36,N0,NSE,REC 6.81% 2036 SR 248B,Others,INE020B08FV8,True
2736,NSE_EQ|IN3220200031,681TR35,SG,NSE,SDL TR 6.81% 2035,Others,IN3220200031,True
8156,NSE_EQ|IN1020250123,682AP36,SG,NSE,SDL AP 6.82% 2036,Others,IN1020250123,True
2657,NSE_EQ|IN1320210041,682BR28,SG,NSE,SDL BR 6.82% 2028,Others,IN1320210041,True
3648,NSE_EQ|IN3520210029,682CG28,SG,NSE,SDL CG 6.82% 2028,Others,IN3520210029,True
7811,NSE_EQ|IN1520240046,682GJ27,SG,NSE,SDL GJ 6.82% 2027,Others,IN1520240046,True
6645,NSE_EQ|IN3720200085,682JH34,SG,NSE,SDL JH 6.82% 2034,Others,IN3720200085,True
6368,NSE_EQ|IN2020200316,682KL32,SG,NSE,SDL KL 6.82% 2032,Others,IN2020200316,True
6369,NSE_EQ|IN2020200324,682KL35,SG,NSE,SDL KL 6.82% 2035,Others,IN2020200324,True
5420,NSE_EQ|IN2220210016,682MH32,SG,NSE,SDL MH 6.82% 2032,Others,IN2220210016,True
7181,NSE_EQ|IN2420210014,682ML31,SG,NSE,SDL ML 6.82% 2031,Others,IN2420210014,True
6688,NSE_EQ|IN2820200243,682PN36,SG,NSE,SDL PN 6.82% 2036,Others,IN2820200243,True
3223,NSE_EQ|IN2920210043,682RJ31,SG,NSE,SDL RJ 6.82% 2031,Others,IN2920210043,True
7672,NSE_EQ|IN3120250169,682TN35,SG,NSE,SDL TN 6.82% 2035,Others,IN3120250169,True
7676,NSE_EQ|IN3120250136,682TN36,SG,NSE,SDL TN 6.82% 2036,Others,IN3120250136,True
8145,NSE_EQ|IN1020250073,683AP34,SG,NSE,SDL AP 6.83% 2034,Others,IN1020250073,True
2606,NSE_EQ|IN1320210116,683BR30,SG,NSE,SDL BR 6.83% 2030,Others,IN1320210116,True
4022,NSE_EQ|IN1420210115,683GA31,SG,NSE,SDL GA 6.83% 2031,Others,IN1420210115,True
9202,NSE_EQ|IN1520200164,683GJ30,SG,NSE,SDL GJ 6.83% 2030,Others,IN1520200164,True
6833,NSE_EQ|IN0020080050,683GS2039,GS,NSE,GOI 6.83% 2039,Others,IN0020080050,True
7897,NSE_EQ|IN4920250029,683JK42,SG,NSE,SDL JK 6.83% 2042,Others,IN4920250029,True
9281,NSE_EQ|IN1920210128,683KA31,SG,NSE,SDL KA 6.83% 2031,Others,IN1920210128,True
9282,NSE_EQ|IN1920210136,683KA31A,SG,NSE,SDL KA 6.83% 2031,Others,IN1920210136,True
9299,NSE_EQ|IN1920210151,683KA31B,SG,NSE,SDL KA 6.83% 2031,Others,IN1920210151,True
4690,NSE_EQ|IN2220250525,683MH30,SG,NSE,SDL MH 6.83% 2030,Others,IN2220250525,True
5356,NSE_EQ|IN2220210131,683MH31,SG,NSE,SDL MH 6.83% 2031,Others,IN2220210131,True
5392,NSE_EQ|IN2220210057,683MH32,SG,NSE,SDL MH 6.83% 2032,Others,IN2220210057,True
5409,NSE_EQ|IN2220210081,683MH32A,SG,NSE,SDL MH 6.83% 2032,Others,IN2220210081,True
5357,NSE_EQ|IN2220210123,683MH32B,SG,NSE,SDL MH 6.83% 2032,Others,IN2220210123,True
6447,NSE_EQ|IN2320250011,683MN40,SG,NSE,SDL MN 6.83% 2040,Others,IN2320250011,True
6611,NSE_EQ|IN3120210098,683TN31,SG,NSE,SDL TN 6.83% 2031,Others,IN3120210098,True
7262,NSE_EQ|IN3120210262,683TN31A,SG,NSE,SDL TN 6.83% 2031,Others,IN3120210262,True
8206,NSE_EQ|IN3420210053,683WB28,SG,NSE,SDL WB 6.83% 2028,Others,IN3420210053,True
4741,NSE_EQ|IN3420200294,683WB31,SG,NSE,SDL WB 6.83% 2031,Others,IN3420200294,True
8202,NSE_EQ|IN3420210012,683WB31A,SG,NSE,SDL WB 6.83% 2031,Others,IN3420210012,True
8148,NSE_EQ|IN1020250032,684AP37,SG,NSE,SDL AP 6.84% 2037,Others,IN1020250032,True
8158,NSE_EQ|IN1020250149,684AP38,SG,NSE,SDL AP 6.84% 2038,Others,IN1020250149,True
8162,NSE_EQ|IN1020250156,684AP39,SG,NSE,SDL AP 6.84% 2039,Others,IN1020250156,True
9155,NSE_EQ|IN1120210019,684AR31,SG,NSE,SDL AR 6.84% 2031,Others,IN1120210019,True
2603,NSE_EQ|IN1320210124,684BR30,SG,NSE,SDL BR 6.84% 2030,Others,IN1320210124,True
7473,NSE_EQ|IN1420200306,684GA31,SG,NSE,SDL GA 6.84% 2031,Others,IN1420200306,True
9206,NSE_EQ|IN1520200172,684GJ30,SG,NSE,SDL GJ 6.84% 2030,Others,IN1520200172,True
9146,NSE_EQ|IN1520200305,684GJ31,SG,NSE,SDL GJ 6.84% 2031,Others,IN1520200305,True
5694,NSE_EQ|IN1520210106,684GJ31A,SG,NSE,SDL GJ 6.84% 2031,Others,IN1520210106,True
4485,NSE_EQ|IN1520250177,684GJ31B,SG,NSE,SDL GJ 6.84% 2031,Others,IN1520250177,True
6700,NSE_EQ|IN1720250019,684HP35,SG,NSE,SDL HP 6.84% 2035,Others,IN1720250019,True
6057,NSE_EQ|IN1620210030,684HR32,SG,NSE,SDL HR 6.84% 2032,Others,IN1620210030,True
5222,NSE_EQ|IN4920200164,684JK31,SG,NSE,SDL JK 6.84% 2031,Others,IN4920200164,True
7857,NSE_EQ|IN4920250094,684JK31A,SG,NSE,SDL JK 6.84% 2031,Others,IN4920250094,True
7892,NSE_EQ|IN4920250045,684JK42,SG,NSE,SDL JK 6.84% 2042,Others,IN4920250045,True
2851,NSE_EQ|IN2020190228,684KL30,SG,NSE,SDL KL 6.84% 2030,Others,IN2020190228,True
2882,NSE_EQ|IN2020210026,684KL33,SG,NSE,SDL KL 6.84% 2033,Others,IN2020210026,True
3057,NSE_EQ|IN2020250030,684KL47,SG,NSE,SDL KL 6.84% 2047,Others,IN2020250030,True
5387,NSE_EQ|IN2220210032,684MH32,SG,NSE,SDL MH 6.84% 2032,Others,IN2220210032,True
2796,NSE_EQ|IN2520200063,684MZ34,SG,NSE,SDL MZ 6.84% 2034,Others,IN2520200063,True
2933,NSE_EQ|IN2820210085,684PN31,SG,NSE,SDL PN 6.84% 2031,Others,IN2820210085,True
3484,NSE_EQ|IN2920190443,684RJ30,SG,NSE,SDL RJ 6.84% 2030,Others,IN2920190443,True
3200,NSE_EQ|IN2920210100,684RJ31,SG,NSE,SDL RJ 6.84% 2031,Others,IN2920210100,True
3192,NSE_EQ|IN2920210159,684RJ31A,SG,NSE,SDL RJ 6.84% 2031,Others,IN2920210159,True
3233,NSE_EQ|IN2920210399,684RJ31B,SG,NSE,SDL RJ 6.84% 2031,Others,IN2920210399,True
7513,NSE_EQ|IN3120250227,684TN29,SG,NSE,SDL TN 6.84% 2029,Others,IN3120250227,True
9355,NSE_EQ|IN4520200168,684TS40,SG,NSE,SDL TS 6.84% 2040,Others,IN4520200168,True
6932,NSE_EQ|IN4520250031,684TS56,SG,NSE,SDL TS 6.84% 2056,Others,IN4520250031,True
7026,NSE_EQ|IN3620200086,684UK31,SG,NSE,SDL UK 6.84% 2031,Others,IN3620200086,True
7801,NSE_EQ|IN3320210112,684UP31,SG,NSE,SDL UP 6.84% 2031,Others,IN3320210112,True
5295,NSE_EQ|IN1020200359,685AP36,SG,NSE,SDL AP 6.85% 2036,Others,IN1020200359,True
8150,NSE_EQ|IN1020250057,685AP41,SG,NSE,SDL AP 6.85% 2041,Others,IN1020250057,True
5767,NSE_EQ|IN1120200044,685AR31,SG,NSE,SDL AR 6.85% 2031,Others,IN1120200044,True
4168,NSE_EQ|IN1220210224,685AS29,SG,NSE,SDL AS 6.85% 2029,Others,IN1220210224,True
4459,NSE_EQ|IN1220200365,685AS31,SG,NSE,SDL AS 6.85% 2031,Others,IN1220200365,True
4095,NSE_EQ|IN1220210075,685AS31A,SG,NSE,SDL AS 6.85% 2031,Others,IN1220210075,True
2660,NSE_EQ|IN1320210066,685BR30,SG,NSE,SDL BR 6.85% 2030,Others,IN1320210066,True
7559,NSE_EQ|IN1420200264,685GA31,SG,NSE,SDL GA 6.85% 2031,Others,IN1420200264,True
7567,NSE_EQ|IN1420200298,685GA31A,SG,NSE,SDL GA 6.85% 2031,Others,IN1420200298,True
4014,NSE_EQ|IN1420210107,685GA31B,SG,NSE,SDL GA 6.85% 2031,Others,IN1420210107,True
4018,NSE_EQ|IN1420210149,685GA31C,SG,NSE,SDL GA 6.85% 2031,Others,IN1420210149,True
5995,NSE_EQ|IN1920200277,685KA30,SG,NSE,SDL KA 6.85% 2030,Others,IN1920200277,True
3713,NSE_EQ|IN2420200130,685ML31,SG,NSE,SDL ML 6.85% 2031,Others,IN2420200130,True
4739,NSE_EQ|IN2120210033,685MP31,SG,NSE,SDL MP 6.85% 2031,Others,IN2120210033,True
6893,NSE_EQ|INE261F08EQ2,685NBRD29,N0,NSE,NABARD 6.85% 2029 SR 26B,Others,INE261F08EQ2,True
8032,NSE_EQ|IN2620210012,685NL31,SG,NSE,SDL NL 6.85% 2031,Others,IN2620210012,True
8036,NSE_EQ|IN2620210020,685NL31A,SG,NSE,SDL NL 6.85% 2031,Others,IN2620210020,True
3789,NSE_EQ|INE134E07DQ8,685PFCL31,N1,NSE,PFCL 6.85% 2031 SR I,Others,INE134E07DQ8,True
7154,NSE_EQ|IN2920200408,685RJ30,SG,NSE,SDL RJ 6.85% 2030,Others,IN2920200408,True
6791,NSE_EQ|IN2920200622,685RJ31,SG,NSE,SDL RJ 6.85% 2031,Others,IN2920200622,True
2547,NSE_EQ|IN2920250031,685RJ47,SG,NSE,SDL RJ 6.85% 2047,Others,IN2920250031,True
2543,NSE_EQ|IN2920250049,685RJ51,SG,NSE,SDL RJ 6.85% 2051,Others,IN2920250049,True
2968,NSE_EQ|IN3120200354,685TN51,SG,NSE,SDL TN 6.85% 2051,Others,IN3120200354,True
6880,NSE_EQ|IN4520250106,685TS50,SG,NSE,SDL TS 6.85% 2050,Others,IN4520250106,True
4713,NSE_EQ|IN3420200013,685WB30,SG,NSE,SDL WB 6.85% 2030,Others,IN3420200013,True
4712,NSE_EQ|IN3420200021,685WB30A,SG,NSE,SDL WB 6.85% 2030,Others,IN3420200021,True
8176,NSE_EQ|IN3420210129,685WB31,SG,NSE,SDL WB 6.85% 2031,Others,IN3420210129,True
8653,NSE_EQ|IN1020210275,686AP35,SG,NSE,SDL AP 6.86% 2035,Others,IN1020210275,True
3392,NSE_EQ|IN1220250063,686AS35,SG,NSE,SDL AS 6.86% 2035,Others,IN1220250063,True
7774,NSE_EQ|IN1720210039,686HP30,SG,NSE,SDL HP 6.86% 2030,Others,IN1720210039,True
6644,NSE_EQ|IN3720200077,686JH36,SG,NSE,SDL JH 6.86% 2036,Others,IN3720200077,True
5997,NSE_EQ|IN1920200293,686KA30,SG,NSE,SDL KA 6.86% 2030,Others,IN1920200293,True
2646,NSE_EQ|IN2020210141,686KL35,SG,NSE,SDL KL 6.86% 2035,Others,IN2020210141,True
5354,NSE_EQ|IN2220210107,686MH32,SG,NSE,SDL MH 6.86% 2032,Others,IN2220210107,True
9422,NSE_EQ|INE0KUG08100,686NBFID30,N0,NSE,NABF 6.86% 2030 TR 1,Others,INE0KUG08100,True
4789,NSE_EQ|INE848E08367,686NHPCL31,N0,NSE,NHPC 6.86% 2031 SR  A,Others,INE848E08367,True
4788,NSE_EQ|INE848E08359,686NHPCL32,N0,NSE,NHPC 6.86% 2032 SR  B,Others,INE848E08359,True
4869,NSE_EQ|INE848E08342,686NHPCL33,N0,NSE,NHPC 6.86% 2033 SR  C,Others,INE848E08342,True
4862,NSE_EQ|INE848E08284,686NHPCL34,N0,NSE,NHPC 6.86% 2034 SR  D,Others,INE848E08284,True
4863,NSE_EQ|INE848E08292,686NHPCL35,N0,NSE,NHPC 6.86% 2035 SR  E,Others,INE848E08292,True
4870,NSE_EQ|INE848E08300,686NHPCL36,N0,NSE,NHPC 6.86% 2036 SR  F,Others,INE848E08300,True
4866,NSE_EQ|INE848E08318,686NHPCL37,N0,NSE,NHPC 6.86% 2037 SR  G,Others,INE848E08318,True
4867,NSE_EQ|INE848E08326,686NHPCL38,N0,NSE,NHPC 6.86% 2038 SR  H,Others,INE848E08326,True
4868,NSE_EQ|INE848E08334,686NHPCL39,N0,NSE,NHPC 6.86% 2039 SR  I,Others,INE848E08334,True
4861,NSE_EQ|INE848E08276,686NHPCL40,N0,NSE,NHPC 6.86% 2040 SR  J,Others,INE848E08276,True
6690,NSE_EQ|IN2820200235,686PN33,SG,NSE,SDL PN 6.86% 2033,Others,IN2820200235,True
8122,NSE_EQ|IN3820200084,686PY34,SG,NSE,SDL PY 6.86% 2034,Others,IN3820200084,True
8592,NSE_EQ|INE020B08FT2,686REC35,N0,NSE,REC 6.86% 2035 SR 247 B,Others,INE020B08FT2,True
3260,NSE_EQ|IN2920210282,686RJ36,SG,NSE,SDL RJ 6.86% 2036,Others,IN2920210282,True
2551,NSE_EQ|IN2920250064,686RJ52,SG,NSE,SDL RJ 6.86% 2052,Others,IN2920250064,True
7538,NSE_EQ|IN3120250557,686TN29,SG,NSE,SDL TN 6.86% 2029,Others,IN3120250557,True
9247,NSE_EQ|IN4520200325,686TS41,SG,NSE,SDL TS 6.86% 2041,Others,IN4520200325,True
6876,NSE_EQ|IN4520250080,686TS46,SG,NSE,SDL TS 6.86% 2046,Others,IN4520250080,True
6878,NSE_EQ|IN4520250098,686TS47,SG,NSE,SDL TS 6.86% 2047,Others,IN4520250098,True
4444,NSE_EQ|IN3320200030,686UP30,SG,NSE,SDL UP 6.86% 2030,Others,IN3320200030,True
9314,NSE_EQ|IN3320250035,686UP33,SG,NSE,SDL UP 6.86% 2033,Others,IN3320250035,True
8110,NSE_EQ|IN1020250230,687AP33,SG,NSE,SDL AP 6.87% 2033,Others,IN1020250230,True
5127,NSE_EQ|IN1020200425,687AP35,SG,NSE,SDL AP 6.87% 2035,Others,IN1020200425,True
5184,NSE_EQ|IN1020200573,687AP37,SG,NSE,SDL AP 6.87% 2037,Others,IN1020200573,True
5296,NSE_EQ|IN1020200367,687AP38,SG,NSE,SDL AP 6.87% 2038,Others,IN1020200367,True
8650,NSE_EQ|IN1020210283,687AP40,SG,NSE,SDL AP 6.87% 2040,Others,IN1020210283,True
4097,NSE_EQ|IN1220210067,687AS31,SG,NSE,SDL AS 6.87% 2031,Others,IN1220210067,True
4144,NSE_EQ|IN1220210166,687AS31A,SG,NSE,SDL AS 6.87% 2031,Others,IN1220210166,True
2669,NSE_EQ|IN1320210074,687BR30,SG,NSE,SDL BR 6.87% 2030,Others,IN1320210074,True
2597,NSE_EQ|IN1320210108,687BR30A,SG,NSE,SDL BR 6.87% 2030,Others,IN1320210108,True
8190,NSE_EQ|IN1520240285,687GJ28,SG,NSE,SDL GJ 6.87% 2028,Others,IN1520240285,True
8189,NSE_EQ|IN1520240293,687GJ28A,SG,NSE,SDL GJ 6.87% 2028,Others,IN1520240293,True
6109,NSE_EQ|IN1620210105,687HR31,SG,NSE,SDL HR 6.87% 2031,Others,IN1620210105,True
5312,NSE_EQ|IN3720210019,687JH31,SG,NSE,SDL JH 6.87% 2031,Others,IN3720210019,True
9290,NSE_EQ|IN1920210102,687KA31,SG,NSE,SDL KA 6.87% 2031,Others,IN1920210102,True
8983,NSE_EQ|IN2220200223,687MH30,SG,NSE,SDL MH 6.87% 2030,Others,IN2220200223,True
5389,NSE_EQ|IN2220210024,687MH33,SG,NSE,SDL MH 6.87% 2033,Others,IN2220210024,True
5398,NSE_EQ|IN2220210065,687MH33A,SG,NSE,SDL MH 6.87% 2033,Others,IN2220210065,True
5058,NSE_EQ|IN2320210049,687MN31,SG,NSE,SDL MN 6.87% 2031,Others,IN2320210049,True
8608,NSE_EQ|INE020B08FU0,687REC30,N0,NSE,REC 6.87% 2030 SR 247 A,Others,INE020B08FU0,True
3257,NSE_EQ|IN2920210266,687RJ31,SG,NSE,SDL RJ 6.87% 2031,Others,IN2920210266,True
7229,NSE_EQ|IN3020210032,687SK31,SG,NSE,SDL SK 6.87% 2031,Others,IN3020210032,True
4087,NSE_EQ|IN3120240749,687TN28,SG,NSE,SDL TN 6.87% 2028,Others,IN3120240749,True
6935,NSE_EQ|IN4520250015,687TS47,SG,NSE,SDL TS 6.87% 2047,Others,IN4520250015,True
6930,NSE_EQ|IN4520250023,687TS55,SG,NSE,SDL TS 6.87% 2055,Others,IN4520250023,True
7804,NSE_EQ|IN3320210104,687UP31,SG,NSE,SDL UP 6.87% 2031,Others,IN3320210104,True
8738,NSE_EQ|IN1020190535,688AP34,SG,NSE,SDL AP 6.88% 2034,Others,IN1020190535,True
8111,NSE_EQ|IN1020250248,688AP34A,SG,NSE,SDL AP 6.88% 2034,Others,IN1020250248,True
8737,NSE_EQ|IN1020190543,688AP35,SG,NSE,SDL AP 6.88% 2035,Others,IN1020190543,True
8149,NSE_EQ|IN1020250040,688AP40,SG,NSE,SDL AP 6.88% 2040,Others,IN1020250040,True
3545,NSE_EQ|IN1320250013,688BR35,SG,NSE,SDL BR 6.88% 2035,Others,IN1320250013,True
4107,NSE_EQ|IN1420210099,688GA31,SG,NSE,SDL GA 6.88% 2031,Others,IN1420210099,True
5728,NSE_EQ|IN1520210031,688GJ31,SG,NSE,SDL GJ 6.88% 2031,Others,IN1520210031,True
9246,NSE_EQ|IN1920210011,688KA31,SG,NSE,SDL KA 6.88% 2031,Others,IN1920210011,True
9284,NSE_EQ|IN1920210144,688KA32,SG,NSE,SDL KA 6.88% 2032,Others,IN1920210144,True
5395,NSE_EQ|IN2220210040,688MH33,SG,NSE,SDL MH 6.88% 2033,Others,IN2220210040,True
6610,NSE_EQ|IN2420250010,688ML35,SG,NSE,SDL ML 6.88% 2035,Others,IN2420250010,True
8933,NSE_EQ|IN2320200081,688MN31,SG,NSE,SDL MN 6.88% 2031,Others,IN2320200081,True
4505,NSE_EQ|IN2120250039,688MP41,SG,NSE,SDL MP 6.88% 2041,Others,IN2120250039,True
2780,NSE_EQ|IN2820250016,688PN45,SG,NSE,SDL PN 6.88% 2045,Others,IN2820250016,True
2788,NSE_EQ|IN2820250057,688PN45A,SG,NSE,SDL PN 6.88% 2045,Others,IN2820250057,True
2781,NSE_EQ|IN2820250024,688PN46,SG,NSE,SDL PN 6.88% 2046,Others,IN2820250024,True
4518,NSE_EQ|IN3820190079,688PY31,SG,NSE,SDL PY 6.88% 2031,Others,IN3820190079,True
6792,NSE_EQ|IN2920200630,688RJ46,SG,NSE,SDL RJ 6.88% 2046,Others,IN2920200630,True
3476,NSE_EQ|IN3620190121,688UK30,SG,NSE,SDL UK 6.88% 2030,Others,IN3620190121,True
4349,NSE_EQ|IN3320200279,688UP31,SG,NSE,SDL UP 6.88% 2031,Others,IN3320200279,True
7827,NSE_EQ|IN3320210013,688UP31A,SG,NSE,SDL UP 6.88% 2031,Others,IN3320210013,True
4728,NSE_EQ|IN3420200146,688WB40,SG,NSE,SDL WB 6.88% 2040,Others,IN3420200146,True
5191,NSE_EQ|IN1020200565,689AP35,SG,NSE,SDL AP 6.89% 2035,Others,IN1020200565,True
6255,NSE_EQ|IN1320200141,689BR28,SG,NSE,SDL BR 6.89% 2028,Others,IN1320200141,True
7521,NSE_EQ|IN1420200140,689GA30,SG,NSE,SDL GA 6.89% 2030,Others,IN1420200140,True
4106,NSE_EQ|IN1420210032,689GA31,SG,NSE,SDL GA 6.89% 2031,Others,IN1420210032,True
4021,NSE_EQ|IN1420210123,689GA31A,SG,NSE,SDL GA 6.89% 2031,Others,IN1420210123,True
4766,NSE_EQ|IN1420250046,689GA35,SG,NSE,SDL GA 6.89% 2035,Others,IN1420250046,True
5681,NSE_EQ|IN1520210114,689GJ31,SG,NSE,SDL GJ 6.89% 2031,Others,IN1520210114,True
9301,NSE_EQ|IN1920210169,689KA33,SG,NSE,SDL KA 6.89% 2033,Others,IN1920210169,True
3056,NSE_EQ|IN2020250048,689KL51,SG,NSE,SDL KL 6.89% 2051,Others,IN2020250048,True
5339,NSE_EQ|IN2220210156,689MH31,SG,NSE,SDL MH 6.89% 2031,Others,IN2220210156,True
5341,NSE_EQ|IN2220210149,689MH32,SG,NSE,SDL MH 6.89% 2032,Others,IN2220210149,True
3674,NSE_EQ|IN2120190177,689MP35,SG,NSE,SDL MP 6.89% 2035,Others,IN2120190177,True
7323,NSE_EQ|IN2120200190,689MP40,SG,NSE,SDL MP 6.89% 2040,Others,IN2120200190,True
8964,NSE_EQ|IN2620250042,689NL30,SG,NSE,SDL NL 6.89% 2030,Others,IN2620250042,True
3472,NSE_EQ|INE733E08288,689NTPC35,N0,NSE,NTPC 6.89% 2035 SR 84,Others,INE733E08288,True
4842,NSE_EQ|IN2720240059,689OR28A,SG,NSE,SDL OR 6.89% 2028,Others,IN2720240059,True
2942,NSE_EQ|IN2820210069,689PN31,SG,NSE,SDL PN 6.89% 2031,Others,IN2820210069,True
2790,NSE_EQ|IN2820250065,689PN46,SG,NSE,SDL PN 6.89% 2046,Others,IN2820250065,True
2544,NSE_EQ|IN2920250056,689RJ48,SG,NSE,SDL RJ 6.89% 2048,Others,IN2920250056,True
4123,NSE_EQ|IN3120240681,689TN28,SG,NSE,SDL TN 6.89% 2028,Others,IN3120240681,True
5845,NSE_EQ|IN4520210019,689TS51,SG,NSE,SDL TS 6.89% 2051,Others,IN4520210019,True
7819,NSE_EQ|IN3320210096,689UP31,SG,NSE,SDL UP 6.89% 2031,Others,IN3320210096,True
4747,NSE_EQ|IN3420200237,689WB41,SG,NSE,SDL WB 6.89% 2041,Others,IN3420200237,True
4322,NSE_EQ|IN1220200050,68AS30,SG,NSE,SDL AS 6.8% 2030,Others,IN1220200050,True
8404,NSE_EQ|IN0020200187,68GS2060,GS,NSE,GOI LOAN  6.8% 2060,Others,IN0020200187,True
5189,NSE_EQ|IN4920200107,68JK35,SG,NSE,SDL JK 6.8% 2035,Others,IN4920200107,True
6367,NSE_EQ|IN2020200308,68KL31,SG,NSE,SDL KL 6.8% 2031,Others,IN2020200308,True
5353,NSE_EQ|IN2220210115,68MH31,SG,NSE,SDL MH 6.8% 2031,Others,IN2220210115,True
8957,NSE_EQ|IN2320200024,68MN30,SG,NSE,SDL MN 6.8% 2030,Others,IN2320200024,True
8034,NSE_EQ|IN2620210046,68NL31,SG,NSE,SDL NL 6.8% 2031,Others,IN2620210046,True
5371,NSE_EQ|IN2820200052,68PN26,SG,NSE,SDL PN 6.8% 2026,Others,IN2820200052,True
3202,NSE_EQ|IN2920210126,68RJ31,SG,NSE,SDL RJ 6.8% 2031,Others,IN2920210126,True
7230,NSE_EQ|IN3020210024,68SK31,SG,NSE,SDL SK 6.8% 2031,Others,IN3020210024,True
9288,NSE_EQ|IN4520200200,68TS50,SG,NSE,SDL TS 6.8% 2050,Others,IN4520200200,True
9291,NSE_EQ|IN4520200218,68TS50A,SG,NSE,SDL TS 6.8% 2050,Others,IN4520200218,True
6921,NSE_EQ|IN4520250072,68TS57,SG,NSE,SDL TS 6.8% 2057,Others,IN4520250072,True
7020,NSE_EQ|IN3620200094,68UK31,SG,NSE,SDL UK 6.8% 2031,Others,IN3620200094,True
5417,NSE_EQ|IN1020200086,690AP27,SG,NSE,SDL AP 6.90% 2027,Others,IN1020200086,True
3544,NSE_EQ|IN1320250021,690BR35,SG,NSE,SDL BR 6.90% 2035,Others,IN1320250021,True
7483,NSE_EQ|IN0020250018,690GS2065,GS,NSE,GOI LOAN  6.90% 2065,Others,IN0020250018,True
3572,NSE_EQ|INE115A07RH4,690LICH27,N0,NSE,LICH 6.90% SR TR 456,Others,INE115A07RH4,True
3791,NSE_EQ|INE134E07DR6,690PFCL31,N2,NSE,PFCL 6.90% 2031 SR I,Others,INE134E07DR6,True
8004,NSE_EQ|IN3320190256,690UP30,SG,NSE,SDL UP 6.90% 2030,Others,IN3320190256,True
5125,NSE_EQ|IN1020200417,691AP39,SG,NSE,SDL AP 6.91% 2039,Others,IN1020200417,True
8710,NSE_EQ|IN1020210044,691AP40,SG,NSE,SDL AP 6.91% 2040,Others,IN1020210044,True
4298,NSE_EQ|IN1220200084,691AS30,SG,NSE,SDL AS 6.91% 2030,Others,IN1220200084,True
4094,NSE_EQ|IN1220210083,691AS31,SG,NSE,SDL AS 6.91% 2031,Others,IN1220210083,True
5726,NSE_EQ|IN1520210049,691GJ30,SG,NSE,SDL GJ 6.91% 2030,Others,IN1520210049,True
7776,NSE_EQ|IN1720210047,691HP31,SG,NSE,SDL HP 6.91% 2031,Others,IN1720210047,True
4838,NSE_EQ|IN2220210248,691MH33,SG,NSE,SDL MH 6.91% 2033,Others,IN2220210248,True
4834,NSE_EQ|IN2220210255,691MH34,SG,NSE,SDL MH 6.91% 2034,Others,IN2220210255,True
7324,NSE_EQ|IN2120200182,691MP40,SG,NSE,SDL MP 6.91% 2040,Others,IN2120200182,True
4642,NSE_EQ|IN2620200047,691NL30,SG,NSE,SDL NL 6.91% 2030,Others,IN2620200047,True
3198,NSE_EQ|IN2920210191,691RJ31,SG,NSE,SDL RJ 6.91% 2031,Others,IN2920210191,True
3269,NSE_EQ|IN2920210258,691RJ31A,SG,NSE,SDL RJ 6.91% 2031,Others,IN2920210258,True
3241,NSE_EQ|IN2920210324,691RJ31B,SG,NSE,SDL RJ 6.91% 2031,Others,IN2920210324,True
7385,NSE_EQ|IN3120250755,691TN31,SG,NSE,SDL TN 6.91% 2031,Others,IN3120250755,True
7464,NSE_EQ|IN3120250805,691TN31A,SG,NSE,SDL TN 6.91% 2031,Others,IN3120250805,True
8012,NSE_EQ|IN3320190223,691UP30,SG,NSE,SDL UP 6.91% 2030,Others,IN3320190223,True
4398,NSE_EQ|IN3320200121,691UP30A,SG,NSE,SDL UP 6.91% 2030,Others,IN3320200121,True
8183,NSE_EQ|IN3420210194,691WB31,SG,NSE,SDL WB 6.91% 2031,Others,IN3420210194,True
8564,NSE_EQ|IN1020210416,692AP41,SG,NSE,SDL AP 6.92% 2041,Others,IN1020210416,True
8768,NSE_EQ|INE0INX07015,692AVTL28,N0,NSE,AVTL 6.92% 2028,Others,INE0INX07015,True
2721,NSE_EQ|IN1320190227,692BR32,SG,NSE,SDL BR 6.92% 2032,Others,IN1320190227,True
3760,NSE_EQ|IN0020240134,692GS2039,GS,NSE,GOI LOAN   6.92% 2039,Others,IN0020240134,True
7772,NSE_EQ|IN1720210062,692HP33,SG,NSE,SDL HP 6.92% 2033,Others,IN1720210062,True
6703,NSE_EQ|IN1720250043,692HP45,SG,NSE,SDL HP 6.92% 2045,Others,IN1720250043,True
6047,NSE_EQ|IN1620210097,692HR30,SG,NSE,SDL HR 6.92% 2030,Others,IN1620210097,True
6061,NSE_EQ|IN1620210014,692HR36,SG,NSE,SDL HR 6.92% 2036,Others,IN1620210014,True
6052,NSE_EQ|IN1620210055,692HR36A,SG,NSE,SDL HR 6.92% 2036,Others,IN1620210055,True
9378,NSE_EQ|IN3720240016,692JH28,SG,NSE,SDL JH 6.92% 2028,Others,IN3720240016,True
4514,NSE_EQ|IN2120250047,692MP43,SG,NSE,SDL MP 6.92% 2043,Others,IN2120250047,True
8857,NSE_EQ|INE07Z507011,692OIT28,N0,NSE,OIT 6.92% 2028 TR A,Others,INE07Z507011,True
3168,NSE_EQ|INE134E08OA7,692PFCL28,N0,NSE,PFCL 6.92% 2028 SR 258A,Others,INE134E08OA7,True
8893,NSE_EQ|IN2820190139,692PN35,SG,NSE,SDL PN 6.92% 2035,Others,IN2820190139,True
7159,NSE_EQ|IN2920200424,692RJ30,SG,NSE,SDL RJ 6.92% 2030,Others,IN2920200424,True
3250,NSE_EQ|IN2920210373,692RJ31,SG,NSE,SDL RJ 6.92% 2031,Others,IN2920210373,True
4089,NSE_EQ|IN3120240756,692TN29,SG,NSE,SDL TN 6.92% 2029,Others,IN3120240756,True
7545,NSE_EQ|IN3120250573,692TN30,SG,NSE,SDL TN 6.92% 2030,Others,IN3120250573,True
7707,NSE_EQ|IN3120250086,692TN45,SG,NSE,SDL TN 6.92% 2045,Others,IN3120250086,True
7275,NSE_EQ|IN3120210247,692TN46,SG,NSE,SDL TN 6.92% 2046,Others,IN3120210247,True
6881,NSE_EQ|IN4520250114,692TS44,SG,NSE,SDL TS 6.92% 2044,Others,IN4520250114,True
6894,NSE_EQ|IN4520250122,692TS45,SG,NSE,SDL TS 6.92% 2045,Others,IN4520250122,True
7802,NSE_EQ|IN3320210120,692UP31,SG,NSE,SDL UP 6.92% 2031,Others,IN3320210120,True
3886,NSE_EQ|IN3420250018,692WB45,SG,NSE,SDL WB 6.92% 2045,Others,IN3420250018,True
8646,NSE_EQ|IN1020210291,693AP38,SG,NSE,SDL AP 6.93% 2038,Others,IN1020210291,True
9179,NSE_EQ|IN1520200263,693GJ31,SG,NSE,SDL GJ 6.93% 2031,Others,IN1520200263,True
5684,NSE_EQ|IN1520210148,693GJ31A,SG,NSE,SDL GJ 6.93% 2031,Others,IN1520210148,True
7763,NSE_EQ|IN1720210013,693HP31,SG,NSE,SDL HP 6.93% 2031,Others,IN1720210013,True
7769,NSE_EQ|IN1720210054,693HP32,SG,NSE,SDL HP 6.93% 2032,Others,IN1720210054,True
6638,NSE_EQ|IN3720200010,693JH30,SG,NSE,SDL JH 6.93% 2030,Others,IN3720200010,True
9255,NSE_EQ|IN1920210029,693KA32,SG,NSE,SDL KA 6.93% 2032,Others,IN1920210029,True
4803,NSE_EQ|IN2720240141,693OR28,SG,NSE,SDL OR 6.93% 2028,Others,IN2720240141,True
8318,NSE_EQ|IN3020200074,693SK31,SG,NSE,SDL SK 6.93% 2031,Others,IN3020200074,True
5832,NSE_EQ|IN4520210159,693TS37,SG,NSE,SDL TS 6.93% 2037,Others,IN4520210159,True
7797,NSE_EQ|IN3320210153,693UP31,SG,NSE,SDL UP 6.93% 2031,Others,IN3320210153,True
7798,NSE_EQ|IN3320210161,693UP31A,SG,NSE,SDL UP 6.93% 2031,Others,IN3320210161,True
8709,NSE_EQ|IN1020210051,694AP37,SG,NSE,SDL AP 6.94% 2037,Others,IN1020210051,True
8708,NSE_EQ|IN1020210069,694AP38,SG,NSE,SDL AP 6.94% 2038,Others,IN1020210069,True
8700,NSE_EQ|IN1020210309,694AP41,SG,NSE,SDL AP 6.94% 2041,Others,IN1020210309,True
4118,NSE_EQ|IN1220210125,694AS31,SG,NSE,SDL AS 6.94% 2031,Others,IN1220210125,True
7208,NSE_EQ|IN3520200137,694CG29,SG,NSE,SDL CG 6.94% 2029,Others,IN3520200137,True
3800,NSE_EQ|IN1420190184,694GA30,SG,NSE,SDL GA 6.94% 2030,Others,IN1420190184,True
4082,NSE_EQ|IN0020260025,694GS2036,GS,NSE,GOI LOAN  6.94% 2036,Others,IN0020260025,True
8826,NSE_EQ|IN4920210098,694JK36,SG,NSE,SDL JK 6.94% 2036,Others,IN4920210098,True
3053,NSE_EQ|IN2020250063,694KL62,SG,NSE,SDL KL 6.94% 2062,Others,IN2020250063,True
5342,NSE_EQ|IN2220210172,694MH31,SG,NSE,SDL MH 6.94% 2031,Others,IN2220210172,True
3681,NSE_EQ|IN2120190136,694MP35,SG,NSE,SDL MP 6.94% 2035,Others,IN2120190136,True
3140,NSE_EQ|INE752E08783,694PGCIL35,N0,NSE,PGC 6.94% 2035 SR LXXXI,Others,INE752E08783,True
3239,NSE_EQ|IN2920210308,694RJ33,SG,NSE,SDL RJ 6.94% 2033,Others,IN2920210308,True
2538,NSE_EQ|IN2920250122,694RJ35,SG,NSE,SDL RJ 6.94% 2035,Others,IN2920250122,True
6669,NSE_EQ|IN3120190266,694TN50,SG,NSE,SDL TN 6.94% 2050,Others,IN3120190266,True
7694,NSE_EQ|IN3120250094,694TN55,SG,NSE,SDL TN 6.94% 2055,Others,IN3120250094,True
9358,NSE_EQ|IN4520200176,694TS50,SG,NSE,SDL TS 6.94% 2050,Others,IN4520200176,True
9360,NSE_EQ|IN4520200184,694TS50A,SG,NSE,SDL TS 6.94% 2050,Others,IN4520200184,True
5945,NSE_EQ|IN4520190161,694TS60,SG,NSE,SDL TS 6.94% 2060,Others,IN4520190161,True
3708,NSE_EQ|IN3620210010,694UK31,SG,NSE,SDL UK 6.94% 2031,Others,IN3620210010,True
4348,NSE_EQ|IN3320200287,694UP31,SG,NSE,SDL UP 6.94% 2031,Others,IN3320200287,True
7828,NSE_EQ|IN3320210021,694UP31A,SG,NSE,SDL UP 6.94% 2031,Others,IN3320210021,True
8071,NSE_EQ|IN3420210202,694WB36,SG,NSE,SDL WB 6.94% 2036,Others,IN3420210202,True
7924,NSE_EQ|IN1220190228,695AS30,SG,NSE,SDL AS 6.95% 2030,Others,IN1220190228,True
2668,NSE_EQ|IN1320210082,695BR30,SG,NSE,SDL BR 6.95% 2030,Others,IN1320210082,True
5731,NSE_EQ|IN1520210056,695GJ31,SG,NSE,SDL GJ 6.95% 2031,Others,IN1520210056,True
4252,NSE_EQ|IN0020210202,695GS2061,GS,NSE,GOI LOAN  6.95% 2061,Others,IN0020210202,True
7572,NSE_EQ|IN1720190173,695HP29,SG,NSE,SDL HP 6.95% 2029,Others,IN1720190173,True
7577,NSE_EQ|IN1720190132,695HP33,SG,NSE,SDL HP 6.95% 2033,Others,IN1720190132,True
7576,NSE_EQ|IN1720190140,695HP34,SG,NSE,SDL HP 6.95% 2034,Others,IN1720190140,True
6054,NSE_EQ|IN1620210048,695HR33,SG,NSE,SDL HR 6.95% 2033,Others,IN1620210048,True
5334,NSE_EQ|IN1920240018,695KA28,SG,NSE,SDL KA 6.95% 2028,Others,IN1920240018,True
9253,NSE_EQ|IN1920210052,695KA31,SG,NSE,SDL KA 6.95% 2031,Others,IN1920210052,True
5345,NSE_EQ|IN2220210198,695MH31,SG,NSE,SDL MH 6.95% 2031,Others,IN2220210198,True
5343,NSE_EQ|IN2220210164,695MH32,SG,NSE,SDL MH 6.95% 2032,Others,IN2220210164,True
5321,NSE_EQ|IN2320190076,695MN30,SG,NSE,SDL MN 6.95% 2030,Others,IN2320190076,True
4644,NSE_EQ|IN2120250310,695MP30,SG,NSE,SDL MP 6.95% 2030,Others,IN2120250310,True
3736,NSE_EQ|IN2720250058,695OR31,SG,NSE,SDL OR 6.95% 2031,Others,IN2720250058,True
2950,NSE_EQ|IN2820210028,695PN31,SG,NSE,SDL PN 6.95% 2031,Others,IN2820210028,True
6660,NSE_EQ|IN2820200110,695PN40,SG,NSE,SDL PN 6.95% 2040,Others,IN2820200110,True
8573,NSE_EQ|INE020B08GB8,695RECL28,N0,NSE,REC 6.95% 2028 SR 251,Others,INE020B08GB8,True
6795,NSE_EQ|IN2920200655,695RJ31,SG,NSE,SDL RJ 6.95% 2031,Others,IN2920200655,True
4787,NSE_EQ|IN3020190044,695SK30,SG,NSE,SDL SK 6.95% 2030,Others,IN3020190044,True
2967,NSE_EQ|IN3120200362,695TN31,SG,NSE,SDL TN 6.95% 2031,Others,IN3120200362,True
6595,NSE_EQ|IN3120210106,695TN31A,SG,NSE,SDL TN 6.95% 2031,Others,IN3120210106,True
7306,NSE_EQ|IN3120210189,695TN31B,SG,NSE,SDL TN 6.95% 2031,Others,IN3120210189,True
8231,NSE_EQ|IN3420190206,695WB35,SG,NSE,SDL WB 6.95% 2035,Others,IN3420190206,True
8113,NSE_EQ|IN1020250263,696AP33,SG,NSE,SDL AP 6.96% 2033,Others,IN1020250263,True
8123,NSE_EQ|IN1020250271,696AP34,SG,NSE,SDL AP 6.96% 2034,Others,IN1020250271,True
8715,NSE_EQ|IN1020210077,696AP35,SG,NSE,SDL AP 6.96% 2035,Others,IN1020210077,True
8714,NSE_EQ|IN1020210085,696AP36,SG,NSE,SDL AP 6.96% 2036,Others,IN1020210085,True
4105,NSE_EQ|IN1420210040,696GA31,SG,NSE,SDL GA 6.96% 2031,Others,IN1420210040,True
6100,NSE_EQ|IN1620210147,696HR29,SG,NSE,SDL HR 6.96% 2029,Others,IN1620210147,True
5199,NSE_EQ|IN1620190174,696HR40,SG,NSE,SDL HR 6.96% 2040,Others,IN1620190174,True
9377,NSE_EQ|IN3720240024,696JH29,SG,NSE,SDL JH 6.96% 2029,Others,IN3720240024,True
5066,NSE_EQ|IN4920200081,696JK35,SG,NSE,SDL JK 6.96% 2035,Others,IN4920200081,True
5117,NSE_EQ|IN1920240315,696KA30,SG,NSE,SDL KA 6.96% 2030,Others,IN1920240315,True
9256,NSE_EQ|IN1920210037,696KA31,SG,NSE,SDL KA 6.96% 2031,Others,IN1920210037,True
9297,NSE_EQ|IN1920210177,696KA31A,SG,NSE,SDL KA 6.96% 2031,Others,IN1920210177,True
2881,NSE_EQ|IN2020210034,696KL34,SG,NSE,SDL KL 6.96% 2034,Others,IN2020210034,True
3165,NSE_EQ|INE134E08OC3,696PFCL28,N0,NSE,PFCL 6.96% 2028 SR 259A,Others,INE134E08OC3,True
5598,NSE_EQ|IN3820210059,696PY30,SG,NSE,SDL PY 6.96% 2030,Others,IN3820210059,True
3247,NSE_EQ|IN2920210357,696RJ31,SG,NSE,SDL RJ 6.96% 2031,Others,IN2920210357,True
6796,NSE_EQ|IN2920200663,696RJ41,SG,NSE,SDL RJ 6.96% 2041,Others,IN2920200663,True
4055,NSE_EQ|IN3120240400,696TN28,SG,NSE,SDL TN 6.96% 2028,Others,IN3120240400,True
7273,NSE_EQ|IN3120210221,696TN31,SG,NSE,SDL TN 6.96% 2031,Others,IN3120210221,True
6614,NSE_EQ|IN3120210023,696TN51,SG,NSE,SDL TN 6.96% 2051,Others,IN3120210023,True
6617,NSE_EQ|IN3120210031,696TN56,SG,NSE,SDL TN 6.96% 2056,Others,IN3120210031,True
5827,NSE_EQ|IN4520210191,696TS45,SG,NSE,SDL TS 6.96% 2045,Others,IN4520210191,True
5847,NSE_EQ|IN4520210027,696TS51,SG,NSE,SDL TS 6.96% 2051,Others,IN4520210027,True
7794,NSE_EQ|IN3320210179,696UP31,SG,NSE,SDL UP 6.96% 2031,Others,IN3320210179,True
4102,NSE_EQ|IN1220210034,697AS31,SG,NSE,SDL AS 6.97% 2031,Others,IN1220210034,True
4140,NSE_EQ|IN1220210174,697AS31A,SG,NSE,SDL AS 6.97% 2031,Others,IN1220210174,True
4108,NSE_EQ|IN1420210081,697GA31,SG,NSE,SDL GA 6.97% 2031,Others,IN1420210081,True
3806,NSE_EQ|IN0020240100,697GR2034,GS,NSE,GOI LOAN   6.97% 2034,Others,IN0020240100,True
8717,NSE_EQ|IN0020160035,697GS2026,GS,NSE,GOI LOAN 6.97% 2026,Others,IN0020160035,True
6279,NSE_EQ|IN1920190189,697KA28,SG,NSE,SDL KA 6.97% 2028,Others,IN1920190189,True
6271,NSE_EQ|IN1920190197,697KA30,SG,NSE,SDL KA 6.97% 2030,Others,IN1920190197,True
5994,NSE_EQ|IN1920200285,697KA31,SG,NSE,SDL KA 6.97% 2031,Others,IN1920200285,True
2870,NSE_EQ|IN2020210109,697KL31,SG,NSE,SDL KL 6.97% 2031,Others,IN2020210109,True
5484,NSE_EQ|IN2220190127,697MH28,SG,NSE,SDL MH 6.97% 2028,Others,IN2220190127,True
8037,NSE_EQ|IN2620210038,697NL31,SG,NSE,SDL NL 6.97% 2031,Others,IN2620210038,True
2947,NSE_EQ|IN2820210044,697PN31,SG,NSE,SDL PN 6.97% 2031,Others,IN2820210044,True
8876,NSE_EQ|IN2820190147,697PN40,SG,NSE,SDL PN 6.97% 2040,Others,IN2820190147,True
3489,NSE_EQ|IN2920190401,697RJ30,SG,NSE,SDL RJ 6.97% 2030,Others,IN2920190401,True
3266,NSE_EQ|IN2920210217,697RJ31,SG,NSE,SDL RJ 6.97% 2031,Others,IN2920210217,True
6797,NSE_EQ|IN2920200671,697RJ51,SG,NSE,SDL RJ 6.97% 2051,Others,IN2920200671,True
6742,NSE_EQ|IN2920200713,697RJ51A,SG,NSE,SDL RJ 6.97% 2051,Others,IN2920200713,True
4060,NSE_EQ|IN3120240434,697TN28,SG,NSE,SDL TN 6.97% 2028,Others,IN3120240434,True
6598,NSE_EQ|IN3120210122,697TN31,SG,NSE,SDL TN 6.97% 2031,Others,IN3120210122,True
7302,NSE_EQ|IN3120210148,697TN31A,SG,NSE,SDL TN 6.97% 2031,Others,IN3120210148,True
7308,NSE_EQ|IN3120210171,697TN31B,SG,NSE,SDL TN 6.97% 2031,Others,IN3120210171,True
7274,NSE_EQ|IN3120210213,697TN31C,SG,NSE,SDL TN 6.97% 2031,Others,IN3120210213,True
6619,NSE_EQ|IN3120210056,697TN46,SG,NSE,SDL TN 6.97% 2046,Others,IN3120210056,True
4396,NSE_EQ|IN3620250032,697UK35,SG,NSE,SDL UK 6.97% 2035,Others,IN3620250032,True
7820,NSE_EQ|IN3320210070,697UP31,SG,NSE,SDL UP 6.97% 2031,Others,IN3320210070,True
7799,NSE_EQ|IN3320210138,697UP31A,SG,NSE,SDL UP 6.97% 2031,Others,IN3320210138,True
4746,NSE_EQ|IN3420200245,697WB36,SG,NSE,SDL WB 6.97% 2036,Others,IN3420200245,True
8635,NSE_EQ|IN1020210267,698AP36,SG,NSE,SDL AP 6.98% 2036,Others,IN1020210267,True
4421,NSE_EQ|IN1220200266,698AS31,SG,NSE,SDL AS 6.98% 2031,Others,IN1220200266,True
4101,NSE_EQ|IN1220210042,698AS31A,SG,NSE,SDL AS 6.98% 2031,Others,IN1220210042,True
2675,NSE_EQ|IN1320210090,698BR30,SG,NSE,SDL BR 6.98% 2030,Others,IN1320210090,True
3999,NSE_EQ|IN1420210156,698GA31,SG,NSE,SDL GA 6.98% 2031,Others,IN1420210156,True
8193,NSE_EQ|IN1520240251,698GJ30,SG,NSE,SDL GJ 6.98% 2030,Others,IN1520240251,True
5720,NSE_EQ|IN1520210080,698GJ31,SG,NSE,SDL GJ 6.98% 2031,Others,IN1520210080,True
4469,NSE_EQ|IN1520250292,698GJ31A,SG,NSE,SDL GJ 6.98% 2031,Others,IN1520250292,True
4484,NSE_EQ|IN1520250185,698GJ32,SG,NSE,SDL GJ 6.98% 2032,Others,IN1520250185,True
3775,NSE_EQ|IN0020240175,698GR2054,GS,NSE,GOI LOAN   6.98% 2054,Others,IN0020240175,True
7765,NSE_EQ|IN1720210021,698HP32,SG,NSE,SDL HP 6.98% 2032,Others,IN1720210021,True
6049,NSE_EQ|IN1620210089,698HR31,SG,NSE,SDL HR 6.98% 2031,Others,IN1620210089,True
8545,NSE_EQ|IN1620200148,698HR41,SG,NSE,SDL HR 6.98% 2041,Others,IN1620200148,True
8816,NSE_EQ|IN4920210072,698JK36,SG,NSE,SDL JK 6.98% 2036,Others,IN4920210072,True
5483,NSE_EQ|IN2220190135,698MH28,SG,NSE,SDL MH 6.98% 2028,Others,IN2220190135,True
4284,NSE_EQ|IN2220250095,698MH37,SG,NSE,SDL MH 6.98% 2037,Others,IN2220250095,True
3680,NSE_EQ|IN2120190128,698MP30,SG,NSE,SDL MP 6.98% 2030,Others,IN2120190128,True
4804,NSE_EQ|IN2720240174,698OR29,SG,NSE,SDL OR 6.98% 2029,Others,IN2720240174,True
3739,NSE_EQ|IN2720250025,698OR37,SG,NSE,SDL OR 6.98% 2037,Others,IN2720250025,True
3142,NSE_EQ|INE752E08791,698PGCIL35,N0,NSE,PGC 6.98% 2035 SR LXXXII,Others,INE752E08791,True
2937,NSE_EQ|IN2820210093,698PN33,SG,NSE,SDL PN 6.98% 2033,Others,IN2820210093,True
8124,NSE_EQ|IN3820200092,698PY33,SG,NSE,SDL PY 6.98% 2033,Others,IN3820200092,True
3244,NSE_EQ|IN2920210332,698RJ31,SG,NSE,SDL RJ 6.98% 2031,Others,IN2920210332,True
3248,NSE_EQ|IN2920210365,698RJ31A,SG,NSE,SDL RJ 6.98% 2031,Others,IN2920210365,True
4493,NSE_EQ|INE667F07JF4,698SHFL28,N0,NSE,SHFL 6.98% 2028 SR 354,Others,INE667F07JF4,True
6601,NSE_EQ|IN3120210114,698TN31,SG,NSE,SDL TN 6.98% 2031,Others,IN3120210114,True
7305,NSE_EQ|IN3120210155,698TN31A,SG,NSE,SDL TN 6.98% 2031,Others,IN3120210155,True
6174,NSE_EQ|IN3220190059,698TR30,SG,NSE,SDL TR 6.98% 2030,Others,IN3220190059,True
9399,NSE_EQ|IN4520200044,698TS28,SG,NSE,SDL TS 6.98% 2028,Others,IN4520200044,True
5850,NSE_EQ|IN4520210035,698TS41,SG,NSE,SDL TS 6.98% 2041,Others,IN4520210035,True
7821,NSE_EQ|IN3320210088,698UP31,SG,NSE,SDL UP 6.98% 2031,Others,IN3320210088,True
8270,NSE_EQ|IN3420190222,698WB35,SG,NSE,SDL WB 6.98% 2035,Others,IN3420190222,True
8177,NSE_EQ|IN3420210137,698WB36,SG,NSE,SDL WB 6.98% 2036,Others,IN3420210137,True
8182,NSE_EQ|IN3420210186,698WB37,SG,NSE,SDL WB 6.98% 2037,Others,IN3420210186,True
8140,NSE_EQ|IN1120190039,699AR30,SG,NSE,SDL AR 6.99% 2030,Others,IN1120190039,True
4122,NSE_EQ|IN1220210109,699AS31,SG,NSE,SDL AS 6.99% 2031,Others,IN1220210109,True
3795,NSE_EQ|IN1420190176,699GA30,SG,NSE,SDL GA 6.99% 2030,Others,IN1420190176,True
4104,NSE_EQ|IN1420210057,699GA31,SG,NSE,SDL GA 6.99% 2031,Others,IN1420210057,True
4103,NSE_EQ|IN1420210065,699GA31A,SG,NSE,SDL GA 6.99% 2031,Others,IN1420210065,True
4109,NSE_EQ|IN1420210073,699GA31B,SG,NSE,SDL GA 6.99% 2031,Others,IN1420210073,True
4986,NSE_EQ|IN0020210194,699GS2051,GS,NSE,GOI LOAN  6.99% 2051,Others,IN0020210194,True
6706,NSE_EQ|IN1720250092,699HP31,SG,NSE,SDL HP 6.99% 2031,Others,IN1720250092,True
6107,NSE_EQ|IN1620210113,699HR31,SG,NSE,SDL HR 6.99% 2031,Others,IN1620210113,True
3068,NSE_EQ|IN3720190047,699JH30,SG,NSE,SDL JH 6.99% 2030,Others,IN3720190047,True
5177,NSE_EQ|IN4920200149,699JK31,SG,NSE,SDL JK 6.99% 2031,Others,IN4920200149,True
5893,NSE_EQ|IN1920200681,699KA28,SG,NSE,SDL KA 6.99% 2028,Others,IN1920200681,True
2644,NSE_EQ|IN2020210158,699KL36,SG,NSE,SDL KL 6.99% 2036,Others,IN2020210158,True
4819,NSE_EQ|IN2220210289,699MH29,SG,NSE,SDL MH 6.99% 2029,Others,IN2220210289,True
5319,NSE_EQ|IN2320190050,699MN30,SG,NSE,SDL MN 6.99% 2030,Others,IN2320190050,True
4738,NSE_EQ|IN2120210041,699MP41,SG,NSE,SDL MP 6.99% 2041,Others,IN2120210041,True
8961,NSE_EQ|IN2620250059,699NL30,SG,NSE,SDL NL 6.99% 2030,Others,IN2620250059,True
5610,NSE_EQ|IN3820210083,699PY29,SG,NSE,SDL PY 6.99% 2029,Others,IN3820210083,True
6741,NSE_EQ|IN2920200705,699RJ41,SG,NSE,SDL RJ 6.99% 2041,Others,IN2920200705,True
5147,NSE_EQ|INE660A07RY4,699SFL27,N0,NSE,SFL 6.99% 2027 SR Z3,Others,INE660A07RY4,True
4086,NSE_EQ|IN3120240764,699TN31,SG,NSE,SDL TN 6.99% 2031,Others,IN3120240764,True
7491,NSE_EQ|IN3120250334,699TN32,SG,NSE,SDL TN 6.99% 2032,Others,IN3120250334,True
6616,NSE_EQ|IN3120210049,699TN41,SG,NSE,SDL TN 6.99% 2041,Others,IN3120210049,True
6365,NSE_EQ|IN3220210014,699TR36,SG,NSE,SDL TR 6.99% 2036,Others,IN3220210014,True
9395,NSE_EQ|IN4520200093,699TS28,SG,NSE,SDL TS 6.99% 2028,Others,IN4520200093,True
5826,NSE_EQ|IN4520210183,699TS43,SG,NSE,SDL TS 6.99% 2043,Others,IN4520210183,True
7825,NSE_EQ|IN3320210039,699UP31,SG,NSE,SDL UP 6.99% 2031,Others,IN3320210039,True
7822,NSE_EQ|IN3320210054,699UP31A,SG,NSE,SDL UP 6.99% 2031,Others,IN3320210054,True
7800,NSE_EQ|IN3320210146,699UP31B,SG,NSE,SDL UP 6.99% 2031,Others,IN3320210146,True
8208,NSE_EQ|IN3420210079,699WB30,SG,NSE,SDL WB 6.99% 2030,Others,IN3420210079,True
8172,NSE_EQ|IN3420210103,699WB31,SG,NSE,SDL WB 6.99% 2031,Others,IN3420210103,True
4729,NSE_EQ|IN3420200138,699WB35,SG,NSE,SDL WB 6.99% 2035,Others,IN3420200138,True
4774,NSE_EQ|IN3420200302,699WB36,SG,NSE,SDL WB 6.99% 2036,Others,IN3420200302,True
8178,NSE_EQ|IN3420210145,699WB36A,SG,NSE,SDL WB 6.99% 2036,Others,IN3420210145,True
5190,NSE_EQ|IN1020200557,69AP32,SG,NSE,SDL AP 6.9% 2032,Others,IN1020200557,True
8711,NSE_EQ|IN1020210036,69AP39,SG,NSE,SDL AP 6.9% 2039,Others,IN1020210036,True
7915,NSE_EQ|IN1220190194,69AS30,SG,NSE,SDL AS 6.9% 2030,Others,IN1220190194,True
4324,NSE_EQ|IN1220200068,69AS30A,SG,NSE,SDL AS 6.9% 2030,Others,IN1220200068,True
3796,NSE_EQ|IN1420190168,69GA30,SG,NSE,SDL GA 6.9% 2030,Others,IN1420190168,True
7534,NSE_EQ|IN1420200157,69GA30A,SG,NSE,SDL GA 6.9% 2030,Others,IN1420200157,True
9132,NSE_EQ|IN1520200354,69GJ30,SG,NSE,SDL GJ 6.9% 2030,Others,IN1520200354,True
3894,NSE_EQ|IN1720200048,69HP30,SG,NSE,SDL HP 6.9% 2030,Others,IN1720200048,True
8822,NSE_EQ|IN4920210023,69JK33,SG,NSE,SDL JK 6.9% 2033,Others,IN4920210023,True
5332,NSE_EQ|IN1920240026,69KA27,SG,NSE,SDL KA 6.9% 2027,Others,IN1920240026,True
6276,NSE_EQ|IN1920190171,69KA30,SG,NSE,SDL KA 6.9% 2030,Others,IN1920190171,True
9252,NSE_EQ|IN1920210086,69KA31,SG,NSE,SDL KA 6.9% 2031,Others,IN1920210086,True
4588,NSE_EQ|IN2220250426,69MH30,SG,NSE,SDL MH 6.9% 2030,Others,IN2220250426,True
3733,NSE_EQ|IN2420200049,69ML30,SG,NSE,SDL ML 6.9% 2030,Others,IN2420200049,True
5307,NSE_EQ|IN2320190043,69MN30,SG,NSE,SDL MN 6.9% 2030,Others,IN2320190043,True
6675,NSE_EQ|IN2520210013,69MZ33,SG,NSE,SDL MZ 6.9% 2033,Others,IN2520210013,True
5608,NSE_EQ|IN3820210075,69PY28,SG,NSE,SDL PY 6.9% 2028,Others,IN3820210075,True
8104,NSE_EQ|IN3820200027,69PY29,SG,NSE,SDL PY 6.9% 2029,Others,IN3820200027,True
2577,NSE_EQ|IN2920250353,69RJ29,SG,NSE,SDL RJ 6.9% 2029,Others,IN2920250353,True
3193,NSE_EQ|IN2920210167,69RJ32,SG,NSE,SDL RJ 6.9% 2032,Others,IN2920210167,True
7271,NSE_EQ|IN3120210205,69TN31,SG,NSE,SDL TN 6.9% 2031,Others,IN3120210205,True
3477,NSE_EQ|IN3620190105,69UK30,SG,NSE,SDL UK 6.9% 2030,Others,IN3620190105,True
7072,NSE_EQ|IN3620200045,69UK30A,SG,NSE,SDL UK 6.9% 2030,Others,IN3620200045,True
4400,NSE_EQ|IN3320200113,69UP30,SG,NSE,SDL UP 6.9% 2030,Others,IN3320200113,True
8117,NSE_EQ|IN1020250222,700AP37,SG,NSE,SDL AP 7.00% 2037,Others,IN1020250222,True
6607,NSE_EQ|IN2420250036,700ML35,SG,NSE,SDL ML 7.00% 2035,Others,IN2420250036,True
4210,NSE_EQ|IN3120240319,700TN29,SG,NSE,SDL TN 7.00% 2029,Others,IN3120240319,True
8728,NSE_EQ|IN1020210127,701AP39,SG,NSE,SDL AP 7.01% 2039,Others,IN1020210127,True
3538,NSE_EQ|IN1320250039,701BR37,SG,NSE,SDL BR 7.01% 2037,Others,IN1320250039,True
8230,NSE_EQ|IN1520240111,701GJ31,SG,NSE,SDL GJ 7.01% 2031,Others,IN1520240111,True
4489,NSE_EQ|IN1520250136,701GJ31A,SG,NSE,SDL GJ 7.01% 2031,Others,IN1520250136,True
5347,NSE_EQ|IN2220210180,701MH32,SG,NSE,SDL MH 7.01% 2032,Others,IN2220210180,True
5059,NSE_EQ|IN2320210031,701MN31,SG,NSE,SDL MN 7.01% 2031,Others,IN2320210031,True
6897,NSE_EQ|INE261F08ES8,701NBRD29,N0,NSE,NBRD 7.01% 2029 SR 26D,Others,INE261F08ES8,True
3677,NSE_EQ|INE0ONG08016,701NGEL35,N0,NSE,NGEL 7.01% 2035 SR 1,Others,INE0ONG08016,True
7477,NSE_EQ|IN3120250375,701TN32,SG,NSE,SDL TN 7.01% 2032,Others,IN3120250375,True
4092,NSE_EQ|IN3120240772,701TN35,SG,NSE,SDL TN 7.01% 2035,Others,IN3120240772,True
7826,NSE_EQ|IN3320210047,701UP31,SG,NSE,SDL UP 7.01% 2031,Others,IN3320210047,True
8812,NSE_EQ|IN1020190493,702AP30,SG,NSE,SDL AP 7.02% 2030,Others,IN1020190493,True
8687,NSE_EQ|IN1020210358,702AP36,SG,NSE,SDL AP 7.02% 2036,Others,IN1020210358,True
8685,NSE_EQ|IN1020210366,702AP37,SG,NSE,SDL AP 7.02% 2037,Others,IN1020210366,True
8638,NSE_EQ|IN1020210259,702AP41,SG,NSE,SDL AP 7.02% 2041,Others,IN1020210259,True
7922,NSE_EQ|IN1220190202,702AS30,SG,NSE,SDL AS 7.02% 2030,Others,IN1220190202,True
7294,NSE_EQ|IN1220240221,702AS30A,SG,NSE,SDL AS 7.02% 2030,Others,IN1220240221,True
3395,NSE_EQ|IN1220250089,702AS35,SG,NSE,SDL AS 7.02% 2035,Others,IN1220250089,True
2722,NSE_EQ|IN1320190219,702BR30,SG,NSE,SDL BR 7.02% 2030,Others,IN1320190219,True
3541,NSE_EQ|IN1320250096,702BR30A,SG,NSE,SDL BR 7.02% 2030,Others,IN1320250096,True
4470,NSE_EQ|IN1520250284,702GJ31,SG,NSE,SDL GJ 7.02% 2031,Others,IN1520250284,True
8196,NSE_EQ|IN1520240228,702GJ31A,SG,NSE,SDL GJ 7.02% 2031,Others,IN1520240228,True
8169,NSE_EQ|IN1520240301,702GJ33,SG,NSE,SDL GJ 7.02% 2033,Others,IN1520240301,True
4491,NSE_EQ|IN1520250110,702GJ33A,SG,NSE,SDL GJ 7.02% 2033,Others,IN1520250110,True
3833,NSE_EQ|IN0020240043,702GS2027,GS,NSE,GOI LOAN  7.02% 2027,Others,IN0020240043,True
3829,NSE_EQ|IN0020240076,702GS2031,GS,NSE,GOI LOAN  7.02% 2031,Others,IN0020240076,True
4077,NSE_EQ|IN1720200162,702HP36,SG,NSE,SDL HP 7.02% 2036,Others,IN1720200162,True
8539,NSE_EQ|IN1620200163,702HR29,SG,NSE,SDL HR 7.02% 2029,Others,IN1620200163,True
9294,NSE_EQ|IN1920210193,702KA31,SG,NSE,SDL KA 7.02% 2031,Others,IN1920210193,True
9298,NSE_EQ|IN1920210185,702KA33,SG,NSE,SDL KA 7.02% 2033,Others,IN1920210185,True
6372,NSE_EQ|IN2020200266,702KL28,SG,NSE,SDL KL 7.02% 2028,Others,IN2020200266,True
8936,NSE_EQ|IN2220200363,702MH29,SG,NSE,SDL MH 7.02% 2029,Others,IN2220200363,True
7180,NSE_EQ|IN2420210048,702ML41,SG,NSE,SDL ML 7.02% 2041,Others,IN2420210048,True
4605,NSE_EQ|IN2120250286,702MP30,SG,NSE,SDL MP 7.02% 2030,Others,IN2120250286,True
8001,NSE_EQ|IN2120240287,702MP35,SG,NSE,SDL MP 7.02% 2035,Others,IN2120240287,True
8846,NSE_EQ|INE07Z507029,702OIT40,N0,NSE,OIT 7.02% 2040 TR B,Others,INE07Z507029,True
3104,NSE_EQ|INE752E08809,702PGCIL35,N0,NSE,PGC 7.02% 2035 LXXXIII,Others,INE752E08809,True
6689,NSE_EQ|IN2820200219,702PN28,SG,NSE,SDL PN 7.02% 2028,Others,IN2820200219,True
8594,NSE_EQ|INE020B08FS4,702RECL40,N0,NSE,REC 7.02% 2040 246,Others,INE020B08FS4,True
4199,NSE_EQ|IN3120240343,702TN29,SG,NSE,SDL TN 7.02% 2029,Others,IN3120240343,True
4111,NSE_EQ|IN3120240699,702TN29A,SG,NSE,SDL TN 7.02% 2029,Others,IN3120240699,True
7239,NSE_EQ|IN3120210346,702TN30,SG,NSE,SDL TN 7.02% 2030,Others,IN3120210346,True
7267,NSE_EQ|IN3120210288,702TN31,SG,NSE,SDL TN 7.02% 2031,Others,IN3120210288,True
7823,NSE_EQ|IN3320210062,702UP31,SG,NSE,SDL UP 7.02% 2031,Others,IN3320210062,True
9304,NSE_EQ|IN3320250084,702UP32,SG,NSE,SDL UP 7.02% 2032,Others,IN3320250084,True
8207,NSE_EQ|IN3420210061,702WB31,SG,NSE,SDL WB 7.02% 2031,Others,IN3420210061,True
5128,NSE_EQ|IN1020200409,703AP40,SG,NSE,SDL AP 7.03% 2040,Others,IN1020200409,True
4135,NSE_EQ|IN1220210190,703AS31,SG,NSE,SDL AS 7.03% 2031,Others,IN1220210190,True
7746,NSE_EQ|IN3520240026,703CG30,SG,NSE,SDL CG 7.03% 2030,Others,IN3520240026,True
4466,NSE_EQ|IN1520250326,703GJ32,SG,NSE,SDL GJ 7.03% 2032,Others,IN1520250326,True
8224,NSE_EQ|IN1520240178,703GJ35,SG,NSE,SDL GJ 7.03% 2035,Others,IN1520240178,True
7778,NSE_EQ|IN1720210070,703HP31,SG,NSE,SDL HP 7.03% 2031,Others,IN1720210070,True
2776,NSE_EQ|IN1620240342,703HR35,SG,NSE,SDL HR 7.03% 2035,Others,IN1620240342,True
6298,NSE_EQ|IN1620250077,703HR39,SG,NSE,SDL HR 7.03% 2039,Others,IN1620250077,True
5204,NSE_EQ|IN1620190166,703HR40,SG,NSE,SDL HR 7.03% 2040,Others,IN1620190166,True
9257,NSE_EQ|IN1920210045,703KA32,SG,NSE,SDL KA 7.03% 2032,Others,IN1920210045,True
5115,NSE_EQ|IN1920240331,703KA33,SG,NSE,SDL KA 7.03% 2033,Others,IN1920240331,True
2853,NSE_EQ|IN2020190202,703KL30,SG,NSE,SDL KL 7.03% 2030,Others,IN2020190202,True
4276,NSE_EQ|IN2220250103,703MH38,SG,NSE,SDL MH 7.03% 2038,Others,IN2220250103,True
5065,NSE_EQ|IN2320210064,703MN31,SG,NSE,SDL MN 7.03% 2031,Others,IN2320210064,True
7317,NSE_EQ|IN2120200240,703MP31,SG,NSE,SDL MP 7.03% 2031,Others,IN2120200240,True
9431,NSE_EQ|INE0KUG08076,703NBFID30,N0,NSE,NABF 7.03% 2030 SR -1,Others,INE0KUG08076,True
8219,NSE_EQ|IN2620190057,703NL30,SG,NSE,SDL NL 7.03% 2030,Others,IN2620190057,True
4840,NSE_EQ|IN2720240026,703OR31,SG,NSE,SDL OR 7.03% 2031,Others,IN2720240026,True
4524,NSE_EQ|IN3820190061,703PY28,SG,NSE,SDL PY 7.03% 2028,Others,IN3820190061,True
3458,NSE_EQ|IN2920190393,703RJ30,SG,NSE,SDL RJ 7.03% 2030,Others,IN2920190393,True
3331,NSE_EQ|IN2920210415,703RJ31,SG,NSE,SDL RJ 7.03% 2031,Others,IN2920210415,True
6799,NSE_EQ|IN2920200697,703RJ36,SG,NSE,SDL RJ 7.03% 2036,Others,IN2920200697,True
4227,NSE_EQ|IN3120240277,703TN29,SG,NSE,SDL TN 7.03% 2029,Others,IN3120240277,True
4051,NSE_EQ|IN3120240459,703TN29A,SG,NSE,SDL TN 7.03% 2029,Others,IN3120240459,True
7245,NSE_EQ|IN3120210361,703TN30,SG,NSE,SDL TN 7.03% 2030,Others,IN3120210361,True
7462,NSE_EQ|IN3120250821,703TN31,SG,NSE,SDL TN 7.03% 2031,Others,IN3120250821,True
6618,NSE_EQ|IN3120210064,703TN46,SG,NSE,SDL TN 7.03% 2046,Others,IN3120210064,True
6622,NSE_EQ|IN3120210072,703TN51,SG,NSE,SDL TN 7.03% 2051,Others,IN3120210072,True
5841,NSE_EQ|IN4520210068,703TS51,SG,NSE,SDL TS 7.03% 2051,Others,IN4520210068,True
8009,NSE_EQ|IN3320190231,703UP30,SG,NSE,SDL UP 7.03% 2030,Others,IN3320190231,True
4641,NSE_EQ|IN1020240777,704AP33,SG,NSE,SDL AP 7.04% 2033,Others,IN1020240777,True
8679,NSE_EQ|IN1020210317,704AP34,SG,NSE,SDL AP 7.04% 2034,Others,IN1020210317,True
8713,NSE_EQ|IN1020210093,704AP40,SG,NSE,SDL AP 7.04% 2040,Others,IN1020210093,True
8725,NSE_EQ|IN1020210101,704AP41,SG,NSE,SDL AP 7.04% 2041,Others,IN1020210101,True
5888,NSE_EQ|IN1520190217,704GJ30,SG,NSE,SDL GJ 7.04% 2030,Others,IN1520190217,True
7807,NSE_EQ|IN1520240087,704GJ32,SG,NSE,SDL GJ 7.04% 2032,Others,IN1520240087,True
7805,NSE_EQ|IN1520240095,704GJ33,SG,NSE,SDL GJ 7.04% 2033,Others,IN1520240095,True
3836,NSE_EQ|IN0020240050,704GS2029,GS,NSE,GOI LOAN  7.04% 2029,Others,IN0020240050,True
2779,NSE_EQ|IN1620240359,704HR37,SG,NSE,SDL HR 7.04% 2037,Others,IN1620240359,True
6299,NSE_EQ|IN1620250093,704HR40,SG,NSE,SDL HR 7.04% 2040,Others,IN1620250093,True
3495,NSE_EQ|INE053F07595,704IRFC28,N6,NSE,BOND 7.04% PA TAX FREE S2,Others,INE053F07595,True
8820,NSE_EQ|IN4920210031,704JK36,SG,NSE,SDL JK 7.04% 2036,Others,IN4920210031,True
5116,NSE_EQ|IN1920240323,704KA32,SG,NSE,SDL KA 7.04% 2032,Others,IN1920240323,True
2874,NSE_EQ|IN2020210125,704KL34,SG,NSE,SDL KL 7.04% 2034,Others,IN2020210125,True
8930,NSE_EQ|IN2220200355,704MH29,SG,NSE,SDL MH 7.04% 2029,Others,IN2220200355,True
4273,NSE_EQ|IN2220250129,704MH40,SG,NSE,SDL MH 7.04% 2040,Others,IN2220250129,True
7400,NSE_EQ|IN2420190067,704ML30,SG,NSE,SDL ML 7.04% 2030,Others,IN2420190067,True
3678,NSE_EQ|IN2120190144,704MP30,SG,NSE,SDL MP 7.04% 2030,Others,IN2120190144,True
2913,NSE_EQ|IN2520200014,704MZ30,SG,NSE,SDL MZ 7.04% 2030,Others,IN2520200014,True
2789,NSE_EQ|IN2520200097,704MZ33,SG,NSE,SDL MZ 7.04% 2033,Others,IN2520200097,True
9434,NSE_EQ|INE0KUG08084,704NBFID35,N0,NSE,NABF 7.04% 2035 NABFID,Others,INE0KUG08084,True
6290,NSE_EQ|INE020B07GZ9,704REC28,N4,NSE,BOND 7.04% PA TAX FREE S2,Others,INE020B07GZ9,True
3487,NSE_EQ|IN2920190427,704RJ30,SG,NSE,SDL RJ 7.04% 2030,Others,IN2920190427,True
6524,NSE_EQ|IN2920240511,704RJ32,SG,NSE,SDL RJ 7.04% 2032,Others,IN2920240511,True
3196,NSE_EQ|IN2920210175,704RJ36,SG,NSE,SDL RJ 7.04% 2036,Others,IN2920210175,True
5499,NSE_EQ|INE556F08LB2,704SIDBI29,N0,NSE,SIDBI 7.04% 2029 SR IV,Others,INE556F08LB2,True
7269,NSE_EQ|IN3120210296,704TN30,SG,NSE,SDL TN 7.04% 2030,Others,IN3120210296,True
7236,NSE_EQ|IN3120210320,704TN30A,SG,NSE,SDL TN 7.04% 2030,Others,IN3120210320,True
4098,NSE_EQ|IN3120240707,704TN30B,SG,NSE,SDL TN 7.04% 2030,Others,IN3120240707,True
5763,NSE_EQ|IN4520210209,704TS32,SG,NSE,SDL TS 7.04% 2032,Others,IN4520210209,True
5840,NSE_EQ|IN4520210050,704TS51,SG,NSE,SDL TS 7.04% 2051,Others,IN4520210050,True
3447,NSE_EQ|IN3620190097,704UK30,SG,NSE,SDL UK 7.04% 2030,Others,IN3620190097,True
8006,NSE_EQ|IN3320190249,704UP30,SG,NSE,SDL UP 7.04% 2030,Others,IN3320190249,True
7795,NSE_EQ|IN3320210187,704UP31,SG,NSE,SDL UP 7.04% 2031,Others,IN3320210187,True
4731,NSE_EQ|IN3420200112,704WB35,SG,NSE,SDL WB 7.04% 2035,Others,IN3420200112,True
8811,NSE_EQ|IN1020190485,705AP31,SG,NSE,SDL AP 7.05% 2031,Others,IN1020190485,True
8642,NSE_EQ|IN1020210234,705AP35,SG,NSE,SDL AP 7.05% 2035,Others,IN1020210234,True
8160,NSE_EQ|IN1020250198,705AP39,SG,NSE,SDL AP 7.05% 2039,Others,IN1020250198,True
7923,NSE_EQ|IN1220190210,705AS30,SG,NSE,SDL AS 7.05% 2030,Others,IN1220190210,True
7266,NSE_EQ|IN1220240098,705AS31,SG,NSE,SDL AS 7.05% 2031,Others,IN1220240098,True
7813,NSE_EQ|IN1520240020,705GJ28,SG,NSE,SDL GJ 7.05% 2028,Others,IN1520240020,True
7808,NSE_EQ|IN1520240079,705GJ29,SG,NSE,SDL GJ 7.05% 2029,Others,IN1520240079,True
7810,NSE_EQ|IN1520240053,705GJ31,SG,NSE,SDL GJ 7.05% 2031,Others,IN1520240053,True
8228,NSE_EQ|IN1520240129,705GJ32,SG,NSE,SDL GJ 7.05% 2032,Others,IN1520240129,True
8225,NSE_EQ|IN1520240160,705GJ34,SG,NSE,SDL GJ 7.05% 2034,Others,IN1520240160,True
4078,NSE_EQ|IN1720200154,705HP35,SG,NSE,SDL HP 7.05% 2035,Others,IN1720200154,True
6297,NSE_EQ|IN1620250085,705HR38,SG,NSE,SDL HR 7.05% 2038,Others,IN1620250085,True
8558,NSE_EQ|IN1620200106,705HR40,SG,NSE,SDL HR 7.05% 2040,Others,IN1620200106,True
4006,NSE_EQ|INE282H07034,705JCL27,N0,NSE,JCL 7.05% 2027 SR III,Others,INE282H07034,True
3066,NSE_EQ|IN3720190039,705JH30,SG,NSE,SDL JH 7.05% 2030,Others,IN3720190039,True
2852,NSE_EQ|IN2020190210,705KL30,SG,NSE,SDL KL 7.05% 2030,Others,IN2020190210,True
2656,NSE_EQ|IN2020210166,705KL36,SG,NSE,SDL KL 7.05% 2036,Others,IN2020210166,True
8982,NSE_EQ|IN2220200231,705MH32,SG,NSE,SDL MH 7.05% 2032,Others,IN2220200231,True
5313,NSE_EQ|IN2320190068,705MN30,SG,NSE,SDL MN 7.05% 2030,Others,IN2320190068,True
7999,NSE_EQ|IN2120240279,705MP32,SG,NSE,SDL MP 7.05% 2032,Others,IN2120240279,True
6683,NSE_EQ|IN2520210062,705MZ29,SG,NSE,SDL MZ 7.05% 2029,Others,IN2520210062,True
2910,NSE_EQ|IN2520200048,705MZ35,SG,NSE,SDL MZ 7.05% 2035,Others,IN2520200048,True
8222,NSE_EQ|IN2620190065,705NL30,SG,NSE,SDL NL 7.05% 2030,Others,IN2620190065,True
4645,NSE_EQ|IN2620200070,705NL31,SG,NSE,SDL NL 7.05% 2031,Others,IN2620200070,True
4764,NSE_EQ|IN2720240208,705OR35,SG,NSE,SDL OR 7.05% 2035,Others,IN2720240208,True
3794,NSE_EQ|INE134E07DS4,705PFCL41,NA,NSE,PFCL 7.05% 2041 SR IV,Others,INE134E07DS4,True
6667,NSE_EQ|IN2820200193,705PN31,SG,NSE,SDL PN 7.05% 2031,Others,IN2820200193,True
6798,NSE_EQ|IN2920200689,705RJ31,SG,NSE,SDL RJ 7.05% 2031,Others,IN2920200689,True
6527,NSE_EQ|IN2920240537,705RJ37,SG,NSE,SDL RJ 7.05% 2037,Others,IN2920240537,True
3204,NSE_EQ|IN2920210118,705RJ41,SG,NSE,SDL RJ 7.05% 2041,Others,IN2920210118,True
5139,NSE_EQ|INE660A07RZ1,705SFL27,N0,NSE,SFL 7.05% 2027 SR Z4,Others,INE660A07RZ1,True
5215,NSE_EQ|INE660A07SA2,705SFL28,N0,NSE,SFL 7.05% 2028 SR Z5,Others,INE660A07SA2,True
5211,NSE_EQ|INE660A07SB0,705SFL28A,N0,NSE,SFL 7.05% 2028 SR Z6,Others,INE660A07SB0,True
6663,NSE_EQ|IN3120190191,705TN26,SG,NSE,SDL TN 7.05% 2026,Others,IN3120190191,True
7502,NSE_EQ|IN3120250276,705TN31,SG,NSE,SDL TN 7.05% 2031,Others,IN3120250276,True
5829,NSE_EQ|IN4520210134,705TS35,SG,NSE,SDL TS 7.05% 2035,Others,IN4520210134,True
5838,NSE_EQ|IN4520210043,705TS41,SG,NSE,SDL TS 7.05% 2041,Others,IN4520210043,True
7722,NSE_EQ|IN3620240033,705UK29,SG,NSE,SDL UK 7.05% 2029,Others,IN3620240033,True
3714,NSE_EQ|IN3620210036,705UK31,SG,NSE,SDL UK 7.05% 2031,Others,IN3620210036,True
7713,NSE_EQ|IN3620240108,705UK32,SG,NSE,SDL UK 7.05% 2032,Others,IN3620240108,True
8268,NSE_EQ|IN3420190214,705WB30,SG,NSE,SDL WB 7.05% 2030,Others,IN3420190214,True
4745,NSE_EQ|IN3420200252,705WB31,SG,NSE,SDL WB 7.05% 2031,Others,IN3420200252,True
8179,NSE_EQ|IN3420210152,705WB36,SG,NSE,SDL WB 7.05% 2036,Others,IN3420210152,True
8072,NSE_EQ|IN3420210210,705WB36A,SG,NSE,SDL WB 7.05% 2036,Others,IN3420210210,True
8744,NSE_EQ|IN1020190501,706AP30,SG,NSE,SDL AP 7.06% 2030,Others,IN1020190501,True
7202,NSE_EQ|IN3520200129,706CG29,SG,NSE,SDL CG 7.06% 2029,Others,IN3520200129,True
7812,NSE_EQ|IN1520240038,706GJ29,SG,NSE,SDL GJ 7.06% 2029,Others,IN1520240038,True
8192,NSE_EQ|IN1520240269,706GJ30,SG,NSE,SDL GJ 7.06% 2030,Others,IN1520240269,True
5670,NSE_EQ|IN1520210197,706GJ32,SG,NSE,SDL GJ 7.06% 2032,Others,IN1520210197,True
4487,NSE_EQ|IN1520250151,706GJ33,SG,NSE,SDL GJ 7.06% 2033,Others,IN1520250151,True
8229,NSE_EQ|IN1520240137,706GJ34,SG,NSE,SDL GJ 7.06% 2034,Others,IN1520240137,True
4563,NSE_EQ|IN0020230010,706GS2028,GS,NSE,GOI LOAN  7.06% 2028,Others,IN0020230010,True
8724,NSE_EQ|IN0020160068,706GS2046,GS,NSE,GOI LOAN 7.06% 2046,Others,IN0020160068,True
6244,NSE_EQ|IN1620250119,706HR39,SG,NSE,SDL HR 7.06% 2039,Others,IN1620250119,True
8827,NSE_EQ|IN4920210080,706JK33,SG,NSE,SDL JK 7.06% 2033,Others,IN4920210080,True
2877,NSE_EQ|IN2020210067,706KL38,SG,NSE,SDL KL 7.06% 2038,Others,IN2020210067,True
2873,NSE_EQ|IN2020210133,706KL39,SG,NSE,SDL KL 7.06% 2039,Others,IN2020210133,True
2876,NSE_EQ|IN2020210075,706KL41,SG,NSE,SDL KL 7.06% 2041,Others,IN2020210075,True
6559,NSE_EQ|IN2020240338,706KL55,SG,NSE,SDL KL 7.06% 2055,Others,IN2020240338,True
6681,NSE_EQ|IN2520210047,706MZ34,SG,NSE,SDL MZ 7.06% 2034,Others,IN2520210047,True
4782,NSE_EQ|IN2720240067,706OR31A,SG,NSE,SDL OR 7.06% 2031,Others,IN2720240067,True
8586,NSE_EQ|INE020B08GA0,706RECL35,N0,NSE,REC 7.06% 2035 SR 250-B,Others,INE020B08GA0,True
6523,NSE_EQ|IN2920240529,706RJ35,SG,NSE,SDL RJ 7.06% 2035,Others,IN2920240529,True
2539,NSE_EQ|IN2920250130,706RJ38,SG,NSE,SDL RJ 7.06% 2038,Others,IN2920250130,True
7397,NSE_EQ|INE092A08089,706TCHE28,N0,NSE,TCHE 7.06% 2028,Others,INE092A08089,True
4218,NSE_EQ|IN3120240236,706TN29,SG,NSE,SDL TN 7.06% 2029,Others,IN3120240236,True
4231,NSE_EQ|IN3120240251,706TN29A,SG,NSE,SDL TN 7.06% 2029,Others,IN3120240251,True
5842,NSE_EQ|IN4520210076,706TS41,SG,NSE,SDL TS 7.06% 2041,Others,IN4520210076,True
3475,NSE_EQ|IN3620190113,706UK30,SG,NSE,SDL UK 7.06% 2030,Others,IN3620190113,True
7721,NSE_EQ|IN3620240041,706UK30A,SG,NSE,SDL UK 7.06% 2030,Others,IN3620240041,True
4390,NSE_EQ|IN3620250057,706UK32,SG,NSE,SDL UK 7.06% 2032,Others,IN3620250057,True
8204,NSE_EQ|IN3420210038,706WB36,SG,NSE,SDL WB 7.06% 2036,Others,IN3420210038,True
4604,NSE_EQ|IN1020240694,707AP34,SG,NSE,SDL AP 7.07% 2034,Others,IN1020240694,True
4633,NSE_EQ|IN1020240793,707AP36,SG,NSE,SDL AP 7.07% 2036,Others,IN1020240793,True
4419,NSE_EQ|IN1220200282,707AS31,SG,NSE,SDL AS 7.07% 2031,Others,IN1220200282,True
4474,NSE_EQ|IN1520250243,707GJ30,SG,NSE,SDL GJ 7.07% 2030,Others,IN1520250243,True
9171,NSE_EQ|IN1520200271,707GJ31,SG,NSE,SDL GJ 7.07% 2031,Others,IN1520200271,True
8199,NSE_EQ|IN1520240202,707GJ32,SG,NSE,SDL GJ 7.07% 2032,Others,IN1520240202,True
4488,NSE_EQ|IN1520250144,707GJ32A,SG,NSE,SDL GJ 7.07% 2032,Others,IN1520250144,True
4483,NSE_EQ|IN1520250193,707GJ33,SG,NSE,SDL GJ 7.07% 2033,Others,IN1520250193,True
8221,NSE_EQ|IN1520240194,707GJ34,SG,NSE,SDL GJ 7.07% 2034,Others,IN1520240194,True
4486,NSE_EQ|IN1520250169,707GJ34A,SG,NSE,SDL GJ 7.07% 2034,Others,IN1520250169,True
6051,NSE_EQ|IN1620210063,707HR37,SG,NSE,SDL HR 7.07% 2037,Others,IN1620210063,True
7482,NSE_EQ|IN1820190164,707JK30,SG,NSE,SDL JK 7.07% 2030,Others,IN1820190164,True
5386,NSE_EQ|IN1920240109,707KA29,SG,NSE,SDL KA 7.07% 2029,Others,IN1920240109,True
3569,NSE_EQ|INE115A07RG6,707LICH30,N0,NSE,LICH 7.07% 2030 SR TR455,Others,INE115A07RG6,True
8029,NSE_EQ|IN2220240302,707MH32,SG,NSE,SDL MH 7.07% 2032,Others,IN2220240302,True
4626,NSE_EQ|IN2220250368,707MH33,SG,NSE,SDL MH 7.07% 2033,Others,IN2220250368,True
7278,NSE_EQ|IN2120200174,707MP32,SG,NSE,SDL MP 7.07% 2032,Others,IN2120200174,True
3206,NSE_EQ|IN2920210134,707RJ46,SG,NSE,SDL RJ 7.07% 2046,Others,IN2920210134,True
7268,NSE_EQ|IN3120210270,707TN38,SG,NSE,SDL TN 7.07% 2038,Others,IN3120210270,True
7682,NSE_EQ|IN3120250177,707TN55,SG,NSE,SDL TN 7.07% 2055,Others,IN3120250177,True
3373,NSE_EQ|IN4520240578,707TS52,SG,NSE,SDL TS 7.07% 2052,Others,IN4520240578,True
3371,NSE_EQ|IN4520240586,707TS55,SG,NSE,SDL TS 7.07% 2055,Others,IN4520240586,True
3891,NSE_EQ|IN3420250067,707WB37,SG,NSE,SDL WB 7.07% 2037,Others,IN3420250067,True
6390,NSE_EQ|INE498L07186,70826LTF28,N0,NSE,LTFL 7.0826% 2028 SR H,Others,INE498L07186,True
8683,NSE_EQ|IN1020210374,708AP35,SG,NSE,SDL AP 7.08% 2035,Others,IN1020210374,True
4598,NSE_EQ|IN1020240702,708AP35A,SG,NSE,SDL AP 7.08% 2035,Others,IN1020240702,True
4630,NSE_EQ|IN1020240801,708AP37,SG,NSE,SDL AP 7.08% 2037,Others,IN1020240801,True
8681,NSE_EQ|IN1020210382,708AP40,SG,NSE,SDL AP 7.08% 2040,Others,IN1020210382,True
8114,NSE_EQ|IN1020250206,708AP40A,SG,NSE,SDL AP 7.08% 2040,Others,IN1020250206,True
7204,NSE_EQ|IN3520200111,708CG29,SG,NSE,SDL CG 7.08% 2029,Others,IN3520200111,True
3507,NSE_EQ|IN3520190064,708CG30,SG,NSE,SDL CG 7.08% 2030,Others,IN3520190064,True
9170,NSE_EQ|IN1520200289,708GJ31,SG,NSE,SDL GJ 7.08% 2031,Others,IN1520200289,True
7809,NSE_EQ|IN1520240061,708GJ33,SG,NSE,SDL GJ 7.08% 2033,Others,IN1520240061,True
8197,NSE_EQ|IN1520240236,708GJ33B,SG,NSE,SDL GJ 7.08% 2033,Others,IN1520240236,True
8198,NSE_EQ|IN1520240210,708GJ34,SG,NSE,SDL GJ 7.08% 2034,Others,IN1520240210,True
3669,NSE_EQ|IN1720240093,708HP34,SG,NSE,SDL HP 7.08% 2034,Others,IN1720240093,True
2782,NSE_EQ|IN1620240367,708HR39,SG,NSE,SDL HR 7.08% 2039,Others,IN1620240367,True
4246,NSE_EQ|INE787H08204,708IIFCL35,N0,NSE,IIFCL 7.08% 2035,Others,INE787H08204,True
4009,NSE_EQ|INE282H07026,708JCL28,N0,NSE,JCL 7.08% 2028 SR II,Others,INE282H07026,True
8817,NSE_EQ|IN4920210064,708JK36,SG,NSE,SDL JK 7.08% 2036,Others,IN4920210064,True
5026,NSE_EQ|IN4920240186,708JK46,SG,NSE,SDL JK 7.08% 2046,Others,IN4920240186,True
7890,NSE_EQ|IN4920250060,708JK46A,SG,NSE,SDL JK 7.08% 2046,Others,IN4920250060,True
5037,NSE_EQ|IN4920240236,708JK55,SG,NSE,SDL JK 7.08% 2055,Others,IN4920240236,True
6250,NSE_EQ|IN1920190205,708KA31,SG,NSE,SDL KA 7.08% 2031,Others,IN1920190205,True
5110,NSE_EQ|IN1920240232,708KA31A,SG,NSE,SDL KA 7.08% 2031,Others,IN1920240232,True
6040,NSE_EQ|IN1920200301,708KA34,SG,NSE,SDL KA 7.08% 2034,Others,IN1920200301,True
9254,NSE_EQ|IN1920210060,708KA34A,SG,NSE,SDL KA 7.08% 2034,Others,IN1920210060,True
5328,NSE_EQ|IN1920240067,708KA34B,SG,NSE,SDL KA 7.08% 2034,Others,IN1920240067,True
6579,NSE_EQ|IN2020240205,708KL31,SG,NSE,SDL KL 7.08% 2031,Others,IN2020240205,True
6562,NSE_EQ|IN2020240312,708KL40,SG,NSE,SDL KL 7.08% 2040,Others,IN2020240312,True
8934,NSE_EQ|IN2220200348,708MH31,SG,NSE,SDL MH 7.08% 2031,Others,IN2220200348,True
4274,NSE_EQ|IN2220250111,708MH39,SG,NSE,SDL MH 7.08% 2039,Others,IN2220250111,True
4736,NSE_EQ|IN2120210066,708MP29,SG,NSE,SDL MP 7.08% 2029,Others,IN2120210066,True
8852,NSE_EQ|IN2520250019,708MZ39,SG,NSE,SDL MZ 7.08% 2039,Others,IN2520250019,True
3730,NSE_EQ|IN2720250090,708OR33,SG,NSE,SDL OR 7.08% 2033,Others,IN2720250090,True
3149,NSE_EQ|INE134E08NY9,708PFCL35,N0,NSE,PFCL 7.08% 2035 SR 255,Others,INE134E08NY9,True
3143,NSE_EQ|INE752E08767,708PGC34,N0,NSE,PGC 7.08% 2034 SR LXXIX,Others,INE752E08767,True
6480,NSE_EQ|IN2820240249,708PN34,SG,NSE,SDL PN 7.08% 2034,Others,IN2820240249,True
4529,NSE_EQ|IN3820190038,708PY26,SG,NSE,SDL PY 7.08% 2026,Others,IN3820190038,True
3485,NSE_EQ|IN2920190450,708RJ30,SG,NSE,SDL RJ 7.08% 2030,Others,IN2920190450,True
6458,NSE_EQ|IN2920240370,708RJ34,SG,NSE,SDL RJ 7.08% 2034,Others,IN2920240370,True
6205,NSE_EQ|INE692Q07621,708TFSIL27,N0,NSE,TFSIL 7.08% 2027 SR S57,Others,INE692Q07621,True
5848,NSE_EQ|INE155A08480,708TML28,N0,NSE,TML 7.08% 2028 E31B TR I,Others,INE155A08480,True
5846,NSE_EQ|INE155A08472,708TML28A,N0,NSE,TML 7.08% 2028 TR I,Others,INE155A08472,True
4120,NSE_EQ|IN3120240608,708TN30,SG,NSE,SDL TN 7.08% 2030,Others,IN3120240608,True
4065,NSE_EQ|IN3120240418,708TN34,SG,NSE,SDL TN 7.08% 2034,Others,IN3120240418,True
5824,NSE_EQ|IN4520210175,708TS42,SG,NSE,SDL TS 7.08% 2042,Others,IN4520210175,True
8566,NSE_EQ|IN4520240479,708TS49,SG,NSE,SDL TS 7.08% 2049,Others,IN4520240479,True
6890,NSE_EQ|IN4520250148,708TS56,SG,NSE,SDL TS 7.08% 2056,Others,IN4520250148,True
6892,NSE_EQ|IN4520250155,708TS57,SG,NSE,SDL TS 7.08% 2057,Others,IN4520250155,True
7787,NSE_EQ|IN3620260015,708UK29,SG,NSE,SDL UK 7.08% 2029,Others,IN3620260015,True
4339,NSE_EQ|IN3320200295,708UP31,SG,NSE,SDL UP 7.08% 2031,Others,IN3320200295,True
6160,NSE_EQ|IN3320240010,708UP32,SG,NSE,SDL UP 7.08% 2032,Others,IN3320240010,True
6156,NSE_EQ|IN3320240044,708UP38,SG,NSE,SDL UP 7.08% 2038,Others,IN3320240044,True
8180,NSE_EQ|IN3420210160,708WB41,SG,NSE,SDL WB 7.08% 2041,Others,IN3420210160,True
4643,NSE_EQ|IN1020240785,709AP35,SG,NSE,SDL AP 7.09% 2035,Others,IN1020240785,True
8678,NSE_EQ|IN1020210325,709AP39,SG,NSE,SDL AP 7.09% 2039,Others,IN1020210325,True
4167,NSE_EQ|IN1220210232,709AS32,SG,NSE,SDL AS 7.09% 2032,Others,IN1220210232,True
5630,NSE_EQ|IN1520210205,709GJ32,SG,NSE,SDL GJ 7.09% 2032,Others,IN1520210205,True
3809,NSE_EQ|IN0020240118,709GS2054,GS,NSE,GOI LOAN  7.09% 2054,Others,IN0020240118,True
3750,NSE_EQ|IN0020240142,709GS2074,GS,NSE,GOI LOAN   7.09% 2074,Others,IN0020240142,True
6093,NSE_EQ|IN1620210196,709HR29,SG,NSE,SDL HR 7.09% 2029,Others,IN1620210196,True
2829,NSE_EQ|IN1620240227,709HR37,SG,NSE,SDL HR 7.09% 2037,Others,IN1620240227,True
2787,NSE_EQ|IN1620240375,709HR40,SG,NSE,SDL HR 7.09% 2040,Others,IN1620240375,True
2561,NSE_EQ|INE053F08445,709IRFC34,N0,NSE,IRFCL 7.09% 2034 SR 184,Others,INE053F08445,True
6253,NSE_EQ|IN1920190213,709KA30,SG,NSE,SDL KA 7.09% 2030,Others,IN1920190213,True
5382,NSE_EQ|IN1920240117,709KA30A,SG,NSE,SDL KA 7.09% 2030,Others,IN1920240117,True
5349,NSE_EQ|IN1920240075,709KA35,SG,NSE,SDL KA 7.09% 2035,Others,IN1920240075,True
2883,NSE_EQ|IN2020210059,709KL36,SG,NSE,SDL KL 7.09% 2036,Others,IN2020210059,True
3052,NSE_EQ|IN2020250071,709KL52,SG,NSE,SDL KL 7.09% 2052,Others,IN2020250071,True
3676,NSE_EQ|IN2120190110,709MP30,SG,NSE,SDL MP 7.09% 2030,Others,IN2120190110,True
5305,NSE_EQ|IN3820250022,709PY31,SG,NSE,SDL PY 7.09% 2031,Others,IN3820250022,True
8693,NSE_EQ|IN3820240031,709PY34,SG,NSE,SDL PY 7.09% 2034,Others,IN3820240031,True
5304,NSE_EQ|IN3820250014,709PY40,SG,NSE,SDL PY 7.09% 2040,Others,IN3820250014,True
3343,NSE_EQ|IN2920210498,709RJ32,SG,NSE,SDL RJ 7.09% 2032,Others,IN2920210498,True
6470,NSE_EQ|IN2920240321,709RJ35,SG,NSE,SDL RJ 7.09% 2035,Others,IN2920240321,True
2540,NSE_EQ|IN2920250106,709RJ43,SG,NSE,SDL RJ 7.09% 2043,Others,IN2920250106,True
8610,NSE_EQ|INE020B08FK1,709RL39,N0,NSE,REC 7.09% 2039 SR 240A,Others,INE020B08FK1,True
7344,NSE_EQ|IN3120210437,709TN30,SG,NSE,SDL TN 7.09% 2030,Others,IN3120210437,True
4129,NSE_EQ|IN3120240657,709TN30A,SG,NSE,SDL TN 7.09% 2030,Others,IN3120240657,True
7584,NSE_EQ|IN3120250441,709TN32,SG,NSE,SDL TN 7.09% 2032,Others,IN3120250441,True
4033,NSE_EQ|IN3120240541,709TN35,SG,NSE,SDL TN 7.09% 2035,Others,IN3120240541,True
7509,NSE_EQ|IN3120250201,709TN35A,SG,NSE,SDL TN 7.09% 2035,Others,IN3120250201,True
7674,NSE_EQ|IN3120250144,709TN55,SG,NSE,SDL TN 7.09% 2055,Others,IN3120250144,True
5828,NSE_EQ|IN4520210126,709TS34,SG,NSE,SDL TS 7.09% 2034,Others,IN4520210126,True
5822,NSE_EQ|IN4520210167,709TS40,SG,NSE,SDL TS 7.09% 2040,Others,IN4520210167,True
6886,NSE_EQ|IN4520250163,709TS58,SG,NSE,SDL TS 7.09% 2058,Others,IN4520250163,True
6889,NSE_EQ|IN4520250171,709TS59,SG,NSE,SDL TS 7.09% 2059,Others,IN4520250171,True
6883,NSE_EQ|IN4520250189,709TS60,SG,NSE,SDL TS 7.09% 2060,Others,IN4520250189,True
6866,NSE_EQ|IN4520250247,709TS60A,SG,NSE,SDL TS 7.09% 2060,Others,IN4520250247,True
6884,NSE_EQ|IN4520250197,709TS61,SG,NSE,SDL TS 7.09% 2061,Others,IN4520250197,True
6869,NSE_EQ|IN4520250254,709TS63,SG,NSE,SDL TS 7.09% 2063,Others,IN4520250254,True
8014,NSE_EQ|IN3320190215,709UP30,SG,NSE,SDL UP 7.09% 2030,Others,IN3320190215,True
4730,NSE_EQ|IN3420200120,709WB40,SG,NSE,SDL WB 7.09% 2040,Others,IN3420200120,True
8729,NSE_EQ|IN1020210119,70AP38,SG,NSE,SDL AP 7.0% 2038,Others,IN1020210119,True
8689,NSE_EQ|IN1020210390,70AP38A,SG,NSE,SDL AP 7.0% 2038,Others,IN1020210390,True
5294,NSE_EQ|IN1020200383,70AP39,SG,NSE,SDL AP 7.0% 2039,Others,IN1020200383,True
8640,NSE_EQ|IN1020210242,70AP39A,SG,NSE,SDL AP 7.0% 2039,Others,IN1020210242,True
8567,NSE_EQ|IN1020210408,70AP39B,SG,NSE,SDL AP 7.0% 2039,Others,IN1020210408,True
7747,NSE_EQ|IN3520240018,70CG29,SG,NSE,SDL CG 7.0% 2029,Others,IN3520240018,True
4019,NSE_EQ|IN1420210131,70GA31,SG,NSE,SDL GA 7.0% 2031,Others,IN1420210131,True
3998,NSE_EQ|IN1420210164,70GA31A,SG,NSE,SDL GA 7.0% 2031,Others,IN1420210164,True
5318,NSE_EQ|IN3720210027,70JH33,SG,NSE,SDL JH 7.0% 2033,Others,IN3720210027,True
8802,NSE_EQ|IN4920210106,70JK33,SG,NSE,SDL JK 7.0% 2033,Others,IN4920210106,True
5331,NSE_EQ|IN1920240034,70KA30,SG,NSE,SDL KA 7.0% 2030,Others,IN1920240034,True
5487,NSE_EQ|IN2220190119,70MH28,SG,NSE,SDL MH 7.0% 2028,Others,IN2220190119,True
5060,NSE_EQ|IN2320210023,70MN31,SG,NSE,SDL MN 7.0% 2031,Others,IN2320210023,True
5057,NSE_EQ|IN2320210056,70MN31A,SG,NSE,SDL MN 7.0% 2031,Others,IN2320210056,True
5064,NSE_EQ|IN2320210072,70MN31B,SG,NSE,SDL MN 7.0% 2031,Others,IN2320210072,True
4735,NSE_EQ|IN2120210017,70MP31,SG,NSE,SDL MP 7.0% 2031,Others,IN2120210017,True
6680,NSE_EQ|IN2520210039,70MZ34,SG,NSE,SDL MZ 7.0% 2034,Others,IN2520210039,True
8035,NSE_EQ|IN2620210053,70NL31,SG,NSE,SDL NL 7.0% 2031,Others,IN2620210053,True
8039,NSE_EQ|IN2620210061,70NL31A,SG,NSE,SDL NL 7.0% 2031,Others,IN2620210061,True
4839,NSE_EQ|IN2720240034,70OR30,SG,NSE,SDL OR 7.0% 2030,Others,IN2720240034,True
3267,NSE_EQ|IN2920210233,70RJ31,SG,NSE,SDL RJ 7.0% 2031,Others,IN2920210233,True
4116,NSE_EQ|IN3120240640,70TN29,SG,NSE,SDL TN 7.0% 2029,Others,IN3120240640,True
7304,NSE_EQ|IN3120210163,70TN31,SG,NSE,SDL TN 7.0% 2031,Others,IN3120210163,True
7511,NSE_EQ|IN3120250235,70TN31A,SG,NSE,SDL TN 7.0% 2031,Others,IN3120250235,True
5831,NSE_EQ|IN4520210142,70TS36,SG,NSE,SDL TS 7.0% 2036,Others,IN4520210142,True
9248,NSE_EQ|IN4520200333,70TS51,SG,NSE,SDL TS 7.0% 2051,Others,IN4520200333,True
3712,NSE_EQ|IN3620210028,70UK31,SG,NSE,SDL UK 7.0% 2031,Others,IN3620210028,True
4439,NSE_EQ|IN3320200022,70UP30,SG,NSE,SDL UP 7.0% 2030,Others,IN3320200022,True
8210,NSE_EQ|IN3420210087,70WB31,SG,NSE,SDL WB 7.0% 2031,Others,IN3420210087,True
8181,NSE_EQ|IN3420210178,70WB31A,SG,NSE,SDL WB 7.0% 2031,Others,IN3420210178,True
4606,NSE_EQ|IN1020240629,710AP34,SG,NSE,SDL AP 7.10% 2034,Others,IN1020240629,True
3682,NSE_EQ|INE028A08380,710BOB33,N0,NSE,BOB 7.10% 2033 SR I,Others,INE028A08380,True
5889,NSE_EQ|IN1520190209,710GJ30,SG,NSE,SDL GJ 7.10% 2030,Others,IN1520190209,True
7935,NSE_EQ|IN0020220136,710GR2028,GS,NSE,GOI LOAN  7.10% 2028,Others,IN0020220136,True
7973,NSE_EQ|IN0020220011,710GS2029,GS,NSE,GOI LOAN 7.10% 2029,Others,IN0020220011,True
5031,NSE_EQ|IN4920240178,710JK44,SG,NSE,SDL JK 7.10% 2044,Others,IN4920240178,True
5028,NSE_EQ|IN4920240194,710JK49,SG,NSE,SDL JK 7.10% 2049,Others,IN4920240194,True
5370,NSE_EQ|IN1920240174,710KA32,SG,NSE,SDL KA 7.10% 2032,Others,IN1920240174,True
5367,NSE_EQ|IN1920240182,710KA33,SG,NSE,SDL KA 7.10% 2033,Others,IN1920240182,True
5348,NSE_EQ|IN1920240083,710KA35,SG,NSE,SDL KA 7.10% 2035,Others,IN1920240083,True
6572,NSE_EQ|IN2020240221,710KL42,SG,NSE,SDL KL 7.10% 2042,Others,IN2020240221,True
6896,NSE_EQ|INE261F08ET6,710NBRD29,N0,NSE,NBRD 7.10% 2029 SR 26E,Others,INE261F08ET6,True
3128,NSE_EQ|INE134E08NF8,710PFCL35,N0,NSE,PFCL 7.10% 2035 SR 243B,Others,INE134E08NF8,True
3784,NSE_EQ|INE134E07DN5,710PFCL36,N5,NSE,PFCL 7.10% 2036 SR II,Others,INE134E07DN5,True
3153,NSE_EQ|INE134E08NX1,710PFCL40,N0,NSE,PFCL 7.10% 2040 SR 254,Others,INE134E08NX1,True
8625,NSE_EQ|INE020B08FM7,710RECL35,N0,NSE,REC LTD 7.10% 35 SR 241,Others,INE020B08FM7,True
6538,NSE_EQ|IN2920240404,710RJ46,SG,NSE,SDL RJ 7.10% 2046,Others,IN2920240404,True
6539,NSE_EQ|IN2920240420,710RJ50,SG,NSE,SDL RJ 7.10% 2050,Others,IN2920240420,True
6544,NSE_EQ|IN2920240438,710RJ51,SG,NSE,SDL RJ 7.10% 2051,Others,IN2920240438,True
4062,NSE_EQ|IN3120240426,710TN34,SG,NSE,SDL TN 7.10% 2034,Others,IN3120240426,True
4057,NSE_EQ|IN3120240442,710TN54,SG,NSE,SDL TN 7.10% 2054,Others,IN3120240442,True
8617,NSE_EQ|IN4520240388,710TS44,SG,NSE,SDL TS 7.10% 2044,Others,IN4520240388,True
8616,NSE_EQ|IN4520240396,710TS45,SG,NSE,SDL TS 7.10% 2045,Others,IN4520240396,True
8534,NSE_EQ|IN4520240404,710TS46,SG,NSE,SDL TS 7.10% 2046,Others,IN4520240404,True
8532,NSE_EQ|IN4520240412,710TS47,SG,NSE,SDL TS 7.10% 2047,Others,IN4520240412,True
8559,NSE_EQ|IN4520240487,710TS50,SG,NSE,SDL TS 7.10% 2050,Others,IN4520240487,True
6864,NSE_EQ|IN4520250239,710TS57,SG,NSE,SDL TS 7.10% 2057,Others,IN4520250239,True
3479,NSE_EQ|IN3620190139,710UK30,SG,NSE,SDL UK 7.10% 2030,Others,IN3620190139,True
8020,NSE_EQ|IN3320190264,710UP30,SG,NSE,SDL UP 7.10% 2030,Others,IN3320190264,True
6159,NSE_EQ|IN3320240028,710UP32,SG,NSE,SDL UP 7.10% 2032,Others,IN3320240028,True
4699,NSE_EQ|IN1020240520,711AP38,SG,NSE,SDL AP 7.11% 2038,Others,IN1020240520,True
4607,NSE_EQ|IN1020240637,711AP38A,SG,NSE,SDL AP 7.11% 2038,Others,IN1020240637,True
4593,NSE_EQ|IN1020240710,711AP38B,SG,NSE,SDL AP 7.11% 2038,Others,IN1020240710,True
4608,NSE_EQ|IN1020240645,711AP39,SG,NSE,SDL AP 7.11% 2039,Others,IN1020240645,True
5419,NSE_EQ|IN1120240024,711AR44,SG,NSE,SDL AR 7.11% 2044,Others,IN1120240024,True
7918,NSE_EQ|IN1220190186,711AS30,SG,NSE,SDL AS 7.11% 2030,Others,IN1220190186,True
7240,NSE_EQ|IN1220240155,711AS45,SG,NSE,SDL AS 7.11% 2045,Others,IN1220240155,True
7438,NSE_EQ|IN1320240055,711BR33,SG,NSE,SDL BR 7.11% 2033,Others,IN1320240055,True
7428,NSE_EQ|IN1320240071,711BR33A,SG,NSE,SDL BR 7.11% 2033,Others,IN1320240071,True
7425,NSE_EQ|IN1320240097,711BR33B,SG,NSE,SDL BR 7.11% 2033,Others,IN1320240097,True
7252,NSE_EQ|IN1320240246,711BR45,SG,NSE,SDL BR 7.11% 2045,Others,IN1320240246,True
3508,NSE_EQ|IN3520190072,711CG30,SG,NSE,SDL CG 7.11% 2030,Others,IN3520190072,True
9172,NSE_EQ|IN1520200297,711GJ31,SG,NSE,SDL GJ 7.11% 2031,Others,IN1520200297,True
7786,NSE_EQ|IN1520240103,711GJ33,SG,NSE,SDL GJ 7.11% 2033,Others,IN1520240103,True
7583,NSE_EQ|IN1720190116,711HP28,SG,NSE,SDL HP 7.11% 2028,Others,IN1720190116,True
7581,NSE_EQ|IN1720190124,711HP30,SG,NSE,SDL HP 7.11% 2030,Others,IN1720190124,True
3689,NSE_EQ|IN1720240119,711HP34,SG,NSE,SDL HP 7.11% 2034,Others,IN1720240119,True
5048,NSE_EQ|IN4920240210,711JK55,SG,NSE,SDL JK 7.11% 2055,Others,IN4920240210,True
5108,NSE_EQ|IN1920240240,711KA33,SG,NSE,SDL KA 7.11% 2033,Others,IN1920240240,True
5380,NSE_EQ|IN1920240125,711KA35,SG,NSE,SDL KA 7.11% 2035,Others,IN1920240125,True
5111,NSE_EQ|IN1920240224,711KA35A,SG,NSE,SDL KA 7.11% 2035,Others,IN1920240224,True
8262,NSE_EQ|IN2220220015,711MH29,SG,NSE,SDL MH 7.11% 2029,Others,IN2220220015,True
8030,NSE_EQ|IN2220240310,711MH36,SG,NSE,SDL MH 7.11% 2036,Others,IN2220240310,True
8005,NSE_EQ|IN2220240369,711MH38,SG,NSE,SDL MH 7.11% 2038,Others,IN2220240369,True
3176,NSE_EQ|IN2420240078,711ML33,SG,NSE,SDL ML 7.11% 2033,Others,IN2420240078,True
3672,NSE_EQ|IN2120190185,711MP30,SG,NSE,SDL MP 7.11% 2030,Others,IN2120190185,True
6520,NSE_EQ|IN2520190058,711MZ30,SG,NSE,SDL MZ 7.11% 2030,Others,IN2520190058,True
4844,NSE_EQ|IN2720240042,711OR37,SG,NSE,SDL OR 7.11% 2037,Others,IN2720240042,True
3129,NSE_EQ|INE134E08NG6,711PFCL40,N0,NSE,PFCL 7.11% 2040 SR 243A,Others,INE134E08NG6,True
6483,NSE_EQ|IN2820240223,711PN44,SG,NSE,SDL PN 7.11% 2044,Others,IN2820240223,True
6461,NSE_EQ|IN2920240388,711RJ34,SG,NSE,SDL RJ 7.11% 2034,Others,IN2920240388,True
5651,NSE_EQ|INE507T07187,711SDIL30,N0,NSE,SDIL 7.11% 2030,Others,INE507T07187,True
4197,NSE_EQ|IN3120240368,711TN34,SG,NSE,SDL TN 7.11% 2034,Others,IN3120240368,True
4050,NSE_EQ|IN3120240467,711TN34A,SG,NSE,SDL TN 7.11% 2034,Others,IN3120240467,True
4023,NSE_EQ|IN3120240525,711TN45,SG,NSE,SDL TN 7.11% 2045,Others,IN3120240525,True
4048,NSE_EQ|IN3120240483,711TN55,SG,NSE,SDL TN 7.11% 2055,Others,IN3120240483,True
8627,NSE_EQ|IN4520240347,711TS45,SG,NSE,SDL TS 7.11% 2045,Others,IN4520240347,True
8568,NSE_EQ|IN4520240461,711TS47,SG,NSE,SDL TS 7.11% 2047,Others,IN4520240461,True
8561,NSE_EQ|IN4520240453,711TS55,SG,NSE,SDL TS 7.11% 2055,Others,IN4520240453,True
3446,NSE_EQ|IN3620190089,711UK30,SG,NSE,SDL UK 7.11% 2030,Others,IN3620190089,True
3888,NSE_EQ|IN3420250075,711WB44,SG,NSE,SDL WB 7.11% 2044,Others,IN3420250075,True
3887,NSE_EQ|IN3420250026,711WB47,SG,NSE,SDL WB 7.11% 2047,Others,IN3420250026,True
8379,NSE_EQ|INE033L07IO1,7123TCHF27,N0,NSE,TCHFL 7.123% 2027,Others,INE033L07IO1,True
8734,NSE_EQ|IN1020210192,712AP35,SG,NSE,SDL AP 7.12% 2035,Others,IN1020210192,True
8732,NSE_EQ|IN1020210168,712AP37,SG,NSE,SDL AP 7.12% 2037,Others,IN1020210168,True
4170,NSE_EQ|IN1220210208,712AS32,SG,NSE,SDL AS 7.12% 2032,Others,IN1220210208,True
4166,NSE_EQ|IN1220210240,712AS32A,SG,NSE,SDL AS 7.12% 2032,Others,IN1220210240,True
7234,NSE_EQ|IN1220240122,712AS34,SG,NSE,SDL AS 7.12% 2034,Others,IN1220240122,True
7439,NSE_EQ|IN1320240063,712BR33,SG,NSE,SDL BR 7.12% 2033,Others,IN1320240063,True
7290,NSE_EQ|IN1320240154,712BR34,SG,NSE,SDL BR 7.12% 2034,Others,IN1320240154,True
7251,NSE_EQ|IN1320240238,712BR37,SG,NSE,SDL BR 7.12% 2037,Others,IN1320240238,True
7248,NSE_EQ|IN1320240253,712BR37A,SG,NSE,SDL BR 7.12% 2037,Others,IN1320240253,True
8797,NSE_EQ|INE514E08GF5,712EXIM30,N0,NSE,EXIM 7.12% 2030 SR AA03,Others,INE514E08GF5,True
8093,NSE_EQ|IN1420240054,712GA34,SG,NSE,SDL GA 7.12% 2034,Others,IN1420240054,True
8084,NSE_EQ|IN1420240070,712GA34A,SG,NSE,SDL GA 7.12% 2034,Others,IN1420240070,True
8094,NSE_EQ|IN1420240062,712GA35,SG,NSE,SDL GA 7.12% 2035,Others,IN1420240062,True
4772,NSE_EQ|IN1420250053,712GA36,SG,NSE,SDL GA 7.12% 2036,Others,IN1420250053,True
5634,NSE_EQ|IN1520210213,712GJ32,SG,NSE,SDL GJ 7.12% 2032,Others,IN1520210213,True
8226,NSE_EQ|IN1520240152,712GJ35,SG,NSE,SDL GJ 7.12% 2035,Others,IN1520240152,True
8194,NSE_EQ|IN1520240244,712GJ37A,SG,NSE,SDL GJ 7.12% 2037,Others,IN1520240244,True
3687,NSE_EQ|IN1720240127,712HP36,SG,NSE,SDL HP 7.12% 2036,Others,IN1720240127,True
2908,NSE_EQ|IN1620240177,712HR36,SG,NSE,SDL HR 7.12% 2036,Others,IN1620240177,True
2907,NSE_EQ|IN1620240185,712HR36A,SG,NSE,SDL HR 7.12% 2036,Others,IN1620240185,True
2826,NSE_EQ|IN1620240201,712HR37,SG,NSE,SDL HR 7.12% 2037,Others,IN1620240201,True
5212,NSE_EQ|IN1620190182,712HR40,SG,NSE,SDL HR 7.12% 2040,Others,IN1620190182,True
6242,NSE_EQ|IN1620250101,712HR41,SG,NSE,SDL HR 7.12% 2041,Others,IN1620250101,True
4771,NSE_EQ|INE562A08107,712INBK34,N0,NSE,INBK 7.12% 2034 SR II,Others,INE562A08107,True
8789,NSE_EQ|IN4920210130,712JK37,SG,NSE,SDL JK 7.12% 2037,Others,IN4920210130,True
5329,NSE_EQ|IN1920240059,712KA33,SG,NSE,SDL KA 7.12% 2033,Others,IN1920240059,True
9350,NSE_EQ|IN1920210201,712KA34,SG,NSE,SDL KA 7.12% 2034,Others,IN1920210201,True
5378,NSE_EQ|IN1920240133,712KA36,SG,NSE,SDL KA 7.12% 2036,Others,IN1920240133,True
9382,NSE_EQ|IN1920210375,712KA37,SG,NSE,SDL KA 7.12% 2037,Others,IN1920210375,True
6582,NSE_EQ|IN2020240213,712KL35,SG,NSE,SDL KL 7.12% 2035,Others,IN2020240213,True
6396,NSE_EQ|INE498L07160,712LTFL27,N0,NSE,LTFL 7.12% 2027 SR F,Others,INE498L07160,True
6393,NSE_EQ|INE498L07178,712LTFL28,N0,NSE,LTFL 7.1242% 2028 SR G,Others,INE498L07178,True
8055,NSE_EQ|IN2220240278,712MH36,SG,NSE,SDL MH 7.12% 2036,Others,IN2220240278,True
7986,NSE_EQ|IN2220240401,712MH36A,SG,NSE,SDL MH 7.12% 2036,Others,IN2220240401,True
8027,NSE_EQ|IN2220240328,712MH38,SG,NSE,SDL MH 7.12% 2038,Others,IN2220240328,True
7990,NSE_EQ|IN2220240427,712MH38A,SG,NSE,SDL MH 7.12% 2038,Others,IN2220240427,True
8028,NSE_EQ|IN2220240336,712MH43,SG,NSE,SDL MH 7.12% 2043,Others,IN2220240336,True
4269,NSE_EQ|IN2220250186,712MH47,SG,NSE,SDL MH 7.12% 2047,Others,IN2220250186,True
3177,NSE_EQ|IN2420240060,712ML34,SG,NSE,SDL ML 7.12% 2034,Others,IN2420240060,True
3109,NSE_EQ|IN2320240079,712MN40,SG,NSE,SDL MN 7.12% 2040,Others,IN2320240079,True
3667,NSE_EQ|IN2120190151,712MP35,SG,NSE,SDL MP 7.12% 2035,Others,IN2120190151,True
7932,NSE_EQ|IN2120240055,712MP36,SG,NSE,SDL MP 7.12% 2036,Others,IN2120240055,True
7969,NSE_EQ|IN2120240147,712MP47,SG,NSE,SDL MP 7.12% 2047,Others,IN2120240147,True
6308,NSE_EQ|INE082G08012,712MPL28,N0,NSE,MPL 7.12% 2028 SR I,Others,INE082G08012,True
6678,NSE_EQ|IN2520210021,712MZ34,SG,NSE,SDL MZ 7.12% 2034,Others,IN2520210021,True
8849,NSE_EQ|INE07Z507037,712OIT40,N0,NSE,OIT 7.12% 2040 TR C,Others,INE07Z507037,True
3146,NSE_EQ|INE752E08775,712PGCIL34,N0,NSE,PG 7.12% 2034 SR LXXX,Others,INE752E08775,True
6477,NSE_EQ|IN2820240256,712PN36,SG,NSE,SDL PN 7.12% 2036,Others,IN2820240256,True
2979,NSE_EQ|IN2820210150,712PN37,SG,NSE,SDL PN 7.12% 2037,Others,IN2820210150,True
6475,NSE_EQ|IN2820240272,712PN45,SG,NSE,SDL PN 7.12% 2045,Others,IN2820240272,True
6460,NSE_EQ|IN2920240396,712RJ39,SG,NSE,SDL RJ 7.12% 2039,Others,IN2920240396,True
4494,NSE_EQ|INE667F07JE7,712SHFL30,N0,NSE,SHFL 7.12% 2030 SR 353,Others,INE667F07JE7,True
3302,NSE_EQ|INE976I07DB5,712TACA28,N0,NSE,TACA 7.12% 2028 SR C,Others,INE976I07DB5,True
7364,NSE_EQ|IN3120210395,712TN30,SG,NSE,SDL TN 7.12% 2030,Others,IN3120210395,True
7380,NSE_EQ|IN3120250722,712TN32,SG,NSE,SDL TN 7.12% 2032,Others,IN3120250722,True
4211,NSE_EQ|IN3120240301,712TN34,SG,NSE,SDL TN 7.12% 2034,Others,IN3120240301,True
4198,NSE_EQ|IN3120240350,712TN34A,SG,NSE,SDL TN 7.12% 2034,Others,IN3120240350,True
4025,NSE_EQ|IN3120240517,712TN55,SG,NSE,SDL TN 7.12% 2055,Others,IN3120240517,True
8621,NSE_EQ|IN4520240321,712TS39,SG,NSE,SDL TS 7.12% 2039,Others,IN4520240321,True
8541,NSE_EQ|IN4520240420,712TS51,SG,NSE,SDL TS 7.12% 2051,Others,IN4520240420,True
8563,NSE_EQ|IN4520240446,712TS54,SG,NSE,SDL TS 7.12% 2054,Others,IN4520240446,True
7791,NSE_EQ|IN3320210195,712UP32,SG,NSE,SDL UP 7.12% 2032,Others,IN3320210195,True
9313,NSE_EQ|IN3320250043,712UP33,SG,NSE,SDL UP 7.12% 2033,Others,IN3320250043,True
9310,NSE_EQ|IN3320250050,712UP33A,SG,NSE,SDL UP 7.12% 2033,Others,IN3320250050,True
9275,NSE_EQ|IN3320250100,712UP33B,SG,NSE,SDL UP 7.12% 2033,Others,IN3320250100,True
8073,NSE_EQ|IN3420210228,712WB36,SG,NSE,SDL WB 7.12% 2036,Others,IN3420210228,True
8174,NSE_EQ|IN3420210111,712WB51,SG,NSE,SDL WB 7.12% 2051,Others,IN3420210111,True
8733,NSE_EQ|IN1020210150,713AP36,SG,NSE,SDL AP 7.13% 2036,Others,IN1020210150,True
8677,NSE_EQ|IN1020210333,713AP36A,SG,NSE,SDL AP 7.13% 2036,Others,IN1020210333,True
8622,NSE_EQ|IN1020210531,713AP39,SG,NSE,SDL AP 7.13% 2039,Others,IN1020210531,True
8612,NSE_EQ|IN1020210507,713AP40,SG,NSE,SDL AP 7.13% 2040,Others,IN1020210507,True
8629,NSE_EQ|IN1020210515,713AP41,SG,NSE,SDL AP 7.13% 2041,Others,IN1020210515,True
3398,NSE_EQ|IN1220250097,713AS31,SG,NSE,SDL AS 7.13% 2031,Others,IN1220250097,True
7265,NSE_EQ|IN1220240080,713AS34,SG,NSE,SDL AS 7.13% 2034,Others,IN1220240080,True
7233,NSE_EQ|IN1220240114,713AS34A,SG,NSE,SDL AS 7.13% 2034,Others,IN1220240114,True
7256,NSE_EQ|IN1220240106,713AS39,SG,NSE,SDL AS 7.13% 2039,Others,IN1220240106,True
2608,NSE_EQ|IN1320210140,713BR32,SG,NSE,SDL BR 7.13% 2032,Others,IN1320210140,True
7281,NSE_EQ|IN1320240113,713BR34,SG,NSE,SDL BR 7.13% 2034,Others,IN1320240113,True
7283,NSE_EQ|IN1320240121,713BR34A,SG,NSE,SDL BR 7.13% 2034,Others,IN1320240121,True
7279,NSE_EQ|IN1320240147,713BR34B,SG,NSE,SDL BR 7.13% 2034,Others,IN1320240147,True
8087,NSE_EQ|IN1420240088,713GA34,SG,NSE,SDL GA 7.13% 2034,Others,IN1420240088,True
3684,NSE_EQ|IN1720240101,713HP39,SG,NSE,SDL HP 7.13% 2039,Others,IN1720240101,True
6102,NSE_EQ|IN1620210139,713HR32,SG,NSE,SDL HR 7.13% 2032,Others,IN1620210139,True
2905,NSE_EQ|IN1620240169,713HR36,SG,NSE,SDL HR 7.13% 2036,Others,IN1620240169,True
2801,NSE_EQ|IN1620240193,713HR36A,SG,NSE,SDL HR 7.13% 2036,Others,IN1620240193,True
6098,NSE_EQ|IN1620210154,713HR42,SG,NSE,SDL HR 7.13% 2042,Others,IN1620210154,True
8793,NSE_EQ|IN4920210122,713JK34,SG,NSE,SDL JK 7.13% 2034,Others,IN4920210122,True
5107,NSE_EQ|IN1920240257,713KA34A,SG,NSE,SDL KA 7.13% 2034,Others,IN1920240257,True
9383,NSE_EQ|IN1920210383,713KA38,SG,NSE,SDL KA 7.13% 2038,Others,IN1920210383,True
9402,NSE_EQ|IN1920210391,713KA39,SG,NSE,SDL KA 7.13% 2039,Others,IN1920210391,True
5422,NSE_EQ|IN1920240216,713KA41,SG,NSE,SDL KA 7.13% 2041,Others,IN1920240216,True
2879,NSE_EQ|IN2020210083,713KL46,SG,NSE,SDL KL 7.13% 2046,Others,IN2020210083,True
3051,NSE_EQ|IN2020250089,713KL58,SG,NSE,SDL KL 7.13% 2058,Others,IN2020250089,True
8048,NSE_EQ|IN2220240286,713MH37,SG,NSE,SDL MH 7.13% 2037,Others,IN2220240286,True
8013,NSE_EQ|IN2220240351,713MH37A,SG,NSE,SDL MH 7.13% 2037,Others,IN2220240351,True
7991,NSE_EQ|IN2220240419,713MH37B,SG,NSE,SDL MH 7.13% 2037,Others,IN2220240419,True
8050,NSE_EQ|IN2220240294,713MH43,SG,NSE,SDL MH 7.13% 2043,Others,IN2220240294,True
4267,NSE_EQ|IN2220250194,713MH48,SG,NSE,SDL MH 7.13% 2048,Others,IN2220250194,True
5160,NSE_EQ|IN2520240085,713MZ39,SG,NSE,SDL MZ 7.13% 2039,Others,IN2520240085,True
2792,NSE_EQ|IN2820250073,713PN50,SG,NSE,SDL PN 7.13% 2050,Others,IN2820250073,True
3295,NSE_EQ|IN2920210555,713RJ29,SG,NSE,SDL RJ 7.13% 2029,Others,IN2920210555,True
6772,NSE_EQ|IN2920200788,713RJ31,SG,NSE,SDL RJ 7.13% 2031,Others,IN2920200788,True
6457,NSE_EQ|IN2920240339,713RJ34,SG,NSE,SDL RJ 7.13% 2034,Others,IN2920240339,True
6540,NSE_EQ|IN2920240412,713RJ35,SG,NSE,SDL RJ 7.13% 2035,Others,IN2920240412,True
6497,NSE_EQ|IN2920240297,713RJ39,SG,NSE,SDL RJ 7.13% 2039,Others,IN2920240297,True
3264,NSE_EQ|IN2920210209,713RJ41,SG,NSE,SDL RJ 7.13% 2041,Others,IN2920210209,True
6471,NSE_EQ|IN2920240313,713RJ46,SG,NSE,SDL RJ 7.13% 2046,Others,IN2920240313,True
7346,NSE_EQ|IN3120210460,713TN30,SG,NSE,SDL TN 7.13% 2030,Others,IN3120210460,True
4208,NSE_EQ|IN3120240327,713TN34,SG,NSE,SDL TN 7.13% 2034,Others,IN3120240327,True
7242,NSE_EQ|IN3120210338,713TN47,SG,NSE,SDL TN 7.13% 2047,Others,IN3120210338,True
5786,NSE_EQ|IN4520210274,713TS34,SG,NSE,SDL TS 7.13% 2034,Others,IN4520210274,True
8596,NSE_EQ|IN4520240313,713TS36,SG,NSE,SDL TS 7.13% 2036,Others,IN4520240313,True
5785,NSE_EQ|IN4520210266,713TS37,SG,NSE,SDL TS 7.13% 2037,Others,IN4520210266,True
8611,NSE_EQ|IN4520240370,713TS39,SG,NSE,SDL TS 7.13% 2039,Others,IN4520240370,True
8565,NSE_EQ|IN4520240438,713TS49,SG,NSE,SDL TS 7.13% 2049,Others,IN4520240438,True
6849,NSE_EQ|IN4520250221,713TS55,SG,NSE,SDL TS 7.13% 2055,Others,IN4520250221,True
7728,NSE_EQ|IN3620240066,713UK32,SG,NSE,SDL UK 7.13% 2032,Others,IN3620240066,True
7669,NSE_EQ|IN3420240159,713WB40,SG,NSE,SDL WB 7.13% 2040,Others,IN3420240159,True
7623,NSE_EQ|IN3420240209,713WB42,SG,NSE,SDL WB 7.13% 2042,Others,IN3420240209,True
7622,NSE_EQ|IN3420240217,713WB44,SG,NSE,SDL WB 7.13% 2044,Others,IN3420240217,True
8138,NSE_EQ|IN1020250347,714AP33,SG,NSE,SDL AP 7.14% 2033,Others,IN1020250347,True
8794,NSE_EQ|IN1020190477,714AP34,SG,NSE,SDL AP 7.14% 2034,Others,IN1020190477,True
4685,NSE_EQ|IN1020240603,714AP34A,SG,NSE,SDL AP 7.14% 2034,Others,IN1020240603,True
8562,NSE_EQ|IN1020210424,714AP35,SG,NSE,SDL AP 7.14% 2035,Others,IN1020210424,True
8633,NSE_EQ|IN1020210200,714AP36,SG,NSE,SDL AP 7.14% 2036,Others,IN1020210200,True
8632,NSE_EQ|IN1020210218,714AP37,SG,NSE,SDL AP 7.14% 2037,Others,IN1020210218,True
8500,NSE_EQ|IN1020210432,714AP40,SG,NSE,SDL AP 7.14% 2040,Others,IN1020210432,True
8631,NSE_EQ|IN1020210226,714AP41,SG,NSE,SDL AP 7.14% 2041,Others,IN1020210226,True
8675,NSE_EQ|IN1020210341,714AP41A,SG,NSE,SDL AP 7.14% 2041,Others,IN1020210341,True
8499,NSE_EQ|IN1020210440,714AP41B,SG,NSE,SDL AP 7.14% 2041,Others,IN1020210440,True
4700,NSE_EQ|IN1020240538,714AP44,SG,NSE,SDL AP 7.14% 2044,Others,IN1020240538,True
4702,NSE_EQ|IN1020240546,714AP48,SG,NSE,SDL AP 7.14% 2048,Others,IN1020240546,True
2725,NSE_EQ|IN1320190201,714BR30,SG,NSE,SDL BR 7.14% 2030,Others,IN1320190201,True
7430,NSE_EQ|IN1320240089,714BR33,SG,NSE,SDL BR 7.14% 2033,Others,IN1320240089,True
7254,NSE_EQ|IN1320240279,714BR37,SG,NSE,SDL BR 7.14% 2037,Others,IN1320240279,True
7258,NSE_EQ|IN1320240220,714BR45,SG,NSE,SDL BR 7.14% 2045,Others,IN1320240220,True
7752,NSE_EQ|IN3520240091,714CG32,SG,NSE,SDL CG 7.14% 2032,Others,IN3520240091,True
7745,NSE_EQ|IN3520240034,714CG33,SG,NSE,SDL CG 7.14% 2033,Others,IN3520240034,True
8806,NSE_EQ|INE514E08GD0,714EXIM29,N0,NSE,EXIM 7.14% 2029 SR 1,Others,INE514E08GD0,True
3790,NSE_EQ|IN1420190150,714GA30,SG,NSE,SDL GA 7.14% 2030,Others,IN1420190150,True
7780,NSE_EQ|IN1720210088,714HP33,SG,NSE,SDL HP 7.14% 2033,Others,IN1720210088,True
8537,NSE_EQ|IN1620200171,714HR31,SG,NSE,SDL HR 7.14% 2031,Others,IN1620200171,True
2840,NSE_EQ|IN1620240276,714HR38,SG,NSE,SDL HR 7.14% 2038,Others,IN1620240276,True
2838,NSE_EQ|IN1620240284,714HR38A,SG,NSE,SDL HR 7.14% 2038,Others,IN1620240284,True
2842,NSE_EQ|IN1620240292,714HR38B,SG,NSE,SDL HR 7.14% 2038,Others,IN1620240292,True
8801,NSE_EQ|IN4920210114,714JK36,SG,NSE,SDL JK 7.14% 2036,Others,IN4920210114,True
7891,NSE_EQ|IN4920250078,714JK40,SG,NSE,SDL JK 7.14% 2040,Others,IN4920250078,True
5046,NSE_EQ|IN4920240202,714JK51,SG,NSE,SDL JK 7.14% 2051,Others,IN4920240202,True
6283,NSE_EQ|IN1920190114,714KA29,SG,NSE,SDL KA 7.14% 2029,Others,IN1920190114,True
6287,NSE_EQ|IN1920190130,714KA29A,SG,NSE,SDL KA 7.14% 2029,Others,IN1920190130,True
9344,NSE_EQ|IN1920210243,714KA32,SG,NSE,SDL KA 7.14% 2032,Others,IN1920210243,True
2650,NSE_EQ|IN2020210174,714KL35,SG,NSE,SDL KL 7.14% 2035,Others,IN2020210174,True
6570,NSE_EQ|IN2020240247,714KL45,SG,NSE,SDL KL 7.14% 2045,Others,IN2020240247,True
6590,NSE_EQ|IN2020240163,714KL47,SG,NSE,SDL KL 7.14% 2047,Others,IN2020240163,True
5099,NSE_EQ|IN2220190093,714MH29,SG,NSE,SDL MH 7.14% 2029,Others,IN2220190093,True
7992,NSE_EQ|IN2220240435,714MH39,SG,NSE,SDL MH 7.14% 2039,Others,IN2220240435,True
8007,NSE_EQ|IN2220240377,714MH43,SG,NSE,SDL MH 7.14% 2043,Others,IN2220240377,True
4264,NSE_EQ|IN2220250160,714MH45,SG,NSE,SDL MH 7.14% 2045,Others,IN2220250160,True
4263,NSE_EQ|IN2220250178,714MH46,SG,NSE,SDL MH 7.14% 2046,Others,IN2220250178,True
7995,NSE_EQ|IN2120240246,714MP32,SG,NSE,SDL MP 7.14% 2032,Others,IN2120240246,True
4511,NSE_EQ|IN2120250054,714MP41,SG,NSE,SDL MP 7.14% 2041,Others,IN2120250054,True
7907,NSE_EQ|IN2120240063,714MP43,SG,NSE,SDL MP 7.14% 2043,Others,IN2120240063,True
7966,NSE_EQ|IN2120240121,714MP45,SG,NSE,SDL MP 7.14% 2045,Others,IN2120240121,True
8863,NSE_EQ|IN2520250068,714MZ33,SG,NSE,SDL MZ 7.14% 2033,Others,IN2520250068,True
8850,NSE_EQ|IN2520250027,714MZ40,SG,NSE,SDL MZ 7.14% 2040,Others,IN2520250027,True
3531,NSE_EQ|INE557F08GA2,714NHB34,N0,NSE,NHB 7.14% 2034,Others,INE557F08GA2,True
8971,NSE_EQ|IN2620250026,714NL30,SG,NSE,SDL NL 7.14% 2030,Others,IN2620250026,True
8966,NSE_EQ|IN2620250034,714NL30A,SG,NSE,SDL NL 7.14% 2030,Others,IN2620250034,True
2960,NSE_EQ|INE206D08519,714NPC39,N0,NSE,NPC 7.14% 2039 SR 39,Others,INE206D08519,True
2965,NSE_EQ|IN2820210135,714PN32,SG,NSE,SDL PN 7.14% 2032,Others,IN2820210135,True
2962,NSE_EQ|IN2820210127,714PN36,SG,NSE,SDL PN 7.14% 2036,Others,IN2820210127,True
6485,NSE_EQ|IN2820240215,714PN49,SG,NSE,SDL PN 7.14% 2049,Others,IN2820240215,True
5315,NSE_EQ|IN3820250048,714PY30,SG,NSE,SDL PY 7.14% 2030,Others,IN3820250048,True
8651,NSE_EQ|IN3820240056,714PY31A,SG,NSE,SDL PY 7.14% 2031,Others,IN3820240056,True
8649,NSE_EQ|IN3820240049,714PY35,SG,NSE,SDL PY 7.14% 2035,Others,IN3820240049,True
3457,NSE_EQ|IN2920190385,714RJ30,SG,NSE,SDL RJ 7.14% 2030,Others,IN2920190385,True
3330,NSE_EQ|IN2920210423,714RJ32,SG,NSE,SDL RJ 7.14% 2032,Others,IN2920210423,True
6542,NSE_EQ|IN2920240446,714RJ37A,SG,NSE,SDL RJ 7.14% 2037,Others,IN2920240446,True
5655,NSE_EQ|INE507T07179,714SDIL32,N0,NSE,SDIL 7.1450% 2032,Others,INE507T07179,True
3498,NSE_EQ|INE054008011,714SECIL35,N0,NSE,SECIL 7.14% 2035 SR 1,Others,INE054008011,True
8343,NSE_EQ|IN3020200017,714SK30,SG,NSE,SDL SK 7.14% 2030,Others,IN3020200017,True
4153,NSE_EQ|IN3020240013,714SK34,SG,NSE,SDL SK 7.14% 2034,Others,IN3020240013,True
6200,NSE_EQ|INE692Q07639,714TFSIL28,N0,NSE,TFSIL 7.14% 2028 SR S59,Others,INE692Q07639,True
7363,NSE_EQ|IN3120210379,714TN32,SG,NSE,SDL TN 7.14% 2032,Others,IN3120210379,True
4203,NSE_EQ|IN3120240384,714TN34,SG,NSE,SDL TN 7.14% 2034,Others,IN3120240384,True
7590,NSE_EQ|IN3120250425,714TN34A,SG,NSE,SDL TN 7.14% 2034,Others,IN3120250425,True
7490,NSE_EQ|IN3120250342,714TN35,SG,NSE,SDL TN 7.14% 2035,Others,IN3120250342,True
7489,NSE_EQ|IN3120250359,714TN35A,SG,NSE,SDL TN 7.14% 2035,Others,IN3120250359,True
4049,NSE_EQ|IN3120240475,714TN44,SG,NSE,SDL TN 7.14% 2044,Others,IN3120240475,True
5765,NSE_EQ|IN4520210217,714TS33,SG,NSE,SDL TS 7.14% 2033,Others,IN4520210217,True
5820,NSE_EQ|IN4520210118,714TS41,SG,NSE,SDL TS 7.14% 2041,Others,IN4520210118,True
8630,NSE_EQ|IN4520240339,714TS42,SG,NSE,SDL TS 7.14% 2042,Others,IN4520240339,True
6850,NSE_EQ|IN4520250205,714TS49,SG,NSE,SDL TS 7.14% 2049,Others,IN4520250205,True
6851,NSE_EQ|IN4520250213,714TS55,SG,NSE,SDL TS 7.14% 2055,Others,IN4520250213,True
7731,NSE_EQ|IN3620240074,714UK32,SG,NSE,SDL UK 7.14% 2032,Others,IN3620240074,True
7998,NSE_EQ|IN3320190207,714UP30,SG,NSE,SDL UP 7.14% 2030,Others,IN3320190207,True
8074,NSE_EQ|IN3420210236,714WB32,SG,NSE,SDL WB 7.14% 2032,Others,IN3420210236,True
8735,NSE_EQ|IN1020190519,715AP31,SG,NSE,SDL AP 7.15% 2031,Others,IN1020190519,True
8736,NSE_EQ|IN1020190527,715AP32,SG,NSE,SDL AP 7.15% 2032,Others,IN1020190527,True
8791,NSE_EQ|IN1020190451,715AP36,SG,NSE,SDL AP 7.15% 2036,Others,IN1020190451,True
8731,NSE_EQ|IN1020210176,715AP37,SG,NSE,SDL AP 7.15% 2037,Others,IN1020210176,True
4693,NSE_EQ|IN1020240553,715AP39,SG,NSE,SDL AP 7.15% 2039,Others,IN1020240553,True
4697,NSE_EQ|IN1020240587,715AP42,SG,NSE,SDL AP 7.15% 2042,Others,IN1020240587,True
4703,NSE_EQ|IN1020240595,715AP47,SG,NSE,SDL AP 7.15% 2047,Others,IN1020240595,True
7237,NSE_EQ|IN1220240148,715AS35,SG,NSE,SDL AS 7.15% 2035,Others,IN1220240148,True
7243,NSE_EQ|IN1220240171,715AS35B,SG,NSE,SDL AS 7.15% 2035,Others,IN1220240171,True
7298,NSE_EQ|IN1320240105,715BR34,SG,NSE,SDL BR 7.15% 2034,Others,IN1320240105,True
7295,NSE_EQ|IN1320240162,715BR34A,SG,NSE,SDL BR 7.15% 2034,Others,IN1320240162,True
7285,NSE_EQ|IN1320240170,715BR35,SG,NSE,SDL BR 7.15% 2035,Others,IN1320240170,True
7257,NSE_EQ|IN1320240212,715BR37,SG,NSE,SDL BR 7.15% 2037,Others,IN1320240212,True
7253,NSE_EQ|IN1320240295,715BR37B,SG,NSE,SDL BR 7.15% 2037,Others,IN1320240295,True
7287,NSE_EQ|IN1320240188,715BR40,SG,NSE,SDL BR 7.15% 2040,Others,IN1320240188,True
3798,NSE_EQ|IN1420190192,715GA30,SG,NSE,SDL GA 7.15% 2030,Others,IN1420190192,True
3994,NSE_EQ|IN1420210180,715GA32,SG,NSE,SDL GA 7.15% 2032,Others,IN1420210180,True
6702,NSE_EQ|IN1720250050,715HP50,SG,NSE,SDL HP 7.15% 2050,Others,IN1720250050,True
9323,NSE_EQ|IN1620220013,715HR28,SG,NSE,SDL HR 7.15% 2028,Others,IN1620220013,True
2835,NSE_EQ|IN1620240250,715HR38,SG,NSE,SDL HR 7.15% 2038,Others,IN1620240250,True
6247,NSE_EQ|IN1620250127,715HR40,SG,NSE,SDL HR 7.15% 2040,Others,IN1620250127,True
4767,NSE_EQ|INE562A08115,715INBK36,N0,NSE,INBK 7.15% 2036,Others,INE562A08115,True
2570,NSE_EQ|INE053F08452,715IRFC34,N0,NSE,IRFCL 7.15% 2034 SR 185,Others,INE053F08452,True
2559,NSE_EQ|INE053F08437,715IRFC39,N0,NSE,IRFCL 7.15% 2039 SR 183,Others,INE053F08437,True
5067,NSE_EQ|IN4920200099,715JK32,SG,NSE,SDL JK 7.15% 2032,Others,IN4920200099,True
8553,NSE_EQ|IN1920250132,715KA31,SG,NSE,SDL KA 7.15% 2031,Others,IN1920250132,True
5346,NSE_EQ|IN1920240091,715KA36,SG,NSE,SDL KA 7.15% 2036,Others,IN1920240091,True
5427,NSE_EQ|IN1920240208,715KA38,SG,NSE,SDL KA 7.15% 2038,Others,IN1920240208,True
5373,NSE_EQ|IN1920240158,715KA42,SG,NSE,SDL KA 7.15% 2042,Others,IN1920240158,True
5372,NSE_EQ|IN1920240166,715KA43,SG,NSE,SDL KA 7.15% 2043,Others,IN1920240166,True
6606,NSE_EQ|IN2020240189,715KL39,SG,NSE,SDL KL 7.15% 2039,Others,IN2020240189,True
6608,NSE_EQ|IN2020240197,715KL40,SG,NSE,SDL KL 7.15% 2040,Others,IN2020240197,True
4272,NSE_EQ|IN2220250137,715MH45,SG,NSE,SDL MH 7.15% 2045,Others,IN2220250137,True
4266,NSE_EQ|IN2220250145,715MH46,SG,NSE,SDL MH 7.15% 2046,Others,IN2220250145,True
4265,NSE_EQ|IN2220250152,715MH47,SG,NSE,SDL MH 7.15% 2047,Others,IN2220250152,True
4258,NSE_EQ|IN2220250202,715MH49,SG,NSE,SDL MH 7.15% 2049,Others,IN2220250202,True
2945,NSE_EQ|IN2320240046,715MN39,SG,NSE,SDL MN 7.15% 2039,Others,IN2320240046,True
2943,NSE_EQ|IN2320240053,715MN39A,SG,NSE,SDL MN 7.15% 2039,Others,IN2320240053,True
7910,NSE_EQ|IN2120240071,715MP35,SG,NSE,SDL MP 7.15% 2035,Others,IN2120240071,True
7913,NSE_EQ|IN2120240089,715MP43,SG,NSE,SDL MP 7.15% 2043,Others,IN2120240089,True
4522,NSE_EQ|IN2120250062,715MP43A,SG,NSE,SDL MP 7.15% 2043,Others,IN2120250062,True
5158,NSE_EQ|IN2520240069,715MZ39,SG,NSE,SDL MZ 7.15% 2039,Others,IN2520240069,True
5157,NSE_EQ|IN2520240077,715MZ40,SG,NSE,SDL MZ 7.15% 2040,Others,IN2520240077,True
9432,NSE_EQ|INE0KUG08068,715NBFID35,N0,NSE,NABF 7.15% 2035 SR 4,Others,INE0KUG08068,True
9421,NSE_EQ|INE0KUG08118,715NBFID40,N0,NSE,NABF 7.15% 2040 TR 2,Others,INE0KUG08118,True
4815,NSE_EQ|IN2620240027,715NL34,SG,NSE,SDL NL 7.15% 2034,Others,IN2620240027,True
4841,NSE_EQ|IN2720240018,715OR38,SG,NSE,SDL OR 7.15% 2038,Others,IN2720240018,True
6462,NSE_EQ|IN2820240207,715PN44,SG,NSE,SDL PN 7.15% 2044,Others,IN2820240207,True
8654,NSE_EQ|IN3820240064,715PY39A,SG,NSE,SDL PY 7.15% 2039,Others,IN3820240064,True
3463,NSE_EQ|IN2920190328,715RJ30,SG,NSE,SDL RJ 7.15% 2030,Others,IN2920190328,True
6768,NSE_EQ|IN2920200739,715RJ31,SG,NSE,SDL RJ 7.15% 2031,Others,IN2920200739,True
6773,NSE_EQ|IN2920200796,715RJ31A,SG,NSE,SDL RJ 7.15% 2031,Others,IN2920200796,True
6522,NSE_EQ|IN2920240503,715RJ35,SG,NSE,SDL RJ 7.15% 2035,Others,IN2920240503,True
6467,NSE_EQ|IN2920240305,715RJ42,SG,NSE,SDL RJ 7.15% 2042,Others,IN2920240305,True
2526,NSE_EQ|IN2920250148,715RJ53,SG,NSE,SDL RJ 7.15% 2053,Others,IN2920250148,True
4497,NSE_EQ|INE667F07JB3,715SHFL28,N0,NSE,SHFL 7.15% 2028 SR 350,Others,INE667F07JB3,True
4500,NSE_EQ|INE667F07JC1,715SHFL30,N0,NSE,SHFL 7.15% 2030 SR 351,Others,INE667F07JC1,True
6677,NSE_EQ|IN3120190209,715TN27,SG,NSE,SDL TN 7.15% 2027,Others,IN3120190209,True
7500,NSE_EQ|IN3120250284,715TN32,SG,NSE,SDL TN 7.15% 2032,Others,IN3120250284,True
4099,NSE_EQ|IN3120240715,715TN33,SG,NSE,SDL TN 7.15% 2033,Others,IN3120240715,True
4024,NSE_EQ|IN3120240509,715TN35,SG,NSE,SDL TN 7.15% 2035,Others,IN3120240509,True
7729,NSE_EQ|IN3620240058,715UK30,SG,NSE,SDL UK 7.15% 2030,Others,IN3620240058,True
8217,NSE_EQ|IN3320210203,715UP32,SG,NSE,SDL UP 7.15% 2032,Others,IN3320210203,True
9307,NSE_EQ|IN3320250068,715UP35,SG,NSE,SDL UP 7.15% 2035,Others,IN3320250068,True
6154,NSE_EQ|IN3320240069,715UP37,SG,NSE,SDL UP 7.15% 2037,Others,IN3320240069,True
6108,NSE_EQ|IN3320240135,715UP37A,SG,NSE,SDL UP 7.15% 2037,Others,IN3320240135,True
8250,NSE_EQ|IN3420190180,715WB35,SG,NSE,SDL WB 7.15% 2035,Others,IN3420190180,True
7611,NSE_EQ|IN3420240183,715WB40,SG,NSE,SDL WB 7.15% 2040,Others,IN3420240183,True
7655,NSE_EQ|IN3420240100,715WB44,SG,NSE,SDL WB 7.15% 2044,Others,IN3420240100,True
7658,NSE_EQ|IN3420240126,715WB44A,SG,NSE,SDL WB 7.15% 2044,Others,IN3420240126,True
7660,NSE_EQ|IN3420240118,715WB45,SG,NSE,SDL WB 7.15% 2045,Others,IN3420240118,True
3890,NSE_EQ|IN3420250059,715WB52,SG,NSE,SDL WB 7.15% 2052,Others,IN3420250059,True
4594,NSE_EQ|IN1020240728,716AP40,SG,NSE,SDL AP 7.16% 2040,Others,IN1020240728,True
4695,NSE_EQ|IN1020240579,716AP47,SG,NSE,SDL AP 7.16% 2047,Others,IN1020240579,True
5418,NSE_EQ|IN1120240016,716AR44,SG,NSE,SDL AR 7.16% 2044,Others,IN1120240016,True
7241,NSE_EQ|IN1220240163,716AS40,SG,NSE,SDL AS 7.16% 2040,Others,IN1220240163,True
6195,NSE_EQ|IN3520240109,716CG33,SG,NSE,SDL CG 7.16% 2033,Others,IN3520240109,True
6194,NSE_EQ|IN3520240117,716CG34,SG,NSE,SDL CG 7.16% 2034,Others,IN3520240117,True
7568,NSE_EQ|IN1420200280,716GA31,SG,NSE,SDL GA 7.16% 2031,Others,IN1420200280,True
4473,NSE_EQ|IN1520250250,716GJ31,SG,NSE,SDL GJ 7.16% 2031,Others,IN1520250250,True
8426,NSE_EQ|IN0020200054,716GS2050,GS,NSE,GOI LOAN 7.16% 2050,Others,IN0020200054,True
5583,NSE_EQ|IN1620230046,716HR27,SG,NSE,SDL HR 7.16% 2027,Others,IN1620230046,True
2832,NSE_EQ|IN1620240235,716HR37,SG,NSE,SDL HR 7.16% 2037,Others,IN1620240235,True
2774,NSE_EQ|IN1620240300,716HR38A,SG,NSE,SDL HR 7.16% 2038,Others,IN1620240300,True
5030,NSE_EQ|IN4920240160,716JK49,SG,NSE,SDL JK 7.16% 2049,Others,IN4920240160,True
6289,NSE_EQ|IN1920190148,716KA30,SG,NSE,SDL KA 7.16% 2030,Others,IN1920190148,True
8525,NSE_EQ|IN1920250074,716KA31,SG,NSE,SDL KA 7.16% 2031,Others,IN1920250074,True
5105,NSE_EQ|IN1920240273,716KA32,SG,NSE,SDL KA 7.16% 2032,Others,IN1920240273,True
9387,NSE_EQ|IN1920210367,716KA36,SG,NSE,SDL KA 7.16% 2036,Others,IN1920210367,True
5106,NSE_EQ|IN1920240265,716KA36B,SG,NSE,SDL KA 7.16% 2036,Others,IN1920240265,True
5374,NSE_EQ|IN1920240141,716KA40,SG,NSE,SDL KA 7.16% 2040,Others,IN1920240141,True
2845,NSE_EQ|IN2020190194,716KL30,SG,NSE,SDL KL 7.16% 2030,Others,IN2020190194,True
6571,NSE_EQ|IN2020240254,716KL38,SG,NSE,SDL KL 7.16% 2038,Others,IN2020240254,True
4257,NSE_EQ|IN2220250210,716MH50,SG,NSE,SDL MH 7.16% 2050,Others,IN2220250210,True
4259,NSE_EQ|IN2220250236,716MH55,SG,NSE,SDL MH 7.16% 2055,Others,IN2220250236,True
3716,NSE_EQ|IN2420200122,716ML31,SG,NSE,SDL ML 7.16% 2031,Others,IN2420200122,True
7970,NSE_EQ|IN2120240154,716MP37A,SG,NSE,SDL MP 7.16% 2037,Others,IN2120240154,True
7971,NSE_EQ|IN2120240162,716MP40A,SG,NSE,SDL MP 7.16% 2040,Others,IN2120240162,True
7961,NSE_EQ|IN2120240105,716MP44,SG,NSE,SDL MP 7.16% 2044,Others,IN2120240105,True
5076,NSE_EQ|IN2520240101,716MZ35,SG,NSE,SDL MZ 7.16% 2035,Others,IN2520240101,True
3735,NSE_EQ|IN2720250041,716OR50,SG,NSE,SDL OR 7.16% 2050,Others,IN2720250041,True
3122,NSE_EQ|INE134E08NI2,716PFCL40,N0,NSE,PFCL 7.16% 2040 SR 244A,Others,INE134E08NI2,True
8643,NSE_EQ|IN3820240072,716PY40A,SG,NSE,SDL PY 7.16% 2040,Others,IN3820240072,True
6455,NSE_EQ|IN2920240354,716RJ34,SG,NSE,SDL RJ 7.16% 2034,Others,IN2920240354,True
2594,NSE_EQ|IN2920250288,716RJ35,SG,NSE,SDL RJ 7.16% 2035,Others,IN2920250288,True
6456,NSE_EQ|IN2920240347,716RJ45,SG,NSE,SDL RJ 7.16% 2045,Others,IN2920240347,True
7574,NSE_EQ|IN3120250490,716TN32,SG,NSE,SDL TN 7.16% 2032,Others,IN3120250490,True
7593,NSE_EQ|IN3120250409,716TN35,SG,NSE,SDL TN 7.16% 2035,Others,IN3120250409,True
4200,NSE_EQ|IN3120240335,716TN54,SG,NSE,SDL TN 7.16% 2054,Others,IN3120240335,True
4201,NSE_EQ|IN3120240392,716TN54A,SG,NSE,SDL TN 7.16% 2054,Others,IN3120240392,True
8624,NSE_EQ|IN4520240354,716TS47,SG,NSE,SDL TS 7.16% 2047,Others,IN4520240354,True
8614,NSE_EQ|IN4520240362,716TS49,SG,NSE,SDL TS 7.16% 2049,Others,IN4520240362,True
4623,NSE_EQ|INE692A08235,716UBI36,N0,NSE,UBI 7.16% 2036 SR 1,Others,INE692A08235,True
8049,NSE_EQ|IN3320190165,716UP29,SG,NSE,SDL UP 7.16% 2029,Others,IN3320190165,True
4307,NSE_EQ|IN3320200337,716UP31,SG,NSE,SDL UP 7.16% 2031,Others,IN3320200337,True
6155,NSE_EQ|IN3320240051,716UP39,SG,NSE,SDL UP 7.16% 2039,Others,IN3320240051,True
6153,NSE_EQ|IN3320240077,716UP39B,SG,NSE,SDL UP 7.16% 2039,Others,IN3320240077,True
7667,NSE_EQ|IN3420240167,716WB39,SG,NSE,SDL WB 7.16% 2039,Others,IN3420240167,True
7613,NSE_EQ|IN3420240191,716WB42,SG,NSE,SDL WB 7.16% 2042,Others,IN3420240191,True
4601,NSE_EQ|IN1020240686,717AP32,SG,NSE,SDL AP 7.17% 2032,Others,IN1020240686,True
4609,NSE_EQ|IN1020240652,717AP37,SG,NSE,SDL AP 7.17% 2037,Others,IN1020240652,True
4610,NSE_EQ|IN1020240660,717AP38,SG,NSE,SDL AP 7.17% 2038,Others,IN1020240660,True
4600,NSE_EQ|IN1020240678,717AP39,SG,NSE,SDL AP 7.17% 2039,Others,IN1020240678,True
4694,NSE_EQ|IN1020240561,717AP43,SG,NSE,SDL AP 7.17% 2043,Others,IN1020240561,True
4449,NSE_EQ|IN1220200332,717AS31,SG,NSE,SDL AS 7.17% 2031,Others,IN1220200332,True
2849,NSE_EQ|IN1320190169,717BR30,SG,NSE,SDL BR 7.17% 2030,Others,IN1320190169,True
2847,NSE_EQ|IN1320190193,717BR30A,SG,NSE,SDL BR 7.17% 2030,Others,IN1320190193,True
2584,NSE_EQ|IN1320210157,717BR32,SG,NSE,SDL BR 7.17% 2032,Others,IN1320210157,True
3517,NSE_EQ|IN3520190049,717CG30,SG,NSE,SDL CG 7.17% 2030,Others,IN3520190049,True
8089,NSE_EQ|IN1420240096,717GA35,SG,NSE,SDL GA 7.17% 2035,Others,IN1420240096,True
4769,NSE_EQ|IN1420250061,717GA35A,SG,NSE,SDL GA 7.17% 2035,Others,IN1420250061,True
5266,NSE_EQ|IN1520190183,717GJ30,SG,NSE,SDL GJ 7.17% 2030,Others,IN1520190183,True
5264,NSE_EQ|IN1520190191,717GJ30A,SG,NSE,SDL GJ 7.17% 2030,Others,IN1520190191,True
4471,NSE_EQ|IN1520250276,717GJ32,SG,NSE,SDL GJ 7.17% 2032,Others,IN1520250276,True
4477,NSE_EQ|IN1520250201,717GJ34,SG,NSE,SDL GJ 7.17% 2034,Others,IN1520250201,True
5503,NSE_EQ|IN0020170174,717GS2028,GS,NSE,GOI LOAN 7.17% 2028,Others,IN0020170174,True
4569,NSE_EQ|IN0020230036,717GS2030,GS,NSE,GOI LOAN  7.17% 2030,Others,IN0020230036,True
7599,NSE_EQ|IN1720190082,717HP30,SG,NSE,SDL HP 7.17% 2030,Others,IN1720190082,True
5217,NSE_EQ|IN1620190141,717HR29,SG,NSE,SDL HR 7.17% 2029,Others,IN1620190141,True
5206,NSE_EQ|IN1620190158,717HR30,SG,NSE,SDL HR 7.17% 2030,Others,IN1620190158,True
2575,NSE_EQ|INE053F08486,717IRFC35,N0,NSE,IRFCL 7.17% 2035 SR 188,Others,INE053F08486,True
6295,NSE_EQ|IN1920190106,717KA29,SG,NSE,SDL KA 7.17% 2029,Others,IN1920190106,True
6272,NSE_EQ|IN1920190155,717KA30,SG,NSE,SDL KA 7.17% 2030,Others,IN1920190155,True
2637,NSE_EQ|IN2020210182,717KL32,SG,NSE,SDL KL 7.17% 2032,Others,IN2020210182,True
6565,NSE_EQ|IN2020240296,717KL38,SG,NSE,SDL KL 7.17% 2038,Others,IN2020240296,True
3045,NSE_EQ|IN2020250105,717KL51,SG,NSE,SDL KL 7.17% 2051,Others,IN2020250105,True
7988,NSE_EQ|IN2220240443,717MH37,SG,NSE,SDL MH 7.17% 2037,Others,IN2220240443,True
4260,NSE_EQ|IN2220250228,717MH54,SG,NSE,SDL MH 7.17% 2054,Others,IN2220250228,True
3709,NSE_EQ|IN2420200114,717ML31,SG,NSE,SDL ML 7.17% 2031,Others,IN2420200114,True
3640,NSE_EQ|IN2120190060,717MP29,SG,NSE,SDL MP 7.17% 2029,Others,IN2120190060,True
8021,NSE_EQ|IN2120240212,717MP31,SG,NSE,SDL MP 7.17% 2031,Others,IN2120240212,True
3636,NSE_EQ|IN2120190094,717MP35,SG,NSE,SDL MP 7.17% 2035,Others,IN2120190094,True
7967,NSE_EQ|IN2120240139,717MP38,SG,NSE,SDL MP 7.17% 2038,Others,IN2120240139,True
7963,NSE_EQ|IN2120240113,717MP41,SG,NSE,SDL MP 7.17% 2041,Others,IN2120240113,True
4802,NSE_EQ|IN2720240158,717OR30,SG,NSE,SDL OR 7.17% 2030,Others,IN2720240158,True
4755,NSE_EQ|IN2720240182,717OR40,SG,NSE,SDL OR 7.17% 2040,Others,IN2720240182,True
8886,NSE_EQ|IN2820190105,717PN30,SG,NSE,SDL PN 7.17% 2030,Others,IN2820190105,True
8891,NSE_EQ|IN2820190121,717PN30A,SG,NSE,SDL PN 7.17% 2030,Others,IN2820190121,True
6482,NSE_EQ|IN2820240231,717PN44,SG,NSE,SDL PN 7.17% 2044,Others,IN2820240231,True
3464,NSE_EQ|IN2920190336,717RJ30,SG,NSE,SDL RJ 7.17% 2030,Others,IN2920190336,True
3281,NSE_EQ|IN2920210514,717RJ32,SG,NSE,SDL RJ 7.17% 2032,Others,IN2920210514,True
6541,NSE_EQ|IN2920240453,717RJ35,SG,NSE,SDL RJ 7.17% 2035,Others,IN2920240453,True
2527,NSE_EQ|IN2920250155,717RJ52,SG,NSE,SDL RJ 7.17% 2052,Others,IN2920250155,True
4499,NSE_EQ|INE667F07JD9,717SHFL30,N0,NSE,SHFL 7.17% 2030 SR 352,Others,INE667F07JD9,True
7330,NSE_EQ|INE213W07335,717SIHF28,N0,NSE,SIHF 7.17% 2028 SR 31,Others,INE213W07335,True
8381,NSE_EQ|INE033L07IP8,717TCHFL30,N0,NSE,TCHFL 7.17% 2030 SR C,Others,INE033L07IP8,True
6674,NSE_EQ|IN3120190217,717TN29,SG,NSE,SDL TN 7.17% 2029,Others,IN3120190217,True
7316,NSE_EQ|IN3120210502,717TN30,SG,NSE,SDL TN 7.17% 2030,Others,IN3120210502,True
4017,NSE_EQ|IN3120240574,717TN33,SG,NSE,SDL TN 7.17% 2033,Others,IN3120240574,True
4030,NSE_EQ|IN3120240558,717TN45,SG,NSE,SDL TN 7.17% 2045,Others,IN3120240558,True
6175,NSE_EQ|IN3220190042,717TR30,SG,NSE,SDL TR 7.17% 2030,Others,IN3220190042,True
5819,NSE_EQ|IN4520210100,717TS41,SG,NSE,SDL TS 7.17% 2041,Others,IN4520210100,True
3449,NSE_EQ|IN3620190063,717UK29,SG,NSE,SDL UK 7.17% 2029,Others,IN3620190063,True
7725,NSE_EQ|IN3620240090,717UK32,SG,NSE,SDL UK 7.17% 2032,Others,IN3620240090,True
4314,NSE_EQ|IN3320200329,717UP31,SG,NSE,SDL UP 7.17% 2031,Others,IN3320200329,True
6110,NSE_EQ|IN3320240127,717UP33,SG,NSE,SDL UP 7.17% 2033,Others,IN3320240127,True
6106,NSE_EQ|IN3320240143,717UP39,SG,NSE,SDL UP 7.17% 2039,Others,IN3320240143,True
8080,NSE_EQ|IN3420210269,717WB32,SG,NSE,SDL WB 7.17% 2032,Others,IN3420210269,True
7612,NSE_EQ|IN3420240175,717WB42,SG,NSE,SDL WB 7.17% 2042,Others,IN3420240175,True
8781,NSE_EQ|IN1020190386,718AP28,SG,NSE,SDL AP 7.18% 2028,Others,IN1020190386,True
8796,NSE_EQ|IN1020190469,718AP33,SG,NSE,SDL AP 7.18% 2033,Others,IN1020190469,True
8495,NSE_EQ|IN1020210465,718AP40,SG,NSE,SDL AP 7.18% 2040,Others,IN1020210465,True
4686,NSE_EQ|IN1020240611,718AP40A,SG,NSE,SDL AP 7.18% 2040,Others,IN1020240611,True
7919,NSE_EQ|IN1220190129,718AS29,SG,NSE,SDL AS 7.18% 2029,Others,IN1220190129,True
7911,NSE_EQ|IN1220190160,718AS30,SG,NSE,SDL AS 7.18% 2030,Others,IN1220190160,True
2848,NSE_EQ|IN1320190185,718BR30,SG,NSE,SDL BR 7.18% 2030,Others,IN1320190185,True
7277,NSE_EQ|IN1320240139,718BR34,SG,NSE,SDL BR 7.18% 2034,Others,IN1320240139,True
7255,NSE_EQ|IN1320240287,718BR45,SG,NSE,SDL BR 7.18% 2045,Others,IN1320240287,True
7357,NSE_EQ|IN1320240303,718BR45B,SG,NSE,SDL BR 7.18% 2045,Others,IN1320240303,True
3515,NSE_EQ|IN3520190031,718CG27,SG,NSE,SDL CG 7.18% 2027,Others,IN3520190031,True
3518,NSE_EQ|IN3520190056,718CG30,SG,NSE,SDL CG 7.18% 2030,Others,IN3520190056,True
4411,NSE_EQ|IN1520230039,718GJ28,SG,NSE,SDL GJ 7.18% 2028,Others,IN1520230039,True
5269,NSE_EQ|IN1520190175,718GJ30,SG,NSE,SDL GJ 7.18% 2030,Others,IN1520190175,True
4580,NSE_EQ|IN0020230085,718GS2033,GS,NSE,GOI LOAN  7.18% 2033,Others,IN0020230085,True
4575,NSE_EQ|IN0020230077,718GS2037,GS,NSE,GOI LOAN  7.18% 2037,Others,IN0020230077,True
7560,NSE_EQ|IN1720190108,718HP32,SG,NSE,SDL HP 7.18% 2032,Others,IN1720190108,True
2828,NSE_EQ|IN1620240243,718HR38,SG,NSE,SDL HR 7.18% 2038,Others,IN1620240243,True
8542,NSE_EQ|IN1620200155,718HR41,SG,NSE,SDL HR 7.18% 2041,Others,IN1620200155,True
5036,NSE_EQ|IN4920240244,718JK45,SG,NSE,SDL JK 7.18% 2045,Others,IN4920240244,True
7855,NSE_EQ|IN4920250086,718JK45A,SG,NSE,SDL JK 7.18% 2045,Others,IN4920250086,True
9339,NSE_EQ|IN1920210227,718KA33,SG,NSE,SDL KA 7.18% 2033,Others,IN1920210227,True
2864,NSE_EQ|IN2020190178,718KL29,SG,NSE,SDL KL 7.18% 2029,Others,IN2020190178,True
6567,NSE_EQ|IN2020240262,718KL50,SG,NSE,SDL KL 7.18% 2050,Others,IN2020240262,True
6560,NSE_EQ|IN2020240304,718KL50A,SG,NSE,SDL KL 7.18% 2050,Others,IN2020240304,True
8269,NSE_EQ|IN2220220023,718MH30,SG,NSE,SDL MH 7.18% 2030,Others,IN2220220023,True
4646,NSE_EQ|IN2220250293,718MH33,SG,NSE,SDL MH 7.18% 2033,Others,IN2220250293,True
7989,NSE_EQ|IN2220240450,718MH38,SG,NSE,SDL MH 7.18% 2038,Others,IN2220240450,True
7839,NSE_EQ|IN2220240468,718MH39,SG,NSE,SDL MH 7.18% 2039,Others,IN2220240468,True
8931,NSE_EQ|IN2320200099,718MN31,SG,NSE,SDL MN 7.18% 2031,Others,IN2320200099,True
3630,NSE_EQ|IN2120190086,718MP30,SG,NSE,SDL MP 7.18% 2030,Others,IN2120190086,True
7996,NSE_EQ|IN2120240253,718MP46,SG,NSE,SDL MP 7.18% 2046,Others,IN2120240253,True
7972,NSE_EQ|IN2120240170,718MP48A,SG,NSE,SDL MP 7.18% 2048,Others,IN2120240170,True
7997,NSE_EQ|IN2120240261,718MP49,SG,NSE,SDL MP 7.18% 2049,Others,IN2120240261,True
5077,NSE_EQ|IN2520240119,718MZ40,SG,NSE,SDL MZ 7.18% 2040,Others,IN2520240119,True
4754,NSE_EQ|IN2720240190,718OR46,SG,NSE,SDL OR 7.18% 2046,Others,IN2720240190,True
3431,NSE_EQ|IN2920190294,718RJ29,SG,NSE,SDL RJ 7.18% 2029,Others,IN2920190294,True
3459,NSE_EQ|IN2920190369,718RJ30,SG,NSE,SDL RJ 7.18% 2030,Others,IN2920190369,True
6459,NSE_EQ|IN2920240362,718RJ38,SG,NSE,SDL RJ 7.18% 2038,Others,IN2920240362,True
5143,NSE_EQ|INE660A07RX6,718SFL28,N0,NSE,SFL 7.18% 2028 SR Z2,Others,INE660A07RX6,True
8320,NSE_EQ|IN3020200066,718SK31,SG,NSE,SDL SK 7.18% 2031,Others,IN3020200066,True
7600,NSE_EQ|IN3120250458,718TN33,SG,NSE,SDL TN 7.18% 2033,Others,IN3120250458,True
4126,NSE_EQ|IN3120240665,718TN35,SG,NSE,SDL TN 7.18% 2035,Others,IN3120240665,True
4016,NSE_EQ|IN3120240582,718TN36,SG,NSE,SDL TN 7.18% 2036,Others,IN3120240582,True
4096,NSE_EQ|IN3120240723,718TN45,SG,NSE,SDL TN 7.18% 2045,Others,IN3120240723,True
4034,NSE_EQ|IN3120240533,718TN55,SG,NSE,SDL TN 7.18% 2055,Others,IN3120240533,True
4027,NSE_EQ|IN3120240566,718TN55A,SG,NSE,SDL TN 7.18% 2055,Others,IN3120240566,True
4090,NSE_EQ|IN3120240731,718TN55B,SG,NSE,SDL TN 7.18% 2055,Others,IN3120240731,True
5770,NSE_EQ|IN4520210225,718TS33,SG,NSE,SDL TS 7.18% 2033,Others,IN4520210225,True
3368,NSE_EQ|IN4520240503,718TS47,SG,NSE,SDL TS 7.18% 2047,Others,IN4520240503,True
3369,NSE_EQ|IN4520240511,718TS49,SG,NSE,SDL TS 7.18% 2049,Others,IN4520240511,True
5858,NSE_EQ|IN4520210084,718TS51,SG,NSE,SDL TS 7.18% 2051,Others,IN4520210084,True
8047,NSE_EQ|IN3320190173,718UP30,SG,NSE,SDL UP 7.18% 2030,Others,IN3320190173,True
8024,NSE_EQ|IN3320190199,718UP30A,SG,NSE,SDL UP 7.18% 2030,Others,IN3320190199,True
9273,NSE_EQ|IN3320250118,718UP35,SG,NSE,SDL UP 7.18% 2035,Others,IN3320250118,True
8235,NSE_EQ|IN3420190164,718WB35,SG,NSE,SDL WB 7.18% 2035,Others,IN3420190164,True
7665,NSE_EQ|IN3420240134,718WB39,SG,NSE,SDL WB 7.18% 2039,Others,IN3420240134,True
7662,NSE_EQ|IN3420240142,718WB41,SG,NSE,SDL WB 7.18% 2041,Others,IN3420240142,True
7628,NSE_EQ|IN3420240266,718WB45,SG,NSE,SDL WB 7.18% 2045,Others,IN3420240266,True
7632,NSE_EQ|IN3420240274,718WB46,SG,NSE,SDL WB 7.18% 2046,Others,IN3420240274,True
7631,NSE_EQ|IN3420240282,718WB47,SG,NSE,SDL WB 7.18% 2047,Others,IN3420240282,True
8788,NSE_EQ|IN1020190444,719AP34,SG,NSE,SDL AP 7.19% 2034,Others,IN1020190444,True
8730,NSE_EQ|IN1020210184,719AP38,SG,NSE,SDL AP 7.19% 2038,Others,IN1020210184,True
7235,NSE_EQ|IN1220240130,719AS34,SG,NSE,SDL AS 7.19% 2034,Others,IN1220240130,True
7250,NSE_EQ|IN1320240261,719BR45,SG,NSE,SDL BR 7.19% 2045,Others,IN1320240261,True
7751,NSE_EQ|IN3520240059,719CG35,SG,NSE,SDL CG 7.19% 2035,Others,IN3520240059,True
2757,NSE_EQ|IN3520250025,719CG35A,SG,NSE,SDL CG 7.19% 2035,Others,IN3520250025,True
4476,NSE_EQ|IN1520250219,719GJ33,SG,NSE,SDL GJ 7.19% 2033,Others,IN1520250219,True
8423,NSE_EQ|IN0020200039,719GS2060,GS,NSE,GOI LOAN 7.19% 2060,Others,IN0020200039,True
2827,NSE_EQ|IN1620240219,719HR37,SG,NSE,SDL HR 7.19% 2037,Others,IN1620240219,True
5861,NSE_EQ|INE031A07881,719HUDCO28,N7,NSE,BOND 7.19% PA TAX FREE S2,Others,INE031A07881,True
4013,NSE_EQ|INE282H07018,719JCL28,N0,NSE,JCL 7.19% 2028 SR I,Others,INE282H07018,True
7478,NSE_EQ|IN1820190123,719JK29,SG,NSE,SDL JK 7.19% 2029,Others,IN1820190123,True
8757,NSE_EQ|IN1920250017,719KA32,SG,NSE,SDL KA 7.19% 2032,Others,IN1920250017,True
8583,NSE_EQ|IN1920250173,719KA32A,SG,NSE,SDL KA 7.19% 2032,Others,IN1920250173,True
5896,NSE_EQ|IN1920200699,719KA39,SG,NSE,SDL KA 7.19% 2039,Others,IN1920200699,True
5914,NSE_EQ|IN1920200707,719KA40,SG,NSE,SDL KA 7.19% 2040,Others,IN1920200707,True
2869,NSE_EQ|IN2020210117,719KL51,SG,NSE,SDL KL 7.19% 2051,Others,IN2020210117,True
8003,NSE_EQ|INE018A08BL4,719LT34,N0,NSE,LT 7.19% 2034,Others,INE018A08BL4,True
7840,NSE_EQ|IN2220240476,719MH40,SG,NSE,SDL MH 7.19% 2040,Others,IN2220240476,True
7178,NSE_EQ|IN2420210022,719ML41,SG,NSE,SDL ML 7.19% 2041,Others,IN2420210022,True
7917,NSE_EQ|IN2120240097,719MP38,SG,NSE,SDL MP 7.19% 2038,Others,IN2120240097,True
3664,NSE_EQ|IN2120190169,719MP40,SG,NSE,SDL MP 7.19% 2040,Others,IN2120190169,True
4781,NSE_EQ|IN2720240075,719OR35,SG,NSE,SDL OR 7.19% 2035,Others,IN2720240075,True
4784,NSE_EQ|IN2720240083,719OR40,SG,NSE,SDL OR 7.19% 2040,Others,IN2720240083,True
2977,NSE_EQ|IN2820210143,719PN37,SG,NSE,SDL PN 7.19% 2037,Others,IN2820210143,True
2797,NSE_EQ|IN2820250099,719PN40,SG,NSE,SDL PN 7.19% 2040,Others,IN2820250099,True
6473,NSE_EQ|IN2820240280,719PN45,SG,NSE,SDL PN 7.19% 2045,Others,IN2820240280,True
2795,NSE_EQ|IN2820250081,719PN49,SG,NSE,SDL PN 7.19% 2049,Others,IN2820250081,True
8571,NSE_EQ|INE020B08GC6,719RECL31,N0,NSE,REC 7.19% 2031 SR 252,Others,INE020B08GC6,True
6534,NSE_EQ|IN2920240487,719RJ35,SG,NSE,SDL RJ 7.19% 2035,Others,IN2920240487,True
8322,NSE_EQ|IN3020200058,719SK31,SG,NSE,SDL SK 7.19% 2031,Others,IN3020200058,True
6673,NSE_EQ|IN3120190225,719TN30,SG,NSE,SDL TN 7.19% 2030,Others,IN3120190225,True
7341,NSE_EQ|IN3120210445,719TN32,SG,NSE,SDL TN 7.19% 2032,Others,IN3120210445,True
4229,NSE_EQ|IN3120240269,719TN32A,SG,NSE,SDL TN 7.19% 2032,Others,IN3120240269,True
7508,NSE_EQ|IN3120250292,719TN33,SG,NSE,SDL TN 7.19% 2033,Others,IN3120250292,True
4220,NSE_EQ|IN3120240228,719TN34,SG,NSE,SDL TN 7.19% 2034,Others,IN3120240228,True
6670,NSE_EQ|IN3120190258,719TN35,SG,NSE,SDL TN 7.19% 2035,Others,IN3120190258,True
7362,NSE_EQ|IN3120210387,719TN42,SG,NSE,SDL TN 7.19% 2042,Others,IN3120210387,True
6861,NSE_EQ|IN4520250262,719TS44,SG,NSE,SDL TS 7.19% 2044,Others,IN4520250262,True
8557,NSE_EQ|IN4520240495,719TS46,SG,NSE,SDL TS 7.19% 2046,Others,IN4520240495,True
6859,NSE_EQ|IN4520250296,719TS49,SG,NSE,SDL TS 7.19% 2049,Others,IN4520250296,True
8041,NSE_EQ|IN3320190132,719UP29,SG,NSE,SDL UP 7.19% 2029,Others,IN3320190132,True
4316,NSE_EQ|IN3320200311,719UP31,SG,NSE,SDL UP 7.19% 2031,Others,IN3320200311,True
6158,NSE_EQ|IN3320240036,719UP36,SG,NSE,SDL UP 7.19% 2036,Others,IN3320240036,True
8246,NSE_EQ|IN3420190131,719WB29,SG,NSE,SDL WB 7.19% 2029,Others,IN3420190131,True
4742,NSE_EQ|IN3420200286,719WB36,SG,NSE,SDL WB 7.19% 2036,Others,IN3420200286,True
8438,NSE_EQ|INE831R07607,71ABHFL27,N0,NSE,ABHFL 7.1104% 2027 SR D1,Others,INE831R07607,True
5301,NSE_EQ|IN1020200391,71AP37,SG,NSE,SDL AP 7.1% 2037,Others,IN1020200391,True
7270,NSE_EQ|IN1220240239,71AS45,SG,NSE,SDL AS 7.1% 2045,Others,IN1220240239,True
3824,NSE_EQ|IN0020240019,71GS2034,GS,NSE,GOI LOAN  7.1% 2034,Others,IN0020240019,True
3686,NSE_EQ|IN1720240143,71HP40,SG,NSE,SDL HP 7.1% 2040,Others,IN1720240143,True
6344,NSE_EQ|IN1620250200,71HR33,SG,NSE,SDL HR 7.1% 2033,Others,IN1620250200,True
7481,NSE_EQ|IN1820190156,71JK30,SG,NSE,SDL JK 7.1% 2030,Others,IN1820190156,True
8815,NSE_EQ|IN4920210049,71JK33,SG,NSE,SDL JK 7.1% 2033,Others,IN4920210049,True
8814,NSE_EQ|IN4920210056,71JK33A,SG,NSE,SDL JK 7.1% 2033,Others,IN4920210056,True
9346,NSE_EQ|IN1920210219,71KA32,SG,NSE,SDL KA 7.1% 2032,Others,IN1920210219,True
5330,NSE_EQ|IN1920240042,71KA32A,SG,NSE,SDL KA 7.1% 2032,Others,IN1920240042,True
6591,NSE_EQ|IN2020240171,71KL34,SG,NSE,SDL KL 7.1% 2034,Others,IN2020240171,True
6557,NSE_EQ|IN2020240320,71KL43,SG,NSE,SDL KL 7.1% 2043,Others,IN2020240320,True
3050,NSE_EQ|IN2020250097,71KL45,SG,NSE,SDL KL 7.1% 2045,Others,IN2020250097,True
9000,NSE_EQ|IN2220200207,71MH32,SG,NSE,SDL MH 7.1% 2032,Others,IN2220200207,True
8010,NSE_EQ|IN2220240344,71MH32A,SG,NSE,SDL MH 7.1% 2032,Others,IN2220240344,True
8053,NSE_EQ|IN2220240260,71MH33,SG,NSE,SDL MH 7.1% 2033,Others,IN2220240260,True
4828,NSE_EQ|IN2220210206,71MH36,SG,NSE,SDL MH 7.1% 2036,Others,IN2220210206,True
6438,NSE_EQ|IN2320250037,71MN40,SG,NSE,SDL MN 7.1% 2040,Others,IN2320250037,True
4813,NSE_EQ|IN2620240043,71NL35,SG,NSE,SDL NL 7.1% 2035,Others,IN2620240043,True
6472,NSE_EQ|IN2820240298,71PN45,SG,NSE,SDL PN 7.1% 2045,Others,IN2820240298,True
6498,NSE_EQ|IN2920240289,71RJ34,SG,NSE,SDL RJ 7.1% 2034,Others,IN2920240289,True
6525,NSE_EQ|IN2920240545,71RJ43,SG,NSE,SDL RJ 7.1% 2043,Others,IN2920240545,True
4154,NSE_EQ|IN3020240039,71SK35,SG,NSE,SDL SK 7.1% 2035,Others,IN3020240039,True
7246,NSE_EQ|IN3120210353,71TN32,SG,NSE,SDL TN 7.1% 2032,Others,IN3120210353,True
4204,NSE_EQ|IN3120240376,71TN32A,SG,NSE,SDL TN 7.1% 2032,Others,IN3120240376,True
4212,NSE_EQ|IN3120240293,71TN34,SG,NSE,SDL TN 7.1% 2034,Others,IN3120240293,True
6898,NSE_EQ|IN4520250130,71TS55,SG,NSE,SDL TS 7.1% 2055,Others,IN4520250130,True
8251,NSE_EQ|IN3420190198,71WB30,SG,NSE,SDL WB 7.1% 2030,Others,IN3420190198,True
7692,NSE_EQ|IN3420240290,71WB45,SG,NSE,SDL WB 7.1% 2045,Others,IN3420240290,True
7716,NSE_EQ|IN3420240308,71WB46,SG,NSE,SDL WB 7.1% 2046,Others,IN3420240308,True
7715,NSE_EQ|IN3420240316,71WB47,SG,NSE,SDL WB 7.1% 2047,Others,IN3420240316,True
3883,NSE_EQ|IN3420250034,71WB50,SG,NSE,SDL WB 7.1% 2050,Others,IN3420250034,True
3884,NSE_EQ|IN3420250042,71WB51,SG,NSE,SDL WB 7.1% 2051,Others,IN3420250042,True
6398,NSE_EQ|INE498L07137,72092LTF27,N0,NSE,LTFL 7.2092% 2027 SR B,Others,INE498L07137,True
8141,NSE_EQ|IN1120190047,720AR30,SG,NSE,SDL AR 7.20% 2030,Others,IN1120190047,True
7959,NSE_EQ|IN1220190236,720AS30,SG,NSE,SDL AS 7.20% 2030,Others,IN1220190236,True
8453,NSE_EQ|INE482A08033,720CL30,N0,NSE,CL 7.20% 2030,Others,INE482A08033,True
8002,NSE_EQ|INE018A08BM2,720LT35,N0,NSE,LT 7.20% 2035,Others,INE018A08BM2,True
7925,NSE_EQ|IN2220240187,720MH34,SG,NSE,SDL MH 7.20% 2034,Others,IN2220240187,True
7376,NSE_EQ|IN2420190075,720ML30,SG,NSE,SDL ML 7.20% 2030,Others,IN2420190075,True
6518,NSE_EQ|IN2520190066,720MZ30,SG,NSE,SDL MZ 7.20% 2030,Others,IN2520190066,True
3529,NSE_EQ|INE557F08GB0,720NHB31,N0,NSE,NHB 7.20% 2031,Others,INE557F08GB0,True
4865,NSE_EQ|INE848E08268,720NHPC35,N0,NSE,NHPC 7.20% 2035 SR AE,Others,INE848E08268,True
3785,NSE_EQ|INE134E07DO3,720PFCL36,N6,NSE,PFCL 7.20% 2036 SR II,Others,INE134E07DO3,True
3787,NSE_EQ|INE134E07DT2,720PFCL41,NB,NSE,PFCL 7.20% 2041 SR IV,Others,INE134E07DT2,True
8620,NSE_EQ|INE020B08FN5,720RECL35,N0,NSE,REC 7.20% 2035 SR 242,Others,INE020B08FN5,True
6389,NSE_EQ|INE498L07194,72190LTFL2,N0,NSE,LTFL 7.2190% 2028 SR I,Others,INE498L07194,True
8779,NSE_EQ|IN1020190378,721AP31,SG,NSE,SDL AP 7.21% 2031,Others,IN1020190378,True
7441,NSE_EQ|IN1320240048,721BR33,SG,NSE,SDL BR 7.21% 2033,Others,IN1320240048,True
8191,NSE_EQ|IN1520240277,721GJ35,SG,NSE,SDL GJ 7.21% 2035,Others,IN1520240277,True
9388,NSE_EQ|IN1920210326,721KA32,SG,NSE,SDL KA 7.21% 2032,Others,IN1920210326,True
7945,NSE_EQ|IN2220240146,721MH35,SG,NSE,SDL MH 7.21% 2035,Others,IN2220240146,True
3631,NSE_EQ|IN2120190078,721MP34,SG,NSE,SDL MP 7.21% 2034,Others,IN2120190078,True
4532,NSE_EQ|IN3820190046,721PY28,SG,NSE,SDL PY 7.21% 2028,Others,IN3820190046,True
3340,NSE_EQ|IN2920210472,721RJ32,SG,NSE,SDL RJ 7.21% 2032,Others,IN2920210472,True
7431,NSE_EQ|IN3020250038,721SK35,SG,NSE,SDL SK 7.21% 2035,Others,IN3020250038,True
4121,NSE_EQ|IN3120240616,721TN32,SG,NSE,SDL TN 7.21% 2032,Others,IN3120240616,True
7420,NSE_EQ|IN3120250623,721TN32A,SG,NSE,SDL TN 7.21% 2032,Others,IN3120250623,True
4223,NSE_EQ|IN3120240210,721TN34,SG,NSE,SDL TN 7.21% 2034,Others,IN3120240210,True
6173,NSE_EQ|IN3220190034,721TR29,SG,NSE,SDL TR 7.21% 2029,Others,IN3220190034,True
6863,NSE_EQ|IN4520250270,721TS47,SG,NSE,SDL TS 7.21% 2047,Others,IN4520250270,True
6857,NSE_EQ|IN4520250288,721TS48,SG,NSE,SDL TS 7.21% 2048,Others,IN4520250288,True
8765,NSE_EQ|IN1020190303,722AP28,SG,NSE,SDL AP 7.22% 2028,Others,IN1020190303,True
8770,NSE_EQ|IN1020190345,722AP30,SG,NSE,SDL AP 7.22% 2030,Others,IN1020190345,True
8771,NSE_EQ|IN1020190352,722AP31,SG,NSE,SDL AP 7.22% 2031,Others,IN1020190352,True
8764,NSE_EQ|IN1020190311,722AP31A,SG,NSE,SDL AP 7.22% 2031,Others,IN1020190311,True
4596,NSE_EQ|IN1020240744,722AP34,SG,NSE,SDL AP 7.22% 2034,Others,IN1020240744,True
4637,NSE_EQ|IN1020240751,722AP35,SG,NSE,SDL AP 7.22% 2035,Others,IN1020240751,True
5187,NSE_EQ|IN1020200581,722AP37,SG,NSE,SDL AP 7.22% 2037,Others,IN1020200581,True
8510,NSE_EQ|IN1020210473,722AP42,SG,NSE,SDL AP 7.22% 2042,Others,IN1020210473,True
7893,NSE_EQ|IN1220190103,722AS29,SG,NSE,SDL AS 7.22% 2029,Others,IN1220190103,True
7920,NSE_EQ|IN1220190152,722AS30,SG,NSE,SDL AS 7.22% 2030,Others,IN1220190152,True
3434,NSE_EQ|IN1220250238,722AS32,SG,NSE,SDL AS 7.22% 2032,Others,IN1220250238,True
7272,NSE_EQ|IN1320240196,722BR35,SG,NSE,SDL BR 7.22% 2035,Others,IN1320240196,True
7259,NSE_EQ|IN1320240204,722BR40,SG,NSE,SDL BR 7.22% 2040,Others,IN1320240204,True
3537,NSE_EQ|IN1320250047,722BR40A,SG,NSE,SDL BR 7.22% 2040,Others,IN1320250047,True
3786,NSE_EQ|IN1420190127,722GA29,SG,NSE,SDL GA 7.22% 2029,Others,IN1420190127,True
4414,NSE_EQ|IN1520230047,722GJ28,SG,NSE,SDL GJ 7.22% 2028,Others,IN1520230047,True
8227,NSE_EQ|IN1520240145,722GJ35,SG,NSE,SDL GJ 7.22% 2035,Others,IN1520240145,True
3671,NSE_EQ|IN1720240085,722HP39,SG,NSE,SDL HP 7.22% 2039,Others,IN1720240085,True
9440,NSE_EQ|INE094A08168,722HPCL29,N0,NSE,HPCL 7.22% 2029 SR I,Others,INE094A08168,True
2834,NSE_EQ|IN1620240268,722HR38,SG,NSE,SDL HR 7.22% 2038,Others,IN1620240268,True
2775,NSE_EQ|IN1620240318,722HR38A,SG,NSE,SDL HR 7.22% 2038,Others,IN1620240318,True
5039,NSE_EQ|IN4920240251,722JK32,SG,NSE,SDL JK 7.22% 2032,Others,IN4920240251,True
5102,NSE_EQ|IN1920240299,722KA32,SG,NSE,SDL KA 7.22% 2032,Others,IN1920240299,True
9340,NSE_EQ|IN1920210235,722KA35,SG,NSE,SDL KA 7.22% 2035,Others,IN1920210235,True
5118,NSE_EQ|IN1920240307,722KA35A,SG,NSE,SDL KA 7.22% 2035,Others,IN1920240307,True
5406,NSE_EQ|IN1920240190,722KA36,SG,NSE,SDL KA 7.22% 2036,Others,IN1920240190,True
6152,NSE_EQ|IN1920200590,722KA38,SG,NSE,SDL KA 7.22% 2038,Others,IN1920200590,True
5897,NSE_EQ|IN1920200640,722KA38A,SG,NSE,SDL KA 7.22% 2038,Others,IN1920200640,True
6597,NSE_EQ|IN2020240130,722KL59,SG,NSE,SDL KL 7.22% 2059,Others,IN2020240130,True
7938,NSE_EQ|IN2220240104,722MH34,SG,NSE,SDL MH 7.22% 2034,Others,IN2220240104,True
7942,NSE_EQ|IN2220240161,722MH45,SG,NSE,SDL MH 7.22% 2045,Others,IN2220240161,True
7906,NSE_EQ|IN2220240211,722MH49,SG,NSE,SDL MH 7.22% 2049,Others,IN2220240211,True
7943,NSE_EQ|IN2220240179,722MH50,SG,NSE,SDL MH 7.22% 2050,Others,IN2220240179,True
7993,NSE_EQ|IN2120240220,722MP42,SG,NSE,SDL MP 7.22% 2042,Others,IN2120240220,True
4525,NSE_EQ|IN2120250096,722MP43,SG,NSE,SDL MP 7.22% 2043,Others,IN2120250096,True
7930,NSE_EQ|IN2120240048,722MP45,SG,NSE,SDL MP 7.22% 2045,Others,IN2120240048,True
4578,NSE_EQ|IN2120250112,722MP48,SG,NSE,SDL MP 7.22% 2048,Others,IN2120250112,True
4811,NSE_EQ|IN2720240117,722OR36,SG,NSE,SDL OR 7.22% 2036,Others,IN2720240117,True
3115,NSE_EQ|INE134E08NE1,722PFCL39,N0,NSE,PFC 7.22% 2039 242B,Others,INE134E08NE1,True
8889,NSE_EQ|IN2820190113,722PN32,SG,NSE,SDL PN 7.22% 2032,Others,IN2820190113,True
3280,NSE_EQ|IN2920210522,722RJ32,SG,NSE,SDL RJ 7.22% 2032,Others,IN2920210522,True
6492,NSE_EQ|IN2920240248,722RJ34,SG,NSE,SDL RJ 7.22% 2034,Others,IN2920240248,True
6535,NSE_EQ|IN2920240479,722RJ35,SG,NSE,SDL RJ 7.22% 2035,Others,IN2920240479,True
6744,NSE_EQ|IN2920200721,722RJ41,SG,NSE,SDL RJ 7.22% 2041,Others,IN2920200721,True
5489,NSE_EQ|INE556F08LC0,722SIDBI29,N0,NSE,SIDBI 7.22% 2029 SR V,Others,INE556F08LC0,True
6204,NSE_EQ|INE692Q07613,722TFSI28,N0,NSE,TFSIL 7.22% 2028 SR S58,Others,INE692Q07613,True
7544,NSE_EQ|IN3120250581,722TN32,SG,NSE,SDL TN 7.22% 2032,Others,IN3120250581,True
4119,NSE_EQ|IN3120240624,722TN33,SG,NSE,SDL TN 7.22% 2033,Others,IN3120240624,True
4053,NSE_EQ|IN3120240491,722TN35,SG,NSE,SDL TN 7.22% 2035,Others,IN3120240491,True
4214,NSE_EQ|IN3120240244,722TN54,SG,NSE,SDL TN 7.22% 2054,Others,IN3120240244,True
4225,NSE_EQ|IN3120240285,722TN54A,SG,NSE,SDL TN 7.22% 2054,Others,IN3120240285,True
8599,NSE_EQ|IN4520240305,722TS38,SG,NSE,SDL TS 7.22% 2038,Others,IN4520240305,True
7244,NSE_EQ|INE481G08107,722UCL34,N0,NSE,UCL 7.22% 2034,Others,INE481G08107,True
8026,NSE_EQ|IN3320190181,722UP30,SG,NSE,SDL UP 7.22% 2030,Others,IN3320190181,True
4677,NSE_EQ|IN1020240488,723AP34,SG,NSE,SDL AP 7.23% 2034,Others,IN1020240488,True
4676,NSE_EQ|IN1020240470,723AP46,SG,NSE,SDL AP 7.23% 2046,Others,IN1020240470,True
3683,NSE_EQ|INE028A08372,723BOB35,N0,NSE,BOB 7.23% 2035 SR VI,Others,INE028A08372,True
6826,NSE_EQ|INE084A08235,723BOI35,N0,NSE,BOI 7.23% 2035 SR IV,Others,INE084A08235,True
8008,NSE_EQ|INE0J7Q07256,723DMEDL34,N0,NSE,DME 7.23% 2034 SR I,Others,INE0J7Q07256,True
8798,NSE_EQ|INE514E08GG3,723EXIM31,N0,NSE,EXIM 7.23% 2031 SR AB01,Others,INE514E08GG3,True
3996,NSE_EQ|IN1420210172,723GA32,SG,NSE,SDL GA 7.23% 2032,Others,IN1420210172,True
8090,NSE_EQ|IN1420240039,723GA34,SG,NSE,SDL GA 7.23% 2034,Others,IN1420240039,True
7814,NSE_EQ|IN1520240012,723GJ27,SG,NSE,SDL GJ 7.23% 2027,Others,IN1520240012,True
4464,NSE_EQ|IN1520250342,723GJ33,SG,NSE,SDL GJ 7.23% 2033,Others,IN1520250342,True
3815,NSE_EQ|IN0020240027,723GS2039,GS,NSE,GOI LOAN  7.23% 2039,Others,IN0020240027,True
2778,NSE_EQ|IN1620240334,723HR39,SG,NSE,SDL HR 7.23% 2039,Others,IN1620240334,True
4882,NSE_EQ|IN4920240145,723JK51,SG,NSE,SDL JK 7.23% 2051,Others,IN4920240145,True
4884,NSE_EQ|IN4920240152,723JK54,SG,NSE,SDL JK 7.23% 2054,Others,IN4920240152,True
6310,NSE_EQ|IN1920190098,723KA28,SG,NSE,SDL KA 7.23% 2028,Others,IN1920190098,True
6593,NSE_EQ|IN2020240155,723KL45,SG,NSE,SDL KL 7.23% 2045,Others,IN2020240155,True
6395,NSE_EQ|INE498L07145,723LTFL28,N0,NSE,LTFL 7.23% SR C OP 2,Others,INE498L07145,True
8045,NSE_EQ|IN2220240229,723MH35,SG,NSE,SDL MH 7.23% 2035,Others,IN2220240229,True
7946,NSE_EQ|IN2220240153,723MH40,SG,NSE,SDL MH 7.23% 2040,Others,IN2220240153,True
8019,NSE_EQ|IN2220240385,723MH41,SG,NSE,SDL MH 7.23% 2041,Others,IN2220240385,True
5063,NSE_EQ|IN2320210080,723MN32,SG,NSE,SDL MN 7.23% 2032,Others,IN2320210080,True
4516,NSE_EQ|IN2120250070,723MP42,SG,NSE,SDL MP 7.23% 2042,Others,IN2120250070,True
7994,NSE_EQ|IN2120240238,723MP47,SG,NSE,SDL MP 7.23% 2047,Others,IN2120240238,True
5154,NSE_EQ|IN2520240051,723MZ38,SG,NSE,SDL MZ 7.23% 2038,Others,IN2520240051,True
5159,NSE_EQ|IN2520240093,723MZ40,SG,NSE,SDL MZ 7.23% 2040,Others,IN2520240093,True
4805,NSE_EQ|IN2720240166,723OR47,SG,NSE,SDL OR 7.23% 2047,Others,IN2720240166,True
6679,NSE_EQ|IN2820200201,723PN31,SG,NSE,SDL PN 7.23% 2031,Others,IN2820200201,True
6476,NSE_EQ|IN2820240264,723PN37,SG,NSE,SDL PN 7.23% 2037,Others,IN2820240264,True
6486,NSE_EQ|IN2920240230,723RJ33,SG,NSE,SDL RJ 7.23% 2033,Others,IN2920240230,True
2626,NSE_EQ|IN2920250247,723RJ35,SG,NSE,SDL RJ 7.23% 2035,Others,IN2920250247,True
6533,NSE_EQ|IN2920240495,723RJ38,SG,NSE,SDL RJ 7.23% 2038,Others,IN2920240495,True
6495,NSE_EQ|IN2920240263,723RJ46,SG,NSE,SDL RJ 7.23% 2046,Others,IN2920240263,True
8581,NSE_EQ|INE062A08470,723SBI39,N0,NSE,SBI 7.23% 2039 SR 3,Others,INE062A08470,True
7426,NSE_EQ|IN3020250020,723SK35,SG,NSE,SDL SK 7.23% 2035,Others,IN3020250020,True
7351,NSE_EQ|IN3120210478,723TN32,SG,NSE,SDL TN 7.23% 2032,Others,IN3120210478,True
7384,NSE_EQ|IN3120250763,723TN33,SG,NSE,SDL TN 7.23% 2033,Others,IN3120250763,True
4233,NSE_EQ|IN3120240202,723TN34,SG,NSE,SDL TN 7.23% 2034,Others,IN3120240202,True
7553,NSE_EQ|IN3120250508,723TN35,SG,NSE,SDL TN 7.23% 2035,Others,IN3120250508,True
4124,NSE_EQ|IN3120240673,723TN55,SG,NSE,SDL TN 7.23% 2055,Others,IN3120240673,True
3364,NSE_EQ|IN4520240545,723TS49,SG,NSE,SDL TS 7.23% 2049,Others,IN4520240545,True
3366,NSE_EQ|IN4520240552,723TS52,SG,NSE,SDL TS 7.23% 2052,Others,IN4520240552,True
3372,NSE_EQ|IN4520240560,723TS53,SG,NSE,SDL TS 7.23% 2053,Others,IN4520240560,True
7730,NSE_EQ|IN3620240082,723UK32,SG,NSE,SDL UK 7.23% 2032,Others,IN3620240082,True
8237,NSE_EQ|IN3420190172,723WB30,SG,NSE,SDL WB 7.23% 2030,Others,IN3420190172,True
8075,NSE_EQ|IN3420210244,723WB32,SG,NSE,SDL WB 7.23% 2032,Others,IN3420210244,True
4744,NSE_EQ|IN3420200260,723WB41,SG,NSE,SDL WB 7.23% 2041,Others,IN3420200260,True
7637,NSE_EQ|IN3420240084,723WB49,SG,NSE,SDL WB 7.23% 2049,Others,IN3420240084,True
8787,NSE_EQ|IN1020190428,724AP33,SG,NSE,SDL AP 7.24% 2033,Others,IN1020190428,True
8790,NSE_EQ|IN1020190436,724AP35,SG,NSE,SDL AP 7.24% 2035,Others,IN1020190436,True
4665,NSE_EQ|IN1020240454,724AP36,SG,NSE,SDL AP 7.24% 2036,Others,IN1020240454,True
8497,NSE_EQ|IN1020210457,724AP38,SG,NSE,SDL AP 7.24% 2038,Others,IN1020210457,True
5414,NSE_EQ|IN1120240032,724AR45,SG,NSE,SDL AR 7.24% 2045,Others,IN1120240032,True
7908,NSE_EQ|IN1220190178,724AS30,SG,NSE,SDL AS 7.24% 2030,Others,IN1220190178,True
4452,NSE_EQ|IN1220200308,724AS31,SG,NSE,SDL AS 7.24% 2031,Others,IN1220200308,True
7291,NSE_EQ|IN1220240213,724AS45,SG,NSE,SDL AS 7.24% 2045,Others,IN1220240213,True
3543,NSE_EQ|IN1320250070,724BR31,SG,NSE,SDL BR 7.24% 2031,Others,IN1320250070,True
2612,NSE_EQ|IN1320210132,724BR32,SG,NSE,SDL BR 7.24% 2032,Others,IN1320210132,True
7437,NSE_EQ|IN1320240022,724BR33,SG,NSE,SDL BR 7.24% 2033,Others,IN1320240022,True
7361,NSE_EQ|IN1320240311,724BR37,SG,NSE,SDL BR 7.24% 2037,Others,IN1320240311,True
5234,NSE_EQ|INE477A07431,724CANF28,N0,NSE,CANF 7.24% 2028 SR 04,Others,INE477A07431,True
5259,NSE_EQ|IN1520190142,724GJ29,SG,NSE,SDL GJ 7.24% 2029,Others,IN1520190142,True
4468,NSE_EQ|IN1520250300,724GJ33,SG,NSE,SDL GJ 7.24% 2033,Others,IN1520250300,True
4523,NSE_EQ|IN0020230150,724GR2033,GS,NSE,GOI LOAN 7.24% 2033,Others,IN0020230150,True
7587,NSE_EQ|IN0020250075,724GS2055,GS,NSE,GOI LOAN  7.24% 2055,Others,IN0020250075,True
5208,NSE_EQ|IN1620190190,724HR29,SG,NSE,SDL HR 7.24% 2029,Others,IN1620190190,True
2903,NSE_EQ|IN1620240128,724HR36,SG,NSE,SDL HR 7.24% 2036,Others,IN1620240128,True
2902,NSE_EQ|IN1620240144,724HR36A,SG,NSE,SDL HR 7.24% 2036,Others,IN1620240144,True
4752,NSE_EQ|INE562A08099,724INBK34,N0,NSE,INBK 7.24% 2034 SR I,Others,INE562A08099,True
5180,NSE_EQ|IN4920200156,724JK36,SG,NSE,SDL JK 7.24% 2036,Others,IN4920200156,True
5902,NSE_EQ|IN1920200657,724KA37,SG,NSE,SDL KA 7.24% 2037,Others,IN1920200657,True
5901,NSE_EQ|IN1920200665,724KA38,SG,NSE,SDL KA 7.24% 2038,Others,IN1920200665,True
6592,NSE_EQ|IN2020240148,724KL40,SG,NSE,SDL KL 7.24% 2040,Others,IN2020240148,True
3043,NSE_EQ|IN2020250113,724KL41,SG,NSE,SDL KL 7.24% 2041,Others,IN2020250113,True
6564,NSE_EQ|IN2020240288,724KL43,SG,NSE,SDL KL 7.24% 2043,Others,IN2020240288,True
6574,NSE_EQ|IN2020240239,724KL44,SG,NSE,SDL KL 7.24% 2044,Others,IN2020240239,True
4624,NSE_EQ|IN2220250301,724MH34,SG,NSE,SDL MH 7.24% 2034,Others,IN2220250301,True
7927,NSE_EQ|IN2220240195,724MH39,SG,NSE,SDL MH 7.24% 2039,Others,IN2220240195,True
8046,NSE_EQ|IN2220240237,724MH40,SG,NSE,SDL MH 7.24% 2040,Others,IN2220240237,True
8022,NSE_EQ|IN2220240393,724MH44,SG,NSE,SDL MH 7.24% 2044,Others,IN2220240393,True
4581,NSE_EQ|IN2120250104,724MP45,SG,NSE,SDL MP 7.24% 2045,Others,IN2120250104,True
3699,NSE_EQ|IN2720250116,724OR32,SG,NSE,SDL OR 7.24% 2032,Others,IN2720250116,True
3157,NSE_EQ|INE134E08NZ6,724PFCL31,N0,NSE,PFCL 7.24% 2031 SR 258B,Others,INE134E08NZ6,True
3132,NSE_EQ|INE134E08NJ0,724PFCL35,N0,NSE,PFC 7.24% 2035 SR 245A,Others,INE134E08NJ0,True
2571,NSE_EQ|IN2920250361,724RJ31,SG,NSE,SDL RJ 7.24% 2031,Others,IN2920250361,True
3337,NSE_EQ|IN2920210456,724RJ32,SG,NSE,SDL RJ 7.24% 2032,Others,IN2920210456,True
3341,NSE_EQ|IN2920210480,724RJ32A,SG,NSE,SDL RJ 7.24% 2032,Others,IN2920210480,True
3284,NSE_EQ|IN2920210530,724RJ32B,SG,NSE,SDL RJ 7.24% 2032,Others,IN2920210530,True
6494,NSE_EQ|IN2920240271,724RJ34,SG,NSE,SDL RJ 7.24% 2034,Others,IN2920240271,True
2567,NSE_EQ|IN2920250320,724RJ35,SG,NSE,SDL RJ 7.24% 2035,Others,IN2920250320,True
6769,NSE_EQ|IN2920200747,724RJ36,SG,NSE,SDL RJ 7.24% 2036,Others,IN2920200747,True
2566,NSE_EQ|IN2920250312,724RJ36A,SG,NSE,SDL RJ 7.24% 2036,Others,IN2920250312,True
5200,NSE_EQ|INE660A07SC8,724SFL28,N0,NSE,SFL 7.24% 2028 SR Z7,Others,INE660A07SC8,True
7225,NSE_EQ|IN3020210057,724SK32,SG,NSE,SDL SK 7.24% 2032,Others,IN3020210057,True
6218,NSE_EQ|INE692Q07589,724TFSIL27,N0,NSE,TFSIL 7.24% 2027 SR S54,Others,INE692Q07589,True
4150,NSE_EQ|IN3120240178,724TN30,SG,NSE,SDL TN 7.24% 2030,Others,IN3120240178,True
7467,NSE_EQ|IN3120250862,724TN31,SG,NSE,SDL TN 7.24% 2031,Others,IN3120250862,True
7232,NSE_EQ|IN3120210304,724TN32,SG,NSE,SDL TN 7.24% 2032,Others,IN3120210304,True
7303,NSE_EQ|IN3120210130,724TN51,SG,NSE,SDL TN 7.24% 2051,Others,IN3120210130,True
5860,NSE_EQ|IN4520210092,724TS51,SG,NSE,SDL TS 7.24% 2051,Others,IN4520210092,True
8214,NSE_EQ|IN3320210211,724UP32,SG,NSE,SDL UP 7.24% 2032,Others,IN3320210211,True
9268,NSE_EQ|IN3320250142,724UP33,SG,NSE,SDL UP 7.24% 2033,Others,IN3320250142,True
9300,NSE_EQ|IN3320250092,724UP36,SG,NSE,SDL UP 7.24% 2036,Others,IN3320250092,True
6112,NSE_EQ|IN3320240119,724UP40,SG,NSE,SDL UP 7.24% 2040,Others,IN3320240119,True
7639,NSE_EQ|IN3420240076,724WB42,SG,NSE,SDL WB 7.24% 2042,Others,IN3420240076,True
4680,NSE_EQ|IN1020240496,725AP37,SG,NSE,SDL AP 7.25% 2037,Others,IN1020240496,True
4662,NSE_EQ|IN1020240504,725AP44,SG,NSE,SDL AP 7.25% 2044,Others,IN1020240504,True
4698,NSE_EQ|IN1020240512,725AP47,SG,NSE,SDL AP 7.25% 2047,Others,IN1020240512,True
7260,NSE_EQ|IN1220240072,725AS44,SG,NSE,SDL AS 7.25% 2044,Others,IN1220240072,True
4544,NSE_EQ|INE18UV07012,725BACL28,N0,NSE,BAJAJ AUTO 7.25% 2028,Others,INE18UV07012,True
7440,NSE_EQ|IN1320240030,725BR33,SG,NSE,SDL BR 7.25% 2033,Others,IN1320240030,True
8092,NSE_EQ|IN1420240047,725GA35,SG,NSE,SDL GA 7.25% 2035,Others,IN1420240047,True
4718,NSE_EQ|IN1420250129,725GA36,SG,NSE,SDL GA 7.25% 2036,Others,IN1420250129,True
5632,NSE_EQ|IN1520210221,725GJ32,SG,NSE,SDL GJ 7.25% 2032,Others,IN1520210221,True
4490,NSE_EQ|IN1520250128,725GJ34,SG,NSE,SDL GJ 7.25% 2034,Others,IN1520250128,True
4526,NSE_EQ|IN0020230143,725GR2028,GS,NSE,GOI LOAN   7.25% 2028,Others,IN0020230143,True
4573,NSE_EQ|IN0020230044,725GS2063,GS,NSE,GOI LOAN  7.25% 2063,Others,IN0020230044,True
3656,NSE_EQ|IN1720240069,725HP33,SG,NSE,SDL HP 7.25% 2033,Others,IN1720240069,True
6097,NSE_EQ|IN1620210170,725HR32,SG,NSE,SDL HR 7.25% 2032,Others,IN1620210170,True
2906,NSE_EQ|IN1620240151,725HR36,SG,NSE,SDL HR 7.25% 2036,Others,IN1620240151,True
2904,NSE_EQ|IN1620240136,725HR39,SG,NSE,SDL HR 7.25% 2039,Others,IN1620240136,True
5479,NSE_EQ|INE242A08569,725IOCL30,N0,NSE,IOCL 7.25% 2030 SR 27,Others,INE242A08569,True
2558,NSE_EQ|INE053F08429,725IRFC34,N0,NSE,IRFCL 7.25% 2034 SR 182,Others,INE053F08429,True
3468,NSE_EQ|INE053F07819,725IRFC35,NH,NSE,TAX FREE  7.25% SR. 104,Others,INE053F07819,True
2572,NSE_EQ|INE053F08460,725IRFC35B,N0,NSE,IRFCL 7.25% 2035 SR 186,Others,INE053F08460,True
8660,NSE_EQ|IN1920250322,725KA31,SG,NSE,SDL KA 7.25% 2031,Others,IN1920250322,True
8543,NSE_EQ|IN1920250108,725KA32,SG,NSE,SDL KA 7.25% 2032,Others,IN1920250108,True
8597,NSE_EQ|IN1920250207,725KA33,SG,NSE,SDL KA 7.25% 2033,Others,IN1920250207,True
4625,NSE_EQ|IN2220250376,725MH37,SG,NSE,SDL MH 7.25% 2037,Others,IN2220250376,True
7904,NSE_EQ|IN2220240203,725MH44,SG,NSE,SDL MH 7.25% 2044,Others,IN2220240203,True
8042,NSE_EQ|IN2220240245,725MH45,SG,NSE,SDL MH 7.25% 2045,Others,IN2220240245,True
3178,NSE_EQ|IN2420240052,725ML34,SG,NSE,SDL ML 7.25% 2034,Others,IN2420240052,True
6305,NSE_EQ|INE082G08020,725MPL29,N0,NSE,MPL 7.25% 2029 SR II,Others,INE082G08020,True
6684,NSE_EQ|IN2520210070,725MZ34,SG,NSE,SDL MZ 7.25% 2034,Others,IN2520210070,True
9429,NSE_EQ|INE0KUG08050,725NBFI40,N0,NSE,NABF 7.25% 2040 SR 3,Others,INE0KUG08050,True
3732,NSE_EQ|IN2720250066,725OR33,SG,NSE,SDL OR 7.25% 2033,Others,IN2720250066,True
3133,NSE_EQ|INE134E08NK8,725PFCL45,N0,NSE,PFC 7.25% 2045 SR 245B,Others,INE134E08NK8,True
7327,NSE_EQ|INE213W07327,725SIHF28,N0,NSE,SIHF 7.25% 2028 SR 30,Others,INE213W07327,True
6668,NSE_EQ|IN3120190274,725TN27,SG,NSE,SDL TN 7.25% 2027,Others,IN3120190274,True
7356,NSE_EQ|IN3120210403,725TN32,SG,NSE,SDL TN 7.25% 2032,Others,IN3120210403,True
5959,NSE_EQ|IN4520190203,725TS28,SG,NSE,SDL TS 7.25% 2028,Others,IN4520190203,True
8577,NSE_EQ|IN4520240289,725TS38,SG,NSE,SDL TS 7.25% 2038,Others,IN4520240289,True
9249,NSE_EQ|IN4520200341,725TS41,SG,NSE,SDL TS 7.25% 2041,Others,IN4520200341,True
8576,NSE_EQ|IN4520240297,725TS46,SG,NSE,SDL TS 7.25% 2046,Others,IN4520240297,True
3717,NSE_EQ|IN3620210044,725UK32,SG,NSE,SDL UK 7.25% 2032,Others,IN3620210044,True
6150,NSE_EQ|IN3320240093,725UP39,SG,NSE,SDL UP 7.25% 2039,Others,IN3320240093,True
4743,NSE_EQ|IN3420200278,725WB41,SG,NSE,SDL WB 7.25% 2041,Others,IN3420200278,True
7642,NSE_EQ|IN3420240092,725WB45,SG,NSE,SDL WB 7.25% 2045,Others,IN3420240092,True
7921,NSE_EQ|IN1220190137,726AS29,SG,NSE,SDL AS 7.26% 2029,Others,IN1220190137,True
7211,NSE_EQ|IN1220240064,726AS39,SG,NSE,SDL AS 7.26% 2039,Others,IN1220240064,True
3666,NSE_EQ|INE028A08356,726BOB34,N0,NSE,BOB 7.26% 2034 SR V,Others,INE028A08356,True
7436,NSE_EQ|IN1320240014,726BR33,SG,NSE,SDL BR 7.26% 2033,Others,IN1320240014,True
5275,NSE_EQ|IN1520190159,726GJ29,SG,NSE,SDL GJ 7.26% 2029,Others,IN1520190159,True
8299,NSE_EQ|IN0020180454,726GS2029,GS,NSE,GOI LOAN 7.26% 2029,Others,IN0020180454,True
7984,NSE_EQ|IN0020220060,726GS2032,GS,NSE,GOI LOAN  7.26% 2032,Others,IN0020220060,True
7939,NSE_EQ|IN0020220151,726GS2033,GS,NSE,GOI LOAN  7.26% 2033,Others,IN0020220151,True
7189,NSE_EQ|IN1720230011,726HP29,SG,NSE,SDL HP 7.26% 2029,Others,IN1720230011,True
3688,NSE_EQ|IN1720240135,726HP35,SG,NSE,SDL HP 7.26% 2035,Others,IN1720240135,True
6163,NSE_EQ|IN1620210204,726HR32,SG,NSE,SDL HR 7.26% 2032,Others,IN1620210204,True
2901,NSE_EQ|IN1620240110,726HR36,SG,NSE,SDL HR 7.26% 2036,Others,IN1620240110,True
2777,NSE_EQ|IN1620240326,726HR39,SG,NSE,SDL HR 7.26% 2039,Others,IN1620240326,True
4249,NSE_EQ|INE787H08147,726IIFCL34,N0,NSE,IIFCL 7.26% 2034 SR 1,Others,INE787H08147,True
6749,NSE_EQ|INE1X1T15018,726IRMT45,N0,NSE,IRMT 7.26% 2045 SR A,Others,INE1X1T15018,True
4131,NSE_EQ|INE282H07042,726JCL30,N0,NSE,JCL 7.26% 2030 SR IV,Others,INE282H07042,True
3065,NSE_EQ|IN3720190021,726JH27,SG,NSE,SDL JH 7.26% 2027,Others,IN3720190021,True
6596,NSE_EQ|IN2020240122,726KL39,SG,NSE,SDL KL 7.26% 2039,Others,IN2020240122,True
5033,NSE_EQ|IN2220230048,726MH30,SG,NSE,SDL MH 7.26% 2030,Others,IN2220230048,True
4622,NSE_EQ|IN2220250327,726MH41,SG,NSE,SDL MH 7.26% 2041,Others,IN2220250327,True
4620,NSE_EQ|IN2220250335,726MH42,SG,NSE,SDL MH 7.26% 2042,Others,IN2220250335,True
7936,NSE_EQ|IN2220240138,726MH49,SG,NSE,SDL MH 7.26% 2049,Others,IN2220240138,True
8044,NSE_EQ|IN2220240252,726MH50,SG,NSE,SDL MH 7.26% 2050,Others,IN2220240252,True
7926,NSE_EQ|IN2120240014,726MP35,SG,NSE,SDL MP 7.26% 2035,Others,IN2120240014,True
7929,NSE_EQ|IN2120240030,726MP38,SG,NSE,SDL MP 7.26% 2038,Others,IN2120240030,True
7956,NSE_EQ|IN2120240188,726MP39,SG,NSE,SDL MP 7.26% 2039,Others,IN2120240188,True
8847,NSE_EQ|IN2520250035,726MZ40,SG,NSE,SDL MZ 7.26% 2040,Others,IN2520250035,True
3474,NSE_EQ|INE733E08262,726NTPC40,N0,NSE,NTPC 7.26% 2040 SR 82,Others,INE733E08262,True
6233,NSE_EQ|IN2820240181,726PN36,SG,NSE,SDL PN 7.26% 2036,Others,IN2820240181,True
6232,NSE_EQ|IN2820240199,726PN37,SG,NSE,SDL PN 7.26% 2037,Others,IN2820240199,True
7487,NSE_EQ|IN3120250300,726TN35,SG,NSE,SDL TN 7.26% 2035,Others,IN3120250300,True
4117,NSE_EQ|IN3120240632,726TN55,SG,NSE,SDL TN 7.26% 2055,Others,IN3120240632,True
8665,NSE_EQ|IN4520240255,726TS35,SG,NSE,SDL TS 7.26% 2035,Others,IN4520240255,True
8054,NSE_EQ|IN3320190140,726UP29,SG,NSE,SDL UP 7.26% 2029,Others,IN3320190140,True
8244,NSE_EQ|IN3420190123,726WB34,SG,NSE,SDL WB 7.26% 2034,Others,IN3420190123,True
6266,NSE_EQ|INE238A08518,727ABL35,N0,NSE,AXBK 7.27% 2035 SR 9,Others,INE238A08518,True
8131,NSE_EQ|IN1020250354,727AP36,SG,NSE,SDL AP 7.27% 2036,Others,IN1020250354,True
4666,NSE_EQ|IN1020240462,727AP41,SG,NSE,SDL AP 7.27% 2041,Others,IN1020240462,True
9153,NSE_EQ|IN1120210027,727AR32,SG,NSE,SDL AR 7.27% 2032,Others,IN1120210027,True
7886,NSE_EQ|IN1220190087,727AS29,SG,NSE,SDL AS 7.27% 2029,Others,IN1220190087,True
7749,NSE_EQ|IN3520240075,727CG35,SG,NSE,SDL CG 7.27% 2035,Others,IN3520240075,True
4418,NSE_EQ|IN1520230021,727GJ31,SG,NSE,SDL GJ 7.27% 2031,Others,IN1520230021,True
4475,NSE_EQ|IN1520250227,727GJ34,SG,NSE,SDL GJ 7.27% 2034,Others,IN1520250227,True
6709,NSE_EQ|IN1720250076,727HP35,SG,NSE,SDL HP 7.27% 2035,Others,IN1720250076,True
9325,NSE_EQ|IN1620220021,727HR30,SG,NSE,SDL HR 7.27% 2030,Others,IN1620220021,True
4883,NSE_EQ|IN4920240137,727JK49,SG,NSE,SDL JK 7.27% 2049,Others,IN4920240137,True
6600,NSE_EQ|IN2020240114,727KL59,SG,NSE,SDL KL 7.27% 2059,Others,IN2020240114,True
5490,NSE_EQ|IN2220190101,727MH30,SG,NSE,SDL MH 7.27% 2030,Others,IN2220190101,True
7965,NSE_EQ|IN2220240062,727MH34,SG,NSE,SDL MH 7.27% 2034,Others,IN2220240062,True
4621,NSE_EQ|IN2220250319,727MH36,SG,NSE,SDL MH 7.27% 2036,Others,IN2220250319,True
7940,NSE_EQ|IN2220240112,727MH39,SG,NSE,SDL MH 7.27% 2039,Others,IN2220240112,True
7934,NSE_EQ|IN2220240120,727MH44,SG,NSE,SDL MH 7.27% 2044,Others,IN2220240120,True
7177,NSE_EQ|IN2420210063,727ML32,SG,NSE,SDL ML 7.27% 2032,Others,IN2420210063,True
2935,NSE_EQ|IN2320240038,727MN36,SG,NSE,SDL MN 7.27% 2036,Others,IN2320240038,True
7957,NSE_EQ|IN2120240196,727MP45,SG,NSE,SDL MP 7.27% 2045,Others,IN2120240196,True
8017,NSE_EQ|IN2120240204,727MP48,SG,NSE,SDL MP 7.27% 2048,Others,IN2120240204,True
2770,NSE_EQ|IN2520200105,727MZ33,SG,NSE,SDL MZ 7.27% 2033,Others,IN2520200105,True
6891,NSE_EQ|INE261F08ER0,727NBRD29A,N0,NSE,NBRD 7.27% 2029 SR 26C,Others,INE261F08ER0,True
4814,NSE_EQ|IN2620240035,727NL35,SG,NSE,SDL NL 7.27% 2035,Others,IN2620240035,True
4808,NSE_EQ|IN2720240133,727OR41,SG,NSE,SDL OR 7.27% 2041,Others,IN2720240133,True
3114,NSE_EQ|INE134E08ND3,727PFCL31,N0,NSE,PFC 7.27% 2031 SR 242A,Others,INE134E08ND3,True
8647,NSE_EQ|IN3820240080,727PY33,SG,NSE,SDL PY 7.27% 2033,Others,IN3820240080,True
3465,NSE_EQ|IN2920190302,727RJ29,SG,NSE,SDL RJ 7.27% 2029,Others,IN2920190302,True
3461,NSE_EQ|IN2920190344,727RJ30,SG,NSE,SDL RJ 7.27% 2030,Others,IN2920190344,True
6490,NSE_EQ|IN2920240255,727RJ42,SG,NSE,SDL RJ 7.27% 2042,Others,IN2920240255,True
4498,NSE_EQ|INE667F07JA5,727SHFL27,N0,NSE,SHFL 7.27% 2027 SR 349,Others,INE667F07JA5,True
7228,NSE_EQ|IN3020210040,727SK32,SG,NSE,SDL SK 7.27% 2032,Others,IN3020210040,True
8377,NSE_EQ|INE033L07IN3,727TCHFL28,N0,NSE,TCHFL 7.27% 2028 SR A,Others,INE033L07IN3,True
4148,NSE_EQ|IN3120240186,727TN32,SG,NSE,SDL TN 7.27% 2032,Others,IN3120240186,True
4155,NSE_EQ|IN3120240129,727TN54,SG,NSE,SDL TN 7.27% 2054,Others,IN3120240129,True
3367,NSE_EQ|IN4520240529,727TS47,SG,NSE,SDL TS 7.27% 2047,Others,IN4520240529,True
3363,NSE_EQ|IN4520240537,727TS49,SG,NSE,SDL TS 7.27% 2049,Others,IN4520240537,True
6113,NSE_EQ|IN3320240101,727UP41,SG,NSE,SDL UP 7.27% 2041,Others,IN3320240101,True
8434,NSE_EQ|INE831R07623,72841ABH30,N0,NSE,ABHFL 7.2841% 2030 SR H1,Others,INE831R07623,True
4639,NSE_EQ|IN1020240769,728AP36,SG,NSE,SDL AP 7.28% 2036,Others,IN1020240769,True
7750,NSE_EQ|IN3520240067,728CG34,SG,NSE,SDL CG 7.28% 2034,Others,IN3520240067,True
4716,NSE_EQ|IN1420250111,728GA37,SG,NSE,SDL GA 7.28% 2037,Others,IN1420250111,True
5271,NSE_EQ|IN1520190167,728GJ29,SG,NSE,SDL GJ 7.28% 2029,Others,IN1520190167,True
6701,NSE_EQ|IN1720250068,728HP47,SG,NSE,SDL HP 7.28% 2047,Others,IN1720250068,True
2679,NSE_EQ|INE202E08268,728IREDA35,N0,NSE,IREDA 7.28% 2035 XVI-G,Others,INE202E08268,True
3467,NSE_EQ|INE053F07801,728IRFC30,NG,NSE,TAX FREE  7.28% SR. 103,Others,INE053F07801,True
2573,NSE_EQ|INE053F08478,728IRFC40,N0,NSE,IRFCL 7.28% 2040 SR 187,Others,INE053F08478,True
6647,NSE_EQ|IN3720200069,728JH36,SG,NSE,SDL JH 7.28% 2036,Others,IN3720200069,True
5308,NSE_EQ|IN3720210035,728JH37,SG,NSE,SDL JH 7.28% 2037,Others,IN3720210035,True
7475,NSE_EQ|IN1820190149,728JK30,SG,NSE,SDL JK 7.28% 2030,Others,IN1820190149,True
4877,NSE_EQ|IN4920240079,728JK54,SG,NSE,SDL JK 7.28% 2054,Others,IN4920240079,True
2863,NSE_EQ|IN2020190186,728KL30,SG,NSE,SDL KL 7.28% 2030,Others,IN2020190186,True
7928,NSE_EQ|IN2120240022,728MP45,SG,NSE,SDL MP 7.28% 2045,Others,IN2120240022,True
3358,NSE_EQ|INE733E07JS0,728NTPC30B,N9,NSE,TFB 7.28% 2030 SR. 2A,Others,INE733E07JS0,True
3702,NSE_EQ|IN2720250108,728OR49,SG,NSE,SDL OR 7.28% 2049,Others,IN2720250108,True
5975,NSE_EQ|INE572E07258,728PHFL28,N0,NSE,PHFL 7.28% 2028 SR LXXII,Others,INE572E07258,True
8623,NSE_EQ|INE020B08FO3,728RECL40,N0,NSE,REC 7.28% 2040 SR 243,Others,INE020B08FO3,True
4785,NSE_EQ|IN3020190036,728SK30,SG,NSE,SDL SK 7.28% 2030,Others,IN3020190036,True
6203,NSE_EQ|INE692Q07605,728TFSIL28,N0,NSE,TFSIL 7.28% 2028 SR S56,Others,INE692Q07605,True
7460,NSE_EQ|IN3120250839,728TN33,SG,NSE,SDL TN 7.28% 2033,Others,IN3120250839,True
5772,NSE_EQ|IN4520210233,728TS35,SG,NSE,SDL TS 7.28% 2035,Others,IN4520210233,True
8668,NSE_EQ|IN4520240263,728TS38,SG,NSE,SDL TS 7.28% 2038,Others,IN4520240263,True
8667,NSE_EQ|IN4520240271,728TS45,SG,NSE,SDL TS 7.28% 2045,Others,IN4520240271,True
8666,NSE_EQ|IN4520240248,728TS46,SG,NSE,SDL TS 7.28% 2046,Others,IN4520240248,True
8043,NSE_EQ|IN3320190124,728UP29,SG,NSE,SDL UP 7.28% 2029,Others,IN3320190124,True
8215,NSE_EQ|IN3320210229,728UP32,SG,NSE,SDL UP 7.28% 2032,Others,IN3320210229,True
7630,NSE_EQ|IN3420240258,728WB39,SG,NSE,SDL WB 7.28% 2039,Others,IN3420240258,True
9326,NSE_EQ|INE674K07069,72959ABC28,N0,NSE,ABCL 7.2959% 2028 SR D2,Others,INE674K07069,True
8785,NSE_EQ|IN1020190410,729AP30,SG,NSE,SDL AP 7.29% 2030,Others,IN1020190410,True
6069,NSE_EQ|IN1020220019,729AP34,SG,NSE,SDL AP 7.29% 2034,Others,IN1020220019,True
2850,NSE_EQ|IN1320190177,729BR30,SG,NSE,SDL BR 7.29% 2030,Others,IN1320190177,True
4136,NSE_EQ|IN3520230019,729CG30,SG,NSE,SDL CG 7.29% 2030,Others,IN3520230019,True
3793,NSE_EQ|IN1420190135,729GA29,SG,NSE,SDL GA 7.29% 2029,Others,IN1420190135,True
3792,NSE_EQ|IN1420190143,729GA29A,SG,NSE,SDL GA 7.29% 2029,Others,IN1420190143,True
5622,NSE_EQ|IN1520210239,729GJ32,SG,NSE,SDL GJ 7.29% 2032,Others,IN1520210239,True
4462,NSE_EQ|IN1520250367,729GJ34,SG,NSE,SDL GJ 7.29% 2034,Others,IN1520250367,True
7941,NSE_EQ|IN0020220144,729GR2033,GS,NSE,GOI LOAN  7.29% 2033,Others,IN0020220144,True
7193,NSE_EQ|IN1720230029,729HP31,SG,NSE,SDL HP 7.29% 2031,Others,IN1720230029,True
5593,NSE_EQ|IN1620230061,729HR29,SG,NSE,SDL HR 7.29% 2029,Others,IN1620230061,True
6346,NSE_EQ|IN1620250218,729HR37,SG,NSE,SDL HR 7.29% 2037,Others,IN1620250218,True
4886,NSE_EQ|IN4920240129,729JK45,SG,NSE,SDL JK 7.29% 2045,Others,IN4920240129,True
9333,NSE_EQ|IN1920210250,729KA34,SG,NSE,SDL KA 7.29% 2034,Others,IN1920210250,True
5900,NSE_EQ|IN1920200624,729KA36,SG,NSE,SDL KA 7.29% 2036,Others,IN1920200624,True
5899,NSE_EQ|IN1920200632,729KA37,SG,NSE,SDL KA 7.29% 2037,Others,IN1920200632,True
5895,NSE_EQ|IN1920200673,729KA39,SG,NSE,SDL KA 7.29% 2039,Others,IN1920200673,True
3218,NSE_EQ|IN2020230024,729KL49,SG,NSE,SDL KL 7.29% 2049,Others,IN2020230024,True
3214,NSE_EQ|IN2020230040,729KL51,SG,NSE,SDL KL 7.29% 2051,Others,IN2020230040,True
4597,NSE_EQ|IN2220250400,729MH35,SG,NSE,SDL MH 7.29% 2035,Others,IN2220250400,True
4627,NSE_EQ|IN2220250350,729MH50,SG,NSE,SDL MH 7.29% 2050,Others,IN2220250350,True
7401,NSE_EQ|IN2420190059,729ML29,SG,NSE,SDL ML 7.29% 2029,Others,IN2420190059,True
3647,NSE_EQ|IN2120190102,729MP30,SG,NSE,SDL MP 7.29% 2030,Others,IN2120190102,True
3658,NSE_EQ|IN2120190193,729MP35,SG,NSE,SDL MP 7.29% 2035,Others,IN2120190193,True
6682,NSE_EQ|IN2520210054,729MZ33,SG,NSE,SDL MZ 7.29% 2033,Others,IN2520210054,True
3553,NSE_EQ|INE557F08GC8,729NHB31,N0,NSE,NHB 7.29% 2031,Others,INE557F08GC8,True
4792,NSE_EQ|INE848E08383,729NHPC32,N0,NSE,NHPC 7.29% 2032 STRPP A,Others,INE848E08383,True
4786,NSE_EQ|INE848E08391,729NHPC33,N0,NSE,NHPC 7.29% 2033 STRPP B,Others,INE848E08391,True
4797,NSE_EQ|INE848E08409,729NHPC34,N0,NSE,NHPC 7.29% 2034 STRPP C,Others,INE848E08409,True
4798,NSE_EQ|INE848E08417,729NHPC35,N0,NSE,NHPC 7.29% 2035 STRPP D,Others,INE848E08417,True
4801,NSE_EQ|INE848E08425,729NHPC36,N0,NSE,NHPC 7.29% 2036 STRPP E,Others,INE848E08425,True
4793,NSE_EQ|INE848E08433,729NHPC37,N0,NSE,NHPC 7.29% 2037 STRPP F,Others,INE848E08433,True
4794,NSE_EQ|INE848E08441,729NHPC38,N0,NSE,NHPC 7.29% 2038 STRPP G,Others,INE848E08441,True
4795,NSE_EQ|INE848E08458,729NHPC39,N0,NSE,NHPC 7.29% 2039 STRPP H,Others,INE848E08458,True
4796,NSE_EQ|INE848E08466,729NHPC40,N0,NSE,NHPC 7.29% 2040 STRPP I,Others,INE848E08466,True
4821,NSE_EQ|INE848E08474,729NHPC41,N0,NSE,NHPC 7.29% 2041 STRPP J,Others,INE848E08474,True
8218,NSE_EQ|IN2620190040,729NL29,SG,NSE,SDL NL 7.29% 2029,Others,IN2620190040,True
2814,NSE_EQ|IN2820250131,729PN33,SG,NSE,SDL PN 7.29% 2033,Others,IN2820250131,True
3297,NSE_EQ|IN2920210563,729RJ32,SG,NSE,SDL RJ 7.29% 2032,Others,IN2920210563,True
6507,NSE_EQ|IN2920240206,729RJ34,SG,NSE,SDL RJ 7.29% 2034,Others,IN2920240206,True
2596,NSE_EQ|IN2920250296,729RJ37,SG,NSE,SDL RJ 7.29% 2037,Others,IN2920250296,True
7140,NSE_EQ|IN3120230062,729TN53,SG,NSE,SDL TN 7.29% 2053,Others,IN3120230062,True
4147,NSE_EQ|IN3120240194,729TN54,SG,NSE,SDL TN 7.29% 2054,Others,IN3120240194,True
2760,NSE_EQ|IN3220200064,729TR36,SG,NSE,SDL TR 7.29% 2036,Others,IN3220200064,True
8672,NSE_EQ|IN4520240222,729TS40,SG,NSE,SDL TS 7.29% 2040,Others,IN4520240222,True
8671,NSE_EQ|IN4520240230,729TS42,SG,NSE,SDL TS 7.29% 2042,Others,IN4520240230,True
3451,NSE_EQ|IN3620190071,729UK29,SG,NSE,SDL UK 7.29% 2029,Others,IN3620190071,True
8052,NSE_EQ|IN3320190157,729UP29,SG,NSE,SDL UP 7.29% 2029,Others,IN3320190157,True
8241,NSE_EQ|IN3420190156,729WB29,SG,NSE,SDL WB 7.29% 2029,Others,IN3420190156,True
7625,NSE_EQ|IN3420240241,729WB38,SG,NSE,SDL WB 7.29% 2038,Others,IN3420240241,True
8778,NSE_EQ|IN1020190360,72AP30,SG,NSE,SDL AP 7.2% 2030,Others,IN1020190360,True
4595,NSE_EQ|IN1020240736,72AP36,SG,NSE,SDL AP 7.2% 2036,Others,IN1020240736,True
7894,NSE_EQ|IN1220190111,72AS29,SG,NSE,SDL AS 7.2% 2029,Others,IN1220190111,True
7247,NSE_EQ|IN1220240189,72AS40,SG,NSE,SDL AS 7.2% 2040,Others,IN1220240189,True
7301,NSE_EQ|IN1220240197,72AS45,SG,NSE,SDL AS 7.2% 2045,Others,IN1220240197,True
7743,NSE_EQ|IN3520240042,72CG34,SG,NSE,SDL CG 7.2% 2034,Others,IN3520240042,True
7569,NSE_EQ|IN1420200272,72GA31,SG,NSE,SDL GA 7.2% 2031,Others,IN1420200272,True
7597,NSE_EQ|IN1720190090,72HP35,SG,NSE,SDL HP 7.2% 2035,Others,IN1720190090,True
5672,NSE_EQ|IN3720250031,72JH32,SG,NSE,SDL JH 7.2% 2032,Others,IN3720250031,True
6646,NSE_EQ|IN3720200051,72JH35,SG,NSE,SDL JH 7.2% 2035,Others,IN3720200051,True
7472,NSE_EQ|IN1820190131,72JK29,SG,NSE,SDL JK 7.2% 2029,Others,IN1820190131,True
5043,NSE_EQ|IN4920240228,72JK47,SG,NSE,SDL JK 7.2% 2047,Others,IN4920240228,True
6275,NSE_EQ|IN1920190163,72KA31,SG,NSE,SDL KA 7.2% 2031,Others,IN1920190163,True
5104,NSE_EQ|IN1920240281,72KA37,SG,NSE,SDL KA 7.2% 2037,Others,IN1920240281,True
6569,NSE_EQ|IN2020240270,72KL42,SG,NSE,SDL KL 7.2% 2042,Others,IN2020240270,True
2878,NSE_EQ|IN2020210091,72KL56,SG,NSE,SDL KL 7.2% 2056,Others,IN2020210091,True
5038,NSE_EQ|IN2220230030,72MH28,SG,NSE,SDL MH 7.2% 2028,Others,IN2220230030,True
4614,NSE_EQ|IN2220250384,72MH34,SG,NSE,SDL MH 7.2% 2034,Others,IN2220250384,True
4629,NSE_EQ|IN2220250343,72MH36,SG,NSE,SDL MH 7.2% 2036,Others,IN2220250343,True
7403,NSE_EQ|IN2420190042,72ML29,SG,NSE,SDL ML 7.2% 2029,Others,IN2420190042,True
3110,NSE_EQ|IN2320240061,72MN40,SG,NSE,SDL MN 7.2% 2040,Others,IN2320240061,True
4618,NSE_EQ|IN2120250252,72MP33,SG,NSE,SDL MP 7.2% 2033,Others,IN2120250252,True
6517,NSE_EQ|IN2520190041,72MZ29,SG,NSE,SDL MZ 7.2% 2029,Others,IN2520190041,True
5156,NSE_EQ|IN2520240044,72MZ31,SG,NSE,SDL MZ 7.2% 2031,Others,IN2520240044,True
8216,NSE_EQ|IN2620190032,72NL29,SG,NSE,SDL NL 7.2% 2029,Others,IN2620190032,True
4806,NSE_EQ|IN2720240109,72OR32,SG,NSE,SDL OR 7.2% 2032,Others,IN2720240109,True
4783,NSE_EQ|IN2720240091,72OR45,SG,NSE,SDL OR 7.2% 2045,Others,IN2720240091,True
6532,NSE_EQ|IN2920240461,72RJ42,SG,NSE,SDL RJ 7.2% 2042,Others,IN2920240461,True
6770,NSE_EQ|IN2920200754,72RJ46,SG,NSE,SDL RJ 7.2% 2046,Others,IN2920200754,True
4151,NSE_EQ|IN3020240021,72SK35,SG,NSE,SDL SK 7.2% 2035,Others,IN3020240021,True
6672,NSE_EQ|IN3120190233,72TN31,SG,NSE,SDL TN 7.2% 2031,Others,IN3120190233,True
7598,NSE_EQ|IN3120250466,72TN35,SG,NSE,SDL TN 7.2% 2035,Others,IN3120250466,True
7592,NSE_EQ|IN3120250417,72TN36,SG,NSE,SDL TN 7.2% 2036,Others,IN3120250417,True
4015,NSE_EQ|IN3120240590,72TN55,SG,NSE,SDL TN 7.2% 2055,Others,IN3120240590,True
9250,NSE_EQ|IN4520200358,72TS51,SG,NSE,SDL TS 7.2% 2051,Others,IN4520200358,True
4312,NSE_EQ|IN3320200303,72UP31,SG,NSE,SDL UP 7.2% 2031,Others,IN3320200303,True
6151,NSE_EQ|IN3320240085,72UP40,SG,NSE,SDL UP 7.2% 2040,Others,IN3320240085,True
8272,NSE_EQ|IN3420190230,72WB30,SG,NSE,SDL WB 7.2% 2030,Others,IN3420190230,True
8367,NSE_EQ|INE831R07581,73064ABH28,N0,NSE,ABHFL 7.3064% 2028 SR B1,Others,INE831R07581,True
7884,NSE_EQ|IN1220190095,730AS29,SG,NSE,SDL AS 7.30% 2029,Others,IN1220190095,True
7681,NSE_EQ|INE403D08306,730BTL27,N0,NSE,BTL 7.30% 2027 SR XXVII,Others,INE403D08306,True
7476,NSE_EQ|IN1820190115,730JK29,SG,NSE,SDL JK 7.30% 2029,Others,IN1820190115,True
9390,NSE_EQ|IN1920210342,730KA32,SG,NSE,SDL KA 7.30% 2032,Others,IN1920210342,True
6632,NSE_EQ|IN2020240098,730KL52,SG,NSE,SDL KL 7.30% 2052,Others,IN2020240098,True
7968,NSE_EQ|IN2220240070,730MH38,SG,NSE,SDL MH 7.30% 2038,Others,IN2220240070,True
7962,NSE_EQ|IN2220240088,730MH39,SG,NSE,SDL MH 7.30% 2039,Others,IN2220240088,True
3907,NSE_EQ|INE246R07806,730NIIF28,N0,NSE,NIIF 7.3050% 2028 SR PP3,Others,INE246R07806,True
3119,NSE_EQ|INE134E08NC5,730PFCL34,N0,NSE,PFCL 7.30% 2034 SR 241,Others,INE134E08NC5,True
3788,NSE_EQ|INE134E07DU0,730PFCL41,NC,NSE,PFCL 7.30% 2041 SR IV,Others,INE134E07DU0,True
8910,NSE_EQ|IN2820190089,730PN31,SG,NSE,SDL PN 7.30% 2031,Others,IN2820190089,True
7445,NSE_EQ|INE535H07CP3,730SICC28,N0,NSE,SICC PPR 7.30%  SR 113,Others,INE535H07CP3,True
7442,NSE_EQ|INE535H07CQ1,730SICC28A,N0,NSE,SICCL 7.30% 2028 SR 114,Others,INE535H07CQ1,True
7331,NSE_EQ|INE213W07343,730SIHF28,N0,NSE,SIHF 7.30% 2028 PP SR 32,Others,INE213W07343,True
3578,NSE_EQ|INE526E07015,730SPRL27,N0,NSE,SPRL 7.30% 2027 SR 1,Others,INE526E07015,True
8383,NSE_EQ|INE033L07IR4,730TCHFL28,N0,NSE,TCHFL 7.30% 2028 SR E,Others,INE033L07IR4,True
8242,NSE_EQ|IN3420190115,730WB29,SG,NSE,SDL WB 7.30% 2029,Others,IN3420190115,True
8575,NSE_EQ|IN1020210556,731AP42,SG,NSE,SDL AP 7.31% 2042,Others,IN1020210556,True
5690,NSE_EQ|IN1020240348,731AP44,SG,NSE,SDL AP 7.31% 2044,Others,IN1020240348,True
3619,NSE_EQ|IN1320250161,731BR45,SG,NSE,SDL BR 7.31% 2045,Others,IN1320250161,True
7866,NSE_EQ|IN4920250151,731JK45,SG,NSE,SDL JK 7.31% 2045,Others,IN4920250151,True
8609,NSE_EQ|IN1920250264,731KA33,SG,NSE,SDL KA 7.31% 2033,Others,IN1920250264,True
9338,NSE_EQ|IN1920210268,731KA35,SG,NSE,SDL KA 7.31% 2035,Others,IN1920210268,True
2633,NSE_EQ|IN2020210208,731KL32,SG,NSE,SDL KL 7.31% 2032,Others,IN2020210208,True
6599,NSE_EQ|IN2020240106,731KL40,SG,NSE,SDL KL 7.31% 2040,Others,IN2020240106,True
6443,NSE_EQ|IN2320250052,731MN37,SG,NSE,SDL MN 7.31% 2037,Others,IN2320250052,True
8853,NSE_EQ|IN2520250050,731MZ41,SG,NSE,SDL MZ 7.31% 2041,Others,IN2520250050,True
3162,NSE_EQ|INE134E08OB5,731PFCL36,N0,NSE,PFCL 7.31% 2036 SR 259B,Others,INE134E08OB5,True
5605,NSE_EQ|IN3820210067,731PY35,SG,NSE,SDL PY 7.31% 2035,Others,IN3820210067,True
8615,NSE_EQ|INE020B08FI5,731RECL39,N0,NSE,REC 7.31% 2039 SR 238,Others,INE020B08FI5,True
5584,NSE_EQ|INE507T07161,731SDIL40,N0,NSE,SDIL 7.31% 2040,Others,INE507T07161,True
7419,NSE_EQ|IN3120250631,731TN33,SG,NSE,SDL TN 7.31% 2033,Others,IN3120250631,True
7418,NSE_EQ|IN3120250698,731TN33A,SG,NSE,SDL TN 7.31% 2033,Others,IN3120250698,True
7504,NSE_EQ|IN3120250250,731TN34,SG,NSE,SDL TN 7.31% 2034,Others,IN3120250250,True
4161,NSE_EQ|IN3120240145,731TN54,SG,NSE,SDL TN 7.31% 2054,Others,IN3120240145,True
8696,NSE_EQ|IN4520240131,731TS42,SG,NSE,SDL TS 7.31% 2042,Others,IN4520240131,True
8669,NSE_EQ|IN4520240214,731TS50,SG,NSE,SDL TS 7.31% 2050,Others,IN4520240214,True
5943,NSE_EQ|IN4520190153,731TS60,SG,NSE,SDL TS 7.31% 2060,Others,IN4520190153,True
8239,NSE_EQ|IN3420190149,731WB34,SG,NSE,SDL WB 7.31% 2034,Others,IN3420190149,True
9315,NSE_EQ|IN1020230133,732AP43,SG,NSE,SDL AP 7.32% 2043,Others,IN1020230133,True
4169,NSE_EQ|IN1220210216,732AS32,SG,NSE,SDL AS 7.32% 2032,Others,IN1220210216,True
7748,NSE_EQ|IN3520240083,732CG37,SG,NSE,SDL CG 7.32% 2037,Others,IN3520240083,True
4517,NSE_EQ|IN0020230135,732GS2030,GS,NSE,GOI LOAN  7.32% 2030,Others,IN0020230135,True
5604,NSE_EQ|IN1620230087,732HR33,SG,NSE,SDL HR 7.32% 2033,Others,IN1620230087,True
2894,NSE_EQ|IN1620240086,732HR36,SG,NSE,SDL HR 7.32% 2036,Others,IN1620240086,True
2897,NSE_EQ|IN1620240094,732HR36A,SG,NSE,SDL HR 7.32% 2036,Others,IN1620240094,True
2677,NSE_EQ|INE202E08243,732IREDA29,N0,NSE,IREDA 7.32% 29 SR XVI-E,Others,INE202E08243,True
8511,NSE_EQ|IN1920250025,732KA33,SG,NSE,SDL KA 7.32% 2033,Others,IN1920250025,True
8548,NSE_EQ|IN1920250116,732KA33A,SG,NSE,SDL KA 7.32% 2033,Others,IN1920250116,True
9389,NSE_EQ|IN1920210334,732KA34,SG,NSE,SDL KA 7.32% 2034,Others,IN1920210334,True
6633,NSE_EQ|IN2020240064,732KL41,SG,NSE,SDL KL 7.32% 2041,Others,IN2020240064,True
3219,NSE_EQ|IN2020230032,732KL53,SG,NSE,SDL KL 7.32% 2053,Others,IN2020230032,True
5045,NSE_EQ|IN2220230063,732MH32,SG,NSE,SDL MH 7.32% 2032,Others,IN2220230063,True
6303,NSE_EQ|INE082G08038,732MPL30,N0,NSE,MPL 7.32% 2030 SR III,Others,INE082G08038,True
3118,NSE_EQ|INE134E08NB7,732PFCL39,N0,NSE,PFC 7.32% 2039 SR 240,Others,INE134E08NB7,True
6416,NSE_EQ|IN2920240172,732RJ34,SG,NSE,SDL RJ 7.32% 2034,Others,IN2920240172,True
2618,NSE_EQ|IN2920250205,732RJ35,SG,NSE,SDL RJ 7.32% 2035,Others,IN2920250205,True
8595,NSE_EQ|INE020B08FQ8,732RL35,N0,NSE,REC 7.32% 2035 SR 245B,Others,INE020B08FQ8,True
7134,NSE_EQ|IN3120230047,732TN33,SG,NSE,SDL TN 7.32% 2033,Others,IN3120230047,True
7139,NSE_EQ|IN3120230054,732TN53,SG,NSE,SDL TN 7.32% 2053,Others,IN3120230054,True
8636,NSE_EQ|IN4520240164,732TS36,SG,NSE,SDL TS 7.32% 2036,Others,IN4520240164,True
5280,NSE_EQ|IN4520230041,732TS48,SG,NSE,SDL TS 7.32% 2048,Others,IN4520230041,True
5277,NSE_EQ|IN4520230058,732TS49,SG,NSE,SDL TS 7.32% 2049,Others,IN4520230058,True
7620,NSE_EQ|IN3420240225,732WB38,SG,NSE,SDL WB 7.32% 2038,Others,IN3420240225,True
9271,NSE_EQ|IN1020230182,733AP33,SG,NSE,SDL AP 7.33% 2033,Others,IN1020230182,True
4669,NSE_EQ|IN1020240421,733AP39,SG,NSE,SDL AP 7.33% 2039,Others,IN1020240421,True
4668,NSE_EQ|IN1020240413,733AP40,SG,NSE,SDL AP 7.33% 2040,Others,IN1020240413,True
9188,NSE_EQ|IN1020230208,733AP42,SG,NSE,SDL AP 7.33% 2042,Others,IN1020230208,True
9186,NSE_EQ|IN1020230216,733AP43,SG,NSE,SDL AP 7.33% 2043,Others,IN1020230216,True
4667,NSE_EQ|IN1020240405,733AP43A,SG,NSE,SDL AP 7.33% 2043,Others,IN1020240405,True
4165,NSE_EQ|IN1220210257,733AS32,SG,NSE,SDL AS 7.33% 2032,Others,IN1220210257,True
8097,NSE_EQ|IN1420240013,733GA39,SG,NSE,SDL GA 7.33% 2039,Others,IN1420240013,True
4509,NSE_EQ|IN0020230119,733GS2026,GS,NSE,GOI LOAN  7.33% 2026,Others,IN0020230119,True
2896,NSE_EQ|IN1620240078,733HR36,SG,NSE,SDL HR 7.33% 2036,Others,IN1620240078,True
5667,NSE_EQ|IN3720250015,733JH34,SG,NSE,SDL JH 7.33% 2034,Others,IN3720250015,True
4876,NSE_EQ|IN4920240061,733JK51,SG,NSE,SDL JK 7.33% 2051,Others,IN4920240061,True
8579,NSE_EQ|IN1920250157,733KA33,SG,NSE,SDL KA 7.33% 2033,Others,IN1920250157,True
9365,NSE_EQ|IN1920210284,733KA37,SG,NSE,SDL KA 7.33% 2037,Others,IN1920210284,True
9356,NSE_EQ|IN1920210292,733KA40,SG,NSE,SDL KA 7.33% 2040,Others,IN1920210292,True
6631,NSE_EQ|IN2020240080,733KL54,SG,NSE,SDL KL 7.33% 2054,Others,IN2020240080,True
5034,NSE_EQ|IN2220230055,733MH31,SG,NSE,SDL MH 7.33% 2031,Others,IN2220230055,True
4589,NSE_EQ|IN2220250491,733MH34,SG,NSE,SDL MH 7.33% 2034,Others,IN2220250491,True
7964,NSE_EQ|IN2220240096,733MH44,SG,NSE,SDL MH 7.33% 2044,Others,IN2220240096,True
4737,NSE_EQ|IN2120210058,733MP42,SG,NSE,SDL MP 7.33% 2042,Others,IN2120210058,True
8281,NSE_EQ|IN2620230028,733NL33,SG,NSE,SDL NL 7.33% 2033,Others,IN2620230028,True
2714,NSE_EQ|IN2920250429,733RJ31,SG,NSE,SDL RJ 7.33% 2031,Others,IN2920250429,True
6413,NSE_EQ|IN2920240156,733RJ43,SG,NSE,SDL RJ 7.33% 2043,Others,IN2920240156,True
6417,NSE_EQ|IN2920240164,733RJ44,SG,NSE,SDL RJ 7.33% 2044,Others,IN2920240164,True
4159,NSE_EQ|IN3120240152,733TN32,SG,NSE,SDL TN 7.33% 2032,Others,IN3120240152,True
7133,NSE_EQ|IN3120230039,733TN33,SG,NSE,SDL TN 7.33% 2033,Others,IN3120230039,True
7238,NSE_EQ|IN3120210312,733TN52,SG,NSE,SDL TN 7.33% 2052,Others,IN3120210312,True
7340,NSE_EQ|IN3120210411,733TN52A,SG,NSE,SDL TN 7.33% 2052,Others,IN3120210411,True
6671,NSE_EQ|IN3120190241,733TN54,SG,NSE,SDL TN 7.33% 2054,Others,IN3120190241,True
7337,NSE_EQ|IN3120210429,733TN57,SG,NSE,SDL TN 7.33% 2057,Others,IN3120210429,True
8634,NSE_EQ|IN4520240172,733TS40,SG,NSE,SDL TS 7.33% 2040,Others,IN4520240172,True
8670,NSE_EQ|IN4520240206,733TS42,SG,NSE,SDL TS 7.33% 2042,Others,IN4520240206,True
6835,NSE_EQ|IN4520250304,733TS60,SG,NSE,SDL TS 7.33% 2060,Others,IN4520250304,True
9147,NSE_EQ|IN3320230029,733UP33,SG,NSE,SDL UP 7.33% 2033,Others,IN3320230029,True
9245,NSE_EQ|IN1020230075,734AP29,SG,NSE,SDL AP 7.34% 2029,Others,IN1020230075,True
5687,NSE_EQ|IN1020240330,734AP35,SG,NSE,SDL AP 7.34% 2035,Others,IN1020240330,True
6067,NSE_EQ|IN1020220027,734AP40,SG,NSE,SDL AP 7.34% 2040,Others,IN1020220027,True
4663,NSE_EQ|IN1020240439,734AP44,SG,NSE,SDL AP 7.34% 2044,Others,IN1020240439,True
5646,NSE_EQ|IN1020240249,734AP48,SG,NSE,SDL AP 7.34% 2048,Others,IN1020240249,True
5650,NSE_EQ|IN1020240256,734AP49,SG,NSE,SDL AP 7.34% 2049,Others,IN1020240256,True
4664,NSE_EQ|IN1020240447,734AP49A,SG,NSE,SDL AP 7.34% 2049,Others,IN1020240447,True
3934,NSE_EQ|IN1220230040,734AS33,SG,NSE,SDL AS 7.34% 2033,Others,IN1220230040,True
3935,NSE_EQ|IN1220230057,734AS33A,SG,NSE,SDL AS 7.34% 2033,Others,IN1220230057,True
7288,NSE_EQ|IN1220240205,734AS35,SG,NSE,SDL AS 7.34% 2035,Others,IN1220240205,True
2755,NSE_EQ|IN3520250017,734CG40,SG,NSE,SDL CG 7.34% 2040,Others,IN3520250017,True
4010,NSE_EQ|IN1420210198,734GA32,SG,NSE,SDL GA 7.34% 2032,Others,IN1420210198,True
4719,NSE_EQ|IN1420250137,734GA35,SG,NSE,SDL GA 7.34% 2035,Others,IN1420250137,True
3820,NSE_EQ|IN0020240035,734GS2064,GS,NSE,GOI LOAN  7.34% 2064,Others,IN0020240035,True
5609,NSE_EQ|IN1620230095,734HR31,SG,NSE,SDL HR 7.34% 2031,Others,IN1620230095,True
2899,NSE_EQ|IN1620240102,734HR36,SG,NSE,SDL HR 7.34% 2036,Others,IN1620240102,True
3492,NSE_EQ|INE053F07579,734IRFC28,N4,NSE,7.34 NCD 19FEB28 TR1 SR2,Others,INE053F07579,True
4880,NSE_EQ|IN4920240038,734JK54,SG,NSE,SDL JK 7.34% 2054,Others,IN4920240038,True
8528,NSE_EQ|IN1920250082,734KA34,SG,NSE,SDL KA 7.34% 2034,Others,IN1920250082,True
6623,NSE_EQ|IN2020240049,734KL55,SG,NSE,SDL KL 7.34% 2055,Others,IN2020240049,True
5049,NSE_EQ|IN2220230071,734MH31,SG,NSE,SDL MH 7.34% 2031,Others,IN2220230071,True
4591,NSE_EQ|IN2220250475,734MH34,SG,NSE,SDL MH 7.34% 2034,Others,IN2220250475,True
5062,NSE_EQ|IN2320210098,734MN32,SG,NSE,SDL MN 7.34% 2032,Others,IN2320210098,True
5086,NSE_EQ|IN2320210106,734MN32A,SG,NSE,SDL MN 7.34% 2032,Others,IN2320210106,True
4654,NSE_EQ|IN2120250344,734MP33,SG,NSE,SDL MP 7.34% 2033,Others,IN2120250344,True
4628,NSE_EQ|IN2120250401,734MP34,SG,NSE,SDL MP 7.34% 2034,Others,IN2120250401,True
8040,NSE_EQ|IN2620210079,734NL32,SG,NSE,SDL NL 7.34% 2032,Others,IN2620210079,True
4292,NSE_EQ|INE152D08010,734NRL35,N0,NSE,NRL 7.34% 2035 SR 1,Others,INE152D08010,True
3718,NSE_EQ|IN2720250157,734OR33,SG,NSE,SDL OR 7.34% 2033,Others,IN2720250157,True
6215,NSE_EQ|IN2820240165,734PN32,SG,NSE,SDL PN 7.34% 2032,Others,IN2820240165,True
6213,NSE_EQ|IN2820240173,734PN35,SG,NSE,SDL PN 7.34% 2035,Others,IN2820240173,True
3075,NSE_EQ|IN2920230058,734RJ33,SG,NSE,SDL RJ 7.34% 2033,Others,IN2920230058,True
3082,NSE_EQ|IN2920230082,734RJ33A,SG,NSE,SDL RJ 7.34% 2033,Others,IN2920230082,True
6415,NSE_EQ|IN2920240149,734RJ34,SG,NSE,SDL RJ 7.34% 2034,Others,IN2920240149,True
6403,NSE_EQ|IN2920240107,734RJ45,SG,NSE,SDL RJ 7.34% 2045,Others,IN2920240107,True
6489,NSE_EQ|IN2920240214,734RJ45A,SG,NSE,SDL RJ 7.34% 2045,Others,IN2920240214,True
8628,NSE_EQ|INE020B08FL9,734RL30,N0,NSE,REC 7.34% 2030 SR 240B,Others,INE020B08FL9,True
5543,NSE_EQ|INE556F08KS8,734SIDBI29,N0,NSE,SIDBI 7.34% 2029 SR III,Others,INE556F08KS8,True
4178,NSE_EQ|IN3120240061,734TN29,SG,NSE,SDL TN 7.34% 2029,Others,IN3120240061,True
4158,NSE_EQ|IN3120240160,734TN34,SG,NSE,SDL TN 7.34% 2034,Others,IN3120240160,True
7541,NSE_EQ|IN3120250532,734TN34A,SG,NSE,SDL TN 7.34% 2034,Others,IN3120250532,True
7110,NSE_EQ|IN3120230104,734TN43,SG,NSE,SDL TN 7.34% 2043,Others,IN3120230104,True
2761,NSE_EQ|IN3220200056,734TR36,SG,NSE,SDL TR 7.34% 2036,Others,IN3220200056,True
5783,NSE_EQ|IN4520210241,734TS34,SG,NSE,SDL TS 7.34% 2034,Others,IN4520210241,True
5781,NSE_EQ|IN4520210282,734TS35,SG,NSE,SDL TS 7.34% 2035,Others,IN4520210282,True
8641,NSE_EQ|IN4520240180,734TS37,SG,NSE,SDL TS 7.34% 2037,Others,IN4520240180,True
6789,NSE_EQ|IN4520250528,734TS38,SG,NSE,SDL TS 7.34% 2038,Others,IN4520250528,True
5241,NSE_EQ|IN4520230140,734TS44,SG,NSE,SDL TS 7.34% 2044,Others,IN4520230140,True
5239,NSE_EQ|IN4520230157,734TS46,SG,NSE,SDL TS 7.34% 2046,Others,IN4520230157,True
7261,NSE_EQ|INE481G08123,734UCL28,N0,NSE,UCL 7.34% 2028 SR I,Others,INE481G08123,True
7264,NSE_EQ|INE481G08115,734UCL30,N0,NSE,UCL 7.34% 2030 SR II,Others,INE481G08115,True
3707,NSE_EQ|IN3620210051,734UK32,SG,NSE,SDL UK 7.34% 2032,Others,IN3620210051,True
8212,NSE_EQ|IN3320210237,734UP32,SG,NSE,SDL UP 7.34% 2032,Others,IN3320210237,True
7762,NSE_EQ|IN3420240027,734WB39,SG,NSE,SDL WB 7.34% 2039,Others,IN3420240027,True
7767,NSE_EQ|IN3420240035,734WB42,SG,NSE,SDL WB 7.34% 2042,Others,IN3420240035,True
8133,NSE_EQ|IN1020250370,735AP36,SG,NSE,SDL AP 7.35% 2036,Others,IN1020250370,True
9317,NSE_EQ|IN1020230125,735AP39,SG,NSE,SDL AP 7.35% 2039,Others,IN1020230125,True
9191,NSE_EQ|IN1020230257,735AP40,SG,NSE,SDL AP 7.35% 2040,Others,IN1020230257,True
7209,NSE_EQ|IN1220240049,735AS39,SG,NSE,SDL AS 7.35% 2039,Others,IN1220240049,True
7691,NSE_EQ|INE403D08272,735BTL27,N0,NSE,BTL 7.35% 2027 SR XXV,Others,INE403D08272,True
3512,NSE_EQ|IN3520190098,735CG30,SG,NSE,SDL CG 7.35% 2030,Others,IN3520190098,True
8808,NSE_EQ|INE514E08GE8,735EXIM28,N0,NSE,EXIM 7.35% 2028 SR AA02,Others,INE514E08GE8,True
3657,NSE_EQ|IN1720240051,735HP34,SG,NSE,SDL HP 7.35% 2034,Others,IN1720240051,True
5589,NSE_EQ|IN1620230053,735HR33,SG,NSE,SDL HR 7.35% 2033,Others,IN1620230053,True
6351,NSE_EQ|IN1620250226,735HR39,SG,NSE,SDL HR 7.35% 2039,Others,IN1620250226,True
3473,NSE_EQ|INE053F07884,735IRFC31,NM,NSE,TAX FREE  7.35% SR. 108,Others,INE053F07884,True
5310,NSE_EQ|IN3720210043,735JH38,SG,NSE,SDL JH 7.35% 2038,Others,IN3720210043,True
7870,NSE_EQ|IN4920250102,735JK40,SG,NSE,SDL JK 7.35% 2040,Others,IN4920250102,True
4888,NSE_EQ|IN4920240111,735JK46,SG,NSE,SDL JK 7.35% 2046,Others,IN4920240111,True
4881,NSE_EQ|IN4920240053,735JK49,SG,NSE,SDL JK 7.35% 2049,Others,IN4920240053,True
4887,NSE_EQ|IN4920240103,735JK51,SG,NSE,SDL JK 7.35% 2051,Others,IN4920240103,True
9359,NSE_EQ|IN1920210276,735KA36,SG,NSE,SDL KA 7.35% 2036,Others,IN1920210276,True
5891,NSE_EQ|IN1920200608,735KA39,SG,NSE,SDL KA 7.35% 2039,Others,IN1920200608,True
5890,NSE_EQ|IN1920200616,735KA40,SG,NSE,SDL KA 7.35% 2040,Others,IN1920200616,True
8166,NSE_EQ|IN2220260011,735MH31,SG,NSE,SDL MH 7.35% 2031,Others,IN2220260011,True
5040,NSE_EQ|IN2220230089,735MH32,SG,NSE,SDL MH 7.35% 2032,Others,IN2220230089,True
3693,NSE_EQ|IN2120190235,735MP29,SG,NSE,SDL MP 7.35% 2029,Others,IN2120190235,True
5150,NSE_EQ|IN2520240036,735MZ37,SG,NSE,SDL MZ 7.35% 2037,Others,IN2520240036,True
4684,NSE_EQ|INE261F07057,735NABAR31,N1,NSE,7.35% TAX FREE TRI SRIIA,Others,INE261F07057,True
4943,NSE_EQ|INE906B07EI0,735NHAI31,N9,NSE,TAX FREE7.35% SR.IIA,Others,INE906B07EI0,True
3550,NSE_EQ|INE557F08GD6,735NHB32,N0,NSE,NHB 7.35% 2032,Others,INE557F08GD6,True
7849,NSE_EQ|INE134E07570,735PFCL35,N1,NSE,7.35% TAX FREE NCD,Others,INE134E07570,True
3152,NSE_EQ|INE752E08734,735PGCIL34,N1,NSE,PGCL 7.35% 2034 SR LXXVI,Others,INE752E08734,True
5977,NSE_EQ|IN3820230024,735PY27,SG,NSE,SDL PY 7.35% 2027,Others,IN3820230024,True
4521,NSE_EQ|IN3820190087,735PY30,SG,NSE,SDL PY 7.35% 2030,Others,IN3820190087,True
5636,NSE_EQ|IN3820210091,735PY33,SG,NSE,SDL PY 7.35% 2033,Others,IN3820210091,True
8506,NSE_EQ|INE020B08FE4,735RECL34,NS,NSE,REC 7.35% 2034 SR 235,Others,INE020B08FE4,True
3078,NSE_EQ|IN2920230074,735RJ43,SG,NSE,SDL RJ 7.35% 2043,Others,IN2920230074,True
6488,NSE_EQ|IN2920240222,735RJ49,SG,NSE,SDL RJ 7.35% 2049,Others,IN2920240222,True
5151,NSE_EQ|INE660A07RW8,735SFL27,N0,NSE,SFL 7.35% 2027 SR Z1,Others,INE660A07RW8,True
7223,NSE_EQ|IN3020210065,735SK32,SG,NSE,SDL SK 7.35% 2032,Others,IN3020210065,True
3582,NSE_EQ|INE526E07023,735SPRL28,N0,NSE,SPRL 7.35% 2028 SR 2,Others,INE526E07023,True
8382,NSE_EQ|INE033L07IQ6,735TCHFL35,N0,NSE,TCHFL 7.35% 2035 SR D,Others,INE033L07IQ6,True
7137,NSE_EQ|IN3120230070,735TN33,SG,NSE,SDL TN 7.35% 2033,Others,IN3120230070,True
7094,NSE_EQ|IN3120230161,735TN33A,SG,NSE,SDL TN 7.35% 2033,Others,IN3120230161,True
4163,NSE_EQ|IN3120240137,735TN34,SG,NSE,SDL TN 7.35% 2034,Others,IN3120240137,True
7138,NSE_EQ|IN3120230088,735TN43,SG,NSE,SDL TN 7.35% 2043,Others,IN3120230088,True
5958,NSE_EQ|IN4520190211,735TS30,SG,NSE,SDL TS 7.35% 2030,Others,IN4520190211,True
8701,NSE_EQ|IN4520240115,735TS36,SG,NSE,SDL TS 7.35% 2036,Others,IN4520240115,True
8697,NSE_EQ|IN4520240123,735TS38,SG,NSE,SDL TS 7.35% 2038,Others,IN4520240123,True
8639,NSE_EQ|IN4520240198,735TS40,SG,NSE,SDL TS 7.35% 2040,Others,IN4520240198,True
5300,NSE_EQ|IN4520230082,735TS45,SG,NSE,SDL TS 7.35% 2045,Others,IN4520230082,True
3482,NSE_EQ|IN3620190154,735UK30,SG,NSE,SDL UK 7.35% 2030,Others,IN3620190154,True
8213,NSE_EQ|IN3320210245,735UP34,SG,NSE,SDL UP 7.35% 2034,Others,IN3320210245,True
9306,NSE_EQ|IN3320250076,735UP39,SG,NSE,SDL UP 7.35% 2039,Others,IN3320250076,True
8267,NSE_EQ|IN3420190255,735WB30,SG,NSE,SDL WB 7.35% 2030,Others,IN3420190255,True
7635,NSE_EQ|IN3420240050,735WB40,SG,NSE,SDL WB 7.35% 2040,Others,IN3420240050,True
7634,NSE_EQ|IN3420240068,735WB43,SG,NSE,SDL WB 7.35% 2043,Others,IN3420240068,True
9312,NSE_EQ|IN1020230141,736AP34,SG,NSE,SDL AP 7.36% 2034,Others,IN1020230141,True
9280,NSE_EQ|IN1020230190,736AP37,SG,NSE,SDL AP 7.36% 2037,Others,IN1020230190,True
9193,NSE_EQ|IN1020230232,736AP38,SG,NSE,SDL AP 7.36% 2038,Others,IN1020230232,True
9215,NSE_EQ|IN1020230349,736AP38A,SG,NSE,SDL AP 7.36% 2038,Others,IN1020230349,True
5703,NSE_EQ|IN1020240371,736AP41,SG,NSE,SDL AP 7.36% 2041,Others,IN1020240371,True
5705,NSE_EQ|IN1020240389,736AP45,SG,NSE,SDL AP 7.36% 2045,Others,IN1020240389,True
5695,NSE_EQ|IN1020240397,736AP48,SG,NSE,SDL AP 7.36% 2048,Others,IN1020240397,True
2984,NSE_EQ|INE121A07SP3,736CIFL28,N0,NSE,CIFL 7.36% 2028 SR 656,Others,INE121A07SP3,True
4450,NSE_EQ|IN1420230014,736GA33,SG,NSE,SDL GA 7.36% 2033,Others,IN1420230014,True
8100,NSE_EQ|IN1420240021,736GA34,SG,NSE,SDL GA 7.36% 2034,Others,IN1420240021,True
7950,NSE_EQ|IN0020220086,736GS2052,GS,NSE,GOI LOAN  7.36% 2052,Others,IN0020220086,True
5599,NSE_EQ|IN1620230079,736HR33,SG,NSE,SDL HR 7.36% 2033,Others,IN1620230079,True
5641,NSE_EQ|IN1620230103,736HR33A,SG,NSE,SDL HR 7.36% 2033,Others,IN1620230103,True
2921,NSE_EQ|IN1620240060,736HR34,SG,NSE,SDL HR 7.36% 2034,Others,IN1620240060,True
5477,NSE_EQ|INE242A08551,736IOCL29,N0,NSE,IOCL 7.36% 2029 SR 26,Others,INE242A08551,True
2676,NSE_EQ|INE202E08235,736IRED39,N0,NSE,IREDA 7.36% 2039 SR XVI,Others,INE202E08235,True
8350,NSE_EQ|IN4920230039,736JK35,SG,NSE,SDL JK 7.36% 2035,Others,IN4920230039,True
4874,NSE_EQ|IN4920240087,736JK46,SG,NSE,SDL JK 7.36% 2046,Others,IN4920240087,True
8295,NSE_EQ|IN4920230260,736JK49,SG,NSE,SDL JK 7.36% 2049,Others,IN4920230260,True
8977,NSE_EQ|IN1920230316,736KA34,SG,NSE,SDL KA 7.36% 2034,Others,IN1920230316,True
9392,NSE_EQ|IN1920210318,736KA39,SG,NSE,SDL KA 7.36% 2039,Others,IN1920210318,True
6626,NSE_EQ|IN2020240031,736KL36,SG,NSE,SDL KL 7.36% 2036,Others,IN2020240031,True
3210,NSE_EQ|IN2020230081,736KL38,SG,NSE,SDL KL 7.36% 2038,Others,IN2020230081,True
3211,NSE_EQ|IN2020230099,736KL41,SG,NSE,SDL KL 7.36% 2041,Others,IN2020230099,True
3347,NSE_EQ|IN2020230248,736KL54,SG,NSE,SDL KL 7.36% 2054,Others,IN2020230248,True
5052,NSE_EQ|IN2220230014,736MH28,SG,NSE,SDL MH 7.36% 2028,Others,IN2220230014,True
6909,NSE_EQ|IN2420230012,736ML32,SG,NSE,SDL ML 7.36% 2032,Others,IN2420230012,True
5006,NSE_EQ|IN2120230015,736MP33,SG,NSE,SDL MP 7.36% 2033,Others,IN2120230015,True
6754,NSE_EQ|IN2520230037,736MZ38,SG,NSE,SDL MZ 7.36% 2038,Others,IN2520230037,True
6755,NSE_EQ|IN2520230045,736MZ38A,SG,NSE,SDL MZ 7.36% 2038,Others,IN2520230045,True
5152,NSE_EQ|IN2520240028,736MZ39,SG,NSE,SDL MZ 7.36% 2039,Others,IN2520240028,True
9430,NSE_EQ|INE0KUG08043,736NBFID44,N0,NSE,NABF 7.36% 2044 SR 2,Others,INE0KUG08043,True
7789,NSE_EQ|INE134E07349,736PFCL28,N2,NSE,7.36% TAX FREE NCD,Others,INE134E07349,True
3079,NSE_EQ|IN2920230066,736RJ33,SG,NSE,SDL RJ 7.36% 2033,Others,IN2920230066,True
6431,NSE_EQ|IN2920240198,736RJ34,SG,NSE,SDL RJ 7.36% 2034,Others,IN2920240198,True
6454,NSE_EQ|IN2920240081,736RJ37,SG,NSE,SDL RJ 7.36% 2037,Others,IN2920240081,True
3026,NSE_EQ|IN2920230132,736RJ41,SG,NSE,SDL RJ 7.36% 2041,Others,IN2920230132,True
6432,NSE_EQ|IN2920240180,736RJ46,SG,NSE,SDL RJ 7.36% 2046,Others,IN2920240180,True
8588,NSE_EQ|INE062A08439,736SBI39,N0,NSE,SBOI 7.36% 2039 SR 2,Others,INE062A08439,True
8589,NSE_EQ|INE062A08421,736SBOI39,N0,NSE,SBOI 7.36% SR 1,Others,INE062A08421,True
7106,NSE_EQ|IN3120230187,736TN43,SG,NSE,SDL TN 7.36% 2043,Others,IN3120230187,True
7034,NSE_EQ|IN3120230476,736TN54,SG,NSE,SDL TN 7.36% 2054,Others,IN3120230476,True
5782,NSE_EQ|IN4520210290,736TS36,SG,NSE,SDL TS 7.36% 2036,Others,IN4520210290,True
8699,NSE_EQ|IN4520240149,736TS37,SG,NSE,SDL TS 7.36% 2037,Others,IN4520240149,True
5282,NSE_EQ|IN4520230074,736TS41,SG,NSE,SDL TS 7.36% 2041,Others,IN4520230074,True
5165,NSE_EQ|IN4520230470,736TS50,SG,NSE,SDL TS 7.36% 2050,Others,IN4520230470,True
9270,NSE_EQ|IN3320250126,736UP36,SG,NSE,SDL UP 7.36% 2036,Others,IN3320250126,True
8085,NSE_EQ|IN3420210293,736WB32,SG,NSE,SDL WB 7.36% 2032,Others,IN3420210293,True
7766,NSE_EQ|IN3420240043,736WB40,SG,NSE,SDL WB 7.36% 2040,Others,IN3420240043,True
7881,NSE_EQ|IN3420230044,736WB41,SG,NSE,SDL WB 7.36% 2041,Others,IN3420230044,True
7882,NSE_EQ|IN3420230036,736WB43,SG,NSE,SDL WB 7.36% 2043,Others,IN3420230036,True
9276,NSE_EQ|IN1020230166,737AP33,SG,NSE,SDL AP 7.37% 2033,Others,IN1020230166,True
5700,NSE_EQ|IN1020240355,737AP33A,SG,NSE,SDL AP 7.37% 2033,Others,IN1020240355,True
8127,NSE_EQ|IN1020250404,737AP34,SG,NSE,SDL AP 7.37% 2034,Others,IN1020250404,True
5701,NSE_EQ|IN1020240363,737AP36,SG,NSE,SDL AP 7.37% 2036,Others,IN1020240363,True
8507,NSE_EQ|IN1020210481,737AP38,SG,NSE,SDL AP 7.37% 2038,Others,IN1020210481,True
8504,NSE_EQ|IN1020210499,737AP42,SG,NSE,SDL AP 7.37% 2042,Others,IN1020210499,True
9319,NSE_EQ|IN1020230117,737AP43,SG,NSE,SDL AP 7.37% 2043,Others,IN1020230117,True
3932,NSE_EQ|IN1220230032,737AS33,SG,NSE,SDL AS 7.37% 2033,Others,IN1220230032,True
7207,NSE_EQ|IN1220240031,737AS34,SG,NSE,SDL AS 7.37% 2034,Others,IN1220240031,True
3881,NSE_EQ|IN1320230015,737BR30,SG,NSE,SDL BR 7.37% 2030,Others,IN1320230015,True
6383,NSE_EQ|IN3520260016,737CG31,SG,NSE,SDL CG 7.37% 2031,Others,IN3520260016,True
2758,NSE_EQ|IN3520250033,737CG33,SG,NSE,SDL CG 7.37% 2033,Others,IN3520250033,True
4721,NSE_EQ|IN1420250103,737GA36,SG,NSE,SDL GA 7.37% 2036,Others,IN1420250103,True
4528,NSE_EQ|IN0020230176,737GR2054,GS,NSE,GOI LOAN   7.37% 2054,Others,IN0020230176,True
4512,NSE_EQ|IN0020230101,737GS2028,GS,NSE,GOI LOAN  7.37% 2028,Others,IN0020230101,True
2678,NSE_EQ|INE202E08250,737IREDA31,N0,NSE,IREDA 7.37% 31 SR XVI-F,Others,INE202E08250,True
2557,NSE_EQ|INE053F08411,737IRFC29,N0,NSE,IRFC 7.37% 2029 SR 181,Others,INE053F08411,True
3067,NSE_EQ|IN3720190054,737JH31,SG,NSE,SDL JH 7.37% 2031,Others,IN3720190054,True
8358,NSE_EQ|IN4920230013,737JK35,SG,NSE,SDL JK 7.37% 2035,Others,IN4920230013,True
8355,NSE_EQ|IN4920230021,737JK38,SG,NSE,SDL JK 7.37% 2038,Others,IN4920230021,True
8601,NSE_EQ|IN1920250223,737KA34,SG,NSE,SDL KA 7.37% 2034,Others,IN1920250223,True
8975,NSE_EQ|IN1920230324,737KA37,SG,NSE,SDL KA 7.37% 2037,Others,IN1920230324,True
9376,NSE_EQ|IN1920210300,737KA38,SG,NSE,SDL KA 7.37% 2038,Others,IN1920210300,True
8976,NSE_EQ|IN1920230332,737KA38A,SG,NSE,SDL KA 7.37% 2038,Others,IN1920230332,True
5146,NSE_EQ|IN2520240010,737MZ39,SG,NSE,SDL MZ 7.37% 2039,Others,IN2520240010,True
6887,NSE_EQ|INE261F08EN9,737NBRD35,N0,NSE,NBRD 7.37% 2035 SR 25F,Others,INE261F08EN9,True
8280,NSE_EQ|IN2620230036,737NL33,SG,NSE,SDL NL 7.37% 2033,Others,IN2620230036,True
8279,NSE_EQ|IN2620230044,737NL33A,SG,NSE,SDL NL 7.37% 2033,Others,IN2620230044,True
3357,NSE_EQ|INE733E07JT8,737NTPC35C,NA,NSE,TFB 7.37% 2035 SR. 3A,Others,INE733E07JT8,True
6208,NSE_EQ|IN2820240090,737PN36,SG,NSE,SDL PN 7.37% 2036,Others,IN2820240090,True
2699,NSE_EQ|IN2820230042,737PN38,SG,NSE,SDL PN 7.37% 2038,Others,IN2820230042,True
2975,NSE_EQ|IN2820210176,737PN42,SG,NSE,SDL PN 7.37% 2042,Others,IN2820210176,True
6329,NSE_EQ|IN2920260071,737RJ30,SG,NSE,SDL RJ 7.37% 2030,Others,IN2920260071,True
3296,NSE_EQ|IN2920210548,737RJ34,SG,NSE,SDL RJ 7.37% 2034,Others,IN2920210548,True
2811,NSE_EQ|IN2920230496,737RJ34A,SG,NSE,SDL RJ 7.37% 2034,Others,IN2920230496,True
6450,NSE_EQ|IN2920240073,737RJ34B,SG,NSE,SDL RJ 7.37% 2034,Others,IN2920240073,True
6453,NSE_EQ|IN2920240099,737RJ39,SG,NSE,SDL RJ 7.37% 2039,Others,IN2920240099,True
2771,NSE_EQ|IN2920230504,737RJ45,SG,NSE,SDL RJ 7.37% 2045,Others,IN2920230504,True
7149,NSE_EQ|IN3020230014,737SK33,SG,NSE,SDL SK 7.37% 2033,Others,IN3020230014,True
5784,NSE_EQ|IN4520210258,737TS36,SG,NSE,SDL TS 7.37% 2036,Others,IN4520210258,True
5166,NSE_EQ|IN4520230462,737TS41,SG,NSE,SDL TS 7.37% 2041,Others,IN4520230462,True
8698,NSE_EQ|IN4520240156,737TS42,SG,NSE,SDL TS 7.37% 2042,Others,IN4520240156,True
7764,NSE_EQ|IN3420240019,737WB40,SG,NSE,SDL WB 7.37% 2040,Others,IN3420240019,True
9328,NSE_EQ|INE674K07036,738ABCL28,N0,NSE,ABCL 7.3789% 2028 SR B2,Others,INE674K07036,True
9274,NSE_EQ|IN1020230174,738AP35,SG,NSE,SDL AP 7.38% 2035,Others,IN1020230174,True
9302,NSE_EQ|IN1020230109,738AP40,SG,NSE,SDL AP 7.38% 2040,Others,IN1020230109,True
5644,NSE_EQ|IN1020240231,738AP44,SG,NSE,SDL AP 7.38% 2044,Others,IN1020240231,True
5640,NSE_EQ|IN1020240298,738AP49,SG,NSE,SDL AP 7.38% 2049,Others,IN1020240298,True
4059,NSE_EQ|IN3520230233,738CG32,SG,NSE,SDL CG 7.38% 2032,Others,IN3520230233,True
4069,NSE_EQ|IN3520230258,738CG34,SG,NSE,SDL CG 7.38% 2034,Others,IN3520230258,True
2969,NSE_EQ|INE121A07SN8,738CIFL27,N0,NSE,CIFL 7.38% 2027 SR 653,Others,INE121A07SN8,True
4445,NSE_EQ|IN1420230030,738GA33,SG,NSE,SDL GA 7.38% 2033,Others,IN1420230030,True
4416,NSE_EQ|IN1520230013,738GJ30,SG,NSE,SDL GJ 7.38% 2030,Others,IN1520230013,True
4409,NSE_EQ|IN1520230054,738GJ30A,SG,NSE,SDL GJ 7.38% 2030,Others,IN1520230054,True
4461,NSE_EQ|IN1520250375,738GJ35,SG,NSE,SDL GJ 7.38% 2035,Others,IN1520250375,True
7975,NSE_EQ|IN0020220037,738GS2027,GS,NSE,GOI LOAN 7.38% 2027,Others,IN0020220037,True
6180,NSE_EQ|IN1620250440,738HR31,SG,NSE,SDL HR 7.38% 2031,Others,IN1620250440,True
2922,NSE_EQ|IN1620240052,738HR34,SG,NSE,SDL HR 7.38% 2034,Others,IN1620240052,True
6512,NSE_EQ|IN1620230400,738HR35,SG,NSE,SDL HR 7.38% 2035,Others,IN1620230400,True
6349,NSE_EQ|IN1620250234,738HR41,SG,NSE,SDL HR 7.38% 2041,Others,IN1620250234,True
4875,NSE_EQ|IN4920240095,738JK49,SG,NSE,SDL JK 7.38% 2049,Others,IN4920240095,True
4910,NSE_EQ|IN4920240020,738JK51,SG,NSE,SDL JK 7.38% 2051,Others,IN4920240020,True
8603,NSE_EQ|IN1920250231,738KA34,SG,NSE,SDL KA 7.38% 2034,Others,IN1920250231,True
8644,NSE_EQ|IN1920250272,738KA34A,SG,NSE,SDL KA 7.38% 2034,Others,IN1920250272,True
3350,NSE_EQ|IN2020230230,738KL44,SG,NSE,SDL KL 7.38% 2044,Others,IN2020230230,True
6624,NSE_EQ|IN2020240056,738KL55,SG,NSE,SDL KL 7.38% 2055,Others,IN2020240056,True
8979,NSE_EQ|IN2620250067,738NL31,SG,NSE,SDL NL 7.38% 2031,Others,IN2620250067,True
3131,NSE_EQ|INE134E08NM4,738PFC32,N0,NSE,PFCL 7.38% 2032 SR 246B,Others,INE134E08NM4,True
3148,NSE_EQ|INE752E08759,738PGCIL34,N0,NSE,PGC 7.38% 2034,Others,INE752E08759,True
6219,NSE_EQ|IN2820240140,738PN33,SG,NSE,SDL PN 7.38% 2033,Others,IN2820240140,True
6217,NSE_EQ|IN2820240157,738PN34,SG,NSE,SDL PN 7.38% 2034,Others,IN2820240157,True
5989,NSE_EQ|IN3820230057,738PY38,SG,NSE,SDL PY 7.38% 2038,Others,IN3820230057,True
8695,NSE_EQ|IN3820240023,738PY38A,SG,NSE,SDL PY 7.38% 2038,Others,IN3820240023,True
6277,NSE_EQ|INE020B07GX4,738REC27TF,N2,NSE,TAXFREE SEC NCD TR1 S2,Others,INE020B07GX4,True
8570,NSE_EQ|INE020B08GD4,738RECL29,N0,NSE,REC 7.38% 2029 SR 253,Others,INE020B08GD4,True
6405,NSE_EQ|IN2920240131,738RJ33,SG,NSE,SDL RJ 7.38% 2033,Others,IN2920240131,True
6216,NSE_EQ|INE692Q07571,738TFSIL28,N0,NSE,TFSIL 7.38% 2028 SR S53,Others,INE692Q07571,True
4176,NSE_EQ|IN3120240079,738TN33,SG,NSE,SDL TN 7.38% 2033,Others,IN3120240079,True
4174,NSE_EQ|IN3120240087,738TN34,SG,NSE,SDL TN 7.38% 2034,Others,IN3120240087,True
7039,NSE_EQ|IN3120230468,738TN54,SG,NSE,SDL TN 7.38% 2054,Others,IN3120230468,True
5162,NSE_EQ|IN4520230447,738TS43,SG,NSE,SDL TS 7.38% 2043,Others,IN4520230447,True
5161,NSE_EQ|IN4520230454,738TS49,SG,NSE,SDL TS 7.38% 2049,Others,IN4520230454,True
9074,NSE_EQ|IN3320230284,738UP34,SG,NSE,SDL UP 7.38% 2034,Others,IN3320230284,True
9069,NSE_EQ|IN3320230292,738UP36,SG,NSE,SDL UP 7.38% 2036,Others,IN3320230292,True
9078,NSE_EQ|IN1020230752,739AP29,SG,NSE,SDL AP 7.39% 2029,Others,IN1020230752,True
5758,NSE_EQ|IN1020240017,739AP30,SG,NSE,SDL AP 7.39% 2030,Others,IN1020240017,True
9243,NSE_EQ|IN1020230091,739AP33,SG,NSE,SDL AP 7.39% 2033,Others,IN1020230091,True
9185,NSE_EQ|IN1020230224,739AP35,SG,NSE,SDL AP 7.39% 2035,Others,IN1020230224,True
3917,NSE_EQ|IN1320230247,739BR39,SG,NSE,SDL BR 7.39% 2039,Others,IN1320230247,True
4058,NSE_EQ|IN3520230241,739CG33,SG,NSE,SDL CG 7.39% 2033,Others,IN3520230241,True
4765,NSE_EQ|IN1420250095,739GA35,SG,NSE,SDL GA 7.39% 2035,Others,IN1420250095,True
7215,NSE_EQ|IN1720230128,739HP34,SG,NSE,SDL HP 7.39% 2034,Others,IN1720230128,True
5704,NSE_EQ|IN1620230020,739HR29,SG,NSE,SDL HR 7.39% 2029,Others,IN1620230020,True
5580,NSE_EQ|IN1620230038,739HR31,SG,NSE,SDL HR 7.39% 2031,Others,IN1620230038,True
2689,NSE_EQ|INE202E08227,739IREDA39,N0,NSE,IREDA 7.39% 39 SR XVI C,Others,INE202E08227,True
2564,NSE_EQ|INE053F08403,739IRFC34,N0,NSE,IRFC 7.39% 2034 SR 180,Others,INE053F08403,True
8795,NSE_EQ|IN4920210148,739JK37,SG,NSE,SDL JK 7.39% 2037,Others,IN4920210148,True
7864,NSE_EQ|IN4920250144,739JK37A,SG,NSE,SDL JK 7.39% 2037,Others,IN4920250144,True
3349,NSE_EQ|IN2020230222,739KL34,SG,NSE,SDL KL 7.39% 2034,Others,IN2020230222,True
3216,NSE_EQ|IN2020230057,739KL52,SG,NSE,SDL KL 7.39% 2052,Others,IN2020230057,True
3448,NSE_EQ|IN2420220054,739ML26,SG,NSE,SDL ML 7.39% 2026,Others,IN2420220054,True
3179,NSE_EQ|IN2420240045,739ML34,SG,NSE,SDL ML 7.39% 2034,Others,IN2420240045,True
6860,NSE_EQ|IN2320230021,739MN35,SG,NSE,SDL MN 7.39% 2035,Others,IN2320230021,True
2939,NSE_EQ|IN2320240020,739MN36,SG,NSE,SDL MN 7.39% 2036,Others,IN2320240020,True
4939,NSE_EQ|INE906B07EO8,739NHAI31A,ND,NSE,TAX FREE 7.39% SR. IIA,Others,INE906B07EO8,True
6221,NSE_EQ|IN2820240132,739PN33,SG,NSE,SDL PN 7.39% 2033,Others,IN2820240132,True
3081,NSE_EQ|IN2920230090,739RJ48,SG,NSE,SDL RJ 7.39% 2048,Others,IN2920230090,True
5475,NSE_EQ|INE556F08KY6,739SIDBI30,N0,NSE,SIDBI 7.39% 2030 SR IX,Others,INE556F08KY6,True
4156,NSE_EQ|IN3120240111,739TN32,SG,NSE,SDL TN 7.39% 2032,Others,IN3120240111,True
7136,NSE_EQ|IN3120230021,739TN33,SG,NSE,SDL TN 7.39% 2033,Others,IN3120230021,True
7125,NSE_EQ|IN3120230096,739TN33A,SG,NSE,SDL TN 7.39% 2033,Others,IN3120230096,True
7103,NSE_EQ|IN3120230179,739TN33B,SG,NSE,SDL TN 7.39% 2033,Others,IN3120230179,True
7412,NSE_EQ|IN3120250656,739TN34,SG,NSE,SDL TN 7.39% 2034,Others,IN3120250656,True
7319,NSE_EQ|IN3120210528,739TN42,SG,NSE,SDL TN 7.39% 2042,Others,IN3120210528,True
7347,NSE_EQ|IN3120210452,739TN52,SG,NSE,SDL TN 7.39% 2052,Others,IN3120210452,True
7109,NSE_EQ|IN3120230120,739TN53,SG,NSE,SDL TN 7.39% 2053,Others,IN3120230120,True
6802,NSE_EQ|INE725H08253,739TPL28,N0,NSE,TPL 7.39% 2028 SR W,Others,INE725H08253,True
5284,NSE_EQ|IN4520230066,739TS39,SG,NSE,SDL TS 7.39% 2039,Others,IN4520230066,True
5324,NSE_EQ|IN4520230108,739TS51,SG,NSE,SDL TS 7.39% 2051,Others,IN4520230108,True
5944,NSE_EQ|IN4520190146,739TS59,SG,NSE,SDL TS 7.39% 2059,Others,IN4520190146,True
7719,NSE_EQ|IN3620240025,739UK30,SG,NSE,SDL UK 7.39% 2030,Others,IN3620240025,True
8209,NSE_EQ|IN3320210252,739UP37,SG,NSE,SDL UP 7.39% 2037,Others,IN3320210252,True
4175,NSE_EQ|IN3420230267,739WB42,SG,NSE,SDL WB 7.39% 2042,Others,IN3420230267,True
4180,NSE_EQ|IN3420230275,739WB44,SG,NSE,SDL WB 7.39% 2044,Others,IN3420230275,True
8132,NSE_EQ|IN1020250362,73AP37,SG,NSE,SDL AP 7.3% 2037,Others,IN1020250362,True
9278,NSE_EQ|IN1020230158,73AP38,SG,NSE,SDL AP 7.3% 2038,Others,IN1020230158,True
7210,NSE_EQ|IN1220240056,73AS39,SG,NSE,SDL AS 7.3% 2039,Others,IN1220240056,True
3673,NSE_EQ|INE028A08349,73BOB34,N0,NSE,BOB 7.30% 2034 SR IV,Others,INE028A08349,True
4572,NSE_EQ|IN0020230051,73GS2053,GS,NSE,GOI LOAN  7.3% 2053,Others,IN0020230051,True
7570,NSE_EQ|IN1720190181,73HP30,SG,NSE,SDL HP 7.3% 2030,Others,IN1720190181,True
4809,NSE_EQ|IN2720240125,73OR39,SG,NSE,SDL OR 7.3% 2039,Others,IN2720240125,True
8911,NSE_EQ|IN2820190097,73PN34,SG,NSE,SDL PN 7.3% 2034,Others,IN2820190097,True
3483,NSE_EQ|IN2920190476,73RJ30,SG,NSE,SDL RJ 7.3% 2030,Others,IN2920190476,True
2627,NSE_EQ|IN2920250254,73RJ51,SG,NSE,SDL RJ 7.3% 2051,Others,IN2920250254,True
3300,NSE_EQ|INE976I07DA7,73TACA30,N0,NSE,TACA 7.3% 2030 SR B,Others,INE976I07DA7,True
6220,NSE_EQ|INE692Q07597,73TFSIL29,N0,NSE,TFSIL 7.3% 2029 SR S55,Others,INE692Q07597,True
7322,NSE_EQ|IN3120210510,73TN32,SG,NSE,SDL TN 7.3% 2032,Others,IN3120210510,True
6810,NSE_EQ|IN4520250478,73TS51,SG,NSE,SDL TS 7.3% 2051,Others,IN4520250478,True
4397,NSE_EQ|IN3620250040,73UK32,SG,NSE,SDL UK 7.3% 2032,Others,IN3620250040,True
8016,NSE_EQ|IN3320190280,73UP30,SG,NSE,SDL UP 7.3% 2030,Others,IN3320190280,True
7627,NSE_EQ|IN3420240233,73WB39,SG,NSE,SDL WB 7.3% 2039,Others,IN3420240233,True
7686,NSE_EQ|INE403D08298,740BTL29,N0,NSE,BTL 7.40% 2029 XXVIII,Others,INE403D08298,True
8805,NSE_EQ|INE514E08GC2,740EXIM29,N1,NSE,EXIM 7.40% 2029 SR Z02,Others,INE514E08GC2,True
5094,NSE_EQ|INE787H07156,740IIFCL33,N1,NSE,7.40% TAX FREETRI SRIII,Others,INE787H07156,True
2680,NSE_EQ|INE202E08276,740IREDA36,N0,NSE,IREDA 7.40% 2036 XVI H,Others,INE202E08276,True
7328,NSE_EQ|INE213W07319,740SIHF28,N0,NSE,SIHF 7.40% 2028 SR 29,Others,INE213W07319,True
9236,NSE_EQ|IN1020230042,741AP30,SG,NSE,SDL AP 7.41% 2030,Others,IN1020230042,True
5626,NSE_EQ|IN1020240215,741AP47,SG,NSE,SDL AP 7.41% 2047,Others,IN1020240215,True
8626,NSE_EQ|IN1120230033,741AR34,SG,NSE,SDL AR 7.41% 2034,Others,IN1120230033,True
6249,NSE_EQ|INE084A08201,741BOI34,N0,NSE,BOI 7.41% 2034 SR II,Others,INE084A08201,True
4446,NSE_EQ|IN1420230048,741GA33,SG,NSE,SDL GA 7.41% 2033,Others,IN1420230048,True
9403,NSE_EQ|IN1520220121,741GJ26,SG,NSE,SDL GJ 7.41% 2026,Others,IN1520220121,True
4463,NSE_EQ|IN1520250359,741GJ37,SG,NSE,SDL GJ 7.41% 2037,Others,IN1520250359,True
7933,NSE_EQ|IN0020220102,741GS2036,GS,NSE,GOI LOAN  7.41% 2036,Others,IN0020220102,True
7214,NSE_EQ|IN1720230136,741HP36,SG,NSE,SDL HP 7.41% 2036,Others,IN1720230136,True
6347,NSE_EQ|IN1620250242,741HR40,SG,NSE,SDL HR 7.41% 2040,Others,IN1620250242,True
7863,NSE_EQ|IN4920250169,741JK42,SG,NSE,SDL JK 7.41% 2042,Others,IN4920250169,True
4916,NSE_EQ|IN4920240012,741JK49,SG,NSE,SDL JK 7.41% 2049,Others,IN4920240012,True
8347,NSE_EQ|IN4920230096,741JK53,SG,NSE,SDL JK 7.41% 2053,Others,IN4920230096,True
8980,NSE_EQ|IN1920230308,741KA36,SG,NSE,SDL KA 7.41% 2036,Others,IN1920230308,True
6862,NSE_EQ|IN2320230039,741MN35,SG,NSE,SDL MN 7.41% 2035,Others,IN2320230039,True
3912,NSE_EQ|INE246R07830,741NIIF31,N0,NSE,NIIF 7.41% 2031 SR PP 5,Others,INE246R07830,True
2697,NSE_EQ|IN2820230059,741PN34,SG,NSE,SDL PN 7.41% 2034,Others,IN2820230059,True
6224,NSE_EQ|IN2820240124,741PN34A,SG,NSE,SDL PN 7.41% 2034,Others,IN2820240124,True
2974,NSE_EQ|IN2820210168,741PN42,SG,NSE,SDL PN 7.41% 2042,Others,IN2820210168,True
3028,NSE_EQ|IN2920230124,741RJ33,SG,NSE,SDL RJ 7.41% 2033,Others,IN2920230124,True
6452,NSE_EQ|IN2920240065,741RJ34,SG,NSE,SDL RJ 7.41% 2034,Others,IN2920240065,True
3044,NSE_EQ|IN2920230165,741RJ39,SG,NSE,SDL RJ 7.41% 2039,Others,IN2920230165,True
7427,NSE_EQ|IN3020250012,741SK35,SG,NSE,SDL SK 7.41% 2035,Others,IN3020250012,True
7463,NSE_EQ|IN3120250813,741TN36,SG,NSE,SDL TN 7.41% 2036,Others,IN3120250813,True
9141,NSE_EQ|IN3320230037,741UP34,SG,NSE,SDL UP 7.41% 2034,Others,IN3320230037,True
7885,NSE_EQ|IN3420230051,741WB39,SG,NSE,SDL WB 7.41% 2039,Others,IN3420230051,True
7888,NSE_EQ|IN3420230077,741WB42,SG,NSE,SDL WB 7.41% 2042,Others,IN3420230077,True
9308,NSE_EQ|INE674K07077,74242ABC30,N0,NSE,ABCL 7.4242% 2030 SR D3,Others,INE674K07077,True
3913,NSE_EQ|INE246R07822,7425NIIF30,N0,NSE,NIIF 7.425% 2030,Others,INE246R07822,True
9165,NSE_EQ|IN1020230273,742AP41,SG,NSE,SDL AP 7.42% 2041,Others,IN1020230273,True
9163,NSE_EQ|IN1020230281,742AP43,SG,NSE,SDL AP 7.42% 2043,Others,IN1020230281,True
5798,NSE_EQ|IN1020240157,742AP43A,SG,NSE,SDL AP 7.42% 2043,Others,IN1020240157,True
5801,NSE_EQ|IN1020240165,742AP44,SG,NSE,SDL AP 7.42% 2044,Others,IN1020240165,True
5775,NSE_EQ|IN1020240199,742AP45,SG,NSE,SDL AP 7.42% 2045,Others,IN1020240199,True
5624,NSE_EQ|IN1020240207,742AP46,SG,NSE,SDL AP 7.42% 2046,Others,IN1020240207,True
3948,NSE_EQ|IN1220230214,742AS34,SG,NSE,SDL AS 7.42% 2034,Others,IN1220230214,True
3597,NSE_EQ|IN1320250229,742BR31,SG,NSE,SDL BR 7.42% 2031,Others,IN1320250229,True
4133,NSE_EQ|IN3520230035,742CG31,SG,NSE,SDL CG 7.42% 2031,Others,IN3520230035,True
4323,NSE_EQ|IN1520230260,742GJ31,SG,NSE,SDL GJ 7.42% 2031,Others,IN1520230260,True
4320,NSE_EQ|IN1520230286,742GJ33,SG,NSE,SDL GJ 7.42% 2033,Others,IN1520230286,True
7190,NSE_EQ|IN1720230052,742HP38,SG,NSE,SDL HP 7.42% 2038,Others,IN1720230052,True
6182,NSE_EQ|IN1620250424,742HR32,SG,NSE,SDL HR 7.42% 2032,Others,IN1620250424,True
2920,NSE_EQ|IN1620240037,742HR34,SG,NSE,SDL HR 7.42% 2034,Others,IN1620240037,True
6487,NSE_EQ|IN1620230392,742HR35,SG,NSE,SDL HR 7.42% 2035,Others,IN1620230392,True
8965,NSE_EQ|IN1920230373,742KA32,SG,NSE,SDL KA 7.42% 2032,Others,IN1920230373,True
8939,NSE_EQ|IN1920230290,742KA35,SG,NSE,SDL KA 7.42% 2035,Others,IN1920230290,True
8514,NSE_EQ|IN1920250033,742KA35A,SG,NSE,SDL KA 7.42% 2035,Others,IN1920250033,True
8942,NSE_EQ|IN1920230282,742KA39,SG,NSE,SDL KA 7.42% 2039,Others,IN1920230282,True
2634,NSE_EQ|IN2020210190,742KL34,SG,NSE,SDL KL 7.42% 2034,Others,IN2020210190,True
3213,NSE_EQ|IN2020230073,742KL43,SG,NSE,SDL KL 7.42% 2043,Others,IN2020230073,True
6634,NSE_EQ|IN2020240072,742KL46,SG,NSE,SDL KL 7.42% 2046,Others,IN2020240072,True
3348,NSE_EQ|IN2020230255,742KL49,SG,NSE,SDL KL 7.42% 2049,Others,IN2020230255,True
3361,NSE_EQ|IN2020230263,742KL64,SG,NSE,SDL KL 7.42% 2064,Others,IN2020230263,True
4893,NSE_EQ|IN2220230311,742MH34,SG,NSE,SDL MH 7.42% 2034,Others,IN2220230311,True
4889,NSE_EQ|IN2220230329,742MH37,SG,NSE,SDL MH 7.42% 2037,Others,IN2220230329,True
6905,NSE_EQ|IN2420230020,742ML32,SG,NSE,SDL ML 7.42% 2032,Others,IN2420230020,True
4242,NSE_EQ|IN2120230213,742MP44,SG,NSE,SDL MP 7.42% 2044,Others,IN2120230213,True
4243,NSE_EQ|IN2120230221,742MP45,SG,NSE,SDL MP 7.42% 2045,Others,IN2120230221,True
4244,NSE_EQ|IN2120230239,742MP46,SG,NSE,SDL MP 7.42% 2046,Others,IN2120230239,True
3130,NSE_EQ|INE134E08NL6,742PFC28,N0,NSE,PFCL 7.42% 2028 SR 246A,Others,INE134E08NL6,True
6442,NSE_EQ|IN2920240057,742RJ32,SG,NSE,SDL RJ 7.42% 2032,Others,IN2920240057,True
2808,NSE_EQ|IN2920230462,742RJ39,SG,NSE,SDL RJ 7.42% 2039,Others,IN2920230462,True
5482,NSE_EQ|INE556F08KW0,742SIDBI29,N0,NSE,SIDBI 7.42% 2029 SR VII,Others,INE556F08KW0,True
7092,NSE_EQ|IN3120230153,742TN33,SG,NSE,SDL TN 7.42% 2033,Others,IN3120230153,True
7028,NSE_EQ|IN3120230443,742TN34,SG,NSE,SDL TN 7.42% 2034,Others,IN3120230443,True
4191,NSE_EQ|IN3120240012,742TN34A,SG,NSE,SDL TN 7.42% 2034,Others,IN3120240012,True
7537,NSE_EQ|IN3120250565,742TN35,SG,NSE,SDL TN 7.42% 2035,Others,IN3120250565,True
7108,NSE_EQ|IN3120230112,742TN43,SG,NSE,SDL TN 7.42% 2043,Others,IN3120230112,True
5121,NSE_EQ|IN4520230496,742TS41,SG,NSE,SDL TS 7.42% 2041,Others,IN4520230496,True
8684,NSE_EQ|IN4520240073,742TS48,SG,NSE,SDL TS 7.42% 2048,Others,IN4520240073,True
3985,NSE_EQ|IN3420250133,742WB36,SG,NSE,SDL WB 7.42% 2036,Others,IN3420250133,True
6006,NSE_EQ|INE572E07233,74342PHF30,N0,NSE,PHFL 7.4342% 2030 SR LXX,Others,INE572E07233,True
9234,NSE_EQ|IN1020230059,743AP31,SG,NSE,SDL AP 7.43% 2031,Others,IN1020230059,True
9229,NSE_EQ|IN1020230356,743AP35,SG,NSE,SDL AP 7.43% 2035,Others,IN1020230356,True
9189,NSE_EQ|IN1020230265,743AP39,SG,NSE,SDL AP 7.43% 2039,Others,IN1020230265,True
9219,NSE_EQ|IN1020230323,743AP41,SG,NSE,SDL AP 7.43% 2041,Others,IN1020230323,True
9216,NSE_EQ|IN1020230331,743AP42,SG,NSE,SDL AP 7.43% 2042,Others,IN1020230331,True
5817,NSE_EQ|IN1020240140,743AP42A,SG,NSE,SDL AP 7.43% 2042,Others,IN1020240140,True
5654,NSE_EQ|IN1020240264,743AP42B,SG,NSE,SDL AP 7.43% 2042,Others,IN1020240264,True
5637,NSE_EQ|IN1020240272,743AP44,SG,NSE,SDL AP 7.43% 2044,Others,IN1020240272,True
5638,NSE_EQ|IN1020240280,743AP46,SG,NSE,SDL AP 7.43% 2046,Others,IN1020240280,True
3909,NSE_EQ|IN1320230221,743BR39,SG,NSE,SDL BR 7.43% 2039,Others,IN1320230221,True
3536,NSE_EQ|IN1320250054,743BR55,SG,NSE,SDL BR 7.43% 2055,Others,IN1320250054,True
4039,NSE_EQ|IN3520230142,743CG29,SG,NSE,SDL CG 7.43% 2029,Others,IN3520230142,True
4367,NSE_EQ|IN1520230161,743GJ27,SG,NSE,SDL GJ 7.43% 2027,Others,IN1520230161,True
4319,NSE_EQ|IN1520230278,743GJ31,SG,NSE,SDL GJ 7.43% 2031,Others,IN1520230278,True
7571,NSE_EQ|IN0020250117,743GS2076,GS,NSE,GOI LOAN  7.43% 2076,Others,IN0020250117,True
3383,NSE_EQ|IN1720220038,743HP28,SG,NSE,SDL HP 7.43% 2028,Others,IN1720220038,True
2917,NSE_EQ|IN1620240045,743HR34,SG,NSE,SDL HR 7.43% 2034,Others,IN1620240045,True
6248,NSE_EQ|IN1620250168,743HR39,SG,NSE,SDL HR 7.43% 2039,Others,IN1620250168,True
6254,NSE_EQ|IN1620250184,743HR39A,SG,NSE,SDL HR 7.43% 2039,Others,IN1620250184,True
6094,NSE_EQ|IN1620210188,743HR41,SG,NSE,SDL HR 7.43% 2041,Others,IN1620210188,True
4878,NSE_EQ|IN4920240046,743JK46,SG,NSE,SDL JK 7.43% 2046,Others,IN4920240046,True
8348,NSE_EQ|IN4920230062,743JK53,SG,NSE,SDL JK 7.43% 2053,Others,IN4920230062,True
8345,NSE_EQ|IN4920230088,743JK53A,SG,NSE,SDL JK 7.43% 2053,Others,IN4920230088,True
4921,NSE_EQ|IN2220230253,743MH35,SG,NSE,SDL MH 7.43% 2035,Others,IN2220230253,True
4912,NSE_EQ|IN2220230261,743MH36,SG,NSE,SDL MH 7.43% 2036,Others,IN2220230261,True
7974,NSE_EQ|IN2220240013,743MH39,SG,NSE,SDL MH 7.43% 2039,Others,IN2220240013,True
4612,NSE_EQ|IN2220250392,743MH40,SG,NSE,SDL MH 7.43% 2040,Others,IN2220250392,True
2951,NSE_EQ|IN2320240012,743MN36,SG,NSE,SDL MN 7.43% 2036,Others,IN2320240012,True
4561,NSE_EQ|IN2120250161,743MP43,SG,NSE,SDL MP 7.43% 2043,Others,IN2120250161,True
6752,NSE_EQ|IN2520230011,743MZ36,SG,NSE,SDL MZ 7.43% 2036,Others,IN2520230011,True
6753,NSE_EQ|IN2520230029,743MZ37,SG,NSE,SDL MZ 7.43% 2037,Others,IN2520230029,True
9427,NSE_EQ|INE0KUG08035,743NBFID34,N0,NSE,NABFID 7.43% 2034,Others,INE0KUG08035,True
3915,NSE_EQ|INE246R07814,743NIIF30,N0,NSE,NIIF 7.43% 2030 SR PP 2,Others,INE246R07814,True
3728,NSE_EQ|IN2720250082,743OR40,SG,NSE,SDL OR 7.43% 2040,Others,IN2720250082,True
6008,NSE_EQ|INE572E07241,743PHFL28,N0,NSE,PHFL 7.43% 2028 SR LXXI,Others,INE572E07241,True
2694,NSE_EQ|IN2820230083,743PN48,SG,NSE,SDL PN 7.43% 2048,Others,IN2820230083,True
2693,NSE_EQ|IN2820230091,743PN48A,SG,NSE,SDL PN 7.43% 2048,Others,IN2820230091,True
9262,NSE_EQ|INE020B07JU4,743REC35,NH,NSE,7.43% TAX FREE TRI SR3B,Others,INE020B07JU4,True
6338,NSE_EQ|IN2920260055,743RJ31,SG,NSE,SDL RJ 7.43% 2031,Others,IN2920260055,True
6412,NSE_EQ|IN2920240115,743RJ34,SG,NSE,SDL RJ 7.43% 2034,Others,IN2920240115,True
2807,NSE_EQ|IN2920230470,743RJ44,SG,NSE,SDL RJ 7.43% 2044,Others,IN2920230470,True
3029,NSE_EQ|IN2920230116,743RJ48,SG,NSE,SDL RJ 7.43% 2048,Others,IN2920230116,True
3124,NSE_EQ|IN2920230215,743RJ49,SG,NSE,SDL RJ 7.43% 2049,Others,IN2920230215,True
4183,NSE_EQ|IN3120240095,743TN32,SG,NSE,SDL TN 7.43% 2032,Others,IN3120240095,True
6998,NSE_EQ|IN3120230229,743TN33,SG,NSE,SDL TN 7.43% 2033,Others,IN3120230229,True
7012,NSE_EQ|IN3120230518,743TN34,SG,NSE,SDL TN 7.43% 2034,Others,IN3120230518,True
4181,NSE_EQ|IN3120240053,743TN34A,SG,NSE,SDL TN 7.43% 2034,Others,IN3120240053,True
7386,NSE_EQ|IN3120250748,743TN36,SG,NSE,SDL TN 7.43% 2036,Others,IN3120250748,True
7100,NSE_EQ|IN3120230195,743TN43,SG,NSE,SDL TN 7.43% 2043,Others,IN3120230195,True
7329,NSE_EQ|IN3120210494,743TN47,SG,NSE,SDL TN 7.43% 2047,Others,IN3120210494,True
6994,NSE_EQ|IN3120230203,743TN53,SG,NSE,SDL TN 7.43% 2053,Others,IN3120230203,True
6995,NSE_EQ|IN3120230237,743TN53A,SG,NSE,SDL TN 7.43% 2053,Others,IN3120230237,True
5293,NSE_EQ|IN4520230025,743TS33,SG,NSE,SDL TS 7.43% 2033,Others,IN4520230025,True
5230,NSE_EQ|IN4520230199,743TS41,SG,NSE,SDL TS 7.43% 2041,Others,IN4520230199,True
8686,NSE_EQ|IN4520240065,743TS41A,SG,NSE,SDL TS 7.43% 2041,Others,IN4520240065,True
8704,NSE_EQ|IN4520240107,743TS43,SG,NSE,SDL TS 7.43% 2043,Others,IN4520240107,True
5237,NSE_EQ|IN4520230124,743TS50,SG,NSE,SDL TS 7.43% 2050,Others,IN4520230124,True
5949,NSE_EQ|IN4520190138,743TS54,SG,NSE,SDL TS 7.43% 2054,Others,IN4520190138,True
9099,NSE_EQ|IN1020230422,744AP33,SG,NSE,SDL AP 7.44% 2033,Others,IN1020230422,True
8128,NSE_EQ|IN1020250412,744AP35,SG,NSE,SDL AP 7.44% 2035,Others,IN1020250412,True
9119,NSE_EQ|IN1020230471,744AP36,SG,NSE,SDL AP 7.44% 2036,Others,IN1020230471,True
9062,NSE_EQ|IN1020230810,744AP39,SG,NSE,SDL AP 7.44% 2039,Others,IN1020230810,True
9016,NSE_EQ|IN1020230836,744AP39A,SG,NSE,SDL AP 7.44% 2039,Others,IN1020230836,True
9112,NSE_EQ|IN1020230430,744AP40,SG,NSE,SDL AP 7.44% 2040,Others,IN1020230430,True
8572,NSE_EQ|IN1020210564,744AP42,SG,NSE,SDL AP 7.44% 2042,Others,IN1020210564,True
9223,NSE_EQ|IN1020230380,744AP43,SG,NSE,SDL AP 7.44% 2043,Others,IN1020230380,True
3617,NSE_EQ|IN1320250179,744BR40,SG,NSE,SDL BR 7.44% 2040,Others,IN1320250179,True
4044,NSE_EQ|IN3520230183,744CG29,SG,NSE,SDL CG 7.44% 2029,Others,IN3520230183,True
4037,NSE_EQ|IN3520230159,744CG30,SG,NSE,SDL CG 7.44% 2030,Others,IN3520230159,True
4437,NSE_EQ|IN1420230071,744GA33,SG,NSE,SDL GA 7.44% 2033,Others,IN1420230071,True
4460,NSE_EQ|IN1520250383,744GJ33,SG,NSE,SDL GJ 7.44% 2033,Others,IN1520250383,True
3661,NSE_EQ|IN1720240036,744HP34,SG,NSE,SDL HP 7.44% 2034,Others,IN1720240036,True
9094,NSE_EQ|IN1620220294,744HR27,SG,NSE,SDL HR 7.44% 2027,Others,IN1620220294,True
5652,NSE_EQ|IN1620230129,744HR32,SG,NSE,SDL HR 7.44% 2032,Others,IN1620230129,True
5762,NSE_EQ|IN1620230152,744HR33,SG,NSE,SDL HR 7.44% 2033,Others,IN1620230152,True
5769,NSE_EQ|IN1620230178,744HR35,SG,NSE,SDL HR 7.44% 2035,Others,IN1620230178,True
5759,NSE_EQ|IN1620230384,744HR36,SG,NSE,SDL HR 7.44% 2036,Others,IN1620230384,True
6257,NSE_EQ|IN1620250192,744HR41,SG,NSE,SDL HR 7.44% 2041,Others,IN1620250192,True
2688,NSE_EQ|INE202E08219,744IREDA34,N0,NSE,IR 7.44% 2034 XVI B,Others,INE202E08219,True
3318,NSE_EQ|INE053F08395,744IRF34,N0,NSE,IRFC 7.44% 2034 SR.179,Others,INE053F08395,True
3315,NSE_EQ|INE053F08379,744IRFC34,NR,NSE,IRFC 7.44% 2034 SR 177,Others,INE053F08379,True
5671,NSE_EQ|IN3720250023,744JH41,SG,NSE,SDL JH 7.44% 2041,Others,IN3720250023,True
8351,NSE_EQ|IN4920230047,744JK38,SG,NSE,SDL JK 7.44% 2038,Others,IN4920230047,True
8352,NSE_EQ|IN4920230054,744JK53,SG,NSE,SDL JK 7.44% 2053,Others,IN4920230054,True
8962,NSE_EQ|IN1920230381,744KA33,SG,NSE,SDL KA 7.44% 2033,Others,IN1920230381,True
8944,NSE_EQ|IN1920230274,744KA34,SG,NSE,SDL KA 7.44% 2034,Others,IN1920230274,True
9386,NSE_EQ|IN1920210359,744KA35,SG,NSE,SDL KA 7.44% 2035,Others,IN1920210359,True
8605,NSE_EQ|IN1920250249,744KA36,SG,NSE,SDL KA 7.44% 2036,Others,IN1920250249,True
8658,NSE_EQ|IN1920250306,744KA36A,SG,NSE,SDL KA 7.44% 2036,Others,IN1920250306,True
3023,NSE_EQ|IN2020250170,744KL50,SG,NSE,SDL KL 7.44% 2050,Others,IN2020250170,True
4585,NSE_EQ|IN2220250434,744MH34,SG,NSE,SDL MH 7.44% 2034,Others,IN2220250434,True
7980,NSE_EQ|IN2220240021,744MH41,SG,NSE,SDL MH 7.44% 2041,Others,IN2220240021,True
7983,NSE_EQ|IN2220240039,744MH42,SG,NSE,SDL MH 7.44% 2042,Others,IN2220240039,True
7978,NSE_EQ|IN2220240054,744MH42A,SG,NSE,SDL MH 7.44% 2042,Others,IN2220240054,True
6906,NSE_EQ|IN2420230038,744ML31,SG,NSE,SDL ML 7.44% 2031,Others,IN2420230038,True
6604,NSE_EQ|IN2420250051,744ML35,SG,NSE,SDL ML 7.44% 2035,Others,IN2420250051,True
6868,NSE_EQ|IN2320230054,744MN35,SG,NSE,SDL MN 7.44% 2035,Others,IN2320230054,True
4655,NSE_EQ|IN2120250377,744MP34,SG,NSE,SDL MP 7.44% 2034,Others,IN2120250377,True
4994,NSE_EQ|IN2120230056,744MP35,SG,NSE,SDL MP 7.44% 2035,Others,IN2120230056,True
4657,NSE_EQ|IN2120250500,744MP35A,SG,NSE,SDL MP 7.44% 2035,Others,IN2120250500,True
4602,NSE_EQ|IN2120250260,744MP38,SG,NSE,SDL MP 7.44% 2038,Others,IN2120250260,True
5027,NSE_EQ|IN2120230189,744MP40,SG,NSE,SDL MP 7.44% 2040,Others,IN2120230189,True
4558,NSE_EQ|IN2120250179,744MP46,SG,NSE,SDL MP 7.44% 2046,Others,IN2120250179,True
6907,NSE_EQ|INE261F08EK5,744NBRD28,N0,NSE,NBRD 7.44% 2028 SR 25C,Others,INE261F08EK5,True
6882,NSE_EQ|INE261F08EU4,744NBRD29,N0,NSE,NBRD 7.44% 2029 SR 26F,Others,INE261F08EU4,True
3137,NSE_EQ|INE134E08NO0,744PFCL30,N0,NSE,PFCL 7.44% 2030 SR 247A,Others,INE134E08NO0,True
3111,NSE_EQ|INE134E08NA9,744PFCL34,NB,NSE,PFC 7.44% 2034 SR 239,Others,INE134E08NA9,True
3024,NSE_EQ|IN2920230108,744RJ33,SG,NSE,SDL RJ 7.44% 2033,Others,IN2920230108,True
3037,NSE_EQ|IN2920230157,744RJ33A,SG,NSE,SDL RJ 7.44% 2033,Others,IN2920230157,True
2563,NSE_EQ|IN2920250395,744RJ33B,SG,NSE,SDL RJ 7.44% 2033,Others,IN2920250395,True
2802,NSE_EQ|IN2920230454,744RJ34,SG,NSE,SDL RJ 7.44% 2034,Others,IN2920230454,True
2764,NSE_EQ|IN2920230553,744RJ34A,SG,NSE,SDL RJ 7.44% 2034,Others,IN2920230553,True
3048,NSE_EQ|IN2920230181,744RJ36,SG,NSE,SDL RJ 7.44% 2036,Others,IN2920230181,True
8598,NSE_EQ|INE020B08FR6,744RL28,N0,NSE,REC 7.44% 2028 SR 245A,Others,INE020B08FR6,True
5544,NSE_EQ|INE556F08KT6,744SIDBI28,N0,NSE,SIDBI 7.44% 2028 SR IV,Others,INE556F08KT6,True
7135,NSE_EQ|IN3120230013,744TN33,SG,NSE,SDL TN 7.44% 2033,Others,IN3120230013,True
7097,NSE_EQ|IN3120230138,744TN33A,SG,NSE,SDL TN 7.44% 2033,Others,IN3120230138,True
6997,NSE_EQ|IN3120230211,744TN33B,SG,NSE,SDL TN 7.44% 2033,Others,IN3120230211,True
7027,NSE_EQ|IN3120230435,744TN34,SG,NSE,SDL TN 7.44% 2034,Others,IN3120230435,True
7035,NSE_EQ|IN3120230484,744TN34A,SG,NSE,SDL TN 7.44% 2034,Others,IN3120230484,True
4157,NSE_EQ|IN3120240103,744TN34B,SG,NSE,SDL TN 7.44% 2034,Others,IN3120240103,True
7021,NSE_EQ|IN3120230492,744TN44,SG,NSE,SDL TN 7.44% 2044,Others,IN3120230492,True
7514,NSE_EQ|IN3120250219,744TN55,SG,NSE,SDL TN 7.44% 2055,Others,IN3120250219,True
7486,NSE_EQ|IN3120250318,744TN55A,SG,NSE,SDL TN 7.44% 2055,Others,IN3120250318,True
7588,NSE_EQ|IN3120250433,744TN55B,SG,NSE,SDL TN 7.44% 2055,Others,IN3120250433,True
5122,NSE_EQ|IN4520230488,744TS30,SG,NSE,SDL TS 7.44% 2030,Others,IN4520230488,True
8718,NSE_EQ|IN4520240016,744TS36,SG,NSE,SDL TS 7.44% 2036,Others,IN4520240016,True
5235,NSE_EQ|IN4520230132,744TS39,SG,NSE,SDL TS 7.44% 2039,Others,IN4520230132,True
5257,NSE_EQ|IN4520230215,744TS39A,SG,NSE,SDL TS 7.44% 2039,Others,IN4520230215,True
8674,NSE_EQ|IN4520240099,744TS40,SG,NSE,SDL TS 7.44% 2040,Others,IN4520240099,True
8676,NSE_EQ|IN4520240081,744TS41,SG,NSE,SDL TS 7.44% 2041,Others,IN4520240081,True
5186,NSE_EQ|IN4520230249,744TS45,SG,NSE,SDL TS 7.44% 2045,Others,IN4520230249,True
5163,NSE_EQ|IN4520230439,744TS46,SG,NSE,SDL TS 7.44% 2046,Others,IN4520230439,True
6838,NSE_EQ|IN4520250395,744TS47,SG,NSE,SDL TS 7.44% 2047,Others,IN4520250395,True
6816,NSE_EQ|IN4520250403,744TS48,SG,NSE,SDL TS 7.44% 2048,Others,IN4520250403,True
6817,NSE_EQ|IN4520250411,744TS49,SG,NSE,SDL TS 7.44% 2049,Others,IN4520250411,True
8723,NSE_EQ|IN4520240024,744TS51,SG,NSE,SDL TS 7.44% 2051,Others,IN4520240024,True
6815,NSE_EQ|IN4520250429,744TS51A,SG,NSE,SDL TS 7.44% 2051,Others,IN4520250429,True
8722,NSE_EQ|IN4520240032,744TS53,SG,NSE,SDL TS 7.44% 2053,Others,IN4520240032,True
6814,NSE_EQ|IN4520250452,744TS56,SG,NSE,SDL TS 7.44% 2056,Others,IN4520250452,True
6825,NSE_EQ|IN4520250494,744TS56A,SG,NSE,SDL TS 7.44% 2056,Others,IN4520250494,True
6809,NSE_EQ|IN4520250460,744TS58,SG,NSE,SDL TS 7.44% 2058,Others,IN4520250460,True
7877,NSE_EQ|IN3420230234,744WB41,SG,NSE,SDL WB 7.44% 2041,Others,IN3420230234,True
7889,NSE_EQ|IN3420230093,744WB42,SG,NSE,SDL WB 7.44% 2042,Others,IN3420230093,True
7876,NSE_EQ|IN3420230242,744WB44,SG,NSE,SDL WB 7.44% 2044,Others,IN3420230242,True
6265,NSE_EQ|INE238A08500,745ABL34,N0,NSE,ABL 7.45% 2034 SR 8,Others,INE238A08500,True
9227,NSE_EQ|IN1020230364,745AP33,SG,NSE,SDL AP 7.45% 2033,Others,IN1020230364,True
5803,NSE_EQ|IN1020240173,745AP33A,SG,NSE,SDL AP 7.45% 2033,Others,IN1020240173,True
9101,NSE_EQ|IN1020230414,745AP34,SG,NSE,SDL AP 7.45% 2034,Others,IN1020230414,True
6072,NSE_EQ|IN1020220068,745AP37,SG,NSE,SDL AP 7.45% 2037,Others,IN1020220068,True
9063,NSE_EQ|IN1020230802,745AP38,SG,NSE,SDL AP 7.45% 2038,Others,IN1020230802,True
5932,NSE_EQ|IN1020220498,745AP40,SG,NSE,SDL AP 7.45% 2040,Others,IN1020220498,True
9225,NSE_EQ|IN1020230372,745AP40A,SG,NSE,SDL AP 7.45% 2040,Others,IN1020230372,True
5804,NSE_EQ|IN1020240181,745AP40B,SG,NSE,SDL AP 7.45% 2040,Others,IN1020240181,True
5953,NSE_EQ|IN1020220506,745AP42,SG,NSE,SDL AP 7.45% 2042,Others,IN1020220506,True
3946,NSE_EQ|IN1220230206,745AS31,SG,NSE,SDL AS 7.45% 2031,Others,IN1220230206,True
3938,NSE_EQ|IN1220230065,745AS33,SG,NSE,SDL AS 7.45% 2033,Others,IN1220230065,True
3940,NSE_EQ|IN1220230073,745AS33A,SG,NSE,SDL AS 7.45% 2033,Others,IN1220230073,True
3871,NSE_EQ|IN1320230056,745BR31,SG,NSE,SDL BR 7.45% 2031,Others,IN1320230056,True
7759,NSE_EQ|IN1320220057,745BR32,SG,NSE,SDL BR 7.45% 2032,Others,IN1320220057,True
3627,NSE_EQ|IN1320250104,745BR34,SG,NSE,SDL BR 7.45% 2034,Others,IN1320250104,True
3633,NSE_EQ|IN1320250120,745BR45,SG,NSE,SDL BR 7.45% 2045,Others,IN1320250120,True
3632,NSE_EQ|IN1320250138,745BR50,SG,NSE,SDL BR 7.45% 2050,Others,IN1320250138,True
7684,NSE_EQ|INE403D08280,745BTL28,N0,NSE,BTL 7.45% 2028 SR XXVI,Others,INE403D08280,True
4061,NSE_EQ|IN3520230225,745CG33,SG,NSE,SDL CG 7.45% 2033,Others,IN3520230225,True
7019,NSE_EQ|IN3920250013,745DL36,SG,NSE,SDL DL 7.45% 2036,Others,IN3920250013,True
8804,NSE_EQ|INE514E08GB4,745EXIM28,N0,NSE,EXIM 7.45% 2028 SR Z01,Others,INE514E08GB4,True
5886,NSE_EQ|IN1520190225,745GJ30,SG,NSE,SDL GJ 7.45% 2030,Others,IN1520190225,True
4405,NSE_EQ|IN1520230070,745GJ31,SG,NSE,SDL GJ 7.45% 2031,Others,IN1520230070,True
4872,NSE_EQ|IN1520250391,745GJ34,SG,NSE,SDL GJ 7.45% 2034,Others,IN1520250391,True
7192,NSE_EQ|IN1720230037,745HP33,SG,NSE,SDL HP 7.45% 2033,Others,IN1720230037,True
6714,NSE_EQ|IN1720250100,745HP40,SG,NSE,SDL HP 7.45% 2040,Others,IN1720250100,True
3653,NSE_EQ|IN1720240010,745HP44,SG,NSE,SDL HP 7.45% 2044,Others,IN1720240010,True
9157,NSE_EQ|IN1620220211,745HR32,SG,NSE,SDL HR 7.45% 2032,Others,IN1620220211,True
5773,NSE_EQ|IN1620230194,745HR33,SG,NSE,SDL HR 7.45% 2033,Others,IN1620230194,True
5768,NSE_EQ|IN1620230160,745HR35,SG,NSE,SDL HR 7.45% 2035,Others,IN1620230160,True
5799,NSE_EQ|IN1620230202,745HR35A,SG,NSE,SDL HR 7.45% 2035,Others,IN1620230202,True
6514,NSE_EQ|IN1620230418,745HR35B,SG,NSE,SDL HR 7.45% 2035,Others,IN1620230418,True
6256,NSE_EQ|IN1620250176,745HR42,SG,NSE,SDL HR 7.45% 2042,Others,IN1620250176,True
5254,NSE_EQ|INE763G08967,745ISL28,N0,NSE,ISL 7.45% 2028 SR 1,Others,INE763G08967,True
8349,NSE_EQ|IN4920230070,745JK53,SG,NSE,SDL JK 7.45% 2053,Others,IN4920230070,True
8300,NSE_EQ|IN4920230245,745JK54,SG,NSE,SDL JK 7.45% 2054,Others,IN4920230245,True
8973,NSE_EQ|IN1920230340,745KA35,SG,NSE,SDL KA 7.45% 2035,Others,IN1920230340,True
8967,NSE_EQ|IN1920230357,745KA37,SG,NSE,SDL KA 7.45% 2037,Others,IN1920230357,True
8914,NSE_EQ|IN1920230266,745KA40,SG,NSE,SDL KA 7.45% 2040,Others,IN1920230266,True
3187,NSE_EQ|IN2020230149,745KL39,SG,NSE,SDL KL 7.45% 2039,Others,IN2020230149,True
3173,NSE_EQ|IN2020230107,745KL40,SG,NSE,SDL KL 7.45% 2040,Others,IN2020230107,True
5439,NSE_EQ|IN2020250204,745KL50,SG,NSE,SDL KL 7.45% 2050,Others,IN2020250204,True
4911,NSE_EQ|IN2220230295,745MH37,SG,NSE,SDL MH 7.45% 2037,Others,IN2220230295,True
4892,NSE_EQ|IN2220230303,745MH38,SG,NSE,SDL MH 7.45% 2038,Others,IN2220230303,True
4890,NSE_EQ|IN2220230337,745MH38A,SG,NSE,SDL MH 7.45% 2038,Others,IN2220230337,True
4897,NSE_EQ|IN2220230352,745MH39,SG,NSE,SDL MH 7.45% 2039,Others,IN2220230352,True
4896,NSE_EQ|IN2220230345,745MH39A,SG,NSE,SDL MH 7.45% 2039,Others,IN2220230345,True
7977,NSE_EQ|IN2220240047,745MH41,SG,NSE,SDL MH 7.45% 2041,Others,IN2220240047,True
3181,NSE_EQ|IN2420240037,745ML34,SG,NSE,SDL ML 7.45% 2034,Others,IN2420240037,True
4675,NSE_EQ|IN2120250476,745MP36,SG,NSE,SDL MP 7.45% 2036,Others,IN2120250476,True
4617,NSE_EQ|IN2120250229,745MP41,SG,NSE,SDL MP 7.45% 2041,Others,IN2120250229,True
4997,NSE_EQ|IN2120230080,745MP44,SG,NSE,SDL MP 7.45% 2044,Others,IN2120230080,True
5029,NSE_EQ|IN2120230197,745MP44A,SG,NSE,SDL MP 7.45% 2044,Others,IN2120230197,True
4619,NSE_EQ|IN2120250245,745MP44B,SG,NSE,SDL MP 7.45% 2044,Others,IN2120250245,True
4241,NSE_EQ|IN2120230205,745MP45,SG,NSE,SDL MP 7.45% 2045,Others,IN2120230205,True
9426,NSE_EQ|INE0KUG08126,745NBFID36,N0,NSE,NABF 7.45% 2036 SR 6,Others,INE0KUG08126,True
4816,NSE_EQ|IN2620240019,745NL34,SG,NSE,SDL NL 7.45% 2034,Others,IN2620240019,True
3134,NSE_EQ|INE134E08NP7,745PFCL28,N0,NSE,PFCL 7.45% 2028 SR 248B,Others,INE134E08NP7,True
2696,NSE_EQ|IN2820230067,745PN34,SG,NSE,SDL PN 7.45% 2034,Others,IN2820230067,True
2716,NSE_EQ|IN2820230133,745PN34A,SG,NSE,SDL PN 7.45% 2034,Others,IN2820230133,True
8502,NSE_EQ|INE020B08FG9,745RECL35,N0,NSE,REC 7.45% 2035 SR 236A,Others,INE020B08FG9,True
3480,NSE_EQ|IN2920190468,745RJ30,SG,NSE,SDL RJ 7.45% 2030,Others,IN2920190468,True
3076,NSE_EQ|IN2920230041,745RJ33,SG,NSE,SDL RJ 7.45% 2033,Others,IN2920230041,True
6409,NSE_EQ|IN2920240123,745RJ40,SG,NSE,SDL RJ 7.45% 2040,Others,IN2920240123,True
3117,NSE_EQ|IN2920230207,745RJ44,SG,NSE,SDL RJ 7.45% 2044,Others,IN2920230207,True
8512,NSE_EQ|INE020B08EZ2,745RL34,NN,NSE,REC 7.45% 2034 SR 232B,Others,INE020B08EZ2,True
5647,NSE_EQ|INE507T07195,745SDIP36,N0,NSE,SDIP 7.45% 2036,Others,INE507T07195,True
5201,NSE_EQ|INE660A07SD6,745SFL29,N0,NSE,SFL 7.45% 2029 SR Z8,Others,INE660A07SD6,True
7447,NSE_EQ|INE535H07CR9,745SICCL30,N0,NSE,SICCL 7.45% 2030 SR 115,Others,INE535H07CR9,True
3414,NSE_EQ|IN3020220023,745SK32,SG,NSE,SDL SK 7.45% 2032,Others,IN3020220023,True
6877,NSE_EQ|INE812V08078,745TIL35,N0,NSE,THDC 7.45% 2035 SR XIII,Others,INE812V08078,True
7098,NSE_EQ|IN3120230146,745TN43,SG,NSE,SDL TN 7.45% 2043,Others,IN3120230146,True
7551,NSE_EQ|IN3120250524,745TN55,SG,NSE,SDL TN 7.45% 2055,Others,IN3120250524,True
6575,NSE_EQ|INE685A07132,745TOPL28,N0,NSE,TOPL 7.45% 2028 SR 1,Others,INE685A07132,True
8921,NSE_EQ|IN4520220141,745TS30,SG,NSE,SDL TS 7.45% 2030,Others,IN4520220141,True
5228,NSE_EQ|IN4520230165,745TS30A,SG,NSE,SDL TS 7.45% 2030,Others,IN4520230165,True
5227,NSE_EQ|IN4520230173,745TS40,SG,NSE,SDL TS 7.45% 2040,Others,IN4520230173,True
5260,NSE_EQ|IN4520230207,745TS47,SG,NSE,SDL TS 7.45% 2047,Others,IN4520230207,True
6787,NSE_EQ|IN4520250544,745TS48,SG,NSE,SDL TS 7.45% 2048,Others,IN4520250544,True
6788,NSE_EQ|IN4520250551,745TS53,SG,NSE,SDL TS 7.45% 2053,Others,IN4520250551,True
6822,NSE_EQ|IN4520250486,745TS57,SG,NSE,SDL TS 7.45% 2057,Others,IN4520250486,True
3481,NSE_EQ|IN3620190147,745UK30,SG,NSE,SDL UK 7.45% 2030,Others,IN3620190147,True
9145,NSE_EQ|IN3320230011,745UP33,SG,NSE,SDL UP 7.45% 2033,Others,IN3320230011,True
4179,NSE_EQ|IN3420230283,745WB42,SG,NSE,SDL WB 7.45% 2042,Others,IN3420230283,True
4182,NSE_EQ|IN3420230291,745WB44,SG,NSE,SDL WB 7.45% 2044,Others,IN3420230291,True
3889,NSE_EQ|IN3420250083,745WB44A,SG,NSE,SDL WB 7.45% 2044,Others,IN3420250083,True
6161,NSE_EQ|IN1020220100,746AP27,SG,NSE,SDL AP 7.46% 2027,Others,IN1020220100,True
9161,NSE_EQ|IN1020230299,746AP34,SG,NSE,SDL AP 7.46% 2034,Others,IN1020230299,True
9103,NSE_EQ|IN1020230406,746AP38,SG,NSE,SDL AP 7.46% 2038,Others,IN1020230406,True
5814,NSE_EQ|IN1020240132,746AP38A,SG,NSE,SDL AP 7.46% 2038,Others,IN1020240132,True
9107,NSE_EQ|IN1020230463,746AP41,SG,NSE,SDL AP 7.46% 2041,Others,IN1020230463,True
9071,NSE_EQ|IN1020230786,746AP41A,SG,NSE,SDL AP 7.46% 2041,Others,IN1020230786,True
5761,NSE_EQ|IN1020240025,746AP41B,SG,NSE,SDL AP 7.46% 2041,Others,IN1020240025,True
5742,NSE_EQ|IN1020240033,746AP42,SG,NSE,SDL AP 7.46% 2042,Others,IN1020240033,True
9220,NSE_EQ|IN1020230315,746AP43,SG,NSE,SDL AP 7.46% 2043,Others,IN1020230315,True
5745,NSE_EQ|IN1020240041,746AP43A,SG,NSE,SDL AP 7.46% 2043,Others,IN1020240041,True
5749,NSE_EQ|IN1020240058,746AP44,SG,NSE,SDL AP 7.46% 2044,Others,IN1020240058,True
3953,NSE_EQ|IN1220230230,746AS31,SG,NSE,SDL AS 7.46% 2031,Others,IN1220230230,True
3615,NSE_EQ|IN1320250187,746BR45,SG,NSE,SDL BR 7.46% 2045,Others,IN1320250187,True
4036,NSE_EQ|IN3520230167,746CG31,SG,NSE,SDL CG 7.46% 2031,Others,IN3520230167,True
4068,NSE_EQ|IN3520230266,746CG32,SG,NSE,SDL CG 7.46% 2032,Others,IN3520230266,True
4045,NSE_EQ|IN3520230175,746CG33,SG,NSE,SDL CG 7.46% 2033,Others,IN3520230175,True
4321,NSE_EQ|IN1420230105,746GA33,SG,NSE,SDL GA 7.46% 2033,Others,IN1420230105,True
4443,NSE_EQ|IN1420230097,746GA38,SG,NSE,SDL GA 7.46% 2038,Others,IN1420230097,True
4520,NSE_EQ|IN0020230127,746GS2073,GS,NSE,GOI LOAN  7.46% 2073,Others,IN0020230127,True
3659,NSE_EQ|IN1720240044,746HP36,SG,NSE,SDL HP 7.46% 2036,Others,IN1720240044,True
3317,NSE_EQ|INE053F08387,746IRFC29,NS,NSE,IRFC 7.46% 2029 SR 178,Others,INE053F08387,True
7861,NSE_EQ|IN4920250177,746JK45,SG,NSE,SDL JK 7.46% 2045,Others,IN4920250177,True
8298,NSE_EQ|IN4920230237,746JK49,SG,NSE,SDL JK 7.46% 2049,Others,IN4920230237,True
8522,NSE_EQ|IN1920250058,746KA36,SG,NSE,SDL KA 7.46% 2036,Others,IN1920250058,True
8969,NSE_EQ|IN1920230365,746KA38,SG,NSE,SDL KA 7.46% 2038,Others,IN1920230365,True
3209,NSE_EQ|IN2020230016,746KL48,SG,NSE,SDL KL 7.46% 2048,Others,IN2020230016,True
5015,NSE_EQ|IN2220230113,746MH33,SG,NSE,SDL MH 7.46% 2033,Others,IN2220230113,True
4923,NSE_EQ|IN2220230238,746MH35,SG,NSE,SDL MH 7.46% 2035,Others,IN2220230238,True
4894,NSE_EQ|IN2220230360,746MH41,SG,NSE,SDL MH 7.46% 2041,Others,IN2220230360,True
3184,NSE_EQ|IN2420240011,746ML34,SG,NSE,SDL ML 7.46% 2034,Others,IN2420240011,True
8400,NSE_EQ|IN2120220024,746MP32,SG,NSE,SDL MP 7.46% 2032,Others,IN2120220024,True
4990,NSE_EQ|IN2120230031,746MP38,SG,NSE,SDL MP 7.46% 2038,Others,IN2120230031,True
4996,NSE_EQ|IN2120230072,746MP38A,SG,NSE,SDL MP 7.46% 2038,Others,IN2120230072,True
4991,NSE_EQ|IN2120230049,746MP39,SG,NSE,SDL MP 7.46% 2039,Others,IN2120230049,True
4615,NSE_EQ|IN2120250237,746MP43,SG,NSE,SDL MP 7.46% 2043,Others,IN2120250237,True
6757,NSE_EQ|IN2520230052,746MZ39,SG,NSE,SDL MZ 7.46% 2039,Others,IN2520230052,True
2740,NSE_EQ|IN2820230257,746PN33,SG,NSE,SDL PN 7.46% 2033,Others,IN2820230257,True
3046,NSE_EQ|IN2920230199,746RJ33,SG,NSE,SDL RJ 7.46% 2033,Others,IN2920230199,True
2773,NSE_EQ|IN2920230512,746RJ34,SG,NSE,SDL RJ 7.46% 2034,Others,IN2920230512,True
2630,NSE_EQ|IN2920250213,746RJ38,SG,NSE,SDL RJ 7.46% 2038,Others,IN2920250213,True
2766,NSE_EQ|IN2920230538,746RJ42,SG,NSE,SDL RJ 7.46% 2042,Others,IN2920230538,True
2623,NSE_EQ|IN2920250239,746RJ51,SG,NSE,SDL RJ 7.46% 2051,Others,IN2920250239,True
7151,NSE_EQ|IN3020230022,746SK33,SG,NSE,SDL SK 7.46% 2033,Others,IN3020230022,True
7469,NSE_EQ|IN3120250847,746TN35,SG,NSE,SDL TN 7.46% 2035,Others,IN3120250847,True
7488,NSE_EQ|IN3120250367,746TN55,SG,NSE,SDL TN 7.46% 2055,Others,IN3120250367,True
5185,NSE_EQ|IN4520230256,746TS30,SG,NSE,SDL TS 7.46% 2030,Others,IN4520230256,True
5262,NSE_EQ|IN4520230231,746TS42,SG,NSE,SDL TS 7.46% 2042,Others,IN4520230231,True
6785,NSE_EQ|IN4520250536,746TS42A,SG,NSE,SDL TS 7.46% 2042,Others,IN4520250536,True
5169,NSE_EQ|IN4520230421,746TS45,SG,NSE,SDL TS 7.46% 2045,Others,IN4520230421,True
8940,NSE_EQ|IN4520220166,746TS48,SG,NSE,SDL TS 7.46% 2048,Others,IN4520220166,True
5289,NSE_EQ|IN4520230033,746TS48A,SG,NSE,SDL TS 7.46% 2048,Others,IN4520230033,True
8938,NSE_EQ|IN4520220174,746TS49,SG,NSE,SDL TS 7.46% 2049,Others,IN4520220174,True
6837,NSE_EQ|IN4520250387,746TS53,SG,NSE,SDL TS 7.46% 2053,Others,IN4520250387,True
3846,NSE_EQ|IN3620230067,746UK34,SG,NSE,SDL UK 7.46% 2034,Others,IN3620230067,True
9055,NSE_EQ|IN3320230300,746UP32,SG,NSE,SDL UP 7.46% 2032,Others,IN3320230300,True
9072,NSE_EQ|IN3320230276,746UP34,SG,NSE,SDL UP 7.46% 2034,Others,IN3320230276,True
9267,NSE_EQ|IN3320250159,746UP37,SG,NSE,SDL UP 7.46% 2037,Others,IN3320250159,True
9054,NSE_EQ|IN3320230326,746UP39,SG,NSE,SDL UP 7.46% 2039,Others,IN3320230326,True
7887,NSE_EQ|IN3420230085,746WB39,SG,NSE,SDL WB 7.46% 2039,Others,IN3420230085,True
8082,NSE_EQ|IN3420210277,746WB40,SG,NSE,SDL WB 7.46% 2040,Others,IN3420210277,True
7879,NSE_EQ|IN3420230028,746WB46,SG,NSE,SDL WB 7.46% 2046,Others,IN3420230028,True
9322,NSE_EQ|INE674K07028,747ABCL29,N0,NSE,ABCL 7.4669% 2029 SR B1,Others,INE674K07028,True
9197,NSE_EQ|IN1020230398,747AP32,SG,NSE,SDL AP 7.47% 2032,Others,IN1020230398,True
9231,NSE_EQ|IN1020230067,747AP37,SG,NSE,SDL AP 7.47% 2037,Others,IN1020230067,True
5811,NSE_EQ|IN1020240124,747AP37A,SG,NSE,SDL AP 7.47% 2037,Others,IN1020240124,True
3941,NSE_EQ|IN1220230081,747AS28,SG,NSE,SDL AS 7.47% 2028,Others,IN1220230081,True
3943,NSE_EQ|IN1220230099,747AS33,SG,NSE,SDL AS 7.47% 2033,Others,IN1220230099,True
3951,NSE_EQ|IN1220230222,747AS34,SG,NSE,SDL AS 7.47% 2034,Others,IN1220230222,True
3426,NSE_EQ|IN1220250113,747AS45,SG,NSE,SDL AS 7.47% 2045,Others,IN1220250113,True
3908,NSE_EQ|IN1320230213,747BR39,SG,NSE,SDL BR 7.47% 2039,Others,IN1320230213,True
4130,NSE_EQ|IN3520230043,747CG30,SG,NSE,SDL CG 7.47% 2030,Others,IN3520230043,True
4043,NSE_EQ|IN3520230191,747CG30A,SG,NSE,SDL CG 7.47% 2030,Others,IN3520230191,True
4063,NSE_EQ|IN3520230209,747CG31,SG,NSE,SDL CG 7.47% 2031,Others,IN3520230209,True
4071,NSE_EQ|IN3520230290,747CG32,SG,NSE,SDL CG 7.47% 2032,Others,IN3520230290,True
4067,NSE_EQ|IN3520230274,747CG33,SG,NSE,SDL CG 7.47% 2033,Others,IN3520230274,True
4206,NSE_EQ|IN3520230308,747CG33A,SG,NSE,SDL CG 7.47% 2033,Others,IN3520230308,True
4066,NSE_EQ|IN3520230282,747CG34,SG,NSE,SDL CG 7.47% 2034,Others,IN3520230282,True
4207,NSE_EQ|IN3520230316,747CG34A,SG,NSE,SDL CG 7.47% 2034,Others,IN3520230316,True
4441,NSE_EQ|IN1420230089,747GA33,SG,NSE,SDL GA 7.47% 2033,Others,IN1420230089,True
4357,NSE_EQ|IN1420230238,747GA34,SG,NSE,SDL GA 7.47% 2034,Others,IN1420230238,True
4451,NSE_EQ|IN1420230022,747GA38,SG,NSE,SDL GA 7.47% 2038,Others,IN1420230022,True
4362,NSE_EQ|IN1520230179,747GJ28,SG,NSE,SDL GJ 7.47% 2028,Others,IN1520230179,True
4472,NSE_EQ|IN1520250268,747GJ36,SG,NSE,SDL GJ 7.47% 2036,Others,IN1520250268,True
3660,NSE_EQ|IN1720240028,747HP33,SG,NSE,SDL HP 7.47% 2033,Others,IN1720240028,True
5771,NSE_EQ|IN1620230186,747HR33,SG,NSE,SDL HR 7.47% 2033,Others,IN1620230186,True
5802,NSE_EQ|IN1620230210,747HR33A,SG,NSE,SDL HR 7.47% 2033,Others,IN1620230210,True
5648,NSE_EQ|IN1620230137,747HR35,SG,NSE,SDL HR 7.47% 2035,Others,IN1620230137,True
5757,NSE_EQ|IN1620230376,747HR36,SG,NSE,SDL HR 7.47% 2036,Others,IN1620230376,True
6245,NSE_EQ|IN1620250143,747HR40,SG,NSE,SDL HR 7.47% 2040,Others,IN1620250143,True
4250,NSE_EQ|INE787H08154,747IIFCL27,N0,NSE,IIFCL 7.47% 2027 SR 2,Others,INE787H08154,True
7865,NSE_EQ|IN4920250136,747JK40,SG,NSE,SDL JK 7.47% 2040,Others,IN4920250136,True
8297,NSE_EQ|IN4920230278,747JK44,SG,NSE,SDL JK 7.47% 2044,Others,IN4920230278,True
8607,NSE_EQ|IN1920250256,747KA36,SG,NSE,SDL KA 7.47% 2036,Others,IN1920250256,True
3170,NSE_EQ|IN2020230123,747KL37,SG,NSE,SDL KL 7.47% 2037,Others,IN2020230123,True
3174,NSE_EQ|IN2020230115,747KL39,SG,NSE,SDL KL 7.47% 2039,Others,IN2020230115,True
3212,NSE_EQ|IN2020230065,747KL42,SG,NSE,SDL KL 7.47% 2042,Others,IN2020230065,True
6625,NSE_EQ|IN2020240023,747KL50,SG,NSE,SDL KL 7.47% 2050,Others,IN2020240023,True
5010,NSE_EQ|IN2220230121,747MH34,SG,NSE,SDL MH 7.47% 2034,Others,IN2220230121,True
4920,NSE_EQ|IN2220230246,747MH36,SG,NSE,SDL MH 7.47% 2036,Others,IN2220230246,True
3700,NSE_EQ|IN2720250124,747OR36,SG,NSE,SDL OR 7.47% 2036,Others,IN2720250124,True
6209,NSE_EQ|IN2820240082,747PN32,SG,NSE,SDL PN 7.47% 2032,Others,IN2820240082,True
2695,NSE_EQ|IN2820230075,747PN34,SG,NSE,SDL PN 7.47% 2034,Others,IN2820230075,True
6226,NSE_EQ|IN2820240116,747PN37,SG,NSE,SDL PN 7.47% 2037,Others,IN2820240116,True
2700,NSE_EQ|IN2820230034,747PN43,SG,NSE,SDL PN 7.47% 2043,Others,IN2820230034,True
5986,NSE_EQ|IN3820230032,747PY37,SG,NSE,SDL PY 7.47% 2037,Others,IN3820230032,True
2765,NSE_EQ|IN2920230546,747RJ33,SG,NSE,SDL RJ 7.47% 2033,Others,IN2920230546,True
8515,NSE_EQ|INE020B08EY5,747RL34,NL,NSE,REC 7.47% 2034 SR 231B,Others,INE020B08EY5,True
5542,NSE_EQ|INE556F08KR0,747SIDBI29,N0,NSE,SIDBI 7.47% 2029 SR II,Others,INE556F08KR0,True
7539,NSE_EQ|IN3120250540,747TN36,SG,NSE,SDL TN 7.47% 2036,Others,IN3120250540,True
8916,NSE_EQ|IN4520220158,747TS31,SG,NSE,SDL TS 7.47% 2031,Others,IN4520220158,True
5233,NSE_EQ|IN4520230181,747TS32,SG,NSE,SDL TS 7.47% 2032,Others,IN4520230181,True
8680,NSE_EQ|IN4520240057,747TS36,SG,NSE,SDL TS 7.47% 2036,Others,IN4520240057,True
5323,NSE_EQ|IN4520230116,747TS41,SG,NSE,SDL TS 7.47% 2041,Others,IN4520230116,True
3853,NSE_EQ|IN3620230018,747UK33,SG,NSE,SDL UK 7.47% 2033,Others,IN3620230018,True
3851,NSE_EQ|IN3620230075,747UK34,SG,NSE,SDL UK 7.47% 2034,Others,IN3620230075,True
7880,NSE_EQ|IN3420230010,747WB43,SG,NSE,SDL WB 7.47% 2043,Others,IN3420230010,True
3976,NSE_EQ|IN3420250117,747WB44,SG,NSE,SDL WB 7.47% 2044,Others,IN3420250117,True
3978,NSE_EQ|IN3420250125,747WB46,SG,NSE,SDL WB 7.47% 2046,Others,IN3420250125,True
8125,NSE_EQ|IN1020250289,748AP33,SG,NSE,SDL AP 7.48% 2033,Others,IN1020250289,True
8126,NSE_EQ|IN1020250297,748AP34,SG,NSE,SDL AP 7.48% 2034,Others,IN1020250297,True
8063,NSE_EQ|IN1020250503,748AP35,SG,NSE,SDL AP 7.48% 2035,Others,IN1020250503,True
8619,NSE_EQ|IN1020210549,748AP38,SG,NSE,SDL AP 7.48% 2038,Others,IN1020210549,True
9109,NSE_EQ|IN1020230455,748AP38A,SG,NSE,SDL AP 7.48% 2038,Others,IN1020230455,True
9017,NSE_EQ|IN1020230828,748AP44,SG,NSE,SDL AP 7.48% 2044,Others,IN1020230828,True
5715,NSE_EQ|IN1020240082,748AP44A,SG,NSE,SDL AP 7.48% 2044,Others,IN1020240082,True
3433,NSE_EQ|IN1220250212,748AS35,SG,NSE,SDL AS 7.48% 2035,Others,IN1220250212,True
3535,NSE_EQ|IN1320250062,748BR39,SG,NSE,SDL BR 7.48% 2039,Others,IN1320250062,True
4064,NSE_EQ|IN3520230217,748CG32,SG,NSE,SDL CG 7.48% 2032,Others,IN3520230217,True
4762,NSE_EQ|IN1420250087,748GA36,SG,NSE,SDL GA 7.48% 2036,Others,IN1420250087,True
3382,NSE_EQ|IN1720220061,748HP33,SG,NSE,SDL HP 7.48% 2033,Others,IN1720220061,True
2916,NSE_EQ|IN1620240011,748HR34,SG,NSE,SDL HR 7.48% 2034,Others,IN1620240011,True
5808,NSE_EQ|IN1620230228,748HR35,SG,NSE,SDL HR 7.48% 2035,Others,IN1620230228,True
3325,NSE_EQ|INE053F08361,748IRFC34A,NQ,NSE,IRFCL 7.48% 2034 SR 176,Others,INE053F08361,True
8336,NSE_EQ|IN4920230229,748JK54,SG,NSE,SDL JK 7.48% 2054,Others,IN4920230229,True
8912,NSE_EQ|IN1920230258,748KA33,SG,NSE,SDL KA 7.48% 2033,Others,IN1920230258,True
8556,NSE_EQ|IN1920250140,748KA35,SG,NSE,SDL KA 7.48% 2035,Others,IN1920250140,True
8600,NSE_EQ|IN1920250215,748KA37,SG,NSE,SDL KA 7.48% 2037,Others,IN1920250215,True
8648,NSE_EQ|IN1920250280,748KA37A,SG,NSE,SDL KA 7.48% 2037,Others,IN1920250280,True
3021,NSE_EQ|IN2020250196,748KL45,SG,NSE,SDL KL 7.48% 2045,Others,IN2020250196,True
4919,NSE_EQ|IN2220230212,748MH35,SG,NSE,SDL MH 7.48% 2035,Others,IN2220230212,True
4590,NSE_EQ|IN2220250483,748MH37,SG,NSE,SDL MH 7.48% 2037,Others,IN2220250483,True
4895,NSE_EQ|IN2220230378,748MH42,SG,NSE,SDL MH 7.48% 2042,Others,IN2220230378,True
4587,NSE_EQ|IN2220250418,748MH45,SG,NSE,SDL MH 7.48% 2045,Others,IN2220250418,True
3182,NSE_EQ|IN2420240029,748ML34,SG,NSE,SDL ML 7.48% 2034,Others,IN2420240029,True
4995,NSE_EQ|IN2120230064,748MP29,SG,NSE,SDL MP 7.48% 2029,Others,IN2120230064,True
5024,NSE_EQ|IN2120230163,748MP40,SG,NSE,SDL MP 7.48% 2040,Others,IN2120230163,True
5025,NSE_EQ|IN2120230171,748MP41,SG,NSE,SDL MP 7.48% 2041,Others,IN2120230171,True
4556,NSE_EQ|IN2120250146,748MP42,SG,NSE,SDL MP 7.48% 2042,Others,IN2120250146,True
4567,NSE_EQ|IN2120250187,748MP45,SG,NSE,SDL MP 7.48% 2045,Others,IN2120250187,True
8856,NSE_EQ|IN2520250043,748MZ36,SG,NSE,SDL MZ 7.48% 2036,Others,IN2520250043,True
6888,NSE_EQ|INE261F08EO7,748NABF28,N0,NSE,NABARD 7.48% 2028 SR 25G,Others,INE261F08EO7,True
3911,NSE_EQ|INE246R07848,748NIIF33,N0,NSE,NIIF 7.48% 2033 SR PP 6,Others,INE246R07848,True
8282,NSE_EQ|IN2620230085,748NL34,SG,NSE,SDL NL 7.48% 2034,Others,IN2620230085,True
2831,NSE_EQ|IN2820250156,748PN31,SG,NSE,SDL PN 7.48% 2031,Others,IN2820250156,True
2734,NSE_EQ|IN2820230141,748PN34,SG,NSE,SDL PN 7.48% 2034,Others,IN2820230141,True
6227,NSE_EQ|IN2820240108,748PN35,SG,NSE,SDL PN 7.48% 2035,Others,IN2820240108,True
6197,NSE_EQ|IN2820240025,748PN37,SG,NSE,SDL PN 7.48% 2037,Others,IN2820240025,True
6924,NSE_EQ|IN2820220019,748PN42,SG,NSE,SDL PN 7.48% 2042,Others,IN2820220019,True
5302,NSE_EQ|IN3820250030,748PY36,SG,NSE,SDL PY 7.48% 2036,Others,IN3820250030,True
2803,NSE_EQ|IN2920230447,748RJ34,SG,NSE,SDL RJ 7.48% 2034,Others,IN2920230447,True
2772,NSE_EQ|IN2920230520,748RJ37,SG,NSE,SDL RJ 7.48% 2037,Others,IN2920230520,True
5485,NSE_EQ|INE556F08KV2,748SIDBI29,N0,NSE,SIDBI 7.48% 2029 SR VI,Others,INE556F08KV2,True
8682,NSE_EQ|IN4520240040,748TS42,SG,NSE,SDL TS 7.48% 2042,Others,IN4520240040,True
5123,NSE_EQ|IN4520230504,748TS50,SG,NSE,SDL TS 7.48% 2050,Others,IN4520230504,True
3852,NSE_EQ|IN3620230026,748UK33,SG,NSE,SDL UK 7.48% 2033,Others,IN3620230026,True
9077,NSE_EQ|IN3320230268,748UP34,SG,NSE,SDL UP 7.48% 2034,Others,IN3320230268,True
9053,NSE_EQ|IN3320230318,748UP36,SG,NSE,SDL UP 7.48% 2036,Others,IN3320230318,True
9049,NSE_EQ|IN3320230334,748UP40,SG,NSE,SDL UP 7.48% 2040,Others,IN3320230334,True
9052,NSE_EQ|IN3320230342,748UP42,SG,NSE,SDL UP 7.48% 2042,Others,IN3320230342,True
9046,NSE_EQ|IN3320230359,748UP44,SG,NSE,SDL UP 7.48% 2044,Others,IN3320230359,True
8077,NSE_EQ|IN3420210251,748WB37,SG,NSE,SDL WB 7.48% 2037,Others,IN3420210251,True
7875,NSE_EQ|IN3420230218,748WB43,SG,NSE,SDL WB 7.48% 2043,Others,IN3420230218,True
7874,NSE_EQ|IN3420230226,748WB44,SG,NSE,SDL WB 7.48% 2044,Others,IN3420230226,True
3981,NSE_EQ|IN3420250158,748WB44A,SG,NSE,SDL WB 7.48% 2044,Others,IN3420250158,True
9075,NSE_EQ|IN1020230760,749AP36,SG,NSE,SDL AP 7.49% 2036,Others,IN1020230760,True
9073,NSE_EQ|IN1020230778,749AP39,SG,NSE,SDL AP 7.49% 2039,Others,IN1020230778,True
5714,NSE_EQ|IN1020240074,749AP40,SG,NSE,SDL AP 7.49% 2040,Others,IN1020240074,True
5807,NSE_EQ|IN1020240116,749AP44,SG,NSE,SDL AP 7.49% 2044,Others,IN1020240116,True
3874,NSE_EQ|IN1320230049,749BR31,SG,NSE,SDL BR 7.49% 2031,Others,IN1320230049,True
3872,NSE_EQ|IN1320230064,749BR31A,SG,NSE,SDL BR 7.49% 2031,Others,IN1320230064,True
3910,NSE_EQ|IN1320230205,749BR39,SG,NSE,SDL BR 7.49% 2039,Others,IN1320230205,True
4146,NSE_EQ|IN3520230050,749CG30,SG,NSE,SDL CG 7.49% 2030,Others,IN3520230050,True
4205,NSE_EQ|IN3520230324,749CG35,SG,NSE,SDL CG 7.49% 2035,Others,IN3520230324,True
4448,NSE_EQ|IN1420230063,749GA33,SG,NSE,SDL GA 7.49% 2033,Others,IN1420230063,True
4311,NSE_EQ|IN1420230113,749GA33A,SG,NSE,SDL GA 7.49% 2033,Others,IN1420230113,True
9407,NSE_EQ|IN1520220097,749GJ26,SG,NSE,SDL GJ 7.49% 2026,Others,IN1520220097,True
9305,NSE_EQ|IN1520220337,749GJ28,SG,NSE,SDL GJ 7.49% 2028,Others,IN1520220337,True
3391,NSE_EQ|IN1720220079,749HP34,SG,NSE,SDL HP 7.49% 2034,Others,IN1720220079,True
5653,NSE_EQ|IN1620230145,749HR33,SG,NSE,SDL HR 7.49% 2033,Others,IN1620230145,True
6515,NSE_EQ|IN1620230426,749HR35,SG,NSE,SDL HR 7.49% 2035,Others,IN1620230426,True
5756,NSE_EQ|IN1620230368,749HR36,SG,NSE,SDL HR 7.49% 2036,Others,IN1620230368,True
5267,NSE_EQ|INE219X07231,749IGT28,NG,NSE,SEC RE NCD 7.49% SR.IV,Others,INE219X07231,True
5675,NSE_EQ|IN3720250049,749JH36,SG,NSE,SDL JH 7.49% 2036,Others,IN3720250049,True
8580,NSE_EQ|IN1920250165,749KA35,SG,NSE,SDL KA 7.49% 2035,Others,IN1920250165,True
3362,NSE_EQ|IN2020230271,749KL36,SG,NSE,SDL KL 7.49% 2036,Others,IN2020230271,True
6627,NSE_EQ|IN2020240015,749KL39,SG,NSE,SDL KL 7.49% 2039,Others,IN2020240015,True
3022,NSE_EQ|IN2020250188,749KL40,SG,NSE,SDL KL 7.49% 2040,Others,IN2020250188,True
3189,NSE_EQ|IN2020230156,749KL45,SG,NSE,SDL KL 7.49% 2045,Others,IN2020230156,True
3041,NSE_EQ|IN2020250121,749KL56,SG,NSE,SDL KL 7.49% 2056,Others,IN2020250121,True
5035,NSE_EQ|IN2220230022,749MH30,SG,NSE,SDL MH 7.49% 2030,Others,IN2220230022,True
4922,NSE_EQ|IN2220230220,749MH36,SG,NSE,SDL MH 7.49% 2036,Others,IN2220230220,True
3444,NSE_EQ|IN2420220070,749ML27,SG,NSE,SDL ML 7.49% 2027,Others,IN2420220070,True
6937,NSE_EQ|IN2320230013,749MN35,SG,NSE,SDL MN 7.49% 2035,Others,IN2320230013,True
8283,NSE_EQ|IN2620230077,749NL34,SG,NSE,SDL NL 7.49% 2034,Others,IN2620230077,True
3701,NSE_EQ|IN2720250132,749OR36,SG,NSE,SDL OR 7.49% 2036,Others,IN2720250132,True
3105,NSE_EQ|INE134E08MY1,749PFC34,N9,NSE,PFC 7.49% 2034 SR BS237B,Others,INE134E08MY1,True
6199,NSE_EQ|IN2820240017,749PN32,SG,NSE,SDL PN 7.49% 2032,Others,IN2820240017,True
2733,NSE_EQ|IN2820230158,749PN35,SG,NSE,SDL PN 7.49% 2035,Others,IN2820230158,True
2830,NSE_EQ|IN2820250149,749PN35A,SG,NSE,SDL PN 7.49% 2035,Others,IN2820250149,True
2718,NSE_EQ|IN2820230125,749PN37,SG,NSE,SDL PN 7.49% 2037,Others,IN2820230125,True
2813,NSE_EQ|IN2820250123,749PN40,SG,NSE,SDL PN 7.49% 2040,Others,IN2820250123,True
5083,NSE_EQ|INE027A08036,749RCFL28,N0,NSE,RCFL 7.49% 2028 SR I,Others,INE027A08036,True
3040,NSE_EQ|IN2920230140,749RJ34,SG,NSE,SDL RJ 7.49% 2034,Others,IN2920230140,True
2524,NSE_EQ|IN2920250163,749RJ35,SG,NSE,SDL RJ 7.49% 2035,Others,IN2920250163,True
2712,NSE_EQ|IN2920250411,749RJ36,SG,NSE,SDL RJ 7.49% 2036,Others,IN2920250411,True
2767,NSE_EQ|IN2920230561,749RJ40,SG,NSE,SDL RJ 7.49% 2040,Others,IN2920230561,True
6445,NSE_EQ|IN2920240040,749RJ44,SG,NSE,SDL RJ 7.49% 2044,Others,IN2920240040,True
5488,NSE_EQ|INE556F08KX8,749SIDBI29,N0,NSE,SIDBI 7.49% 2029 SR VIII,Others,INE556F08KX8,True
4187,NSE_EQ|IN3120240038,749TN34,SG,NSE,SDL TN 7.49% 2034,Others,IN3120240038,True
4186,NSE_EQ|IN3120240046,749TN44,SG,NSE,SDL TN 7.49% 2044,Others,IN3120240046,True
5167,NSE_EQ|IN4520230413,749TS35,SG,NSE,SDL TS 7.49% 2035,Others,IN4520230413,True
6783,NSE_EQ|IN4520250569,749TS39,SG,NSE,SDL TS 7.49% 2039,Others,IN4520250569,True
5188,NSE_EQ|IN4520230272,749TS44,SG,NSE,SDL TS 7.49% 2044,Others,IN4520230272,True
9139,NSE_EQ|IN3320230060,749UP34,SG,NSE,SDL UP 7.49% 2034,Others,IN3320230060,True
9076,NSE_EQ|IN3320230250,749UP34A,SG,NSE,SDL UP 7.49% 2034,Others,IN3320230250,True
9047,NSE_EQ|IN3320230367,749UP36,SG,NSE,SDL UP 7.49% 2036,Others,IN3320230367,True
9244,NSE_EQ|IN1020230083,74AP31,SG,NSE,SDL AP 7.4% 2031,Others,IN1020230083,True
9192,NSE_EQ|IN1020230240,74AP32,SG,NSE,SDL AP 7.4% 2032,Others,IN1020230240,True
5628,NSE_EQ|IN1020240223,74AP41,SG,NSE,SDL AP 7.4% 2041,Others,IN1020240223,True
9110,NSE_EQ|IN1020230448,74AP43,SG,NSE,SDL AP 7.4% 2043,Others,IN1020230448,True
3897,NSE_EQ|IN1220230024,74AS33,SG,NSE,SDL AS 7.4% 2033,Others,IN1220230024,True
3882,NSE_EQ|IN1320230023,74BR30,SG,NSE,SDL BR 7.4% 2030,Others,IN1320230023,True
3626,NSE_EQ|IN1320250195,74BR35,SG,NSE,SDL BR 7.4% 2035,Others,IN1320250195,True
3914,NSE_EQ|IN1320230239,74BR39,SG,NSE,SDL BR 7.4% 2039,Others,IN1320230239,True
8186,NSE_EQ|INE476A08233,74CB34,N0,NSE,CB 7.40% 2034,Others,INE476A08233,True
4134,NSE_EQ|IN3520230027,74CG30,SG,NSE,SDL CG 7.4% 2030,Others,IN3520230027,True
4763,NSE_EQ|IN1420250079,74GA37,SG,NSE,SDL GA 7.4% 2037,Others,IN1420250079,True
4372,NSE_EQ|IN1520230146,74GJ26,SG,NSE,SDL GJ 7.4% 2026,Others,IN1520230146,True
4410,NSE_EQ|IN1520230062,74GJ27,SG,NSE,SDL GJ 7.4% 2027,Others,IN1520230062,True
4467,NSE_EQ|IN1520250318,74GJ36,SG,NSE,SDL GJ 7.4% 2036,Others,IN1520250318,True
4465,NSE_EQ|IN1520250334,74GJ36A,SG,NSE,SDL GJ 7.4% 2036,Others,IN1520250334,True
3556,NSE_EQ|IN0020050012,74GS2035,GS,NSE,GOI LOAN 7.40% 2035,Others,IN0020050012,True
7948,NSE_EQ|IN0020220094,74GS2062,GS,NSE,GOI LOAN  7.4% 2062,Others,IN0020220094,True
5643,NSE_EQ|IN1620230111,74HR33,SG,NSE,SDL HR 7.4% 2033,Others,IN1620230111,True
6162,NSE_EQ|IN1620210212,74HR37,SG,NSE,SDL HR 7.4% 2037,Others,IN1620210212,True
8302,NSE_EQ|IN4920230252,74JK44,SG,NSE,SDL JK 7.4% 2044,Others,IN4920230252,True
2619,NSE_EQ|IN2020210224,74KL37,SG,NSE,SDL KL 7.4% 2037,Others,IN2020210224,True
3172,NSE_EQ|IN2020230131,74KL41,SG,NSE,SDL KL 7.4% 2041,Others,IN2020230131,True
5042,NSE_EQ|IN2220230097,74MH31,SG,NSE,SDL MH 7.4% 2031,Others,IN2220230097,True
5012,NSE_EQ|IN2220230105,74MH32,SG,NSE,SDL MH 7.4% 2032,Others,IN2220230105,True
4914,NSE_EQ|IN2220230279,74MH35,SG,NSE,SDL MH 7.4% 2035,Others,IN2220230279,True
4909,NSE_EQ|IN2220230287,74MH36,SG,NSE,SDL MH 7.4% 2036,Others,IN2220230287,True
3443,NSE_EQ|IN2420220062,74ML27,SG,NSE,SDL ML 7.4% 2027,Others,IN2420220062,True
4989,NSE_EQ|IN2120230023,74MP34,SG,NSE,SDL MP 7.4% 2034,Others,IN2120230023,True
4674,NSE_EQ|IN2120250443,74MP35,SG,NSE,SDL MP 7.4% 2035,Others,IN2120250443,True
4613,NSE_EQ|IN2120250203,74MP46,SG,NSE,SDL MP 7.4% 2046,Others,IN2120250203,True
4611,NSE_EQ|IN2120250211,74MP47,SG,NSE,SDL MP 7.4% 2047,Others,IN2120250211,True
6828,NSE_EQ|IN2520230102,74MZ39,SG,NSE,SDL MZ 7.4% 2039,Others,IN2520230102,True
3121,NSE_EQ|INE134E08NH4,74PFCL30,N0,NSE,PFCL 7.40% 2030 SR 244B,Others,INE134E08NH4,True
3135,NSE_EQ|INE134E08NN2,74PFCL35,N0,NSE,PFCL 7.40% 2035 SR 247B,Others,INE134E08NN2,True
8694,NSE_EQ|IN3820240015,74PY30,SG,NSE,SDL PY 7.4% 2030,Others,IN3820240015,True
3042,NSE_EQ|IN2920230173,74RJ41,SG,NSE,SDL RJ 7.4% 2041,Others,IN2920230173,True
2812,NSE_EQ|IN2920230488,74RJ42,SG,NSE,SDL RJ 7.4% 2042,Others,IN2920230488,True
7036,NSE_EQ|IN3120230450,74TN34,SG,NSE,SDL TN 7.4% 2034,Others,IN3120230450,True
7375,NSE_EQ|IN3120250771,74TN35,SG,NSE,SDL TN 7.4% 2035,Others,IN3120250771,True
7349,NSE_EQ|IN3120210486,74TN42,SG,NSE,SDL TN 7.4% 2042,Others,IN3120210486,True
7016,NSE_EQ|IN3120230500,74TN54,SG,NSE,SDL TN 7.4% 2054,Others,IN3120230500,True
5263,NSE_EQ|IN4520230223,74TS43,SG,NSE,SDL TS 7.4% 2043,Others,IN4520230223,True
5299,NSE_EQ|IN4520230090,74TS45,SG,NSE,SDL TS 7.4% 2045,Others,IN4520230090,True
9143,NSE_EQ|IN3320230045,74UP33,SG,NSE,SDL UP 7.4% 2033,Others,IN3320230045,True
8083,NSE_EQ|IN3420210285,74WB38,SG,NSE,SDL WB 7.4% 2038,Others,IN3420210285,True
7883,NSE_EQ|IN3420230069,74WB42,SG,NSE,SDL WB 7.4% 2042,Others,IN3420230069,True
4177,NSE_EQ|IN3420230259,74WB44,SG,NSE,SDL WB 7.4% 2044,Others,IN3420230259,True
7960,NSE_EQ|IN1220190244,750AS30,SG,NSE,SDL AS 7.50% 2030,Others,IN1220190244,True
6252,NSE_EQ|INE084A08219,750BOI35,N0,NSE,BOI 7.50% 2035 SR III,Others,INE084A08219,True
3939,NSE_EQ|IN1420190200,750GA30,SG,NSE,SDL GA 7.50% 2030,Others,IN1420190200,True
4084,NSE_EQ|IN0020260017,750GS2056,GS,NSE,GOI LOAN  7.50% 2056,Others,IN0020260017,True
3466,NSE_EQ|INE053F07843,750IRFC35,NK,NSE,TAX FREE7.50% SR.104 A,Others,INE053F07843,True
6526,NSE_EQ|IN2520190074,750MZ30,SG,NSE,SDL MZ 7.50% 2030,Others,IN2520190074,True
7790,NSE_EQ|INE729N07099,750TCSL28,N0,NSE,TCSL 7.50% 2028,Others,INE729N07099,True
3047,NSE_EQ|IN3120200024,750TN29,SG,NSE,SDL TN 7.50% 2029,Others,IN3120200024,True
3813,NSE_EQ|IN3120260010,750TN32,SG,NSE,SDL TN 7.50% 2032,Others,IN3120260010,True
7423,NSE_EQ|IN3120250615,750TN36,SG,NSE,SDL TN 7.50% 2036,Others,IN3120250615,True
7409,NSE_EQ|IN3120250664,750TN36A,SG,NSE,SDL TN 7.50% 2036,Others,IN3120250664,True
9384,NSE_EQ|IN4520200010,750TS28,SG,NSE,SDL TS 7.50% 2028,Others,IN4520200010,True
5791,NSE_EQ|IN1020240108,751AP41,SG,NSE,SDL AP 7.51% 2041,Others,IN1020240108,True
4041,NSE_EQ|IN3520230134,751CG32,SG,NSE,SDL CG 7.51% 2032,Others,IN3520230134,True
9114,NSE_EQ|IN1620220310,751HR29,SG,NSE,SDL HR 7.51% 2029,Others,IN1620220310,True
6251,NSE_EQ|IN1620250150,751HR41,SG,NSE,SDL HR 7.51% 2041,Others,IN1620250150,True
5852,NSE_EQ|INE031A07865,751HUDCO28,N5,NSE,7.51 NCD 16FEB28 TR1 SR2,Others,INE031A07865,True
7858,NSE_EQ|IN4920250185,751JK40,SG,NSE,SDL JK 7.51% 2040,Others,IN4920250185,True
7869,NSE_EQ|IN4920250128,751JK45,SG,NSE,SDL JK 7.51% 2045,Others,IN4920250128,True
8293,NSE_EQ|IN4920230286,751JK54,SG,NSE,SDL JK 7.51% 2054,Others,IN4920230286,True
8529,NSE_EQ|IN1920250090,751KA36,SG,NSE,SDL KA 7.51% 2036,Others,IN1920250090,True
6865,NSE_EQ|IN2320230047,751MN35,SG,NSE,SDL MN 7.51% 2035,Others,IN2320230047,True
5041,NSE_EQ|IN2120230106,751MP38,SG,NSE,SDL MP 7.51% 2038,Others,IN2120230106,True
4565,NSE_EQ|IN2120250195,751MP48,SG,NSE,SDL MP 7.51% 2048,Others,IN2120250195,True
3540,NSE_EQ|INE557F08FX6,751NHB31,NC,NSE,NHB 7.51% 2031,Others,INE557F08FX6,True
2717,NSE_EQ|IN2820230117,751PN36,SG,NSE,SDL PN 7.51% 2036,Others,IN2820230117,True
6192,NSE_EQ|IN2820240041,751PN37,SG,NSE,SDL PN 7.51% 2037,Others,IN2820240041,True
2805,NSE_EQ|IN2920230439,751RJ34,SG,NSE,SDL RJ 7.51% 2034,Others,IN2920230439,True
5481,NSE_EQ|INE556F08KU4,751SIDBI28,N0,NSE,SIDBI 7.51% 2028 SR V,Others,INE556F08KU4,True
4387,NSE_EQ|IN3620250073,751UK35,SG,NSE,SDL UK 7.51% 2035,Others,IN3620250073,True
9041,NSE_EQ|IN3320230375,751UP38,SG,NSE,SDL UP 7.51% 2038,Others,IN3320230375,True
9264,NSE_EQ|IN3320250167,751UP39,SG,NSE,SDL UP 7.51% 2039,Others,IN3320250167,True
9037,NSE_EQ|IN3320230391,751UP40,SG,NSE,SDL UP 7.51% 2040,Others,IN3320230391,True
9269,NSE_EQ|IN3320250134,751UP40A,SG,NSE,SDL UP 7.51% 2040,Others,IN3320250134,True
9277,NSE_EQ|INE674K07119,752ABCL30,N0,NSE,ABCL 7.52% 2030 SR F4,Others,INE674K07119,True
8130,NSE_EQ|IN1020250420,752AP37,SG,NSE,SDL AP 7.52% 2037,Others,IN1020250420,True
6077,NSE_EQ|IN1020220035,752AP38,SG,NSE,SDL AP 7.52% 2038,Others,IN1020220035,True
9214,NSE_EQ|IN1020230307,752AP39,SG,NSE,SDL AP 7.52% 2039,Others,IN1020230307,True
6075,NSE_EQ|IN1020220043,752AP42,SG,NSE,SDL AP 7.52% 2042,Others,IN1020220043,True
9083,NSE_EQ|IN1020230794,752AP43,SG,NSE,SDL AP 7.52% 2043,Others,IN1020230794,True
3990,NSE_EQ|IN1220230198,752AS34,SG,NSE,SDL AS 7.52% 2034,Others,IN1220230198,True
3878,NSE_EQ|IN1320230072,752BR31,SG,NSE,SDL BR 7.52% 2031,Others,IN1320230072,True
3634,NSE_EQ|IN1320250112,752BR36,SG,NSE,SDL BR 7.52% 2036,Others,IN1320250112,True
3954,NSE_EQ|IN1320230197,752BR39,SG,NSE,SDL BR 7.52% 2039,Others,IN1320230197,True
4715,NSE_EQ|IN1420250152,752GA37,SG,NSE,SDL GA 7.52% 2037,Others,IN1420250152,True
4359,NSE_EQ|IN1420230246,752GA39,SG,NSE,SDL GA 7.52% 2039,Others,IN1420230246,True
7216,NSE_EQ|IN1720230144,752HP39,SG,NSE,SDL HP 7.52% 2039,Others,IN1720230144,True
2919,NSE_EQ|IN1620240029,752HR34,SG,NSE,SDL HR 7.52% 2034,Others,IN1620240029,True
6246,NSE_EQ|IN1620250135,752HR39,SG,NSE,SDL HR 7.52% 2039,Others,IN1620250135,True
6354,NSE_EQ|IN1620250259,752HR41,SG,NSE,SDL HR 7.52% 2041,Others,IN1620250259,True
6352,NSE_EQ|IN1620250267,752HR42,SG,NSE,SDL HR 7.52% 2042,Others,IN1620250267,True
8517,NSE_EQ|IN1920250041,752KA37,SG,NSE,SDL KA 7.52% 2037,Others,IN1920250041,True
3038,NSE_EQ|IN2020250139,752KL33,SG,NSE,SDL KL 7.52% 2033,Others,IN2020250139,True
6766,NSE_EQ|IN2520230094,752MZ40,SG,NSE,SDL MZ 7.52% 2040,Others,IN2520230094,True
2719,NSE_EQ|IN2820230109,752PN35,SG,NSE,SDL PN 7.52% 2035,Others,IN2820230109,True
6441,NSE_EQ|IN2920240016,752RJ34,SG,NSE,SDL RJ 7.52% 2034,Others,IN2920240016,True
2562,NSE_EQ|IN2920250387,752RJ35,SG,NSE,SDL RJ 7.52% 2035,Others,IN2920250387,True
2581,NSE_EQ|IN2920250403,752RJ36,SG,NSE,SDL RJ 7.52% 2036,Others,IN2920250403,True
6439,NSE_EQ|IN2920240024,752RJ37,SG,NSE,SDL RJ 7.52% 2037,Others,IN2920240024,True
6437,NSE_EQ|IN2920240032,752RJ39,SG,NSE,SDL RJ 7.52% 2039,Others,IN2920240032,True
2768,NSE_EQ|IN2920230579,752RJ44,SG,NSE,SDL RJ 7.52% 2044,Others,IN2920230579,True
6996,NSE_EQ|IN3120230245,752TN33,SG,NSE,SDL TN 7.52% 2033,Others,IN3120230245,True
7595,NSE_EQ|IN3120250474,752TN55,SG,NSE,SDL TN 7.52% 2055,Others,IN3120250474,True
6764,NSE_EQ|IN4520250635,752TS36,SG,NSE,SDL TS 7.52% 2036,Others,IN4520250635,True
6782,NSE_EQ|IN4520250593,752TS52,SG,NSE,SDL TS 7.52% 2052,Others,IN4520250593,True
6813,NSE_EQ|IN4520250445,752TS54,SG,NSE,SDL TS 7.52% 2054,Others,IN4520250445,True
9044,NSE_EQ|IN3320230383,752UP39,SG,NSE,SDL UP 7.52% 2039,Others,IN3320230383,True
4194,NSE_EQ|IN3420230309,752WB39,SG,NSE,SDL WB 7.52% 2039,Others,IN3420230309,True
3989,NSE_EQ|IN3420250190,752WB44,SG,NSE,SDL WB 7.52% 2044,Others,IN3420250190,True
5981,NSE_EQ|INE572E07266,75343PHF31,N0,NSE,PHFL 7.5343% 2031,Others,INE572E07266,True
5717,NSE_EQ|IN1020240090,753AP36,SG,NSE,SDL AP 7.53% 2036,Others,IN1020240090,True
8068,NSE_EQ|IN1020250446,753AP36A,SG,NSE,SDL AP 7.53% 2036,Others,IN1020250446,True
8060,NSE_EQ|IN1020250545,753AP37,SG,NSE,SDL AP 7.53% 2037,Others,IN1020250545,True
8134,NSE_EQ|IN1020250388,753AP40,SG,NSE,SDL AP 7.53% 2040,Others,IN1020250388,True
7378,NSE_EQ|IN1220220025,753AS27,SG,NSE,SDL AS 7.53% 2027,Others,IN1220220025,True
3984,NSE_EQ|IN1220230164,753AS29,SG,NSE,SDL AS 7.53% 2029,Others,IN1220230164,True
7387,NSE_EQ|IN1220220090,753AS32,SG,NSE,SDL AS 7.53% 2032,Others,IN1220220090,True
7756,NSE_EQ|IN1320220040,753BR32,SG,NSE,SDL BR 7.53% 2032,Others,IN1320220040,True
9130,NSE_EQ|IN1620220195,753HR30,SG,NSE,SDL HR 7.53% 2030,Others,IN1620220195,True
5806,NSE_EQ|IN1620230236,753HR33,SG,NSE,SDL HR 7.53% 2033,Others,IN1620230236,True
6322,NSE_EQ|IN1620250382,753HR38,SG,NSE,SDL HR 7.53% 2038,Others,IN1620250382,True
9026,NSE_EQ|INE090A08UL3,753ICICI34,N0,NSE,ICICI 7.53% 2034 DJU24LB,Others,INE090A08UL3,True
2858,NSE_EQ|INE202E08177,753IRED34,NA,NSE,IREDA 7.53% 2034 SR XV F,Others,INE202E08177,True
3469,NSE_EQ|INE053F07835,753IRFC30,NJ,NSE,TAX FREE  7.53% SR. 103 A,Others,INE053F07835,True
8523,NSE_EQ|IN1920250066,753KA38,SG,NSE,SDL KA 7.53% 2038,Others,IN1920250066,True
3359,NSE_EQ|IN2020230289,753KL50,SG,NSE,SDL KL 7.53% 2050,Others,IN2020230289,True
3356,NSE_EQ|INE733E07JV4,753NTPC30E,NC,NSE,TFB 7.53% 2030 SR. 2B,Others,INE733E07JV4,True
6003,NSE_EQ|INE572E07225,753PHFL30,N0,NSE,PHFL 7.53% 2030 SR LXIX,Others,INE572E07225,True
6211,NSE_EQ|IN2820240066,753PN36,SG,NSE,SDL PN 7.53% 2036,Others,IN2820240066,True
6210,NSE_EQ|IN2820240074,753PN37,SG,NSE,SDL PN 7.53% 2037,Others,IN2820240074,True
8496,NSE_EQ|INE020B08FB0,753RECL34,NP,NSE,REC 7.53% 2034 SR 233,Others,INE020B08FB0,True
7429,NSE_EQ|IN3020250046,753SK36,SG,NSE,SDL SK 7.53% 2036,Others,IN3020250046,True
7434,NSE_EQ|IN3020250053,753SK36A,SG,NSE,SDL SK 7.53% 2036,Others,IN3020250053,True
7407,NSE_EQ|IN3120250672,753TN37,SG,NSE,SDL TN 7.53% 2037,Others,IN3120250672,True
3579,NSE_EQ|IN3120220311,753TN53,SG,NSE,SDL TN 7.53% 2053,Others,IN3120220311,True
8884,NSE_EQ|IN4520220273,753TS47,SG,NSE,SDL TS 7.53% 2047,Others,IN4520220273,True
6812,NSE_EQ|IN4520250437,753TS52,SG,NSE,SDL TS 7.53% 2052,Others,IN4520250437,True
4195,NSE_EQ|IN3420230317,753WB44,SG,NSE,SDL WB 7.53% 2044,Others,IN3420230317,True
3921,NSE_EQ|INE246R07871,7545NIIF28,N0,NSE,NIIF 7.545% 2028 SR PP8,Others,INE246R07871,True
5904,NSE_EQ|IN1020220613,754AP29,SG,NSE,SDL AP 7.54% 2029,Others,IN1020220613,True
8067,NSE_EQ|IN1020250438,754AP42,SG,NSE,SDL AP 7.54% 2042,Others,IN1020250438,True
7389,NSE_EQ|IN1220220074,754AS28,SG,NSE,SDL AS 7.54% 2028,Others,IN1220220074,True
3980,NSE_EQ|IN1220230156,754AS28A,SG,NSE,SDL AS 7.54% 2028,Others,IN1220230156,True
7205,NSE_EQ|IN1220240023,754AS34,SG,NSE,SDL AS 7.54% 2034,Others,IN1220240023,True
6236,NSE_EQ|INE084A08185,754BOI34,N0,NSE,BOI 7.54% 2034 SR I,Others,INE084A08185,True
3542,NSE_EQ|IN1320250088,754BR33,SG,NSE,SDL BR 7.54% 2033,Others,IN1320250088,True
4143,NSE_EQ|IN3520230068,754CG31,SG,NSE,SDL CG 7.54% 2031,Others,IN3520230068,True
2752,NSE_EQ|IN3520250066,754CG36,SG,NSE,SDL CG 7.54% 2036,Others,IN3520250066,True
2684,NSE_EQ|IN3520250116,754CG38,SG,NSE,SDL CG 7.54% 2038,Others,IN3520250116,True
7670,NSE_EQ|INE233A08170,754GIL29,N0,NSE,GIL 7.54% 2029 SR 1,Others,INE233A08170,True
7976,NSE_EQ|IN0020220029,754GS2036,GS,NSE,GOI LOAN  7.54% 2036,Others,IN0020220029,True
6358,NSE_EQ|IN1620250275,754HR40,SG,NSE,SDL HR 7.54% 2040,Others,IN1620250275,True
8550,NSE_EQ|IN1920250124,754KA37,SG,NSE,SDL KA 7.54% 2037,Others,IN1920250124,True
8652,NSE_EQ|IN1920250298,754KA39,SG,NSE,SDL KA 7.54% 2039,Others,IN1920250298,True
5878,NSE_EQ|IN1920220085,754KA41,SG,NSE,SDL KA 7.54% 2041,Others,IN1920220085,True
3360,NSE_EQ|IN2020230297,754KL55,SG,NSE,SDL KL 7.54% 2055,Others,IN2020230297,True
4584,NSE_EQ|IN2220250442,754MH37,SG,NSE,SDL MH 7.54% 2037,Others,IN2220250442,True
6436,NSE_EQ|IN2320250060,754MN38,SG,NSE,SDL MN 7.54% 2038,Others,IN2320250060,True
4648,NSE_EQ|IN2120250302,754MP46,SG,NSE,SDL MP 7.54% 2046,Others,IN2120250302,True
4599,NSE_EQ|IN2120250278,754MP48,SG,NSE,SDL MP 7.54% 2048,Others,IN2120250278,True
6191,NSE_EQ|IN2820240058,754PN32,SG,NSE,SDL PN 7.54% 2032,Others,IN2820240058,True
2841,NSE_EQ|IN2820250198,754PN34,SG,NSE,SDL PN 7.54% 2034,Others,IN2820250198,True
3123,NSE_EQ|IN2920230223,754RJ33,SG,NSE,SDL RJ 7.54% 2033,Others,IN2920230223,True
2574,NSE_EQ|IN2920250338,754RJ35,SG,NSE,SDL RJ 7.54% 2035,Others,IN2920250338,True
2576,NSE_EQ|IN2920250346,754RJ36,SG,NSE,SDL RJ 7.54% 2036,Others,IN2920250346,True
2531,NSE_EQ|IN2920250189,754RJ53,SG,NSE,SDL RJ 7.54% 2053,Others,IN2920250189,True
7382,NSE_EQ|IN3120250706,754TN36,SG,NSE,SDL TN 7.54% 2036,Others,IN3120250706,True
8554,NSE_EQ|IN3220250036,754TR40,SG,NSE,SDL TR 7.54% 2040,Others,IN3220250036,True
3191,NSE_EQ|IN4520260030,754TS33,SG,NSE,SDL TS 7.54% 2033,Others,IN4520260030,True
6836,NSE_EQ|IN4520250312,754TS51,SG,NSE,SDL TS 7.54% 2051,Others,IN4520250312,True
6832,NSE_EQ|IN4520250320,754TS53,SG,NSE,SDL TS 7.54% 2053,Others,IN4520250320,True
6829,NSE_EQ|IN4520250338,754TS55,SG,NSE,SDL TS 7.54% 2055,Others,IN4520250338,True
3857,NSE_EQ|IN3620230034,754UK33,SG,NSE,SDL UK 7.54% 2033,Others,IN3620230034,True
5950,NSE_EQ|IN1020220597,755AP29,SG,NSE,SDL AP 7.55% 2029,Others,IN1020220597,True
8932,NSE_EQ|IN1120250023,755AR45,SG,NSE,SDL AR 7.55% 2045,Others,IN1120250023,True
7369,NSE_EQ|IN1220220108,755AS32,SG,NSE,SDL AS 7.55% 2032,Others,IN1220220108,True
7758,NSE_EQ|IN1320220065,755BR32,SG,NSE,SDL BR 7.55% 2032,Others,IN1320220065,True
7638,NSE_EQ|IN1320220149,755BR32A,SG,NSE,SDL BR 7.55% 2032,Others,IN1320220149,True
8011,NSE_EQ|INE0J7Q07249,755DDL39,N0,NSE,DME DEV 7.55% 2039 SR V,Others,INE0J7Q07249,True
7734,NSE_EQ|IN1420220098,755GA32,SG,NSE,SDL GA 7.55% 2032,Others,IN1420220098,True
9394,NSE_EQ|IN1520220170,755GJ30,SG,NSE,SDL GJ 7.55% 2030,Others,IN1520220170,True
4369,NSE_EQ|IN1520230138,755GJ31,SG,NSE,SDL GJ 7.55% 2031,Others,IN1520230138,True
5443,NSE_EQ|IN4920220097,755JK38,SG,NSE,SDL JK 7.55% 2038,Others,IN4920220097,True
8585,NSE_EQ|IN1920250181,755KA35,SG,NSE,SDL KA 7.55% 2035,Others,IN1920250181,True
8170,NSE_EQ|IN2220260045,755MH34,SG,NSE,SDL MH 7.55% 2034,Others,IN2220260045,True
4998,NSE_EQ|IN2120230098,755MP35,SG,NSE,SDL MP 7.55% 2035,Others,IN2120230098,True
3099,NSE_EQ|INE134E08MZ8,755PFC27,NA,NSE,PFC 7.55% 2027 SR BS238,Others,INE134E08MZ8,True
3147,NSE_EQ|INE752E08742,755PGCI34,N2,NSE,PGCL 7.55% 2034 SRLXXVII,Others,INE752E08742,True
6196,NSE_EQ|IN2820240033,755PN32,SG,NSE,SDL PN 7.55% 2032,Others,IN2820240033,True
8618,NSE_EQ|INE020B08FH7,755RECL26,N0,NSE,REC LTD 7.55% 26 SR 237,Others,INE020B08FH7,True
7803,NSE_EQ|INE729N07107,755TCSL28,N0,NSE,TCSL 7.55% 2028,Others,INE729N07107,True
7465,NSE_EQ|IN3120250888,755TN36,SG,NSE,SDL TN 7.55% 2036,Others,IN3120250888,True
3581,NSE_EQ|IN3120220303,755TN53,SG,NSE,SDL TN 7.55% 2053,Others,IN3120220303,True
7032,NSE_EQ|IN3120230427,755TN54,SG,NSE,SDL TN 7.55% 2054,Others,IN3120230427,True
3034,NSE_EQ|INE607M08121,755TPREL40,N0,NSE,TPREL 7.55% 2040,Others,INE607M08121,True
8842,NSE_EQ|IN4520220331,755TS30,SG,NSE,SDL TS 7.55% 2030,Others,IN4520220331,True
5193,NSE_EQ|IN4520230264,755TS32,SG,NSE,SDL TS 7.55% 2032,Others,IN4520230264,True
6781,NSE_EQ|IN4520250585,755TS46,SG,NSE,SDL TS 7.55% 2046,Others,IN4520250585,True
3428,NSE_EQ|IN1220250139,756AS45,SG,NSE,SDL AS 7.56% 2045,Others,IN1220250139,True
2753,NSE_EQ|IN3520250074,756CG37,SG,NSE,SDL CG 7.56% 2037,Others,IN3520250074,True
6708,NSE_EQ|IN1720250084,756HP40,SG,NSE,SDL HP 7.56% 2040,Others,IN1720250084,True
6727,NSE_EQ|IN1720250126,756HP40A,SG,NSE,SDL HP 7.56% 2040,Others,IN1720250126,True
4240,NSE_EQ|INE787H08188,756IIFCL28,N0,NSE,IIFCL 7.56% 2028,Others,INE787H08188,True
8332,NSE_EQ|IN4920230153,756JK48,SG,NSE,SDL JK 7.56% 2048,Others,IN4920230153,True
8360,NSE_EQ|IN4920230104,756JK53,SG,NSE,SDL JK 7.56% 2053,Others,IN4920230104,True
8587,NSE_EQ|IN1920250199,756KA36,SG,NSE,SDL KA 7.56% 2036,Others,IN1920250199,True
5432,NSE_EQ|IN2020250220,756KL44,SG,NSE,SDL KL 7.56% 2044,Others,IN2020250220,True
4673,NSE_EQ|IN2120250450,756MP39,SG,NSE,SDL MP 7.56% 2039,Others,IN2120250450,True
3920,NSE_EQ|INE246R07863,756NIIF31,N0,NSE,NIIF 7.56% 2031 SR PP8,Others,INE246R07863,True
3710,NSE_EQ|IN2720250165,756OR38,SG,NSE,SDL OR 7.56% 2038,Others,IN2720250165,True
5314,NSE_EQ|IN3820250055,756PY35,SG,NSE,SDL PY 7.56% 2035,Others,IN3820250055,True
8503,NSE_EQ|INE020B08FF1,756RECL27,N0,NSE,REC 7.56% 2027 SR 236B,Others,INE020B08FF1,True
3074,NSE_EQ|IN2920230017,756RJ33,SG,NSE,SDL RJ 7.56% 2033,Others,IN2920230017,True
2631,NSE_EQ|IN2920250221,756RJ41,SG,NSE,SDL RJ 7.56% 2041,Others,IN2920250221,True
6589,NSE_EQ|IN2920220281,756RJ48,SG,NSE,SDL RJ 7.56% 2048,Others,IN2920220281,True
7432,NSE_EQ|IN3020250061,756SK36,SG,NSE,SDL SK 7.56% 2036,Others,IN3020250061,True
3566,NSE_EQ|IN3120220337,756TN53,SG,NSE,SDL TN 7.56% 2053,Others,IN3120220337,True
6970,NSE_EQ|IN3120230351,756TN53A,SG,NSE,SDL TN 7.56% 2053,Others,IN3120230351,True
6960,NSE_EQ|IN3120230377,756TN54,SG,NSE,SDL TN 7.56% 2054,Others,IN3120230377,True
8943,NSE_EQ|IN4520220182,756TS40,SG,NSE,SDL TS 7.56% 2040,Others,IN4520220182,True
8840,NSE_EQ|IN4520220398,756TS48,SG,NSE,SDL TS 7.56% 2048,Others,IN4520220398,True
9135,NSE_EQ|IN3320230078,756UP35,SG,NSE,SDL UP 7.56% 2035,Others,IN3320230078,True
4288,NSE_EQ|IN3420220102,756WB39,SG,NSE,SDL WB 7.56% 2039,Others,IN3420220102,True
4289,NSE_EQ|IN3420220110,756WB42,SG,NSE,SDL WB 7.56% 2042,Others,IN3420220110,True
3992,NSE_EQ|IN3420250174,756WB42A,SG,NSE,SDL WB 7.56% 2042,Others,IN3420250174,True
3988,NSE_EQ|IN3420250141,756WB45,SG,NSE,SDL WB 7.56% 2045,Others,IN3420250141,True
7410,NSE_EQ|IN1220220165,757AS32,SG,NSE,SDL AS 7.57% 2032,Others,IN1220220165,True
3427,NSE_EQ|IN1220250147,757AS36,SG,NSE,SDL AS 7.57% 2036,Others,IN1220250147,True
3675,NSE_EQ|INE028A08323,757BOB24,N0,NSE,BOB 7.57% 2034 SR III,Others,INE028A08323,True
3621,NSE_EQ|IN1320250153,757BR49,SG,NSE,SDL BR 7.57% 2049,Others,IN1320250153,True
9397,NSE_EQ|IN1520220154,757GJ26,SG,NSE,SDL GJ 7.57% 2026,Others,IN1520220154,True
9396,NSE_EQ|IN1520220188,757GJ31,SG,NSE,SDL GJ 7.57% 2031,Others,IN1520220188,True
9391,NSE_EQ|IN1520220196,757GJ32,SG,NSE,SDL GJ 7.57% 2032,Others,IN1520220196,True
4850,NSE_EQ|IN0020190065,757GS2033,GS,NSE,GOI LOAN 7.57% 2033,Others,IN0020190065,True
3384,NSE_EQ|IN1720220046,757HP31,SG,NSE,SDL HP 7.57% 2031,Others,IN1720220046,True
3410,NSE_EQ|IN1720220145,757HP32,SG,NSE,SDL HP 7.57% 2032,Others,IN1720220145,True
9113,NSE_EQ|IN1620220302,757HR30,SG,NSE,SDL HR 7.57% 2030,Others,IN1620220302,True
6314,NSE_EQ|IN1620250309,757HR40,SG,NSE,SDL HR 7.57% 2040,Others,IN1620250309,True
2859,NSE_EQ|INE202E08185,757IREDL29,NB,NSE,IREDA 7.57% 2029 SR XV G,Others,INE202E08185,True
3324,NSE_EQ|INE053F08353,757IRFC29,NP,NSE,IRFC 7.57% 2029 SR 175,Others,INE053F08353,True
5448,NSE_EQ|IN4920220048,757JK34,SG,NSE,SDL JK 7.57% 2034,Others,IN4920220048,True
3588,NSE_EQ|INE115A07QY1,757LICH29,N0,NSE,LICH 7.57% 2029 SR 447,Others,INE115A07QY1,True
8248,NSE_EQ|IN2220220155,757MH31,SG,NSE,SDL MH 7.57% 2031,Others,IN2220220155,True
4688,NSE_EQ|IN2220250533,757MH36,SG,NSE,SDL MH 7.57% 2036,Others,IN2220250533,True
6603,NSE_EQ|IN2420250069,757ML34,SG,NSE,SDL ML 7.57% 2034,Others,IN2420250069,True
4583,NSE_EQ|IN2120250120,757MP43,SG,NSE,SDL MP 7.57% 2043,Others,IN2120250120,True
4582,NSE_EQ|IN2120250138,757MP45,SG,NSE,SDL MP 7.57% 2045,Others,IN2120250138,True
3534,NSE_EQ|INE557F08FT4,757NHB31,N8,NSE,NHB 7.57% 2031,Others,INE557F08FT4,True
2810,NSE_EQ|IN2820250115,757PN37,SG,NSE,SDL PN 7.57% 2037,Others,IN2820250115,True
2525,NSE_EQ|IN2920250171,757RJ43,SG,NSE,SDL RJ 7.57% 2043,Others,IN2920250171,True
3613,NSE_EQ|IN3120220261,757TN33,SG,NSE,SDL TN 7.57% 2033,Others,IN3120220261,True
7468,NSE_EQ|IN3120250854,757TN38,SG,NSE,SDL TN 7.57% 2038,Others,IN3120250854,True
3567,NSE_EQ|IN3120220345,757TN53,SG,NSE,SDL TN 7.57% 2053,Others,IN3120220345,True
8845,NSE_EQ|IN4520220349,757TS31,SG,NSE,SDL TS 7.57% 2031,Others,IN4520220349,True
9260,NSE_EQ|IN3320250183,757UP36,SG,NSE,SDL UP 7.57% 2036,Others,IN3320250183,True
9232,NSE_EQ|IN3320250241,757UP38,SG,NSE,SDL UP 7.57% 2038,Others,IN3320250241,True
3924,NSE_EQ|IN3420250240,757WB46,SG,NSE,SDL WB 7.57% 2046,Others,IN3420250240,True
8439,NSE_EQ|INE831R07615,758ABHFL35,N0,NSE,ABHFL 7.58% 2035 E1,Others,INE831R07615,True
5934,NSE_EQ|IN1020220472,758AP40,SG,NSE,SDL AP 7.58% 2040,Others,IN1020220472,True
5933,NSE_EQ|IN1020220480,758AP42,SG,NSE,SDL AP 7.58% 2042,Others,IN1020220480,True
3896,NSE_EQ|IN1220230016,758AS33,SG,NSE,SDL AS 7.58% 2033,Others,IN1220230016,True
7643,NSE_EQ|IN1320220156,758BR32,SG,NSE,SDL BR 7.58% 2032,Others,IN1320220156,True
3629,NSE_EQ|IN1320250146,758BR43,SG,NSE,SDL BR 7.58% 2043,Others,IN1320250146,True
2970,NSE_EQ|INE121A07SO6,758CIFL30,N0,NSE,CIFL 7.58% 2030 SR 655,Others,INE121A07SO6,True
7742,NSE_EQ|IN1420220023,758GA37,SG,NSE,SDL GA 7.58% 2037,Others,IN1420220023,True
7735,NSE_EQ|IN1420220031,758GA37A,SG,NSE,SDL GA 7.58% 2037,Others,IN1420220031,True
4378,NSE_EQ|IN1520230104,758GJ26,SG,NSE,SDL GJ 7.58% 2026,Others,IN1520230104,True
4366,NSE_EQ|IN1520230153,758GJ32,SG,NSE,SDL GJ 7.58% 2032,Others,IN1520230153,True
9117,NSE_EQ|IN1620220328,758HR30,SG,NSE,SDL HR 7.58% 2030,Others,IN1620220328,True
8748,NSE_EQ|IN3720220034,758JH31,SG,NSE,SDL JH 7.58% 2031,Others,IN3720220034,True
8329,NSE_EQ|IN4920230138,758JK50,SG,NSE,SDL JK 7.58% 2050,Others,IN4920230138,True
8659,NSE_EQ|IN1920250314,758KA40,SG,NSE,SDL KA 7.58% 2040,Others,IN1920250314,True
6306,NSE_EQ|IN2020220165,758KL49,SG,NSE,SDL KL 7.58% 2049,Others,IN2020220165,True
3030,NSE_EQ|IN2020250147,758KL50,SG,NSE,SDL KL 7.58% 2050,Others,IN2020250147,True
3600,NSE_EQ|INE115A07RB7,758LICH35,N0,NSE,LICH 7.58% 2035 SR 450,Others,INE115A07RB7,True
3570,NSE_EQ|INE115A07RF8,758LICH35A,N0,NSE,LICH 7.58% 2035 SR 454,Others,INE115A07RF8,True
8277,NSE_EQ|IN2620230010,758NL33,SG,NSE,SDL NL 7.58% 2033,Others,IN2620230010,True
6938,NSE_EQ|IN2820220084,758PN42,SG,NSE,SDL PN 7.58% 2042,Others,IN2820220084,True
8509,NSE_EQ|INE020B08FD6,758RECL29,NQ,NSE,REC 7.58% 2029 SR 234-B,Others,INE020B08FD6,True
6551,NSE_EQ|IN2920220307,758RJ48,SG,NSE,SDL RJ 7.58% 2048,Others,IN2920220307,True
5586,NSE_EQ|INE507T07153,758SDIL31,N0,NSE,SDIL 7.58% 2031,Others,INE507T07153,True
7466,NSE_EQ|IN3120250870,758TN35,SG,NSE,SDL TN 7.58% 2035,Others,IN3120250870,True
7381,NSE_EQ|IN3120250714,758TN37,SG,NSE,SDL TN 7.58% 2037,Others,IN3120250714,True
6958,NSE_EQ|IN3120230393,758TN54,SG,NSE,SDL TN 7.58% 2054,Others,IN3120230393,True
7424,NSE_EQ|IN3120250607,758TN56,SG,NSE,SDL TN 7.58% 2056,Others,IN3120250607,True
7413,NSE_EQ|IN3120250649,758TN56A,SG,NSE,SDL TN 7.58% 2056,Others,IN3120250649,True
5129,NSE_EQ|IN4520230371,758TS41,SG,NSE,SDL TS 7.58% 2041,Others,IN4520230371,True
8871,NSE_EQ|IN4520220414,758TS45,SG,NSE,SDL TS 7.58% 2045,Others,IN4520220414,True
6762,NSE_EQ|IN4520250676,758TS48,SG,NSE,SDL TS 7.58% 2048,Others,IN4520250676,True
6750,NSE_EQ|IN4520250627,758TS53,SG,NSE,SDL TS 7.58% 2053,Others,IN4520250627,True
4413,NSE_EQ|IN3620250099,758UK38,SG,NSE,SDL UK 7.58% 2038,Others,IN3620250099,True
3923,NSE_EQ|IN3420250232,758WB42,SG,NSE,SDL WB 7.58% 2042,Others,IN3420250232,True
5903,NSE_EQ|IN1020220621,759AP33,SG,NSE,SDL AP 7.59% 2033,Others,IN1020220621,True
8057,NSE_EQ|IN1020250511,759AP43,SG,NSE,SDL AP 7.59% 2043,Others,IN1020250511,True
8139,NSE_EQ|IN1020250396,759AP44,SG,NSE,SDL AP 7.59% 2044,Others,IN1020250396,True
8066,NSE_EQ|IN1020250495,759AP47,SG,NSE,SDL AP 7.59% 2047,Others,IN1020250495,True
3422,NSE_EQ|IN1220250170,759AS36,SG,NSE,SDL AS 7.59% 2036,Others,IN1220250170,True
3425,NSE_EQ|IN1220250121,759AS39,SG,NSE,SDL AS 7.59% 2039,Others,IN1220250121,True
3511,NSE_EQ|IN3520190080,759CG30,SG,NSE,SDL CG 7.59% 2030,Others,IN3520190080,True
2762,NSE_EQ|IN3520250090,759CG36,SG,NSE,SDL CG 7.59% 2036,Others,IN3520250090,True
2751,NSE_EQ|IN3520250058,759CG46,SG,NSE,SDL CG 7.59% 2046,Others,IN3520250058,True
7668,NSE_EQ|INE233A08162,759GIL30,N0,NSE,GIL 7.59% 2030 SR 2,Others,INE233A08162,True
6103,NSE_EQ|IN0020150069,759GS2029,GS,NSE,GOI LOAN 7.59% 2029,Others,IN0020150069,True
3494,NSE_EQ|IN1720220194,759HP38,SG,NSE,SDL HP 7.59% 2038,Others,IN1720220194,True
5809,NSE_EQ|IN1620230244,759HR35,SG,NSE,SDL HR 7.59% 2035,Others,IN1620230244,True
2692,NSE_EQ|INE202E08193,759IRDA34,NC,NSE,IREDA 7.59% 2034 SR XV H,Others,INE202E08193,True
2857,NSE_EQ|INE202E08169,759IREDA34,N0,NSE,IREDA 7.59% 2034 SR XV E,Others,INE202E08169,True
5877,NSE_EQ|IN1920220077,759KA38,SG,NSE,SDL KA 7.59% 2038,Others,IN1920220077,True
6397,NSE_EQ|INE498L07129,759LTFL28,N0,NSE,LTFL 7.5934% 28 SR A OP2,Others,INE498L07129,True
6853,NSE_EQ|IN2320230062,759MN35,SG,NSE,SDL MN 7.59% 2035,Others,IN2320230062,True
8414,NSE_EQ|IN2120220081,759MP38,SG,NSE,SDL MP 7.59% 2038,Others,IN2120220081,True
4651,NSE_EQ|IN2120250328,759MP38A,SG,NSE,SDL MP 7.59% 2038,Others,IN2120250328,True
4650,NSE_EQ|IN2120250336,759MP44,SG,NSE,SDL MP 7.59% 2044,Others,IN2120250336,True
3526,NSE_EQ|INE557F08FZ1,759NH27,NE,NSE,NHB 7.59% 2027,Others,INE557F08FZ1,True
3539,NSE_EQ|INE557F08FY4,759NHB27,ND,NSE,NHB 7.59% 2027,Others,INE557F08FY4,True
3715,NSE_EQ|IN2720250140,759OR46,SG,NSE,SDL OR 7.59% 2046,Others,IN2720250140,True
5982,NSE_EQ|INE572E07274,759PHFL31,N0,NSE,PHFL 7.59% 2031 SR LXXIV,Others,INE572E07274,True
2701,NSE_EQ|IN2820230018,759PN33,SG,NSE,SDL PN 7.59% 2033,Others,IN2820230018,True
6746,NSE_EQ|IN2820220191,759PN39,SG,NSE,SDL PN 7.59% 2039,Others,IN2820220191,True
9178,NSE_EQ|IN3820220041,759PY41,SG,NSE,SDL PY 7.59% 2041,Others,IN3820220041,True
3086,NSE_EQ|IN2920230314,759RJ46,SG,NSE,SDL RJ 7.59% 2046,Others,IN2920230314,True
3071,NSE_EQ|IN2920230033,759RJ48,SG,NSE,SDL RJ 7.59% 2048,Others,IN2920230033,True
8498,NSE_EQ|INE020B08FA2,759RL27,NO,NSE,REC 7.59% 2027 SR 232A,Others,INE020B08FA2,True
6962,NSE_EQ|IN3120230385,759TN44,SG,NSE,SDL TN 7.59% 2044,Others,IN3120230385,True
8908,NSE_EQ|IN4520220315,759TS37,SG,NSE,SDL TS 7.59% 2037,Others,IN4520220315,True
8843,NSE_EQ|IN4520220323,759TS40,SG,NSE,SDL TS 7.59% 2040,Others,IN4520220323,True
8872,NSE_EQ|IN4520220406,759TS40A,SG,NSE,SDL TS 7.59% 2040,Others,IN4520220406,True
5168,NSE_EQ|IN4520230405,759TS46,SG,NSE,SDL TS 7.59% 2046,Others,IN4520230405,True
6748,NSE_EQ|IN4520250619,759TS48,SG,NSE,SDL TS 7.59% 2048,Others,IN4520250619,True
4389,NSE_EQ|IN3620250081,759UK38,SG,NSE,SDL UK 7.59% 2038,Others,IN3620250081,True
9263,NSE_EQ|IN3320250175,759UP41,SG,NSE,SDL UP 7.59% 2041,Others,IN3320250175,True
3933,NSE_EQ|IN3420250281,759WB37,SG,NSE,SDL WB 7.59% 2037,Others,IN3420250281,True
7901,NSE_EQ|IN3420230101,759WB39,SG,NSE,SDL WB 7.59% 2039,Others,IN3420230101,True
3929,NSE_EQ|IN3420250224,759WB47,SG,NSE,SDL WB 7.59% 2047,Others,IN3420250224,True
5961,NSE_EQ|IN1020220589,75AP28,SG,NSE,SDL AP 7.5% 2028,Others,IN1020220589,True
5753,NSE_EQ|IN1020240066,75AP32,SG,NSE,SDL AP 7.5% 2032,Others,IN1020240066,True
9115,NSE_EQ|IN1020230497,75AP41,SG,NSE,SDL AP 7.5% 2041,Others,IN1020230497,True
8136,NSE_EQ|IN1020250321,75AP45,SG,NSE,SDL AP 7.5% 2045,Others,IN1020250321,True
8137,NSE_EQ|IN1020250339,75AP46,SG,NSE,SDL AP 7.5% 2046,Others,IN1020250339,True
8928,NSE_EQ|IN1120250015,75AR45,SG,NSE,SDL AR 7.5% 2045,Others,IN1120250015,True
7203,NSE_EQ|IN1220240015,75AS34,SG,NSE,SDL AS 7.5% 2034,Others,IN1220240015,True
3873,NSE_EQ|IN1320230031,75BR31,SG,NSE,SDL BR 7.5% 2031,Others,IN1320230031,True
2759,NSE_EQ|IN3520250041,75CG35,SG,NSE,SDL CG 7.5% 2035,Others,IN3520250041,True
4447,NSE_EQ|IN1420230055,75GA33,SG,NSE,SDL GA 7.5% 2033,Others,IN1420230055,True
4717,NSE_EQ|IN1420250145,75GA36,SG,NSE,SDL GA 7.5% 2036,Others,IN1420250145,True
5141,NSE_EQ|INE02KN07105,75GFL28,N0,NSE,GFL 7.5% 28 SR D2 STRPPI,Others,INE02KN07105,True
5216,NSE_EQ|INE02KN07097,75GFL30,N0,NSE,GFL7.5% 2030 SRD3STRPPII,Others,INE02KN07097,True
7037,NSE_EQ|IN0020040039,75GS2034,GS,NSE,GOI LOAN 7.50% 2034,Others,IN0020040039,True
3393,NSE_EQ|IN1720220087,75HP36,SG,NSE,SDL HP 7.5% 2036,Others,IN1720220087,True
3387,NSE_EQ|IN1720220095,75HP37,SG,NSE,SDL HP 7.5% 2037,Others,IN1720220095,True
7194,NSE_EQ|IN1720230045,75HP38,SG,NSE,SDL HP 7.5% 2038,Others,IN1720230045,True
9120,NSE_EQ|IN1620220344,75HR29,SG,NSE,SDL HR 7.5% 2029,Others,IN1620220344,True
5702,NSE_EQ|IN1620230012,75HR30,SG,NSE,SDL HR 7.5% 2030,Others,IN1620230012,True
2687,NSE_EQ|INE202E08201,75IREDA34,ND,NSE,IREDA 7.50% 2034 SRXVI A,Others,INE202E08201,True
4885,NSE_EQ|IN2220230386,75MH44,SG,NSE,SDL MH 7.5% 2044,Others,IN2220230386,True
6858,NSE_EQ|IN2320230096,75MN36,SG,NSE,SDL MN 7.5% 2036,Others,IN2320230096,True
6844,NSE_EQ|IN2320230104,75MN36A,SG,NSE,SDL MN 7.5% 2036,Others,IN2320230104,True
4603,NSE_EQ|IN2120250294,75MP36,SG,NSE,SDL MP 7.5% 2036,Others,IN2120250294,True
4554,NSE_EQ|IN2120250153,75MP44,SG,NSE,SDL MP 7.5% 2044,Others,IN2120250153,True
7158,NSE_EQ|IN3020230055,75SK34,SG,NSE,SDL SK 7.5% 2034,Others,IN3020230055,True
4189,NSE_EQ|IN3120240020,75TN31,SG,NSE,SDL TN 7.5% 2031,Others,IN3120240020,True
7543,NSE_EQ|IN3120250599,75TN37,SG,NSE,SDL TN 7.5% 2037,Others,IN3120250599,True
7013,NSE_EQ|IN3120230526,75TN54,SG,NSE,SDL TN 7.5% 2054,Others,IN3120230526,True
6176,NSE_EQ|IN3220190067,75TR30,SG,NSE,SDL TR 7.5% 2030,Others,IN3220190067,True
6778,NSE_EQ|IN4520250502,75TS51,SG,NSE,SDL TS 7.5% 2051,Others,IN4520250502,True
6779,NSE_EQ|IN4520250510,75TS52,SG,NSE,SDL TS 7.5% 2052,Others,IN4520250510,True
7720,NSE_EQ|IN3620240017,75UK29,SG,NSE,SDL UK 7.5% 2029,Others,IN3620240017,True
9137,NSE_EQ|IN3320230052,75UP35,SG,NSE,SDL UP 7.5% 2035,Others,IN3320230052,True
3982,NSE_EQ|IN3420250166,75WB37,SG,NSE,SDL WB 7.5% 2037,Others,IN3420250166,True
9330,NSE_EQ|INE674K07051,760ABCL35,N0,NSE,ABCL 7.6043% 2035 SR D1,Others,INE674K07051,True
3590,NSE_EQ|IN1320250260,760BR50,SG,NSE,SDL BR 7.60% 2050,Others,IN1320250260,True
8167,NSE_EQ|INE0Z8Z07024,760CIT38,N0,NSE,CIT 7.60% 2038 SR 2,Others,INE0Z8Z07024,True
5210,NSE_EQ|INE02KN07089,760GFL30,N0,NSE,GFL 7.60% 2030 SR D1,Others,INE02KN07089,True
3098,NSE_EQ|INE134E08MX3,760PFC29,N0,NSE,PFC 7.60% 2029 SR BS237A,Others,INE134E08MX3,True
7847,NSE_EQ|INE134E07588,760PFCL35,N3,NSE,7.60% TAX FREE NCD,Others,INE134E07588,True
6576,NSE_EQ|INE685A07157,760TOPL29,N0,NSE,TOPL 7.60% 2029 SR 2,Others,INE685A07157,True
8435,NSE_EQ|INE831R07631,7616ABHF29,N0,NSE,ABHFL 7.6164% 2029 SR A1,Others,INE831R07631,True
9279,NSE_EQ|INE674K07127,761ABCL35A,N0,NSE,ABCL 7.6100% 2035 SR F1,Others,INE674K07127,True
8099,NSE_EQ|IN1020250586,761AP41,SG,NSE,SDL AP 7.61% 2041,Others,IN1020250586,True
8070,NSE_EQ|IN1020250461,761AP42,SG,NSE,SDL AP 7.61% 2042,Others,IN1020250461,True
9144,NSE_EQ|IN1020230521,761AP43,SG,NSE,SDL AP 7.61% 2043,Others,IN1020230521,True
9408,NSE_EQ|IN1520220071,761GJ32,SG,NSE,SDL GJ 7.61% 2032,Others,IN1520220071,True
8716,NSE_EQ|IN0020160019,761GS2030,GS,NSE,GOI LOAN 7.61% 2030,Others,IN0020160019,True
7196,NSE_EQ|IN1720230094,761HP38,SG,NSE,SDL HP 7.61% 2038,Others,IN1720230094,True
9156,NSE_EQ|IN1620220203,761HR32,SG,NSE,SDL HR 7.61% 2032,Others,IN1620220203,True
6361,NSE_EQ|IN1620250291,761HR43,SG,NSE,SDL HR 7.61% 2043,Others,IN1620250291,True
5451,NSE_EQ|IN4920220071,761JK42,SG,NSE,SDL JK 7.61% 2042,Others,IN4920220071,True
8661,NSE_EQ|IN1920250330,761KA34,SG,NSE,SDL KA 7.61% 2034,Others,IN1920250330,True
3596,NSE_EQ|INE115A07QV7,761LIC34,N0,NSE,LIC 7.61% 2034 TR 445,Others,INE115A07QV7,True
8271,NSE_EQ|IN2220220031,761MH29,SG,NSE,SDL MH 7.61% 2029,Others,IN2220220031,True
6583,NSE_EQ|IN2920220224,761RJ32,SG,NSE,SDL RJ 7.61% 2032,Others,IN2920220224,True
3073,NSE_EQ|IN2920230025,761RJ43,SG,NSE,SDL RJ 7.61% 2043,Others,IN2920230025,True
5492,NSE_EQ|INE556F08LD8,761SIDBI29,N0,NSE,SIDBI 7.61% 2029 SR I,Others,INE556F08LD8,True
6201,NSE_EQ|INE692Q07647,761TFSIL28,N0,NSE,TFSIL 7.61% 2028 SR S60,Others,INE692Q07647,True
3533,NSE_EQ|IN3120220147,761TN32,SG,NSE,SDL TN 7.61% 2032,Others,IN3120220147,True
3606,NSE_EQ|IN3120220238,761TN32A,SG,NSE,SDL TN 7.61% 2032,Others,IN3120220238,True
7405,NSE_EQ|IN3120250680,761TN56,SG,NSE,SDL TN 7.61% 2056,Others,IN3120250680,True
8836,NSE_EQ|IN4520220372,761TS32,SG,NSE,SDL TS 7.61% 2032,Others,IN4520220372,True
6765,NSE_EQ|IN4520250643,761TS42,SG,NSE,SDL TS 7.61% 2042,Others,IN4520250643,True
5286,NSE_EQ|IN4520230017,761TS44,SG,NSE,SDL TS 7.61% 2044,Others,IN4520230017,True
6767,NSE_EQ|IN4520250650,761TS52,SG,NSE,SDL TS 7.61% 2052,Others,IN4520250650,True
3993,NSE_EQ|IN3420250182,761WB41,SG,NSE,SDL WB 7.61% 2041,Others,IN3420250182,True
3937,NSE_EQ|IN3420250265,761WB45,SG,NSE,SDL WB 7.61% 2045,Others,IN3420250265,True
8109,NSE_EQ|IN1020250305,762AP36,SG,NSE,SDL AP 7.62% 2036,Others,IN1020250305,True
8098,NSE_EQ|IN1020250578,762AP39,SG,NSE,SDL AP 7.62% 2039,Others,IN1020250578,True
6164,NSE_EQ|IN1120220018,762AR32,SG,NSE,SDL AR 7.62% 2032,Others,IN1120220018,True
7411,NSE_EQ|IN1220220157,762AS32,SG,NSE,SDL AS 7.62% 2032,Others,IN1220220157,True
3903,NSE_EQ|IN1220230115,762AS33,SG,NSE,SDL AS 7.62% 2033,Others,IN1220230115,True
3432,NSE_EQ|IN1220250220,762AS41,SG,NSE,SDL AS 7.62% 2041,Others,IN1220250220,True
3419,NSE_EQ|IN1220250162,762AS46,SG,NSE,SDL AS 7.62% 2046,Others,IN1220250162,True
3879,NSE_EQ|IN1320230080,762BR31,SG,NSE,SDL BR 7.62% 2031,Others,IN1320230080,True
7757,NSE_EQ|IN1320220032,762BR32,SG,NSE,SDL BR 7.62% 2032,Others,IN1320220032,True
7733,NSE_EQ|IN1420220080,762GA32,SG,NSE,SDL GA 7.62% 2032,Others,IN1420220080,True
7852,NSE_EQ|IN1420220114,762GA32A,SG,NSE,SDL GA 7.62% 2032,Others,IN1420220114,True
4407,NSE_EQ|IN1520230088,762GJ28,SG,NSE,SDL GJ 7.62% 2028,Others,IN1520230088,True
9400,NSE_EQ|IN1520220139,762GJ29,SG,NSE,SDL GJ 7.62% 2029,Others,IN1520220139,True
4853,NSE_EQ|IN0020190024,762GS2039,GS,NSE,GOI LOAN 7.62% 2039,Others,IN0020190024,True
7191,NSE_EQ|IN1720230060,762HP43,SG,NSE,SDL HP 7.62% 2043,Others,IN1720230060,True
9194,NSE_EQ|IN1620220351,762HR31,SG,NSE,SDL HR 7.62% 2031,Others,IN1620220351,True
7837,NSE_EQ|IN4920250227,762JK41,SG,NSE,SDL JK 7.62% 2041,Others,IN4920250227,True
8662,NSE_EQ|IN1920250348,762KA36,SG,NSE,SDL KA 7.62% 2036,Others,IN1920250348,True
3180,NSE_EQ|IN2020230180,762KL38,SG,NSE,SDL KL 7.62% 2038,Others,IN2020230180,True
3183,NSE_EQ|IN2020230198,762KL44,SG,NSE,SDL KL 7.62% 2044,Others,IN2020230198,True
6311,NSE_EQ|IN2020220132,762KL53,SG,NSE,SDL KL 7.62% 2053,Others,IN2020220132,True
8266,NSE_EQ|IN2220220056,762MH30,SG,NSE,SDL MH 7.62% 2030,Others,IN2220220056,True
8238,NSE_EQ|IN2220220106,762MH30A,SG,NSE,SDL MH 7.62% 2030,Others,IN2220220106,True
3236,NSE_EQ|IN2320220071,762MN35,SG,NSE,SDL MN 7.62% 2035,Others,IN2320220071,True
8416,NSE_EQ|IN2120220073,762MP34,SG,NSE,SDL MP 7.62% 2034,Others,IN2120220073,True
4671,NSE_EQ|IN2120250419,762MP39,SG,NSE,SDL MP 7.62% 2039,Others,IN2120250419,True
3326,NSE_EQ|IN2520220103,762MZ36,SG,NSE,SDL MZ 7.62% 2036,Others,IN2520220103,True
8860,NSE_EQ|IN2520250076,762MZ38,SG,NSE,SDL MZ 7.62% 2038,Others,IN2520250076,True
6900,NSE_EQ|INE261F08EH1,762NABAR29,N3,NSE,NABARD 7.62% 2029 SR 24H,Others,INE261F08EH1,True
3370,NSE_EQ|INE733E07JW2,762NTPC35F,ND,NSE,TFB 7.62% 2035 SR. 3B,Others,INE733E07JW2,True
6949,NSE_EQ|IN2820220159,762PN32,SG,NSE,SDL PN 7.62% 2032,Others,IN2820220159,True
2833,NSE_EQ|IN2820250164,762PN33,SG,NSE,SDL PN 7.62% 2033,Others,IN2820250164,True
2702,NSE_EQ|IN2820230026,762PN38,SG,NSE,SDL PN 7.62% 2038,Others,IN2820230026,True
9181,NSE_EQ|IN3820220033,762PY35,SG,NSE,SDL PY 7.62% 2035,Others,IN3820220033,True
3120,NSE_EQ|IN2920230231,762RJ43,SG,NSE,SDL RJ 7.62% 2043,Others,IN2920230231,True
3335,NSE_EQ|INE976I07CZ6,762TCL30,N0,NSE,TCL 7.62% 2030 SR A,Others,INE976I07CZ6,True
3612,NSE_EQ|IN3120220253,762TN33,SG,NSE,SDL TN 7.62% 2033,Others,IN3120220253,True
7030,NSE_EQ|IN3120230419,762TN34,SG,NSE,SDL TN 7.62% 2034,Others,IN3120230419,True
3611,NSE_EQ|IN3120220287,762TN43,SG,NSE,SDL TN 7.62% 2043,Others,IN3120220287,True
6990,NSE_EQ|IN3120230252,762TN53,SG,NSE,SDL TN 7.62% 2053,Others,IN3120230252,True
7171,NSE_EQ|IN3620220027,762UK33,SG,NSE,SDL UK 7.62% 2033,Others,IN3620220027,True
9081,NSE_EQ|IN3320230219,762UP33,SG,NSE,SDL UP 7.62% 2033,Others,IN3320230219,True
9082,NSE_EQ|IN3320230227,762UP34,SG,NSE,SDL UP 7.62% 2034,Others,IN3320230227,True
4551,NSE_EQ|IN3320220061,762UP35,SG,NSE,SDL UP 7.62% 2035,Others,IN3320220061,True
9233,NSE_EQ|IN3320250233,762UP41,SG,NSE,SDL UP 7.62% 2041,Others,IN3320250233,True
3925,NSE_EQ|IN3420250208,762WB41,SG,NSE,SDL WB 7.62% 2041,Others,IN3420250208,True
3819,NSE_EQ|IN3420250323,762WB47,SG,NSE,SDL WB 7.62% 2047,Others,IN3420250323,True
5922,NSE_EQ|INE0AD507176,76377AIF29,N0,NSE,AIFL 7.6377% 2029 SR E1,Others,INE0AD507176,True
6122,NSE_EQ|IN1020220118,763AP30,SG,NSE,SDL AP 7.63% 2030,Others,IN1020220118,True
4404,NSE_EQ|IN1020260031,763AP34,SG,NSE,SDL AP 7.63% 2034,Others,IN1020260031,True
8135,NSE_EQ|IN1020250313,763AP37,SG,NSE,SDL AP 7.63% 2037,Others,IN1020250313,True
8593,NSE_EQ|IN1120230025,763AR33,SG,NSE,SDL AR 7.63% 2033,Others,IN1120230025,True
3424,NSE_EQ|IN1220250105,763AS35,SG,NSE,SDL AS 7.63% 2035,Others,IN1220250105,True
3965,NSE_EQ|IN1320230148,763BR38,SG,NSE,SDL BR 7.63% 2038,Others,IN1320230148,True
3592,NSE_EQ|IN1320250252,763BR40,SG,NSE,SDL BR 7.63% 2040,Others,IN1320250252,True
4300,NSE_EQ|IN1420230196,763GA33,SG,NSE,SDL GA 7.63% 2033,Others,IN1420230196,True
9373,NSE_EQ|IN1520220204,763GJ32,SG,NSE,SDL GJ 7.63% 2032,Others,IN1520220204,True
4327,NSE_EQ|IN1520230229,763GJ33,SG,NSE,SDL GJ 7.63% 2033,Others,IN1520230229,True
4326,NSE_EQ|IN1520230237,763GJ34,SG,NSE,SDL GJ 7.63% 2034,Others,IN1520230237,True
8310,NSE_EQ|IN1520260051,763GJ37,SG,NSE,SDL GJ 7.63% 2037,Others,IN1520260051,True
4849,NSE_EQ|IN0020190057,763GS2059,GS,NSE,GOI LOAN 7.63% 2059,Others,IN0020190057,True
4859,NSE_EQ|INE795G08050,763HLICL35,N0,NSE,HLICL 7.63% 2035 SR 1,Others,INE795G08050,True
3415,NSE_EQ|IN1720220152,763HP37,SG,NSE,SDL HP 7.63% 2037,Others,IN1720220152,True
9334,NSE_EQ|IN1620220070,763HR28,SG,NSE,SDL HR 7.63% 2028,Others,IN1620220070,True
9327,NSE_EQ|IN1620220047,763HR29,SG,NSE,SDL HR 7.63% 2029,Others,IN1620220047,True
9118,NSE_EQ|IN1620220336,763HR32,SG,NSE,SDL HR 7.63% 2032,Others,IN1620220336,True
9195,NSE_EQ|IN1620220369,763HR33,SG,NSE,SDL HR 7.63% 2033,Others,IN1620220369,True
8747,NSE_EQ|IN3720220042,763JH30,SG,NSE,SDL JH 7.63% 2030,Others,IN3720220042,True
8333,NSE_EQ|IN4920230120,763JK53,SG,NSE,SDL JK 7.63% 2053,Others,IN4920230120,True
8324,NSE_EQ|IN4920230187,763JK53A,SG,NSE,SDL JK 7.63% 2053,Others,IN4920230187,True
5870,NSE_EQ|IN1920220051,763KA37,SG,NSE,SDL KA 7.63% 2037,Others,IN1920220051,True
5876,NSE_EQ|IN1920220093,763KA39,SG,NSE,SDL KA 7.63% 2039,Others,IN1920220093,True
5879,NSE_EQ|IN1920220101,763KA40,SG,NSE,SDL KA 7.63% 2040,Others,IN1920220101,True
5871,NSE_EQ|IN1920220069,763KA42,SG,NSE,SDL KA 7.63% 2042,Others,IN1920220069,True
6307,NSE_EQ|IN2020220116,763KL32,SG,NSE,SDL KL 7.63% 2032,Others,IN2020220116,True
6309,NSE_EQ|IN2020220108,763KL43,SG,NSE,SDL KL 7.63% 2043,Others,IN2020220108,True
8264,NSE_EQ|IN2220220049,763MH30,SG,NSE,SDL MH 7.63% 2030,Others,IN2220220049,True
5005,NSE_EQ|IN2220230196,763MH35,SG,NSE,SDL MH 7.63% 2035,Others,IN2220230196,True
4917,NSE_EQ|IN2220230204,763MH36,SG,NSE,SDL MH 7.63% 2036,Others,IN2220230204,True
6899,NSE_EQ|IN2420230061,763ML32,SG,NSE,SDL ML 7.63% 2032,Others,IN2420230061,True
4678,NSE_EQ|IN2120250468,763MP41,SG,NSE,SDL MP 7.63% 2041,Others,IN2120250468,True
4656,NSE_EQ|IN2120250369,763MP48,SG,NSE,SDL MP 7.63% 2048,Others,IN2120250369,True
6946,NSE_EQ|IN2820220167,763PN39,SG,NSE,SDL PN 7.63% 2039,Others,IN2820220167,True
9176,NSE_EQ|IN3820220017,763PY32,SG,NSE,SDL PY 7.63% 2032,Others,IN3820220017,True
2798,NSE_EQ|IN2920230421,763RJ41,SG,NSE,SDL RJ 7.63% 2041,Others,IN2920230421,True
3609,NSE_EQ|IN3120220212,763TN47,SG,NSE,SDL TN 7.63% 2047,Others,IN3120220212,True
7374,NSE_EQ|IN3120250789,763TN56,SG,NSE,SDL TN 7.63% 2056,Others,IN3120250789,True
8909,NSE_EQ|IN4520220307,763TS36,SG,NSE,SDL TS 7.63% 2036,Others,IN4520220307,True
8877,NSE_EQ|IN4520220257,763TS43,SG,NSE,SDL TS 7.63% 2043,Others,IN4520220257,True
8885,NSE_EQ|IN4520220265,763TS44,SG,NSE,SDL TS 7.63% 2044,Others,IN4520220265,True
4336,NSE_EQ|IN3620250115,763UK35,SG,NSE,SDL UK 7.63% 2035,Others,IN3620250115,True
7844,NSE_EQ|IN3420230168,763WB38,SG,NSE,SDL WB 7.63% 2038,Others,IN3420230168,True
3811,NSE_EQ|IN3420250307,763WB46,SG,NSE,SDL WB 7.63% 2046,Others,IN3420250307,True
3603,NSE_EQ|INE115A07RD3,7645LICH30,N0,NSE,LICH 7.645% 2030 SR 452,Others,INE115A07RD3,True
6258,NSE_EQ|INE238A08492,764ABL34,N0,NSE,AXIS BANK 7.64% 2034 SR7,Others,INE238A08492,True
9030,NSE_EQ|IN1020230703,764AP31,SG,NSE,SDL AP 7.64% 2031,Others,IN1020230703,True
5905,NSE_EQ|IN1020220605,764AP33,SG,NSE,SDL AP 7.64% 2033,Others,IN1020220605,True
8069,NSE_EQ|IN1020250453,764AP40,SG,NSE,SDL AP 7.64% 2040,Others,IN1020250453,True
5779,NSE_EQ|IN1120200028,764AR30,SG,NSE,SDL AR 7.64% 2030,Others,IN1120200028,True
7641,NSE_EQ|IN1320220164,764BR32,SG,NSE,SDL BR 7.64% 2032,Others,IN1320220164,True
2682,NSE_EQ|IN3520250108,764CG40,SG,NSE,SDL CG 7.64% 2040,Others,IN3520250108,True
7391,NSE_EQ|IN1420200025,764GA30,SG,NSE,SDL GA 7.64% 2030,Others,IN1420200025,True
7856,NSE_EQ|IN1420220130,764GA33,SG,NSE,SDL GA 7.64% 2033,Others,IN1420220130,True
7853,NSE_EQ|IN1420220122,764GA38,SG,NSE,SDL GA 7.64% 2038,Others,IN1420220122,True
4363,NSE_EQ|IN1520230187,764GJ31,SG,NSE,SDL GJ 7.64% 2031,Others,IN1520230187,True
4332,NSE_EQ|IN1520230203,764GJ33,SG,NSE,SDL GJ 7.64% 2033,Others,IN1520230203,True
4330,NSE_EQ|IN1520230211,764GJ34,SG,NSE,SDL GJ 7.64% 2034,Others,IN1520230211,True
7218,NSE_EQ|IN1720230110,764HP39,SG,NSE,SDL HP 7.64% 2039,Others,IN1720230110,True
9196,NSE_EQ|IN1620220377,764HR31,SG,NSE,SDL HR 7.64% 2031,Others,IN1620220377,True
6009,NSE_EQ|INE031A07AO5,764HUDCO31,N8,NSE,7.64% TAX FREETRI SR2B,Others,INE031A07AO5,True
3486,NSE_EQ|INE053F07900,764IRFC31,NO,NSE,TAX FREE  7.64% SR. 108A,Others,INE053F07900,True
8328,NSE_EQ|IN4920230179,764JK50,SG,NSE,SDL JK 7.64% 2050,Others,IN4920230179,True
8835,NSE_EQ|IN1920230019,764KA32,SG,NSE,SDL KA 7.64% 2032,Others,IN1920230019,True
8878,NSE_EQ|IN1920230142,764KA39,SG,NSE,SDL KA 7.64% 2039,Others,IN1920230142,True
6312,NSE_EQ|IN2020220124,764KL34,SG,NSE,SDL KL 7.64% 2034,Others,IN2020220124,True
5430,NSE_EQ|IN2020250238,764KL39,SG,NSE,SDL KL 7.64% 2039,Others,IN2020250238,True
5426,NSE_EQ|IN2020250246,764KL47,SG,NSE,SDL KL 7.64% 2047,Others,IN2020250246,True
8240,NSE_EQ|IN2220220114,764MH32,SG,NSE,SDL MH 7.64% 2032,Others,IN2220220114,True
8243,NSE_EQ|IN2220220163,764MH33,SG,NSE,SDL MH 7.64% 2033,Others,IN2220220163,True
8418,NSE_EQ|IN2120220065,764MP33,SG,NSE,SDL MP 7.64% 2033,Others,IN2120220065,True
9021,NSE_EQ|IN2120260038,764MP34,SG,NSE,SDL MP 7.64% 2034,Others,IN2120260038,True
4701,NSE_EQ|INE261F07032,764NABAR31,N2,NSE,7.64% TAX FREE TRI SRIIB,Others,INE261F07032,True
8546,NSE_EQ|INE020B08EV1,764REC34,NK,NSE,REC 7.64% 2034 SR 230-B,Others,INE020B08EV1,True
6343,NSE_EQ|IN2920260030,764RJ36,SG,NSE,SDL RJ 7.64% 2036,Others,IN2920260030,True
6585,NSE_EQ|IN2920220240,764RJ38,SG,NSE,SDL RJ 7.64% 2038,Others,IN2920220240,True
3088,NSE_EQ|IN2920230348,764RJ49,SG,NSE,SDL RJ 7.64% 2049,Others,IN2920230348,True
8519,NSE_EQ|INE020B08EX7,764RL27,NM,NSE,REC 7.64% 2027 SR 231A,Others,INE020B08EX7,True
3549,NSE_EQ|IN3120220089,764TN29,SG,NSE,SDL TN 7.64% 2029,Others,IN3120220089,True
3527,NSE_EQ|IN3120220105,764TN32,SG,NSE,SDL TN 7.64% 2032,Others,IN3120220105,True
8841,NSE_EQ|IN4520220380,764TS33,SG,NSE,SDL TS 7.64% 2033,Others,IN4520220380,True
6761,NSE_EQ|IN4520250668,764TS44,SG,NSE,SDL TS 7.64% 2044,Others,IN4520250668,True
4393,NSE_EQ|IN3620250065,764UK32,SG,NSE,SDL UK 7.64% 2032,Others,IN3620250065,True
4546,NSE_EQ|IN3320220095,764UP36,SG,NSE,SDL UP 7.64% 2036,Others,IN3320220095,True
4299,NSE_EQ|IN3420220177,764WB32,SG,NSE,SDL WB 7.64% 2032,Others,IN3420220177,True
3936,NSE_EQ|IN3420250257,764WB41,SG,NSE,SDL WB 7.64% 2041,Others,IN3420250257,True
4423,NSE_EQ|IN3420220219,764WB42,SG,NSE,SDL WB 7.64% 2042,Others,IN3420220219,True
3942,NSE_EQ|IN3420250299,764WB42A,SG,NSE,SDL WB 7.64% 2042,Others,IN3420250299,True
7903,NSE_EQ|IN3420230119,764WB43,SG,NSE,SDL WB 7.64% 2043,Others,IN3420230119,True
7848,NSE_EQ|IN3420230176,764WB43A,SG,NSE,SDL WB 7.64% 2043,Others,IN3420230176,True
8091,NSE_EQ|IN1020250594,765AP43,SG,NSE,SDL AP 7.65% 2043,Others,IN1020250594,True
7388,NSE_EQ|IN1220220082,765AS32,SG,NSE,SDL AS 7.65% 2032,Others,IN1220220082,True
3420,NSE_EQ|IN1220250154,765AS38,SG,NSE,SDL AS 7.65% 2038,Others,IN1220250154,True
7755,NSE_EQ|IN1320220016,765BR32,SG,NSE,SDL BR 7.65% 2032,Others,IN1320220016,True
7754,NSE_EQ|IN1320220024,765BR32A,SG,NSE,SDL BR 7.65% 2032,Others,IN1320220024,True
3584,NSE_EQ|IN1320250211,765BR33,SG,NSE,SDL BR 7.65% 2033,Others,IN1320250211,True
3598,NSE_EQ|IN1320250237,765BR44,SG,NSE,SDL BR 7.65% 2044,Others,IN1320250237,True
3595,NSE_EQ|IN1320250245,765BR51,SG,NSE,SDL BR 7.65% 2051,Others,IN1320250245,True
4026,NSE_EQ|IN3520230126,765CG33,SG,NSE,SDL CG 7.65% 2033,Others,IN3520230126,True
7862,NSE_EQ|IN1420220106,765GA32,SG,NSE,SDL GA 7.65% 2032,Others,IN1420220106,True
4308,NSE_EQ|IN1420230170,765GA33,SG,NSE,SDL GA 7.65% 2033,Others,IN1420230170,True
4368,NSE_EQ|IN1420230220,765GA34,SG,NSE,SDL GA 7.65% 2034,Others,IN1420230220,True
9413,NSE_EQ|IN1520220048,765GJ29,SG,NSE,SDL GJ 7.65% 2029,Others,IN1520220048,True
4374,NSE_EQ|IN1520230112,765GJ29A,SG,NSE,SDL GJ 7.65% 2029,Others,IN1520230112,True
9367,NSE_EQ|IN1520220212,765GJ33,SG,NSE,SDL GJ 7.65% 2033,Others,IN1520220212,True
3203,NSE_EQ|INE040A08AK2,765HDFC34,N1,NSE,HDFC BANK 7.65% 2034 SR2,Others,INE040A08AK2,True
7199,NSE_EQ|IN1720230086,765HP35,SG,NSE,SDL HP 7.65% 2035,Others,IN1720230086,True
9200,NSE_EQ|IN1620220393,765HR30,SG,NSE,SDL HR 7.65% 2030,Others,IN1620220393,True
9198,NSE_EQ|IN1620220385,765HR33,SG,NSE,SDL HR 7.65% 2033,Others,IN1620220385,True
9222,NSE_EQ|IN1620220427,765HR33A,SG,NSE,SDL HR 7.65% 2033,Others,IN1620220427,True
5707,NSE_EQ|IN1620230285,765HR33B,SG,NSE,SDL HR 7.65% 2033,Others,IN1620230285,True
7859,NSE_EQ|IN4920250193,765JK37,SG,NSE,SDL JK 7.65% 2037,Others,IN4920250193,True
5884,NSE_EQ|IN1920220143,765KA34,SG,NSE,SDL KA 7.65% 2034,Others,IN1920220143,True
6301,NSE_EQ|IN2020220157,765KL48,SG,NSE,SDL KL 7.65% 2048,Others,IN2020220157,True
3585,NSE_EQ|INE115A07QX3,765LICH31,N0,NSE,LICH 7.65% 2031 SR 446,Others,INE115A07QX3,True
4681,NSE_EQ|IN2120250484,765MP40,SG,NSE,SDL MP 7.65% 2040,Others,IN2120250484,True
4659,NSE_EQ|IN2120250518,765MP41,SG,NSE,SDL MP 7.65% 2041,Others,IN2120250518,True
8868,NSE_EQ|IN2520250084,765MZ41,SG,NSE,SDL MZ 7.65% 2041,Others,IN2520250084,True
9428,NSE_EQ|INE0KUG08027,765NBFID38,N0,NSE,NABFID 7.65% 2038 SR 1,Others,INE0KUG08027,True
4904,NSE_EQ|IN2620220052,765NL32,SG,NSE,SDL NL 7.65% 2032,Others,IN2620220052,True
3150,NSE_EQ|INE752E08726,765PGCIL34,N0,NSE,PGCL 7.65% 2034 SR LXXV,Others,INE752E08726,True
6948,NSE_EQ|IN2820220142,765PN42,SG,NSE,SDL PN 7.65% 2042,Others,IN2820220142,True
6929,NSE_EQ|IN2920220125,765RJ32,SG,NSE,SDL RJ 7.65% 2032,Others,IN2920220125,True
6936,NSE_EQ|IN2920220166,765RJ32A,SG,NSE,SDL RJ 7.65% 2032,Others,IN2920220166,True
6580,NSE_EQ|IN2920220232,765RJ33,SG,NSE,SDL RJ 7.65% 2033,Others,IN2920220232,True
2708,NSE_EQ|IN2920250437,765RJ36,SG,NSE,SDL RJ 7.65% 2036,Others,IN2920250437,True
2560,NSE_EQ|IN2920250379,765RJ40,SG,NSE,SDL RJ 7.65% 2040,Others,IN2920250379,True
3160,NSE_EQ|IN2920230280,765RJ48,SG,NSE,SDL RJ 7.65% 2048,Others,IN2920230280,True
4570,NSE_EQ|INE667F07IW1,765SHFL29,N0,NSE,SHFL 7.65% 2029 SR 344,Others,INE667F07IW1,True
7448,NSE_EQ|INE535H07CT5,765SICCL31,N0,NSE,SICCL 7.65% 2031 SR 117,Others,INE535H07CT5,True
8103,NSE_EQ|INE1TAE08015,765TMCV27,N0,NSE,TMCV 7.65% 2027 SR E TR I,Others,INE1TAE08015,True
8101,NSE_EQ|INE1TAE08023,765TMCV28,N0,NSE,TMCV 7.65% 2028 SRE TRIII,Others,INE1TAE08023,True
5843,NSE_EQ|INE155A08456,765TML28,N0,NSE,TML 7.65% 2028 TR II,Others,INE155A08456,True
3552,NSE_EQ|IN3120220063,765TN29,SG,NSE,SDL TN 7.65% 2029,Others,IN3120220063,True
6963,NSE_EQ|IN3120230310,765TN30,SG,NSE,SDL TN 7.65% 2030,Others,IN3120230310,True
3610,NSE_EQ|IN3120220279,765TN33,SG,NSE,SDL TN 7.65% 2033,Others,IN3120220279,True
6991,NSE_EQ|IN3120230260,765TN33A,SG,NSE,SDL TN 7.65% 2033,Others,IN3120230260,True
3601,NSE_EQ|IN3120220295,765TN53,SG,NSE,SDL TN 7.65% 2053,Others,IN3120220295,True
3036,NSE_EQ|INE607M08139,765TPREL40,N0,NSE,TPREL 7.65% 2040,Others,INE607M08139,True
9385,NSE_EQ|IN4520200028,765TS30,SG,NSE,SDL TS 7.65% 2030,Others,IN4520200028,True
5173,NSE_EQ|IN4520230280,765TS39,SG,NSE,SDL TS 7.65% 2039,Others,IN4520230280,True
6716,NSE_EQ|IN4520250734,765TS52,SG,NSE,SDL TS 7.65% 2052,Others,IN4520250734,True
6717,NSE_EQ|IN4520250742,765TS55,SG,NSE,SDL TS 7.65% 2055,Others,IN4520250742,True
4440,NSE_EQ|IN3320200014,765UP30,SG,NSE,SDL UP 7.65% 2030,Others,IN3320200014,True
9080,NSE_EQ|IN3320230243,765UP34,SG,NSE,SDL UP 7.65% 2034,Others,IN3320230243,True
5908,NSE_EQ|IN1020220647,766AP32,SG,NSE,SDL AP 7.66% 2032,Others,IN1020220647,True
9148,NSE_EQ|IN1020230513,766AP37,SG,NSE,SDL AP 7.66% 2037,Others,IN1020230513,True
9140,NSE_EQ|IN1020230547,766AP42,SG,NSE,SDL AP 7.66% 2042,Others,IN1020230547,True
7645,NSE_EQ|IN1320220172,766BR33,SG,NSE,SDL BR 7.66% 2033,Others,IN1320220172,True
9366,NSE_EQ|IN1520220246,766GJ30,SG,NSE,SDL GJ 7.66% 2030,Others,IN1520220246,True
4377,NSE_EQ|IN1520230120,766GJ30A,SG,NSE,SDL GJ 7.66% 2030,Others,IN1520230120,True
4360,NSE_EQ|IN1520230195,766GJ32,SG,NSE,SDL GJ 7.66% 2032,Others,IN1520230195,True
9228,NSE_EQ|IN1620220450,766HR29,SG,NSE,SDL HR 7.66% 2029,Others,IN1620220450,True
5812,NSE_EQ|IN1620230251,766HR35,SG,NSE,SDL HR 7.66% 2035,Others,IN1620230251,True
5755,NSE_EQ|IN1620230350,766HR36,SG,NSE,SDL HR 7.66% 2036,Others,IN1620230350,True
4137,NSE_EQ|INE282H07059,766JCL31,N0,NSE,JCL 7.66% 2031 SR V,Others,INE282H07059,True
5874,NSE_EQ|IN1920220044,766KA42,SG,NSE,SDL KA 7.66% 2042,Others,IN1920220044,True
5423,NSE_EQ|IN2020250253,766KL39,SG,NSE,SDL KL 7.66% 2039,Others,IN2020250253,True
3185,NSE_EQ|IN2020230164,766KL46,SG,NSE,SDL KL 7.66% 2046,Others,IN2020230164,True
6304,NSE_EQ|IN2020220173,766KL50,SG,NSE,SDL KL 7.66% 2050,Others,IN2020220173,True
3604,NSE_EQ|INE115A07RC5,766LICH29,N0,NSE,LICH 7.66% 2029 SR 451,Others,INE115A07RC5,True
8287,NSE_EQ|IN2220220221,766MH33,SG,NSE,SDL MH 7.66% 2033,Others,IN2220220221,True
4691,NSE_EQ|IN2220250509,766MH47,SG,NSE,SDL MH 7.66% 2047,Others,IN2220250509,True
4689,NSE_EQ|IN2220250517,766MH52,SG,NSE,SDL MH 7.66% 2052,Others,IN2220250517,True
6904,NSE_EQ|IN2420230053,766ML32,SG,NSE,SDL ML 7.66% 2032,Others,IN2420230053,True
8425,NSE_EQ|IN2120220123,766MP48,SG,NSE,SDL MP 7.66% 2048,Others,IN2120220123,True
3101,NSE_EQ|IN2920230389,766RJ31,SG,NSE,SDL RJ 7.66% 2031,Others,IN2920230389,True
6584,NSE_EQ|IN2920220257,766RJ33,SG,NSE,SDL RJ 7.66% 2033,Others,IN2920220257,True
2823,NSE_EQ|IN2920230405,766RJ33A,SG,NSE,SDL RJ 7.66% 2033,Others,IN2920230405,True
2799,NSE_EQ|IN2920230413,766RJ34,SG,NSE,SDL RJ 7.66% 2034,Others,IN2920230413,True
6586,NSE_EQ|IN2920220273,766RJ43,SG,NSE,SDL RJ 7.66% 2043,Others,IN2920220273,True
3403,NSE_EQ|IN3020220056,766SK33,SG,NSE,SDL SK 7.66% 2033,Others,IN3020220056,True
6973,NSE_EQ|IN3120230344,766TN33,SG,NSE,SDL TN 7.66% 2033,Others,IN3120230344,True
6993,NSE_EQ|IN3120230294,766TN43,SG,NSE,SDL TN 7.66% 2043,Others,IN3120230294,True
8902,NSE_EQ|IN4520220281,766TS34,SG,NSE,SDL TS 7.66% 2034,Others,IN4520220281,True
8839,NSE_EQ|IN4520220364,766TS44,SG,NSE,SDL TS 7.66% 2044,Others,IN4520220364,True
4557,NSE_EQ|IN3320220012,766UP32,SG,NSE,SDL UP 7.66% 2032,Others,IN3320220012,True
4527,NSE_EQ|IN3320220103,766UP33,SG,NSE,SDL UP 7.66% 2033,Others,IN3320220103,True
4515,NSE_EQ|IN3320220111,766UP33A,SG,NSE,SDL UP 7.66% 2033,Others,IN3320220111,True
4425,NSE_EQ|IN3420220227,766WB39,SG,NSE,SDL WB 7.66% 2039,Others,IN3420220227,True
7846,NSE_EQ|IN3420230184,766WB43,SG,NSE,SDL WB 7.66% 2043,Others,IN3420230184,True
6119,NSE_EQ|IN1020220126,767AP31,SG,NSE,SDL AP 7.67% 2031,Others,IN1020220126,True
9134,NSE_EQ|IN1020230505,767AP38,SG,NSE,SDL AP 7.67% 2038,Others,IN1020230505,True
9070,NSE_EQ|IN1020230711,767AP38A,SG,NSE,SDL AP 7.67% 2038,Others,IN1020230711,True
7414,NSE_EQ|IN1220220140,767AS32,SG,NSE,SDL AS 7.67% 2032,Others,IN1220220140,True
7408,NSE_EQ|IN1220220173,767AS33,SG,NSE,SDL AS 7.67% 2033,Others,IN1220220173,True
7422,NSE_EQ|IN1220220199,767AS33A,SG,NSE,SDL AS 7.67% 2033,Others,IN1220220199,True
3904,NSE_EQ|IN1220230123,767AS33B,SG,NSE,SDL AS 7.67% 2033,Others,IN1220230123,True
4029,NSE_EQ|IN3520230118,767CG31,SG,NSE,SDL CG 7.67% 2031,Others,IN3520230118,True
4032,NSE_EQ|IN3520230100,767CG33,SG,NSE,SDL CG 7.67% 2033,Others,IN3520230100,True
2685,NSE_EQ|IN3520250124,767CG43,SG,NSE,SDL CG 7.67% 2043,Others,IN3520250124,True
4315,NSE_EQ|IN1420230139,767GA33,SG,NSE,SDL GA 7.67% 2033,Others,IN1420230139,True
4364,NSE_EQ|IN1420230204,767GA33A,SG,NSE,SDL GA 7.67% 2033,Others,IN1420230204,True
7213,NSE_EQ|IN1720230102,767HP34,SG,NSE,SDL HP 7.67% 2034,Others,IN1720230102,True
9085,NSE_EQ|IN1620220229,767HR32,SG,NSE,SDL HR 7.67% 2032,Others,IN1620220229,True
5746,NSE_EQ|IN1620230335,767HR35,SG,NSE,SDL HR 7.67% 2035,Others,IN1620230335,True
6318,NSE_EQ|IN1620250366,767HR41,SG,NSE,SDL HR 7.67% 2041,Others,IN1620250366,True
8749,NSE_EQ|IN3720220026,767JH37,SG,NSE,SDL JH 7.67% 2037,Others,IN3720220026,True
7836,NSE_EQ|IN4920250219,767JK38,SG,NSE,SDL JK 7.67% 2038,Others,IN4920250219,True
5873,NSE_EQ|IN1920220028,767KA32,SG,NSE,SDL KA 7.67% 2032,Others,IN1920220028,True
8859,NSE_EQ|IN1920230076,767KA36,SG,NSE,SDL KA 7.67% 2036,Others,IN1920230076,True
8917,NSE_EQ|IN1920230241,767KA42,SG,NSE,SDL KA 7.67% 2042,Others,IN1920230241,True
6337,NSE_EQ|IN2020220041,767KL34,SG,NSE,SDL KL 7.67% 2034,Others,IN2020220041,True
3353,NSE_EQ|IN2020230214,767KL43,SG,NSE,SDL KL 7.67% 2043,Others,IN2020230214,True
8397,NSE_EQ|IN2120220040,767MP33,SG,NSE,SDL MP 7.67% 2033,Others,IN2120220040,True
4823,NSE_EQ|INE848E08490,767NHPCL32,N0,NSE,NHPC 7.67% 2032 STRPP A,Others,INE848E08490,True
4843,NSE_EQ|INE848E08508,767NHPCL33,N0,NSE,NHPC 7.67% 2033 STRPP B,Others,INE848E08508,True
4829,NSE_EQ|INE848E08516,767NHPCL34,N0,NSE,NHPC 7.67% 2034 STRPP C,Others,INE848E08516,True
4833,NSE_EQ|INE848E08524,767NHPCL35,N0,NSE,NHPC 7.67% 2035 STRPP D,Others,INE848E08524,True
4826,NSE_EQ|INE848E08573,767NHPCL36,N0,NSE,NHPC 7.67% 2036 STRPP E,Others,INE848E08573,True
4836,NSE_EQ|INE848E08532,767NHPCL37,N0,NSE,NHPC 7.67% 2037 STRPP F,Others,INE848E08532,True
4837,NSE_EQ|INE848E08540,767NHPCL38,N0,NSE,NHPC 7.67% 2038 STRPP G,Others,INE848E08540,True
4824,NSE_EQ|INE848E08557,767NHPCL39,N0,NSE,NHPC 7.67% 2039 STRPP H,Others,INE848E08557,True
4825,NSE_EQ|INE848E08565,767NHPCL40,N0,NSE,NHPC 7.67% 2040 STRPP I,Others,INE848E08565,True
4822,NSE_EQ|INE848E08482,767NHPCL41,N0,NSE,NHPC 7.67% 2041 STRPP J,Others,INE848E08482,True
4906,NSE_EQ|IN2620220037,767NL32,SG,NSE,SDL NL 7.67% 2032,Others,IN2620220037,True
4913,NSE_EQ|IN2620220060,767NL33,SG,NSE,SDL NL 7.67% 2033,Others,IN2620220060,True
4915,NSE_EQ|IN2620220078,767NL33A,SG,NSE,SDL NL 7.67% 2033,Others,IN2620220078,True
8278,NSE_EQ|IN2620230051,767NL33B,SG,NSE,SDL NL 7.67% 2033,Others,IN2620230051,True
2732,NSE_EQ|IN2820230166,767PN35,SG,NSE,SDL PN 7.67% 2035,Others,IN2820230166,True
3092,NSE_EQ|IN2920230363,767RJ33,SG,NSE,SDL RJ 7.67% 2033,Others,IN2920230363,True
3100,NSE_EQ|IN2920230397,767RJ34,SG,NSE,SDL RJ 7.67% 2034,Others,IN2920230397,True
6972,NSE_EQ|IN3120230336,767TN30,SG,NSE,SDL TN 7.67% 2030,Others,IN3120230336,True
3565,NSE_EQ|IN3120220352,767TN53,SG,NSE,SDL TN 7.67% 2053,Others,IN3120220352,True
8898,NSE_EQ|IN4520220299,767TS35,SG,NSE,SDL TS 7.67% 2035,Others,IN4520220299,True
5224,NSE_EQ|IN4520230314,767TS45,SG,NSE,SDL TS 7.67% 2045,Others,IN4520230314,True
6722,NSE_EQ|IN4520250726,767TS46,SG,NSE,SDL TS 7.67% 2046,Others,IN4520250726,True
7172,NSE_EQ|IN3620220035,767UK33,SG,NSE,SDL UK 7.67% 2033,Others,IN3620220035,True
3848,NSE_EQ|IN3620230059,767UK33A,SG,NSE,SDL UK 7.67% 2033,Others,IN3620230059,True
4335,NSE_EQ|IN3620250107,767UK41,SG,NSE,SDL UK 7.67% 2041,Others,IN3620250107,True
9079,NSE_EQ|IN3320230235,767UP33,SG,NSE,SDL UP 7.67% 2033,Others,IN3320230235,True
9238,NSE_EQ|IN3320250217,767UP41,SG,NSE,SDL UP 7.67% 2041,Others,IN3320250217,True
4302,NSE_EQ|IN3420220185,767WB37,SG,NSE,SDL WB 7.67% 2037,Others,IN3420220185,True
4303,NSE_EQ|IN3420220193,767WB39,SG,NSE,SDL WB 7.67% 2039,Others,IN3420220193,True
4333,NSE_EQ|IN3420220201,767WB41,SG,NSE,SDL WB 7.67% 2041,Others,IN3420220201,True
7850,NSE_EQ|IN3420230192,767WB43,SG,NSE,SDL WB 7.67% 2043,Others,IN3420230192,True
7873,NSE_EQ|IN3420230200,767WB44,SG,NSE,SDL WB 7.67% 2044,Others,IN3420230200,True
3814,NSE_EQ|IN3420250315,767WB44A,SG,NSE,SDL WB 7.67% 2044,Others,IN3420250315,True
3825,NSE_EQ|IN3420250349,767WB46,SG,NSE,SDL WB 7.67% 2046,Others,IN3420250349,True
5915,NSE_EQ|INE0AD507192,76825AIFL2,N0,NSE,AIFL 7.6825% 2027 SR G1,Others,INE0AD507192,True
8375,NSE_EQ|INE033L07IL7,7685TCHF28,N0,NSE,TCHF 7.685% 2028 E,Others,INE033L07IL7,True
9066,NSE_EQ|IN1020230737,768AP37,SG,NSE,SDL AP 7.68% 2037,Others,IN1020230737,True
8059,NSE_EQ|IN1020250529,768AP39,SG,NSE,SDL AP 7.68% 2039,Others,IN1020250529,True
8591,NSE_EQ|IN1120230017,768AR33,SG,NSE,SDL AR 7.68% 2033,Others,IN1120230017,True
3987,NSE_EQ|IN1220230180,768AS31,SG,NSE,SDL AS 7.68% 2031,Others,IN1220230180,True
7370,NSE_EQ|IN1220220066,768AS32,SG,NSE,SDL AS 7.68% 2032,Others,IN1220220066,True
3421,NSE_EQ|IN1220250188,768AS41,SG,NSE,SDL AS 7.68% 2041,Others,IN1220250188,True
7633,NSE_EQ|IN1320220123,768BR32,SG,NSE,SDL BR 7.68% 2032,Others,IN1320220123,True
7621,NSE_EQ|IN1320220198,768BR33,SG,NSE,SDL BR 7.68% 2033,Others,IN1320220198,True
4000,NSE_EQ|IN3520230092,768CG32,SG,NSE,SDL CG 7.68% 2032,Others,IN3520230092,True
6386,NSE_EQ|IN3520260032,768CG36,SG,NSE,SDL CG 7.68% 2036,Others,IN3520260032,True
9361,NSE_EQ|IN1520220238,768GJ30,SG,NSE,SDL GJ 7.68% 2030,Others,IN1520220238,True
9354,NSE_EQ|IN1520220287,768GJ33,SG,NSE,SDL GJ 7.68% 2033,Others,IN1520220287,True
3020,NSE_EQ|INE316Z08022,768GSGL28,N0,NSE,GSGL 7.68% 2028 STRPP SR1,Others,INE316Z08022,True
3015,NSE_EQ|INE316Z08048,768GSGL28A,N0,NSE,GSGL 7.68% 2028 STRPP SR2,Others,INE316Z08048,True
3019,NSE_EQ|INE316Z08030,768GSGL28B,N0,NSE,GSGL 7.68% 2028 STRPP SR3,Others,INE316Z08030,True
3017,NSE_EQ|INE316Z08014,768GSGL28C,N0,NSE,GSGL 7.68% 2028 STRPP SR4,Others,INE316Z08014,True
9091,NSE_EQ|IN1620220278,768HR31,SG,NSE,SDL HR 7.68% 2031,Others,IN1620220278,True
9218,NSE_EQ|IN1620220401,768HR33,SG,NSE,SDL HR 7.68% 2033,Others,IN1620220401,True
2855,NSE_EQ|INE202E08144,768IREDA33,N8,NSE,IREDA 7.68% 2033 SR XV-C,Others,INE202E08144,True
6045,NSE_EQ|IN3720230017,768JH32,SG,NSE,SDL JH 7.68% 2032,Others,IN3720230017,True
5452,NSE_EQ|IN4920220063,768JK37,SG,NSE,SDL JK 7.68% 2037,Others,IN4920220063,True
7835,NSE_EQ|IN4920250250,768JK38,SG,NSE,SDL JK 7.68% 2038,Others,IN4920250250,True
8338,NSE_EQ|IN4920230211,768JK44,SG,NSE,SDL JK 7.68% 2044,Others,IN4920230211,True
5875,NSE_EQ|IN1920220010,768KA31,SG,NSE,SDL KA 7.68% 2031,Others,IN1920220010,True
5883,NSE_EQ|IN1920220127,768KA34,SG,NSE,SDL KA 7.68% 2034,Others,IN1920220127,True
8904,NSE_EQ|IN1920230159,768KA37,SG,NSE,SDL KA 7.68% 2037,Others,IN1920230159,True
8663,NSE_EQ|IN1920250355,768KA37A,SG,NSE,SDL KA 7.68% 2037,Others,IN1920250355,True
8923,NSE_EQ|IN1920230217,768KA39,SG,NSE,SDL KA 7.68% 2039,Others,IN1920230217,True
5366,NSE_EQ|IN2020250311,768KL36,SG,NSE,SDL KL 7.68% 2036,Others,IN2020250311,True
5383,NSE_EQ|IN2020250279,768KL49,SG,NSE,SDL KL 7.68% 2049,Others,IN2020250279,True
3620,NSE_EQ|INE115A07QR5,768LIC34,N4,NSE,LHFL 7.68% 2034 TR 441,Others,INE115A07QR5,True
5044,NSE_EQ|IN2120230114,768MP34,SG,NSE,SDL MP 7.68% 2034,Others,IN2120230114,True
4653,NSE_EQ|IN2120250351,768MP43,SG,NSE,SDL MP 7.68% 2043,Others,IN2120250351,True
3922,NSE_EQ|INE246R07855,768NIIF31,N0,NSE,NIIF 7.68% 2031 SR PP7,Others,INE246R07855,True
6947,NSE_EQ|IN2820220175,768PN39,SG,NSE,SDL PN 7.68% 2039,Others,IN2820220175,True
6939,NSE_EQ|IN2820220092,768PN42,SG,NSE,SDL PN 7.68% 2042,Others,IN2820220092,True
5539,NSE_EQ|INE556F08KQ2,768SID27,N0,NSE,SIDBI 7.68% 2027 SR I,Others,INE556F08KQ2,True
5550,NSE_EQ|INE556F08KO7,768SIDB27,N2,NSE,SIDBI 7.68% 2027 SR VIII,Others,INE556F08KO7,True
5552,NSE_EQ|INE556F08KP4,768SIDBI27,N3,NSE,SIDBI 7.68% 2027 SR IX,Others,INE556F08KP4,True
6988,NSE_EQ|IN3120230278,768TN30,SG,NSE,SDL TN 7.68% 2030,Others,IN3120230278,True
6968,NSE_EQ|IN3120230302,768TN30A,SG,NSE,SDL TN 7.68% 2030,Others,IN3120230302,True
6966,NSE_EQ|IN3120230328,768TN30B,SG,NSE,SDL TN 7.68% 2030,Others,IN3120230328,True
5221,NSE_EQ|IN4520230348,768TS37,SG,NSE,SDL TS 7.68% 2037,Others,IN4520230348,True
8844,NSE_EQ|IN4520220356,768TS42,SG,NSE,SDL TS 7.68% 2042,Others,IN4520220356,True
6784,NSE_EQ|IN4520250577,768TS44,SG,NSE,SDL TS 7.68% 2044,Others,IN4520250577,True
4560,NSE_EQ|IN3320220020,768UP32,SG,NSE,SDL UP 7.68% 2032,Others,IN3320220020,True
9111,NSE_EQ|IN3320230102,768UP34,SG,NSE,SDL UP 7.68% 2034,Others,IN3320230102,True
9096,NSE_EQ|IN3320230177,768UP34A,SG,NSE,SDL UP 7.68% 2034,Others,IN3320230177,True
4290,NSE_EQ|IN3420220128,768WB32,SG,NSE,SDL WB 7.68% 2032,Others,IN3420220128,True
5909,NSE_EQ|IN1020220639,769AP35,SG,NSE,SDL AP 7.69% 2035,Others,IN1020220639,True
9034,NSE_EQ|IN1020230604,769AP42,SG,NSE,SDL AP 7.69% 2042,Others,IN1020230604,True
8095,NSE_EQ|IN1020250552,769AP42A,SG,NSE,SDL AP 7.69% 2042,Others,IN1020250552,True
5931,NSE_EQ|IN1020220712,769AP43,SG,NSE,SDL AP 7.69% 2043,Others,IN1020220712,True
7406,NSE_EQ|IN1220220181,769AS33,SG,NSE,SDL AS 7.69% 2033,Others,IN1220220181,True
7657,NSE_EQ|IN1320220073,769BR32,SG,NSE,SDL BR 7.69% 2032,Others,IN1320220073,True
7112,NSE_EQ|IN1320260020,769BR35,SG,NSE,SDL BR 7.69% 2035,Others,IN1320260020,True
3945,NSE_EQ|IN1320230189,769BR39,SG,NSE,SDL BR 7.69% 2039,Others,IN1320230189,True
3490,NSE_EQ|IN1320250302,769BR54,SG,NSE,SDL BR 7.69% 2054,Others,IN1320250302,True
7736,NSE_EQ|IN1420220049,769GA32,SG,NSE,SDL GA 7.69% 2032,Others,IN1420220049,True
7732,NSE_EQ|IN1420220072,769GA32A,SG,NSE,SDL GA 7.69% 2032,Others,IN1420220072,True
4365,NSE_EQ|IN1420230212,769GA34,SG,NSE,SDL GA 7.69% 2034,Others,IN1420230212,True
4852,NSE_EQ|IN0020190040,769GS2043,GS,NSE,GOI LOAN 7.69% 2043,Others,IN0020190040,True
6725,NSE_EQ|IN1720250134,769HP46,SG,NSE,SDL HP 7.69% 2046,Others,IN1720250134,True
9342,NSE_EQ|IN1620220096,769HR27,SG,NSE,SDL HR 7.69% 2027,Others,IN1620220096,True
6313,NSE_EQ|IN1620250317,769HR41,SG,NSE,SDL HR 7.69% 2041,Others,IN1620250317,True
6315,NSE_EQ|IN1620250341,769HR42,SG,NSE,SDL HR 7.69% 2042,Others,IN1620250341,True
6178,NSE_EQ|IN1620250408,769HR42A,SG,NSE,SDL HR 7.69% 2042,Others,IN1620250408,True
6327,NSE_EQ|IN1620250390,769HR44,SG,NSE,SDL HR 7.69% 2044,Others,IN1620250390,True
6012,NSE_EQ|INE031A07AT4,769HUDCO31,N9,NSE,7.69% TAX FREETRII SR2B,Others,INE031A07AT4,True
8526,NSE_EQ|INE726G08030,769ICPR35,N0,NSE,ICPR 7.69% 2035 SR1,Others,INE726G08030,True
5274,NSE_EQ|INE219X07249,769IGT28,NH,NSE,SEC RE NCD 7.69% SR.IV,Others,INE219X07249,True
8867,NSE_EQ|IN1920230027,769KA33,SG,NSE,SDL KA 7.69% 2033,Others,IN1920230027,True
8851,NSE_EQ|IN1920230092,769KA33A,SG,NSE,SDL KA 7.69% 2033,Others,IN1920230092,True
8918,NSE_EQ|IN1920230225,769KA40,SG,NSE,SDL KA 7.69% 2040,Others,IN1920230225,True
6321,NSE_EQ|IN2020220066,769KL40,SG,NSE,SDL KL 7.69% 2040,Others,IN2020220066,True
3625,NSE_EQ|INE115A07QN4,769LIC34,N0,NSE,LHFL 7.69% 2034 TR 437,Others,INE115A07QN4,True
3599,NSE_EQ|INE115A07RA9,769LICH26,N0,NSE,LICH 7.69% 2026 SR 449,Others,INE115A07RA9,True
8292,NSE_EQ|IN2220220213,769MH31,SG,NSE,SDL MH 7.69% 2031,Others,IN2220220213,True
6605,NSE_EQ|IN2420250044,769ML35,SG,NSE,SDL ML 7.69% 2035,Others,IN2420250044,True
3245,NSE_EQ|IN2320220055,769MN34,SG,NSE,SDL MN 7.69% 2034,Others,IN2320220055,True
8411,NSE_EQ|IN2120220099,769MP43,SG,NSE,SDL MP 7.69% 2043,Others,IN2120220099,True
2986,NSE_EQ|IN2520220012,769MZ31,SG,NSE,SDL MZ 7.69% 2031,Others,IN2520220012,True
3002,NSE_EQ|IN2520220095,769MZ37,SG,NSE,SDL MZ 7.69% 2037,Others,IN2520220095,True
4938,NSE_EQ|INE906B07EP5,769NHAI31,NE,NSE,TAX FREE 7.69% SR. IIB,Others,INE906B07EP5,True
2742,NSE_EQ|IN2820230240,769PN36,SG,NSE,SDL PN 7.69% 2036,Others,IN2820230240,True
6775,NSE_EQ|IN2820220217,769PN39,SG,NSE,SDL PN 7.69% 2039,Others,IN2820220217,True
9174,NSE_EQ|IN3820220025,769PY37,SG,NSE,SDL PY 7.69% 2037,Others,IN3820220025,True
6588,NSE_EQ|IN2920220299,769RJ39,SG,NSE,SDL RJ 7.69% 2039,Others,IN2920220299,True
6214,NSE_EQ|INE692Q07563,769TFSIL28,N0,NSE,TFSIL 7.6950% 2028 SRS52,Others,INE692Q07563,True
3823,NSE_EQ|IN3120260044,769TN33,SG,NSE,SDL TN 7.69% 2033,Others,IN3120260044,True
3608,NSE_EQ|IN3120220246,769TN37,SG,NSE,SDL TN 7.69% 2037,Others,IN3120220246,True
3580,NSE_EQ|IN3120220329,769TN43,SG,NSE,SDL TN 7.69% 2043,Others,IN3120220329,True
8829,NSE_EQ|IN4520220448,769TS32,SG,NSE,SDL TS 7.69% 2032,Others,IN4520220448,True
6738,NSE_EQ|IN4520250775,769TS56,SG,NSE,SDL TS 7.69% 2056,Others,IN4520250775,True
7788,NSE_EQ|IN3620260023,769UK36,SG,NSE,SDL UK 7.69% 2036,Others,IN3620260023,True
4548,NSE_EQ|IN3320220079,769UP35,SG,NSE,SDL UP 7.69% 2035,Others,IN3320220079,True
9133,NSE_EQ|IN3320230094,769UP35A,SG,NSE,SDL UP 7.69% 2035,Others,IN3320230094,True
4427,NSE_EQ|IN3420220243,769WB39,SG,NSE,SDL WB 7.69% 2039,Others,IN3420220243,True
4429,NSE_EQ|IN3420220250,769WB42,SG,NSE,SDL WB 7.69% 2042,Others,IN3420220250,True
3753,NSE_EQ|IN3420250406,769WB49,SG,NSE,SDL WB 7.69% 2049,Others,IN3420250406,True
5960,NSE_EQ|IN1020220514,76AP28,SG,NSE,SDL AP 7.6% 2028,Others,IN1020220514,True
9266,NSE_EQ|IN1020230018,76AP29,SG,NSE,SDL AP 7.6% 2029,Others,IN1020230018,True
9116,NSE_EQ|IN1020230489,76AP34,SG,NSE,SDL AP 7.6% 2034,Others,IN1020230489,True
9068,NSE_EQ|IN1020230729,76AP44,SG,NSE,SDL AP 7.6% 2044,Others,IN1020230729,True
8064,NSE_EQ|IN1020250479,76AP44A,SG,NSE,SDL AP 7.6% 2044,Others,IN1020250479,True
8065,NSE_EQ|IN1020250487,76AP45,SG,NSE,SDL AP 7.6% 2045,Others,IN1020250487,True
3587,NSE_EQ|IN1320250203,76BR37,SG,NSE,SDL BR 7.6% 2037,Others,IN1320250203,True
9398,NSE_EQ|IN1520220162,76GJ32,SG,NSE,SDL GJ 7.6% 2032,Others,IN1520220162,True
4328,NSE_EQ|IN1520230245,76GJ33,SG,NSE,SDL GJ 7.6% 2033,Others,IN1520230245,True
9370,NSE_EQ|IN1520220220,76GJ35,SG,NSE,SDL GJ 7.6% 2035,Others,IN1520220220,True
6357,NSE_EQ|IN1620250283,76HR39,SG,NSE,SDL HR 7.6% 2039,Others,IN1620250283,True
4761,NSE_EQ|IN4920220105,76JK35,SG,NSE,SDL JK 7.6% 2035,Others,IN4920220105,True
7838,NSE_EQ|IN4920250201,76JK45,SG,NSE,SDL JK 7.6% 2045,Others,IN4920250201,True
8363,NSE_EQ|IN4920230112,76JK53,SG,NSE,SDL JK 7.6% 2053,Others,IN4920230112,True
8331,NSE_EQ|IN4920230146,76JK53A,SG,NSE,SDL JK 7.6% 2053,Others,IN4920230146,True
5885,NSE_EQ|IN1920220119,76KA32,SG,NSE,SDL KA 7.6% 2032,Others,IN1920220119,True
5882,NSE_EQ|IN1920220135,76KA32A,SG,NSE,SDL KA 7.6% 2032,Others,IN1920220135,True
5881,NSE_EQ|IN1920220168,76KA33,SG,NSE,SDL KA 7.6% 2033,Others,IN1920220168,True
8882,NSE_EQ|IN1920230134,76KA38,SG,NSE,SDL KA 7.6% 2038,Others,IN1920230134,True
9008,NSE_EQ|IN2020260013,76KL33,SG,NSE,SDL KL 7.6% 2033,Others,IN2020260013,True
5436,NSE_EQ|IN2020250212,76KL42,SG,NSE,SDL KL 7.6% 2042,Others,IN2020250212,True
6302,NSE_EQ|IN2020220140,76KL45,SG,NSE,SDL KL 7.6% 2045,Others,IN2020220140,True
8901,NSE_EQ|IN2220200025,76MH30,SG,NSE,SDL MH 7.6% 2030,Others,IN2220200025,True
4942,NSE_EQ|INE906B07EJ8,76NHAI31,NA,NSE,TAX FREE7.60% SR.IIB,Others,INE906B07EJ8,True
5082,NSE_EQ|INE027A08044,76RCFL29,N0,NSE,RCFL 7.6% 2029 SR II,Others,INE027A08044,True
7043,NSE_EQ|IN3120230401,76TN31,SG,NSE,SDL TN 7.6% 2031,Others,IN3120230401,True
3532,NSE_EQ|IN3120220139,76TN32,SG,NSE,SDL TN 7.6% 2032,Others,IN3120220139,True
6751,NSE_EQ|IN4520250601,76TS42,SG,NSE,SDL TS 7.6% 2042,Others,IN4520250601,True
5138,NSE_EQ|IN4520230389,76TS43,SG,NSE,SDL TS 7.6% 2043,Others,IN4520230389,True
5135,NSE_EQ|IN4520230397,76TS47,SG,NSE,SDL TS 7.6% 2047,Others,IN4520230397,True
5435,NSE_EQ|IN3320260018,76UP33,SG,NSE,SDL UP 7.6% 2033,Others,IN3320260018,True
9259,NSE_EQ|IN3320250191,76UP37,SG,NSE,SDL UP 7.6% 2037,Others,IN3320250191,True
3926,NSE_EQ|IN3420250216,76WB45,SG,NSE,SDL WB 7.6% 2045,Others,IN3420250216,True
3930,NSE_EQ|IN3420250273,76WB47,SG,NSE,SDL WB 7.6% 2047,Others,IN3420250273,True
5923,NSE_EQ|INE0AD507168,770AIFL26,N0,NSE,AIF 7.70% 2026 D4 STRPP I,Others,INE0AD507168,True
5917,NSE_EQ|INE0AD507143,770AIFL29,N0,NSE,AIF 7.70 2029 PP D5STRPII,Others,INE0AD507143,True
8259,NSE_EQ|IN2220220064,770MH32,SG,NSE,SDL MH 7.70% 2032,Others,IN2220220064,True
6903,NSE_EQ|INE261F08EI9,770NABAR27,N4,NSE,NABARD 7.70% 2027 SR 25A,Others,INE261F08EI9,True
8494,NSE_EQ|INE020B08FC8,770RECL26,NR,NSE,REC 7.70% 2026 SR 234-A,Others,INE020B08FC8,True
4562,NSE_EQ|INE667F07IZ4,770SHFL27,N0,NSE,SHFL 7.70% 2027 SR 348,Others,INE667F07IZ4,True
4552,NSE_EQ|INE667F07IX9,770SHFL29,N0,NSE,SHFL 7.70% 2029 SR 345,Others,INE667F07IX9,True
5149,NSE_EQ|INE660A07RV0,770SUNF28,N0,NSE,SUNF 7.70% 2028 SR Y5,Others,INE660A07RV0,True
6577,NSE_EQ|INE685A07165,770TOPL30,N0,NSE,TOPL 7.70% 2030 SR 3,Others,INE685A07165,True
3032,NSE_EQ|INE607M08113,770TPREL34,N0,NSE,TPREL 7.70% 2034,Others,INE607M08113,True
8374,NSE_EQ|INE033L07IK9,7712TCHF28,N0,NSE,TCHFL 7.712% 2028 SR D,Others,INE033L07IK9,True
9038,NSE_EQ|IN1020230653,771AP31,SG,NSE,SDL AP 7.71% 2031,Others,IN1020230653,True
6117,NSE_EQ|IN1020220134,771AP32,SG,NSE,SDL AP 7.71% 2032,Others,IN1020220134,True
5912,NSE_EQ|IN1020220670,771AP33,SG,NSE,SDL AP 7.71% 2033,Others,IN1020220670,True
9239,NSE_EQ|IN1020230034,771AP33A,SG,NSE,SDL AP 7.71% 2033,Others,IN1020230034,True
5957,NSE_EQ|IN1020220522,771AP34,SG,NSE,SDL AP 7.71% 2034,Others,IN1020220522,True
5907,NSE_EQ|IN1020220654,771AP36,SG,NSE,SDL AP 7.71% 2036,Others,IN1020220654,True
5947,NSE_EQ|IN1020220449,771AP37,SG,NSE,SDL AP 7.71% 2037,Others,IN1020220449,True
9039,NSE_EQ|IN1020230646,771AP37A,SG,NSE,SDL AP 7.71% 2037,Others,IN1020230646,True
5946,NSE_EQ|IN1020220456,771AP39,SG,NSE,SDL AP 7.71% 2039,Others,IN1020220456,True
8058,NSE_EQ|IN1020250537,771AP41,SG,NSE,SDL AP 7.71% 2041,Others,IN1020250537,True
5942,NSE_EQ|IN1020220464,771AP42,SG,NSE,SDL AP 7.71% 2042,Others,IN1020220464,True
7398,NSE_EQ|IN1220220207,771AS33,SG,NSE,SDL AS 7.71% 2033,Others,IN1220220207,True
7618,NSE_EQ|IN1320220214,771BR33,SG,NSE,SDL BR 7.71% 2033,Others,IN1320220214,True
9357,NSE_EQ|IN1520220253,771GJ33,SG,NSE,SDL GJ 7.71% 2033,Others,IN1520220253,True
9353,NSE_EQ|IN1520220279,771GJ34,SG,NSE,SDL GJ 7.71% 2034,Others,IN1520220279,True
4081,NSE_EQ|IN0020260033,771GS2066,GS,NSE,GOI LOAN  7.71% 2066,Others,IN0020260033,True
3207,NSE_EQ|INE040A08AJ4,771HDFCB33,N0,NSE,HDFC BANK 7.71% 2033 SR1,Others,INE040A08AJ4,True
5710,NSE_EQ|IN1620230293,771HR33,SG,NSE,SDL HR 7.71% 2033,Others,IN1620230293,True
5750,NSE_EQ|IN1620230327,771HR33A,SG,NSE,SDL HR 7.71% 2033,Others,IN1620230327,True
8325,NSE_EQ|IN4920230195,771JK48,SG,NSE,SDL JK 7.71% 2048,Others,IN4920230195,True
8879,NSE_EQ|IN1920230126,771KA36,SG,NSE,SDL KA 7.71% 2036,Others,IN1920230126,True
8925,NSE_EQ|IN1920230209,771KA38,SG,NSE,SDL KA 7.71% 2038,Others,IN1920230209,True
6336,NSE_EQ|IN2020220058,771KL42,SG,NSE,SDL KL 7.71% 2042,Others,IN2020220058,True
3186,NSE_EQ|IN2020230172,771KL43,SG,NSE,SDL KL 7.71% 2043,Others,IN2020230172,True
5377,NSE_EQ|IN2020250295,771KL53,SG,NSE,SDL KL 7.71% 2053,Others,IN2020250295,True
5011,NSE_EQ|IN2220230139,771MH33,SG,NSE,SDL MH 7.71% 2033,Others,IN2220230139,True
3242,NSE_EQ|IN2320220048,771MN32,SG,NSE,SDL MN 7.71% 2032,Others,IN2320220048,True
5022,NSE_EQ|IN2120230155,771MP40,SG,NSE,SDL MP 7.71% 2040,Others,IN2120230155,True
3977,NSE_EQ|INE246R07798,771NIIF35,N0,NSE,NIIF 7.71% 2035 SR PP 1,Others,INE246R07798,True
2836,NSE_EQ|IN2820250172,771PN38,SG,NSE,SDL PN 7.71% 2038,Others,IN2820250172,True
8524,NSE_EQ|INE020B08EW9,771REC27,NJ,NSE,REC 7.71% 2027 SR 230-A,Others,INE020B08EW9,True
3126,NSE_EQ|IN2920230249,771RJ33,SG,NSE,SDL RJ 7.71% 2033,Others,IN2920230249,True
7333,NSE_EQ|INE213W07350,771SIHF35,N0,NSE,SIHF 7.71% 2035 SR 33,Others,INE213W07350,True
3854,NSE_EQ|IN3620230042,771UK33,SG,NSE,SDL UK 7.71% 2033,Others,IN3620230042,True
9108,NSE_EQ|IN3320230128,771UP33,SG,NSE,SDL UP 7.71% 2033,Others,IN3320230128,True
9235,NSE_EQ|IN3320250225,771UP46,SG,NSE,SDL UP 7.71% 2046,Others,IN3320250225,True
4426,NSE_EQ|IN3420220235,771WB39,SG,NSE,SDL WB 7.71% 2039,Others,IN3420220235,True
7843,NSE_EQ|IN3420230135,771WB41,SG,NSE,SDL WB 7.71% 2041,Others,IN3420230135,True
7842,NSE_EQ|IN3420230143,771WB43,SG,NSE,SDL WB 7.71% 2043,Others,IN3420230143,True
9272,NSE_EQ|INE674K07135,772ABCL31,N0,NSE,ABCL 7.7173 2031 SR L1,Others,INE674K07135,True
6016,NSE_EQ|IN1020220373,772AP34,SG,NSE,SDL AP 7.72% 2034,Others,IN1020220373,True
5939,NSE_EQ|IN1020220423,772AP35,SG,NSE,SDL AP 7.72% 2035,Others,IN1020220423,True
9142,NSE_EQ|IN1020230539,772AP36,SG,NSE,SDL AP 7.72% 2036,Others,IN1020230539,True
9158,NSE_EQ|IN1020230596,772AP38,SG,NSE,SDL AP 7.72% 2038,Others,IN1020230596,True
9150,NSE_EQ|IN1020230570,772AP41,SG,NSE,SDL AP 7.72% 2041,Others,IN1020230570,True
7396,NSE_EQ|IN1220220223,772AS33,SG,NSE,SDL AS 7.72% 2033,Others,IN1220220223,True
7644,NSE_EQ|IN1320220180,772BR33,SG,NSE,SDL BR 7.72% 2033,Others,IN1320220180,True
7616,NSE_EQ|IN1320220206,772BR33A,SG,NSE,SDL BR 7.72% 2033,Others,IN1320220206,True
3574,NSE_EQ|IN1320250294,772BR41,SG,NSE,SDL BR 7.72% 2041,Others,IN1320250294,True
9309,NSE_EQ|IN1520220311,772GJ34,SG,NSE,SDL GJ 7.72% 2034,Others,IN1520220311,True
9352,NSE_EQ|IN1520220295,772GJ35,SG,NSE,SDL GJ 7.72% 2035,Others,IN1520220295,True
4851,NSE_EQ|IN0020190032,772GS2049,GS,NSE,GOI LOAN 7.72% 2049,Others,IN0020190032,True
6105,NSE_EQ|IN0020150077,772GS2055,GS,NSE,GOI LOAN 7.72% 2055,Others,IN0020150077,True
3506,NSE_EQ|IN1720220202,772HP31,SG,NSE,SDL HP 7.72% 2031,Others,IN1720220202,True
9230,NSE_EQ|IN1620220468,772HR32,SG,NSE,SDL HR 7.72% 2032,Others,IN1620220468,True
5744,NSE_EQ|IN1620230319,772HR33,SG,NSE,SDL HR 7.72% 2033,Others,IN1620230319,True
5706,NSE_EQ|IN1620230277,772HR35,SG,NSE,SDL HR 7.72% 2035,Others,IN1620230277,True
5261,NSE_EQ|INE219X07272,772IGT31,NK,NSE,SEC RE NCD 7.72% SR.VI,Others,INE219X07272,True
5455,NSE_EQ|IN4920220022,772JK32,SG,NSE,SDL JK 7.72% 2032,Others,IN4920220022,True
8337,NSE_EQ|IN4920230203,772JK43,SG,NSE,SDL JK 7.72% 2043,Others,IN4920230203,True
7834,NSE_EQ|IN4920250235,772JK43A,SG,NSE,SDL JK 7.72% 2043,Others,IN4920250235,True
8887,NSE_EQ|IN1920230100,772KA35,SG,NSE,SDL KA 7.72% 2035,Others,IN1920230100,True
8883,NSE_EQ|IN1920230118,772KA35A,SG,NSE,SDL KA 7.72% 2035,Others,IN1920230118,True
8897,NSE_EQ|IN1920230191,772KA37,SG,NSE,SDL KA 7.72% 2037,Others,IN1920230191,True
5385,NSE_EQ|IN2020250261,772KL45,SG,NSE,SDL KL 7.72% 2045,Others,IN2020250261,True
8245,NSE_EQ|IN2220220171,772MH31,SG,NSE,SDL MH 7.72% 2031,Others,IN2220220171,True
8288,NSE_EQ|IN2220220239,772MH32,SG,NSE,SDL MH 7.72% 2032,Others,IN2220220239,True
8260,NSE_EQ|IN2220220072,772MH34,SG,NSE,SDL MH 7.72% 2034,Others,IN2220220072,True
5000,NSE_EQ|IN2220230170,772MH35,SG,NSE,SDL MH 7.72% 2035,Others,IN2220230170,True
6902,NSE_EQ|IN2420230046,772ML31,SG,NSE,SDL ML 7.72% 2031,Others,IN2420230046,True
3251,NSE_EQ|IN2320220014,772MN32,SG,NSE,SDL MN 7.72% 2032,Others,IN2320220014,True
6446,NSE_EQ|IN2320250045,772MN37,SG,NSE,SDL MN 7.72% 2037,Others,IN2320250045,True
8396,NSE_EQ|IN2120220057,772MP38,SG,NSE,SDL MP 7.72% 2038,Others,IN2120220057,True
4672,NSE_EQ|IN2120250427,772MP45,SG,NSE,SDL MP 7.72% 2045,Others,IN2120250427,True
4670,NSE_EQ|IN2120250435,772MP49,SG,NSE,SDL MP 7.72% 2049,Others,IN2120250435,True
6759,NSE_EQ|IN2520230060,772MZ38,SG,NSE,SDL MZ 7.72% 2038,Others,IN2520230060,True
3158,NSE_EQ|IN2920230298,772RJ33,SG,NSE,SDL RJ 7.72% 2033,Others,IN2920230298,True
6954,NSE_EQ|IN2920220026,772RJ35,SG,NSE,SDL RJ 7.72% 2035,Others,IN2920220026,True
6874,NSE_EQ|INE812V08052,772TIL34,N0,NSE,THDC 7.72% 2034 SR XI,Others,INE812V08052,True
6989,NSE_EQ|IN3120230286,772TN33,SG,NSE,SDL TN 7.72% 2033,Others,IN3120230286,True
6971,NSE_EQ|IN3120230369,772TN34,SG,NSE,SDL TN 7.72% 2034,Others,IN3120230369,True
5172,NSE_EQ|IN4520230298,772TS35,SG,NSE,SDL TS 7.72% 2035,Others,IN4520230298,True
5219,NSE_EQ|IN4520230322,772TS36,SG,NSE,SDL TS 7.72% 2036,Others,IN4520230322,True
8873,NSE_EQ|IN4520220430,772TS46,SG,NSE,SDL TS 7.72% 2046,Others,IN4520220430,True
6840,NSE_EQ|IN4520250361,772TS57,SG,NSE,SDL TS 7.72% 2057,Others,IN4520250361,True
6841,NSE_EQ|IN4520250379,772TS63,SG,NSE,SDL TS 7.72% 2063,Others,IN4520250379,True
9105,NSE_EQ|IN3320230144,772UP34,SG,NSE,SDL UP 7.72% 2034,Others,IN3320230144,True
4549,NSE_EQ|IN3320220087,772UP36,SG,NSE,SDL UP 7.72% 2036,Others,IN3320220087,True
5438,NSE_EQ|IN3320260026,772UP36A,SG,NSE,SDL UP 7.72% 2036,Others,IN3320260026,True
8763,NSE_EQ|IN3320250258,772UP44,SG,NSE,SDL UP 7.72% 2044,Others,IN3320250258,True
7845,NSE_EQ|IN3420230150,772WB37,SG,NSE,SDL WB 7.72% 2037,Others,IN3420230150,True
4293,NSE_EQ|IN3420220136,772WB38,SG,NSE,SDL WB 7.72% 2038,Others,IN3420220136,True
3837,NSE_EQ|IN3420250398,772WB41,SG,NSE,SDL WB 7.72% 2041,Others,IN3420250398,True
3757,NSE_EQ|IN3420250414,772WB44,SG,NSE,SDL WB 7.72% 2044,Others,IN3420250414,True
5924,NSE_EQ|INE0AD507150,773AIFL26,N0,NSE,AIF 7.73% 2026 D2 STRPP I,Others,INE0AD507150,True
5918,NSE_EQ|INE0AD507135,773AIFL28,N0,NSE,AIF 7.73 2028 PP D3STRPII,Others,INE0AD507135,True
5921,NSE_EQ|INE0AD507184,773AIFL30,N0,NSE,AIFL 7.73% 2030 SR E2,Others,INE0AD507184,True
5928,NSE_EQ|IN1020220746,773AP32,SG,NSE,SDL AP 7.73% 2032,Others,IN1020220746,True
9043,NSE_EQ|IN1020230638,773AP32A,SG,NSE,SDL AP 7.73% 2032,Others,IN1020230638,True
7659,NSE_EQ|IN1320220099,773BR32,SG,NSE,SDL BR 7.73% 2032,Others,IN1320220099,True
7617,NSE_EQ|IN1320220222,773BR33,SG,NSE,SDL BR 7.73% 2033,Others,IN1320220222,True
3968,NSE_EQ|IN1320230114,773BR38,SG,NSE,SDL BR 7.73% 2038,Others,IN1320230114,True
3949,NSE_EQ|IN1320230155,773BR39,SG,NSE,SDL BR 7.73% 2039,Others,IN1320230155,True
3952,NSE_EQ|IN1320230163,773BR39A,SG,NSE,SDL BR 7.73% 2039,Others,IN1320230163,True
4141,NSE_EQ|IN3520230076,773CG31,SG,NSE,SDL CG 7.73% 2031,Others,IN3520230076,True
2691,NSE_EQ|IN3520250132,773CG44,SG,NSE,SDL CG 7.73% 2044,Others,IN3520250132,True
2985,NSE_EQ|INE121A07SQ1,773CIFCL31,N0,NSE,CIFCL 7.73% 2031 SR 658,Others,INE121A07SQ1,True
4317,NSE_EQ|IN1420230147,773GA33,SG,NSE,SDL GA 7.73% 2033,Others,IN1420230147,True
8776,NSE_EQ|IN1520200016,773GJ29,SG,NSE,SDL GJ 7.73% 2029,Others,IN1520200016,True
9409,NSE_EQ|IN1520220089,773GJ32,SG,NSE,SDL GJ 7.73% 2032,Others,IN1520220089,True
9303,NSE_EQ|IN1520220329,773GJ36,SG,NSE,SDL GJ 7.73% 2036,Others,IN1520220329,True
6101,NSE_EQ|IN0020150051,773GS2034,GS,NSE,GOI LOAN 7.73% 2034,Others,IN0020150051,True
9224,NSE_EQ|IN1620220435,773HR32,SG,NSE,SDL HR 7.73% 2032,Others,IN1620220435,True
9329,NSE_EQ|IN1620220054,773HR33,SG,NSE,SDL HR 7.73% 2033,Others,IN1620220054,True
6319,NSE_EQ|IN1620250358,773HR45,SG,NSE,SDL HR 7.73% 2045,Others,IN1620250358,True
6177,NSE_EQ|IN1620250416,773HR45A,SG,NSE,SDL HR 7.73% 2045,Others,IN1620250416,True
8855,NSE_EQ|IN1920230084,773KA34,SG,NSE,SDL KA 7.73% 2034,Others,IN1920230084,True
8866,NSE_EQ|IN1920230043,773KA35,SG,NSE,SDL KA 7.73% 2035,Others,IN1920230043,True
8903,NSE_EQ|IN1920230175,773KA35A,SG,NSE,SDL KA 7.73% 2035,Others,IN1920230175,True
8864,NSE_EQ|IN1920230050,773KA36,SG,NSE,SDL KA 7.73% 2036,Others,IN1920230050,True
8922,NSE_EQ|IN1920230233,773KA41,SG,NSE,SDL KA 7.73% 2041,Others,IN1920230233,True
3616,NSE_EQ|INE115A07QP9,773LIC34,N2,NSE,LHFL 7.73% 2034 TR 439,Others,INE115A07QP9,True
3568,NSE_EQ|INE115A07RE1,773LICH27,N0,NSE,LICH 7.73% 2027 TR 453,Others,INE115A07RE1,True
8286,NSE_EQ|IN2220220254,773MH32,SG,NSE,SDL MH 7.73% 2032,Others,IN2220220254,True
8285,NSE_EQ|IN2220220247,773MH34,SG,NSE,SDL MH 7.73% 2034,Others,IN2220220247,True
5004,NSE_EQ|IN2220230188,773MH36,SG,NSE,SDL MH 7.73% 2036,Others,IN2220230188,True
6855,NSE_EQ|IN2320230070,773MN35,SG,NSE,SDL MN 7.73% 2035,Others,IN2320230070,True
6763,NSE_EQ|IN2520230086,773MZ39,SG,NSE,SDL MZ 7.73% 2039,Others,IN2520230086,True
2809,NSE_EQ|IN2820250107,773PN32,SG,NSE,SDL PN 7.73% 2032,Others,IN2820250107,True
3125,NSE_EQ|IN2920230256,773RJ33,SG,NSE,SDL RJ 7.73% 2033,Others,IN2920230256,True
6587,NSE_EQ|IN2920220265,773RJ38,SG,NSE,SDL RJ 7.73% 2038,Others,IN2920220265,True
2532,NSE_EQ|IN2920250197,773RJ55,SG,NSE,SDL RJ 7.73% 2055,Others,IN2920250197,True
8376,NSE_EQ|INE033L07IM5,773TCHFL30,N0,NSE,TCHFL 7.73% 2030 SR F,Others,INE033L07IM5,True
6875,NSE_EQ|INE812V08060,773TIL35,N0,NSE,THDC 7.73% 2035 SR XII,Others,INE812V08060,True
3818,NSE_EQ|IN3120260028,773TN36,SG,NSE,SDL TN 7.73% 2036,Others,IN3120260028,True
8874,NSE_EQ|IN4520220422,773TS34,SG,NSE,SDL TS 7.73% 2034,Others,IN4520220422,True
5218,NSE_EQ|IN4520230330,773TS40,SG,NSE,SDL TS 7.73% 2040,Others,IN4520230330,True
4513,NSE_EQ|IN3320220145,773UP33,SG,NSE,SDL UP 7.73% 2033,Others,IN3320220145,True
9104,NSE_EQ|IN3320230136,773UP33A,SG,NSE,SDL UP 7.73% 2033,Others,IN3320230136,True
9100,NSE_EQ|IN3320230151,773UP34,SG,NSE,SDL UP 7.73% 2034,Others,IN3320230151,True
9102,NSE_EQ|IN3320230169,773UP35,SG,NSE,SDL UP 7.73% 2035,Others,IN3320230169,True
4338,NSE_EQ|IN3420220011,773WB32,SG,NSE,SDL WB 7.73% 2032,Others,IN3420220011,True
3834,NSE_EQ|IN3420250331,773WB43,SG,NSE,SDL WB 7.73% 2043,Others,IN3420250331,True
6021,NSE_EQ|IN1020220399,774AP31,SG,NSE,SDL AP 7.74% 2031,Others,IN1020220399,True
5911,NSE_EQ|IN1020220688,774AP32,SG,NSE,SDL AP 7.74% 2032,Others,IN1020220688,True
9051,NSE_EQ|IN1020230679,774AP32A,SG,NSE,SDL AP 7.74% 2032,Others,IN1020230679,True
9154,NSE_EQ|IN1020230554,774AP36,SG,NSE,SDL AP 7.74% 2036,Others,IN1020230554,True
9050,NSE_EQ|IN1020230687,774AP36A,SG,NSE,SDL AP 7.74% 2036,Others,IN1020230687,True
5948,NSE_EQ|IN1020220431,774AP38,SG,NSE,SDL AP 7.74% 2038,Others,IN1020220431,True
5954,NSE_EQ|IN1020220548,774AP42,SG,NSE,SDL AP 7.74% 2042,Others,IN1020220548,True
3905,NSE_EQ|IN1220230131,774AS33,SG,NSE,SDL AS 7.74% 2033,Others,IN1220230131,True
3906,NSE_EQ|IN1220230149,774AS33A,SG,NSE,SDL AS 7.74% 2033,Others,IN1220230149,True
3962,NSE_EQ|IN1320230130,774BR38,SG,NSE,SDL BR 7.74% 2038,Others,IN1320230130,True
3944,NSE_EQ|IN1320230171,774BR39,SG,NSE,SDL BR 7.74% 2039,Others,IN1320230171,True
4139,NSE_EQ|IN3520230084,774CG31,SG,NSE,SDL CG 7.74% 2031,Others,IN3520230084,True
7737,NSE_EQ|IN1420220056,774GA32,SG,NSE,SDL GA 7.74% 2032,Others,IN1420220056,True
8315,NSE_EQ|IN1520260028,774GJ38,SG,NSE,SDL GJ 7.74% 2038,Others,IN1520260028,True
7197,NSE_EQ|IN1720230078,774HP38,SG,NSE,SDL HP 7.74% 2038,Others,IN1720230078,True
9087,NSE_EQ|IN1620220245,774HR29,SG,NSE,SDL HR 7.74% 2029,Others,IN1620220245,True
9160,NSE_EQ|IN1620220476,774HR31,SG,NSE,SDL HR 7.74% 2031,Others,IN1620220476,True
9331,NSE_EQ|IN1620220062,774HR35,SG,NSE,SDL HR 7.74% 2035,Others,IN1620220062,True
3519,NSE_EQ|INE202E07229,774IREDA31,N7,NSE,7.74% TAX FREE NCD,Others,INE202E07229,True
2681,NSE_EQ|INE202E08292,774IREDA35,N0,NSE,IREDA 7.74% 2035 SD-III,Others,INE202E08292,True
8326,NSE_EQ|IN4920230161,774JK43,SG,NSE,SDL JK 7.74% 2043,Others,IN4920230161,True
7833,NSE_EQ|IN4920250243,774JK46,SG,NSE,SDL JK 7.74% 2046,Others,IN4920250243,True
8906,NSE_EQ|IN1920230167,774KA34,SG,NSE,SDL KA 7.74% 2034,Others,IN1920230167,True
8900,NSE_EQ|IN1920230183,774KA36,SG,NSE,SDL KA 7.74% 2036,Others,IN1920230183,True
5872,NSE_EQ|IN1920220036,774KA37,SG,NSE,SDL KA 7.74% 2037,Others,IN1920220036,True
3025,NSE_EQ|IN2020250162,774KL60,SG,NSE,SDL KL 7.74% 2060,Others,IN2020250162,True
3583,NSE_EQ|INE115A07QW5,774LIC28,N0,NSE,LIC 7.74% 2028 TR 445,Others,INE115A07QW5,True
3589,NSE_EQ|INE115A07QZ8,774LICH27,N0,NSE,LICH 7.74% 2027 SR 448,Others,INE115A07QZ8,True
8232,NSE_EQ|IN2220220189,774MH33,SG,NSE,SDL MH 7.74% 2033,Others,IN2220220189,True
6602,NSE_EQ|IN2420250077,774ML35,SG,NSE,SDL ML 7.74% 2035,Others,IN2420250077,True
8424,NSE_EQ|IN2120220131,774MP43,SG,NSE,SDL MP 7.74% 2043,Others,IN2120220131,True
4679,NSE_EQ|IN2120250492,774MP47,SG,NSE,SDL MP 7.74% 2047,Others,IN2120250492,True
2992,NSE_EQ|IN2520220046,774MZ33,SG,NSE,SDL MZ 7.74% 2033,Others,IN2520220046,True
3327,NSE_EQ|IN2520220111,774MZ38,SG,NSE,SDL MZ 7.74% 2038,Others,IN2520220111,True
8974,NSE_EQ|IN2520250100,774MZ41,SG,NSE,SDL MZ 7.74% 2041,Others,IN2520250100,True
9423,NSE_EQ|INE0KUG08134,774NBFID36,N0,NSE,NABF 7.74% 2036 SR 1,Others,INE0KUG08134,True
6774,NSE_EQ|IN2820220225,774PN39,SG,NSE,SDL PN 7.74% 2039,Others,IN2820220225,True
3195,NSE_EQ|INE608A08058,774PSB34,N0,NSE,PSB 7.74% 2034 SR 1,Others,INE608A08058,True
3085,NSE_EQ|IN2920230322,774RJ33,SG,NSE,SDL RJ 7.74% 2033,Others,IN2920230322,True
3087,NSE_EQ|IN2920230355,774RJ33A,SG,NSE,SDL RJ 7.74% 2033,Others,IN2920230355,True
3090,NSE_EQ|IN2920230371,774RJ34,SG,NSE,SDL RJ 7.74% 2034,Others,IN2920230371,True
3156,NSE_EQ|IN2920230264,774RJ39,SG,NSE,SDL RJ 7.74% 2039,Others,IN2920230264,True
6554,NSE_EQ|IN2920220323,774RJ40,SG,NSE,SDL RJ 7.74% 2040,Others,IN2920220323,True
6915,NSE_EQ|IN2920220182,774RJ42,SG,NSE,SDL RJ 7.74% 2042,Others,IN2920220182,True
6552,NSE_EQ|IN2920220331,774RJ49,SG,NSE,SDL RJ 7.74% 2049,Others,IN2920220331,True
3805,NSE_EQ|IN3120260051,774TN36,SG,NSE,SDL TN 7.74% 2036,Others,IN3120260051,True
8535,NSE_EQ|IN3220250051,774TR41,SG,NSE,SDL TR 7.74% 2041,Others,IN3220250051,True
5220,NSE_EQ|IN4520230355,774TS35,SG,NSE,SDL TS 7.74% 2035,Others,IN4520230355,True
8915,NSE_EQ|IN4520220125,774TS45,SG,NSE,SDL TS 7.74% 2045,Others,IN4520220125,True
8913,NSE_EQ|IN4520220133,774TS46,SG,NSE,SDL TS 7.74% 2046,Others,IN4520220133,True
8830,NSE_EQ|IN4520220463,774TS48,SG,NSE,SDL TS 7.74% 2048,Others,IN4520220463,True
6830,NSE_EQ|IN4520250346,774TS51,SG,NSE,SDL TS 7.74% 2051,Others,IN4520250346,True
6831,NSE_EQ|IN4520250353,774TS55,SG,NSE,SDL TS 7.74% 2055,Others,IN4520250353,True
7175,NSE_EQ|IN3620220050,774UK33,SG,NSE,SDL UK 7.74% 2033,Others,IN3620220050,True
4504,NSE_EQ|IN3320220152,774UP37,SG,NSE,SDL UP 7.74% 2037,Others,IN3320220152,True
5441,NSE_EQ|IN3320260034,774UP38,SG,NSE,SDL UP 7.74% 2038,Others,IN3320260034,True
4294,NSE_EQ|IN3420220144,774WB39,SG,NSE,SDL WB 7.74% 2039,Others,IN3420220144,True
4435,NSE_EQ|IN3420220284,774WB41,SG,NSE,SDL WB 7.74% 2041,Others,IN3420220284,True
4438,NSE_EQ|IN3420220292,774WB43,SG,NSE,SDL WB 7.74% 2043,Others,IN3420220292,True
3838,NSE_EQ|IN3420250372,774WB44,SG,NSE,SDL WB 7.74% 2044,Others,IN3420250372,True
3839,NSE_EQ|IN3420250380,774WB48,SG,NSE,SDL WB 7.74% 2048,Others,IN3420250380,True
5963,NSE_EQ|IN1020220563,775AP29,SG,NSE,SDL AP 7.75% 2029,Others,IN1020220563,True
8907,NSE_EQ|IN1120250031,775AR46,SG,NSE,SDL AR 7.75% 2046,Others,IN1120250031,True
7683,NSE_EQ|INE403D08314,775BTL28,N0,NSE,BTL 7.75% 2028 SR XXIX,Others,INE403D08314,True
7421,NSE_EQ|IN3520220010,775CG31,SG,NSE,SDL CG 7.75% 2031,Others,IN3520220010,True
2754,NSE_EQ|IN3520250082,775CG42,SG,NSE,SDL CG 7.75% 2042,Others,IN3520250082,True
8171,NSE_EQ|INE0Z8Z07016,775CIT38,N0,NSE,CIT 7.75% 2038,Others,INE0Z8Z07016,True
4309,NSE_EQ|IN1420230188,775GA33,SG,NSE,SDL GA 7.75% 2033,Others,IN1420230188,True
9404,NSE_EQ|IN1520220105,775GJ32,SG,NSE,SDL GJ 7.75% 2032,Others,IN1520220105,True
3510,NSE_EQ|IN1720220228,775HP32,SG,NSE,SDL HP 7.75% 2032,Others,IN1720220228,True
5815,NSE_EQ|IN1620230269,775HR35,SG,NSE,SDL HR 7.75% 2035,Others,IN1620230269,True
5741,NSE_EQ|IN1620230301,775HR35A,SG,NSE,SDL HR 7.75% 2035,Others,IN1620230301,True
3594,NSE_EQ|INE115A07QU9,775LICH29,N0,NSE,LICH 7.75% 2029 SR 444,Others,INE115A07QU9,True
6399,NSE_EQ|INE498L07103,775LTFL27,N0,NSE,LFL 7.75% 2027 SR G,Others,INE498L07103,True
2890,NSE_EQ|IN2320260010,775MN33,SG,NSE,SDL MN 7.75% 2033,Others,IN2320260010,True
3918,NSE_EQ|INE246R07889,775NIIF33,N0,NSE,NIIF 7.75% 2033 SR PP9,Others,INE246R07889,True
4908,NSE_EQ|IN2620220086,775NL33,SG,NSE,SDL NL 7.75% 2033,Others,IN2620220086,True
2730,NSE_EQ|IN2820230174,775PN36,SG,NSE,SDL PN 7.75% 2036,Others,IN2820230174,True
6941,NSE_EQ|IN2820220076,775PN42,SG,NSE,SDL PN 7.75% 2042,Others,IN2820220076,True
3084,NSE_EQ|IN2920230330,775RJ35,SG,NSE,SDL RJ 7.75% 2035,Others,IN2920230330,True
3083,NSE_EQ|IN2920230306,775RJ36,SG,NSE,SDL RJ 7.75% 2036,Others,IN2920230306,True
5155,NSE_EQ|INE660A07RU2,775SFL26,N0,NSE,SFL 7.75% 2026 SR Y4,Others,INE660A07RU2,True
5548,NSE_EQ|INE556F08KN9,775SIDBI27,N1,NSE,SIDBI 7.75% 2027 SR VII,Others,INE556F08KN9,True
3404,NSE_EQ|IN3020220064,775SK33,SG,NSE,SDL SK 7.75% 2033,Others,IN3020220064,True
7153,NSE_EQ|IN3020230030,775SK33A,SG,NSE,SDL SK 7.75% 2033,Others,IN3020230030,True
3049,NSE_EQ|IN3120200016,775TN30,SG,NSE,SDL TN 7.75% 2030,Others,IN3120200016,True
3524,NSE_EQ|IN3120220113,775TN32,SG,NSE,SDL TN 7.75% 2032,Others,IN3120220113,True
5226,NSE_EQ|IN4520230306,775TS37,SG,NSE,SDL TS 7.75% 2037,Others,IN4520230306,True
6735,NSE_EQ|IN4520250759,775TS45,SG,NSE,SDL TS 7.75% 2045,Others,IN4520250759,True
6719,NSE_EQ|IN4520250718,775TS53,SG,NSE,SDL TS 7.75% 2053,Others,IN4520250718,True
9095,NSE_EQ|IN3320230193,775UP33,SG,NSE,SDL UP 7.75% 2033,Others,IN3320230193,True
9084,NSE_EQ|IN3320230201,775UP34,SG,NSE,SDL UP 7.75% 2034,Others,IN3320230201,True
4519,NSE_EQ|IN3320220129,775UP35,SG,NSE,SDL UP 7.75% 2035,Others,IN3320220129,True
4508,NSE_EQ|IN3320220137,775UP38,SG,NSE,SDL UP 7.75% 2038,Others,IN3320220137,True
4432,NSE_EQ|IN3420220268,775WB39,SG,NSE,SDL WB 7.75% 2039,Others,IN3420220268,True
3975,NSE_EQ|IN3420250109,775WB47,SG,NSE,SDL WB 7.75% 2047,Others,IN3420250109,True
6089,NSE_EQ|IN1020220076,776AP32,SG,NSE,SDL AP 7.76% 2032,Others,IN1020220076,True
9151,NSE_EQ|IN1020230562,776AP37,SG,NSE,SDL AP 7.76% 2037,Others,IN1020230562,True
3429,NSE_EQ|IN1220250204,776AS46,SG,NSE,SDL AS 7.76% 2046,Others,IN1220250204,True
6854,NSE_EQ|INE171A08057,776FEDB34,N0,NSE,FEDB 7.76% 2034 SR 1,Others,INE171A08057,True
4714,NSE_EQ|IN1420250160,776GA38,SG,NSE,SDL GA 7.76% 2038,Others,IN1420250160,True
3378,NSE_EQ|IN1720220012,776HP30,SG,NSE,SDL HP 7.76% 2030,Others,IN1720220012,True
3505,NSE_EQ|IN1720220210,776HP33,SG,NSE,SDL HP 7.76% 2033,Others,IN1720220210,True
9090,NSE_EQ|IN1620220260,776HR30,SG,NSE,SDL HR 7.76% 2030,Others,IN1620220260,True
6181,NSE_EQ|IN1620250432,776HR39,SG,NSE,SDL HR 7.76% 2039,Others,IN1620250432,True
8664,NSE_EQ|IN1920250363,776KA41,SG,NSE,SDL KA 7.76% 2041,Others,IN1920250363,True
3352,NSE_EQ|IN2020230206,776KL35,SG,NSE,SDL KL 7.76% 2035,Others,IN2020230206,True
6332,NSE_EQ|IN2020220033,776KL38,SG,NSE,SDL KL 7.76% 2038,Others,IN2020220033,True
6282,NSE_EQ|IN2020220199,776KL51,SG,NSE,SDL KL 7.76% 2051,Others,IN2020220199,True
6261,NSE_EQ|IN2020220207,776KL58,SG,NSE,SDL KL 7.76% 2058,Others,IN2020220207,True
8234,NSE_EQ|IN2220220122,776MH30,SG,NSE,SDL MH 7.76% 2030,Others,IN2220220122,True
3237,NSE_EQ|IN2320220089,776MN35,SG,NSE,SDL MN 7.76% 2035,Others,IN2320220089,True
5047,NSE_EQ|IN2120230122,776MP37,SG,NSE,SDL MP 7.76% 2037,Others,IN2120230122,True
5050,NSE_EQ|IN2120230130,776MP37A,SG,NSE,SDL MP 7.76% 2037,Others,IN2120230130,True
6922,NSE_EQ|IN2820220027,776PN37,SG,NSE,SDL PN 7.76% 2037,Others,IN2820220027,True
6872,NSE_EQ|INE812V08045,776TIL34,N1,NSE,THDC 7.76% 2034 SR X,Others,INE812V08045,True
3573,NSE_EQ|IN3120220386,776TN53,SG,NSE,SDL TN 7.76% 2053,Others,IN3120220386,True
6756,NSE_EQ|IN4520250684,776TS39,SG,NSE,SDL TS 7.76% 2039,Others,IN4520250684,True
7176,NSE_EQ|IN3620220068,776UK33,SG,NSE,SDL UK 7.76% 2033,Others,IN3620220068,True
3769,NSE_EQ|IN3420250448,776WB49,SG,NSE,SDL WB 7.76% 2049,Others,IN3420250448,True
9033,NSE_EQ|IN1020230612,777AP35,SG,NSE,SDL AP 7.77% 2035,Others,IN1020230612,True
5925,NSE_EQ|IN1020220704,777AP40,SG,NSE,SDL AP 7.77% 2040,Others,IN1020220704,True
3575,NSE_EQ|IN1320250286,777BR52,SG,NSE,SDL BR 7.77% 2052,Others,IN1320250286,True
9414,NSE_EQ|IN1520220014,777GJ31,SG,NSE,SDL GJ 7.77% 2031,Others,IN1520220014,True
9411,NSE_EQ|IN1520220063,777GJ32,SG,NSE,SDL GJ 7.77% 2032,Others,IN1520220063,True
9128,NSE_EQ|IN1620220179,777HR32,SG,NSE,SDL HR 7.77% 2032,Others,IN1620220179,True
9162,NSE_EQ|IN1620220484,777HR33,SG,NSE,SDL HR 7.77% 2033,Others,IN1620220484,True
5751,NSE_EQ|IN1620230343,777HR36,SG,NSE,SDL HR 7.77% 2036,Others,IN1620230343,True
2856,NSE_EQ|INE202E08151,777IREDA27,N9,NSE,IREDA 7.77% 2027 SR XV D,Others,INE202E08151,True
4760,NSE_EQ|IN4920220113,777JK35,SG,NSE,SDL JK 7.77% 2035,Others,IN4920220113,True
5447,NSE_EQ|IN4920220055,777JK37,SG,NSE,SDL JK 7.77% 2037,Others,IN4920220055,True
5379,NSE_EQ|IN2020250287,777KL48,SG,NSE,SDL KL 7.77% 2048,Others,IN2020250287,True
8168,NSE_EQ|IN2220260052,777MH44,SG,NSE,SDL MH 7.77% 2044,Others,IN2220260052,True
3867,NSE_EQ|IN2420260027,777ML36,SG,NSE,SDL ML 7.77% 2036,Others,IN2420260027,True
6856,NSE_EQ|IN2320230088,777MN38,SG,NSE,SDL MN 7.77% 2038,Others,IN2320230088,True
8429,NSE_EQ|IN2120220107,777MP43,SG,NSE,SDL MP 7.77% 2043,Others,IN2120220107,True
8422,NSE_EQ|IN2120220149,777MP47,SG,NSE,SDL MP 7.77% 2047,Others,IN2120220149,True
2728,NSE_EQ|IN2820230182,777PN33,SG,NSE,SDL PN 7.77% 2033,Others,IN2820230182,True
2745,NSE_EQ|IN2820230216,777PN36,SG,NSE,SDL PN 7.77% 2036,Others,IN2820230216,True
2839,NSE_EQ|IN2820250180,777PN38,SG,NSE,SDL PN 7.77% 2038,Others,IN2820250180,True
6933,NSE_EQ|IN2920220141,777RJ32,SG,NSE,SDL RJ 7.77% 2032,Others,IN2920220141,True
6553,NSE_EQ|IN2920220315,777RJ33,SG,NSE,SDL RJ 7.77% 2033,Others,IN2920220315,True
8533,NSE_EQ|IN3220250069,777TR41,SG,NSE,SDL TR 7.77% 2041,Others,IN3220250069,True
3947,NSE_EQ|IN3420250091,777WB46,SG,NSE,SDL WB 7.77% 2046,Others,IN3420250091,True
3696,NSE_EQ|INE951F08077,778ABSL35,N0,NSE,ABSL 7.78% 2035,Others,INE951F08077,True
5920,NSE_EQ|INE0AD507127,778AIFL30,N0,NSE,AIFL 7.78% 2030 SR A1,Others,INE0AD507127,True
6087,NSE_EQ|IN1020220084,778AP41,SG,NSE,SDL AP 7.78% 2041,Others,IN1020220084,True
6083,NSE_EQ|IN1020220092,778AP42,SG,NSE,SDL AP 7.78% 2042,Others,IN1020220092,True
3986,NSE_EQ|IN1220230172,778AS34,SG,NSE,SDL AS 7.78% 2034,Others,IN1220230172,True
3957,NSE_EQ|IN1320230106,778BR31,SG,NSE,SDL BR 7.78% 2031,Others,IN1320230106,True
6317,NSE_EQ|IN1620250325,778HR40,SG,NSE,SDL HR 7.78% 2040,Others,IN1620250325,True
3027,NSE_EQ|IN2020250154,778KL45,SG,NSE,SDL KL 7.78% 2045,Others,IN2020250154,True
5480,NSE_EQ|IN2220190143,778MH29,SG,NSE,SDL MH 7.78% 2029,Others,IN2220190143,True
8247,NSE_EQ|IN2220220148,778MH30,SG,NSE,SDL MH 7.78% 2030,Others,IN2220220148,True
3450,NSE_EQ|IN2420220021,778ML31,SG,NSE,SDL ML 7.78% 2031,Others,IN2420220021,True
2997,NSE_EQ|IN2520220061,778MZ32,SG,NSE,SDL MZ 7.78% 2032,Others,IN2520220061,True
2994,NSE_EQ|IN2520220053,778MZ37,SG,NSE,SDL MZ 7.78% 2037,Others,IN2520220053,True
8284,NSE_EQ|IN2620230069,778NL33,SG,NSE,SDL NL 7.78% 2033,Others,IN2620230069,True
2746,NSE_EQ|IN2820230224,778PN37,SG,NSE,SDL PN 7.78% 2037,Others,IN2820230224,True
5980,NSE_EQ|IN3820230016,778PY36,SG,NSE,SDL PY 7.78% 2036,Others,IN3820230016,True
6556,NSE_EQ|IN2920220349,778RJ33,SG,NSE,SDL RJ 7.78% 2033,Others,IN2920220349,True
4559,NSE_EQ|INE667F07IY7,778SHFL28,N0,NSE,SHFL 7.78% 2028 SR 346,Others,INE667F07IY7,True
8551,NSE_EQ|IN3220250044,778TR41,SG,NSE,SDL TR 7.78% 2041,Others,IN3220250044,True
8828,NSE_EQ|IN4520220455,778TS34,SG,NSE,SDL TS 7.78% 2034,Others,IN4520220455,True
4507,NSE_EQ|IN3320220160,778UP35,SG,NSE,SDL UP 7.78% 2035,Others,IN3320220160,True
4502,NSE_EQ|IN3320220178,778UP36,SG,NSE,SDL UP 7.78% 2036,Others,IN3320220178,True
6531,NSE_EQ|INE498L07202,7794LTFL31,N0,NSE,LTFL 7.7942% 2031 SR A,Others,INE498L07202,True
6374,NSE_EQ|INE498L07087,7798LTFH29,N0,NSE,LTFH 7.798% 2029 SR F,Others,INE498L07087,True
6019,NSE_EQ|IN1020220357,779AP31,SG,NSE,SDL AP 7.79% 2031,Others,IN1020220357,True
4402,NSE_EQ|IN1020260049,779AP42,SG,NSE,SDL AP 7.79% 2042,Others,IN1020260049,True
8078,NSE_EQ|IN1020250628,779AP51,SG,NSE,SDL AP 7.79% 2051,Others,IN1020250628,True
8312,NSE_EQ|IN1520260044,779GJ41,SG,NSE,SDL GJ 7.79% 2041,Others,IN1520260044,True
3509,NSE_EQ|IN1720220236,779HP38,SG,NSE,SDL HP 7.79% 2038,Others,IN1720220236,True
4758,NSE_EQ|IN4920220121,779JK35,SG,NSE,SDL JK 7.79% 2035,Others,IN4920220121,True
7832,NSE_EQ|IN4920250268,779JK41,SG,NSE,SDL JK 7.79% 2041,Others,IN4920250268,True
7830,NSE_EQ|IN4920250284,779JK51,SG,NSE,SDL JK 7.79% 2051,Others,IN4920250284,True
6400,NSE_EQ|INE498L07111,779LTFL30,N0,NSE,LTFL 7.7989% 2030 SR H,Others,INE498L07111,True
8102,NSE_EQ|IN2220260060,779MH54,SG,NSE,SDL MH 7.79% 2054,Others,IN2220260060,True
2888,NSE_EQ|IN2320260028,779MN42,SG,NSE,SDL MN 7.79% 2042,Others,IN2320260028,True
5337,NSE_EQ|IN2520260026,779MZ41,SG,NSE,SDL MZ 7.79% 2041,Others,IN2520260026,True
2726,NSE_EQ|IN2820230190,779PN36,SG,NSE,SDL PN 7.79% 2036,Others,IN2820230190,True
2747,NSE_EQ|IN2820230208,779PN37,SG,NSE,SDL PN 7.79% 2037,Others,IN2820230208,True
2744,NSE_EQ|IN2820230232,779PN38,SG,NSE,SDL PN 7.79% 2038,Others,IN2820230232,True
5317,NSE_EQ|IN3820250063,779PY41,SG,NSE,SDL PY 7.79% 2041,Others,IN3820250063,True
6934,NSE_EQ|IN2920220174,779RJ32,SG,NSE,SDL RJ 7.79% 2032,Others,IN2920220174,True
5546,NSE_EQ|INE556F08KM1,779SIDBI27,N0,NSE,SIDBI 7.79% 2027 SR VI,Others,INE556F08KM1,True
3639,NSE_EQ|IN3120220170,779TN32,SG,NSE,SDL TN 7.79% 2032,Others,IN3120220170,True
4503,NSE_EQ|IN3320220186,779UP33,SG,NSE,SDL UP 7.79% 2033,Others,IN3320220186,True
8761,NSE_EQ|IN3320250274,779UP51,SG,NSE,SDL UP 7.79% 2051,Others,IN3320250274,True
7902,NSE_EQ|IN3420230127,779WB40,SG,NSE,SDL WB 7.79% 2040,Others,IN3420230127,True
4433,NSE_EQ|IN3420220276,779WB42,SG,NSE,SDL WB 7.79% 2042,Others,IN3420220276,True
3751,NSE_EQ|IN3420250430,779WB45,SG,NSE,SDL WB 7.79% 2045,Others,IN3420250430,True
3763,NSE_EQ|IN3420250471,779WB51,SG,NSE,SDL WB 7.79% 2051,Others,IN3420250471,True
5910,NSE_EQ|IN1020220696,77AP28,SG,NSE,SDL AP 7.7% 2028,Others,IN1020220696,True
5930,NSE_EQ|IN1020220720,77AP29,SG,NSE,SDL AP 7.7% 2029,Others,IN1020220720,True
9032,NSE_EQ|IN1020230620,77AP29A,SG,NSE,SDL AP 7.7% 2029,Others,IN1020230620,True
5906,NSE_EQ|IN1020220662,77AP30,SG,NSE,SDL AP 7.7% 2030,Others,IN1020220662,True
5929,NSE_EQ|IN1020220738,77AP30A,SG,NSE,SDL AP 7.7% 2030,Others,IN1020220738,True
9265,NSE_EQ|IN1020230026,77AP32,SG,NSE,SDL AP 7.7% 2032,Others,IN1020230026,True
9036,NSE_EQ|IN1020230661,77AP38,SG,NSE,SDL AP 7.7% 2038,Others,IN1020230661,True
9065,NSE_EQ|IN1020230745,77AP42,SG,NSE,SDL AP 7.7% 2042,Others,IN1020230745,True
9149,NSE_EQ|IN1020230588,77AP43,SG,NSE,SDL AP 7.7% 2043,Others,IN1020230588,True
9048,NSE_EQ|IN1020230695,77AP43A,SG,NSE,SDL AP 7.7% 2043,Others,IN1020230695,True
8096,NSE_EQ|IN1020250560,77AP47,SG,NSE,SDL AP 7.7% 2047,Others,IN1020250560,True
3875,NSE_EQ|IN1320230098,77BR31,SG,NSE,SDL BR 7.7% 2031,Others,IN1320230098,True
7640,NSE_EQ|IN1320220131,77BR32,SG,NSE,SDL BR 7.7% 2032,Others,IN1320220131,True
3969,NSE_EQ|IN1320230122,77BR38,SG,NSE,SDL BR 7.7% 2038,Others,IN1320230122,True
4313,NSE_EQ|IN1420230121,77GA33,SG,NSE,SDL GA 7.7% 2033,Others,IN1420230121,True
4305,NSE_EQ|IN1420230154,77GA33A,SG,NSE,SDL GA 7.7% 2033,Others,IN1420230154,True
4306,NSE_EQ|IN1420230162,77GA33B,SG,NSE,SDL GA 7.7% 2033,Others,IN1420230162,True
8313,NSE_EQ|IN1520260036,77GJ36,SG,NSE,SDL GJ 7.7% 2036,Others,IN1520260036,True
8308,NSE_EQ|IN1520260069,77GJ40,SG,NSE,SDL GJ 7.7% 2040,Others,IN1520260069,True
3417,NSE_EQ|IN1720220160,77HP36,SG,NSE,SDL HP 7.7% 2036,Others,IN1720220160,True
3412,NSE_EQ|IN1720220178,77HP38,SG,NSE,SDL HP 7.7% 2038,Others,IN1720220178,True
9221,NSE_EQ|IN1620220419,77HR31,SG,NSE,SDL HR 7.7% 2031,Others,IN1620220419,True
9226,NSE_EQ|IN1620220443,77HR32,SG,NSE,SDL HR 7.7% 2032,Others,IN1620220443,True
9092,NSE_EQ|IN1620220286,77HR34,SG,NSE,SDL HR 7.7% 2034,Others,IN1620220286,True
5231,NSE_EQ|INE219X07215,77IGT28,NE,NSE,SEC RE NCD 7.70% SR.III,Others,INE219X07215,True
5444,NSE_EQ|IN4920220089,77JK37,SG,NSE,SDL JK 7.7% 2037,Others,IN4920220089,True
8862,NSE_EQ|IN1920230068,77KA33,SG,NSE,SDL KA 7.7% 2033,Others,IN1920230068,True
8869,NSE_EQ|IN1920230035,77KA34,SG,NSE,SDL KA 7.7% 2034,Others,IN1920230035,True
6320,NSE_EQ|IN2020220074,77KL47,SG,NSE,SDL KL 7.7% 2047,Others,IN2020220074,True
8236,NSE_EQ|IN2220220130,77MH30,SG,NSE,SDL MH 7.7% 2030,Others,IN2220220130,True
8233,NSE_EQ|IN2220220197,77MH31,SG,NSE,SDL MH 7.7% 2031,Others,IN2220220197,True
8291,NSE_EQ|IN2220220205,77MH33,SG,NSE,SDL MH 7.7% 2033,Others,IN2220220205,True
5002,NSE_EQ|IN2220230154,77MH33A,SG,NSE,SDL MH 7.7% 2033,Others,IN2220230154,True
5001,NSE_EQ|IN2220230147,77MH34,SG,NSE,SDL MH 7.7% 2034,Others,IN2220230147,True
4999,NSE_EQ|IN2220230162,77MH34A,SG,NSE,SDL MH 7.7% 2034,Others,IN2220230162,True
3235,NSE_EQ|IN2320220063,77MN35,SG,NSE,SDL MN 7.7% 2035,Others,IN2320220063,True
3001,NSE_EQ|IN2520220087,77MZ35,SG,NSE,SDL MZ 7.7% 2035,Others,IN2520220087,True
4482,NSE_EQ|INE118D08078,77NVCL28,N0,NSE,NVCL 7.7% 2028,Others,INE118D08078,True
6743,NSE_EQ|IN2820220183,77PN40,SG,NSE,SDL PN 7.7% 2040,Others,IN2820220183,True
6955,NSE_EQ|IN2820220100,77PN42,SG,NSE,SDL PN 7.7% 2042,Others,IN2820220100,True
5306,NSE_EQ|IN3820250071,77PY35,SG,NSE,SDL PY 7.7% 2035,Others,IN3820250071,True
6953,NSE_EQ|IN2920220018,77RJ32,SG,NSE,SDL RJ 7.7% 2032,Others,IN2920220018,True
3154,NSE_EQ|IN2920230272,77RJ43,SG,NSE,SDL RJ 7.7% 2043,Others,IN2920230272,True
4304,NSE_EQ|INE667F08202,77SHFL36,N0,NSE,SHFL 7.7% 2036 SR SD1,Others,INE667F08202,True
7155,NSE_EQ|IN3020230048,77SK34,SG,NSE,SDL SK 7.7% 2034,Others,IN3020230048,True
3530,NSE_EQ|IN3120220154,77TN42,SG,NSE,SDL TN 7.7% 2042,Others,IN3120220154,True
3201,NSE_EQ|IN4520260048,77TS37,SG,NSE,SDL TS 7.7% 2037,Others,IN4520260048,True
5132,NSE_EQ|IN4520230363,77TS38,SG,NSE,SDL TS 7.7% 2038,Others,IN4520230363,True
6737,NSE_EQ|IN4520250767,77TS54,SG,NSE,SDL TS 7.7% 2054,Others,IN4520250767,True
4355,NSE_EQ|IN3620250131,77UK35,SG,NSE,SDL UK 7.7% 2035,Others,IN3620250131,True
9106,NSE_EQ|IN3320230110,77UP33,SG,NSE,SDL UP 7.7% 2033,Others,IN3320230110,True
9136,NSE_EQ|IN3320230086,77UP34,SG,NSE,SDL UP 7.7% 2034,Others,IN3320230086,True
9098,NSE_EQ|IN3320230185,77UP35,SG,NSE,SDL UP 7.7% 2035,Others,IN3320230185,True
3759,NSE_EQ|IN3420250422,77WB48,SG,NSE,SDL WB 7.7% 2048,Others,IN3420250422,True
8740,NSE_EQ|IN1020190584,780AP33,SG,NSE,SDL AP 7.80% 2033,Others,IN1020190584,True
8152,NSE_EQ|INE465A08038,780BFL27,N0,NSE,BFL 7.80% 2027,Others,INE465A08038,True
7952,NSE_EQ|INE957N07856,780HFL27,N0,NSE,HFL 7.80% 2027 SR 75,Others,INE957N07856,True
5195,NSE_EQ|IN1620190208,780HR30,SG,NSE,SDL HR 7.80% 2030,Others,IN1620190208,True
2583,NSE_EQ|IN1920200012,780KA30,SG,NSE,SDL KA 7.80% 2030,Others,IN1920200012,True
7444,NSE_EQ|INE535H07CN8,780SICC29,N0,NSE,SICC 7.80% 2029 SR 111,Others,INE535H07CN8,True
3821,NSE_EQ|IN3120260036,780TN41,SG,NSE,SDL TN 7.80% 2041,Others,IN3120260036,True
6578,NSE_EQ|INE685A07173,780TOPL31,N0,NSE,TOPL 7.80% 2031 SR 4,Others,INE685A07173,True
6758,NSE_EQ|IN4520250692,780TS42,SG,NSE,SDL TS 7.80% 2042,Others,IN4520250692,True
4408,NSE_EQ|IN1020260056,781AP56,SG,NSE,SDL AP 7.81% 2056,Others,IN1020260056,True
7741,NSE_EQ|IN1420220015,781GA32,SG,NSE,SDL GA 7.81% 2032,Others,IN1420220015,True
9401,NSE_EQ|IN1520220113,781GJ32,SG,NSE,SDL GJ 7.81% 2032,Others,IN1520220113,True
3188,NSE_EQ|IN1720260018,781HP36,SG,NSE,SDL HP 7.81% 2036,Others,IN1720260018,True
9337,NSE_EQ|IN1620220088,781HR32,SG,NSE,SDL HR 7.81% 2032,Others,IN1620220088,True
9124,NSE_EQ|IN1620220138,781HR32A,SG,NSE,SDL HR 7.81% 2032,Others,IN1620220138,True
9126,NSE_EQ|IN1620220153,781HR32B,SG,NSE,SDL HR 7.81% 2032,Others,IN1620220153,True
9089,NSE_EQ|IN1620220252,781HR32C,SG,NSE,SDL HR 7.81% 2032,Others,IN1620220252,True
4370,NSE_EQ|IN4920260028,781JK51,SG,NSE,SDL JK 7.81% 2051,Others,IN4920260028,True
9006,NSE_EQ|IN2020260021,781KL37,SG,NSE,SDL KL 7.81% 2037,Others,IN2020260021,True
6325,NSE_EQ|IN2020220082,781KL44,SG,NSE,SDL KL 7.81% 2044,Others,IN2020220082,True
6760,NSE_EQ|IN2520230078,781MZ37,SG,NSE,SDL MZ 7.81% 2037,Others,IN2520230078,True
6944,NSE_EQ|IN2920220091,781RJ32,SG,NSE,SDL RJ 7.81% 2032,Others,IN2920220091,True
6942,NSE_EQ|IN2920220075,781RJ47,SG,NSE,SDL RJ 7.81% 2047,Others,IN2920220075,True
6339,NSE_EQ|IN2920260048,781RJ49,SG,NSE,SDL RJ 7.81% 2049,Others,IN2920260048,True
7404,NSE_EQ|INE092A08071,781TCHE27,N0,NSE,TCHE 7.81% 2027,Others,INE092A08071,True
3551,NSE_EQ|IN3120220055,781TN52,SG,NSE,SDL TN 7.81% 2052,Others,IN3120220055,True
4553,NSE_EQ|IN3320220038,781UP32,SG,NSE,SDL UP 7.81% 2032,Others,IN3320220038,True
4555,NSE_EQ|IN3320220046,781UP34,SG,NSE,SDL UP 7.81% 2034,Others,IN3320220046,True
4501,NSE_EQ|IN3320220194,781UP34A,SG,NSE,SDL UP 7.81% 2034,Others,IN3320220194,True
9240,NSE_EQ|IN3320250209,781UP41,SG,NSE,SDL UP 7.81% 2041,Others,IN3320250209,True
8368,NSE_EQ|INE831R07508,78241ABH29,N0,NSE,ABHFL 7.8241% 2029 SR H1,Others,INE831R07508,True
5955,NSE_EQ|IN1020220530,782AP35,SG,NSE,SDL AP 7.82% 2035,Others,IN1020220530,True
6015,NSE_EQ|IN1020220381,782AP42,SG,NSE,SDL AP 7.82% 2042,Others,IN1020220381,True
7373,NSE_EQ|IN1220220041,782AS32,SG,NSE,SDL AS 7.82% 2032,Others,IN1220220041,True
7415,NSE_EQ|IN1220220132,782AS32A,SG,NSE,SDL AS 7.82% 2032,Others,IN1220220132,True
6387,NSE_EQ|IN3520260040,782CG48,SG,NSE,SDL CG 7.82% 2048,Others,IN3520260040,True
9412,NSE_EQ|IN1520220030,782GJ32,SG,NSE,SDL GJ 7.82% 2032,Others,IN1520220030,True
3379,NSE_EQ|IN1720220020,782HP32,SG,NSE,SDL HP 7.82% 2032,Others,IN1720220020,True
7872,NSE_EQ|IN4920250110,782JK42,SG,NSE,SDL JK 7.82% 2042,Others,IN4920250110,True
3238,NSE_EQ|IN2320220022,782MN32,SG,NSE,SDL MN 7.82% 2032,Others,IN2320220022,True
4660,NSE_EQ|IN2120250526,782MP40,SG,NSE,SDL MP 7.82% 2040,Others,IN2120250526,True
4634,NSE_EQ|IN2120250385,782MP42,SG,NSE,SDL MP 7.82% 2042,Others,IN2120250385,True
4905,NSE_EQ|IN2620220029,782NL32,SG,NSE,SDL NL 7.82% 2032,Others,IN2620220029,True
4903,NSE_EQ|IN2620220045,782NL32A,SG,NSE,SDL NL 7.82% 2032,Others,IN2620220045,True
6940,NSE_EQ|IN2820220068,782PN42,SG,NSE,SDL PN 7.82% 2042,Others,IN2820220068,True
6581,NSE_EQ|IN2920220216,782RJ32,SG,NSE,SDL RJ 7.82% 2032,Others,IN2920220216,True
6925,NSE_EQ|IN2920220133,782RJ44,SG,NSE,SDL RJ 7.82% 2044,Others,IN2920220133,True
3413,NSE_EQ|IN3020220015,782SK32,SG,NSE,SDL SK 7.82% 2032,Others,IN3020220015,True
3418,NSE_EQ|IN3020220049,782SK32A,SG,NSE,SDL SK 7.82% 2032,Others,IN3020220049,True
3643,NSE_EQ|IN3120220188,782TN32,SG,NSE,SDL TN 7.82% 2032,Others,IN3120220188,True
3205,NSE_EQ|IN4520260055,782TS47,SG,NSE,SDL TS 7.82% 2047,Others,IN4520260055,True
5442,NSE_EQ|IN3320260042,782UP46,SG,NSE,SDL UP 7.82% 2046,Others,IN3320260042,True
4342,NSE_EQ|IN3420220045,782WB32,SG,NSE,SDL WB 7.82% 2032,Others,IN3420220045,True
3827,NSE_EQ|IN3420250356,782WB45,SG,NSE,SDL WB 7.82% 2045,Others,IN3420250356,True
3614,NSE_EQ|INE115A07QO2,7835LIC27,N1,NSE,LH 7.8350% 2027 TR 438,Others,INE115A07QO2,True
8086,NSE_EQ|IN1020250602,783AP43,SG,NSE,SDL AP 7.83% 2043,Others,IN1020250602,True
7371,NSE_EQ|IN1220220058,783AS32,SG,NSE,SDL AS 7.83% 2032,Others,IN1220220058,True
7141,NSE_EQ|IN1220260013,783AS46,SG,NSE,SDL AS 7.83% 2046,Others,IN1220260013,True
7636,NSE_EQ|IN1320220115,783BR32,SG,NSE,SDL BR 7.83% 2032,Others,IN1320220115,True
6384,NSE_EQ|IN3520260024,783CG40,SG,NSE,SDL CG 7.83% 2040,Others,IN3520260024,True
2982,NSE_EQ|INE121A07SR9,783CIFCL28,N0,NSE,CIFCL 7.83% 2028 SR 659,Others,INE121A07SR9,True
7738,NSE_EQ|IN1420220064,783GA32,SG,NSE,SDL GA 7.83% 2032,Others,IN1420220064,True
9086,NSE_EQ|IN1620220237,783HR32,SG,NSE,SDL HR 7.83% 2032,Others,IN1620220237,True
6316,NSE_EQ|IN1620250333,783HR43,SG,NSE,SDL HR 7.83% 2043,Others,IN1620250333,True
6286,NSE_EQ|IN2020220181,783KL39,SG,NSE,SDL KL 7.83% 2039,Others,IN2020220181,True
9003,NSE_EQ|IN2020260047,783KL49,SG,NSE,SDL KL 7.83% 2049,Others,IN2020260047,True
8896,NSE_EQ|IN2220200017,783MH30,SG,NSE,SDL MH 7.83% 2030,Others,IN2220200017,True
3240,NSE_EQ|IN2320220030,783MN32,SG,NSE,SDL MN 7.83% 2032,Others,IN2320220030,True
9023,NSE_EQ|IN2120260046,783MP48,SG,NSE,SDL MP 7.83% 2048,Others,IN2120260046,True
6950,NSE_EQ|IN2820220126,783PN42,SG,NSE,SDL PN 7.83% 2042,Others,IN2820220126,True
6957,NSE_EQ|IN2920220042,783RJ32,SG,NSE,SDL RJ 7.83% 2032,Others,IN2920220042,True
6563,NSE_EQ|IN2920220364,783RJ50,SG,NSE,SDL RJ 7.83% 2050,Others,IN2920220364,True
3638,NSE_EQ|IN3120220196,783TN42,SG,NSE,SDL TN 7.83% 2042,Others,IN3120220196,True
8890,NSE_EQ|IN4520220208,783TS35,SG,NSE,SDL TS 7.83% 2035,Others,IN4520220208,True
8888,NSE_EQ|IN4520220216,783TS36,SG,NSE,SDL TS 7.83% 2036,Others,IN4520220216,True
4340,NSE_EQ|IN3420220029,783WB32,SG,NSE,SDL WB 7.83% 2032,Others,IN3420220029,True
7416,NSE_EQ|IN1220220124,784AS32,SG,NSE,SDL AS 7.84% 2032,Others,IN1220220124,True
7119,NSE_EQ|IN1320260038,784BR41,SG,NSE,SDL BR 7.84% 2041,Others,IN1320260038,True
3408,NSE_EQ|IN1720220137,784HP37,SG,NSE,SDL HP 7.84% 2037,Others,IN1720220137,True
3866,NSE_EQ|IN2420260019,784ML36,SG,NSE,SDL ML 7.84% 2036,Others,IN2420260019,True
4632,NSE_EQ|IN2120250393,784MP47,SG,NSE,SDL MP 7.84% 2047,Others,IN2120250393,True
7526,NSE_EQ|IN2820260023,784PN38,SG,NSE,SDL PN 7.84% 2038,Others,IN2820260023,True
6914,NSE_EQ|IN2920220190,784RJ32,SG,NSE,SDL RJ 7.84% 2032,Others,IN2920220190,True
6558,NSE_EQ|IN2920220356,784RJ41,SG,NSE,SDL RJ 7.84% 2041,Others,IN2920220356,True
3557,NSE_EQ|IN3120220048,784TN52,SG,NSE,SDL TN 7.84% 2052,Others,IN3120220048,True
8941,NSE_EQ|IN4520220190,784TS34,SG,NSE,SDL TS 7.84% 2034,Others,IN4520220190,True
8927,NSE_EQ|IN4520220109,784TS36,SG,NSE,SDL TS 7.84% 2036,Others,IN4520220109,True
8892,NSE_EQ|IN4520220232,784TS39,SG,NSE,SDL TS 7.84% 2039,Others,IN4520220232,True
8881,NSE_EQ|IN4520220240,784TS40,SG,NSE,SDL TS 7.84% 2040,Others,IN4520220240,True
6724,NSE_EQ|IN4520250700,784TS47,SG,NSE,SDL TS 7.84% 2047,Others,IN4520250700,True
3831,NSE_EQ|IN3420250364,784WB47,SG,NSE,SDL WB 7.84% 2047,Others,IN3420250364,True
3778,NSE_EQ|IN3420250463,784WB47A,SG,NSE,SDL WB 7.84% 2047,Others,IN3420250463,True
8372,NSE_EQ|INE831R07532,78537ABH30,N0,NSE,ABHFL 7.8537% 2030 SR J1,Others,INE831R07532,True
8369,NSE_EQ|INE831R07516,785ABHFL28,N0,NSE,ABHFL 7.8461% 2028 SR I1,Others,INE831R07516,True
6010,NSE_EQ|IN1020220225,785AP37,SG,NSE,SDL AP 7.85% 2037,Others,IN1020220225,True
5964,NSE_EQ|IN1020220555,785AP40,SG,NSE,SDL AP 7.85% 2040,Others,IN1020220555,True
7377,NSE_EQ|IN1220220033,785AS32,SG,NSE,SDL AS 7.85% 2032,Others,IN1220220033,True
7417,NSE_EQ|IN1220220116,785AS32A,SG,NSE,SDL AS 7.85% 2032,Others,IN1220220116,True
7656,NSE_EQ|IN1320220081,785BR32,SG,NSE,SDL BR 7.85% 2032,Others,IN1320220081,True
7647,NSE_EQ|IN1320220107,785BR32A,SG,NSE,SDL BR 7.85% 2032,Others,IN1320220107,True
7677,NSE_EQ|INE403D08322,785BTL29,N0,NSE,BTL 7.85% 2029 SR XXX,Others,INE403D08322,True
3409,NSE_EQ|IN1720220129,785HP36,SG,NSE,SDL HP 7.85% 2036,Others,IN1720220129,True
7053,NSE_EQ|INE413U07343,785IIFL27,N0,NSE,IIFL SAMASTA 7.85% 2027,Others,INE413U07343,True
6340,NSE_EQ|IN2020220017,785KL34,SG,NSE,SDL KL 7.85% 2034,Others,IN2020220017,True
6334,NSE_EQ|IN2020220025,785KL35,SG,NSE,SDL KL 7.85% 2035,Others,IN2020220025,True
4011,NSE_EQ|INE0DZE07051,785KSFP28,N0,NSE,KSFP 7.85% 2028 SR L1,Others,INE0DZE07051,True
2659,NSE_EQ|INE414G07JU8,785MFL29,N0,NSE,MFL 7.85% 2029,Others,INE414G07JU8,True
8403,NSE_EQ|IN2120220016,785MP32,SG,NSE,SDL MP 7.85% 2032,Others,IN2120220016,True
5336,NSE_EQ|IN2520260018,785MZ38,SG,NSE,SDL MZ 7.85% 2038,Others,IN2520260018,True
8865,NSE_EQ|IN2520250092,785MZ42,SG,NSE,SDL MZ 7.85% 2042,Others,IN2520250092,True
6920,NSE_EQ|IN2820220050,785PN32,SG,NSE,SDL PN 7.85% 2032,Others,IN2820220050,True
6951,NSE_EQ|IN2820220118,785PN42,SG,NSE,SDL PN 7.85% 2042,Others,IN2820220118,True
6956,NSE_EQ|IN2920220059,785RJ37,SG,NSE,SDL RJ 7.85% 2037,Others,IN2920220059,True
6943,NSE_EQ|IN2920220067,785RJ39,SG,NSE,SDL RJ 7.85% 2039,Others,IN2920220067,True
3416,NSE_EQ|IN3020220031,785SK32,SG,NSE,SDL SK 7.85% 2032,Others,IN3020220031,True
8359,NSE_EQ|INE033L07IS2,785TCHFL29,N0,NSE,TCHFL 7.85% 2029 SR A,Others,INE033L07IS2,True
6801,NSE_EQ|INE725H08261,785TPL28,N0,NSE,TPL 7.85% 2028 SR X,Others,INE725H08261,True
3035,NSE_EQ|INE607M08105,785TRPEL34,N0,NSE,TPREL 7.85% 2034,Others,INE607M08105,True
7066,NSE_EQ|IN3620200011,785UK30,SG,NSE,SDL UK 7.85% 2030,Others,IN3620200011,True
7169,NSE_EQ|IN3620220019,785UK32,SG,NSE,SDL UK 7.85% 2032,Others,IN3620220019,True
4458,NSE_EQ|IN3420220318,785WB42,SG,NSE,SDL WB 7.85% 2042,Others,IN3420220318,True
8364,NSE_EQ|INE831R07573,78618ABH28,N0,NSE,ABHFL 7.8618% 2028 SR A1,Others,INE831R07573,True
3593,NSE_EQ|INE115A07QT1,7865LICH26,N0,NSE,LIC 7.8650% 2026 SR 443,Others,INE115A07QT1,True
8371,NSE_EQ|INE831R07540,786ABHFL28,N0,NSE,ABHFL 7.8639% 2028 SR K1,Others,INE831R07540,True
5962,NSE_EQ|IN1020220571,786AP33,SG,NSE,SDL AP 7.86% 2033,Others,IN1020220571,True
4406,NSE_EQ|IN1020260064,786AP38,SG,NSE,SDL AP 7.86% 2038,Others,IN1020260064,True
7379,NSE_EQ|IN1220220017,786AS32,SG,NSE,SDL AS 7.86% 2032,Others,IN1220220017,True
3576,NSE_EQ|IN1320250278,786BR39,SG,NSE,SDL BR 7.86% 2039,Others,IN1320250278,True
9121,NSE_EQ|IN1620220112,786HR32,SG,NSE,SDL HR 7.86% 2032,Others,IN1620220112,True
8750,NSE_EQ|IN3720220018,786JH34,SG,NSE,SDL JH 7.86% 2034,Others,IN3720220018,True
9005,NSE_EQ|IN2020260039,786KL42,SG,NSE,SDL KL 7.86% 2042,Others,IN2020260039,True
8255,NSE_EQ|IN2220220080,786MH30,SG,NSE,SDL MH 7.86% 2030,Others,IN2220220080,True
9020,NSE_EQ|IN2120260012,786MP42,SG,NSE,SDL MP 7.86% 2042,Others,IN2120260012,True
2987,NSE_EQ|IN2520220020,786MZ32,SG,NSE,SDL MZ 7.86% 2032,Others,IN2520220020,True
8323,NSE_EQ|INE033L07IJ1,786TCHFL29,N0,NSE,TCHFL 7.86% 2029,Others,INE033L07IJ1,True
3972,NSE_EQ|INE246R07756,7875NIIF30,N0,NSE,NIIF 7.875% 30 SR PP 03,Others,INE246R07756,True
3423,NSE_EQ|IN1220250196,787AS46,SG,NSE,SDL AS 7.87% 2046,Others,IN1220250196,True
3407,NSE_EQ|IN1720220103,787HP34,SG,NSE,SDL HP 7.87% 2034,Others,IN1720220103,True
3411,NSE_EQ|IN1720220111,787HP35,SG,NSE,SDL HP 7.87% 2035,Others,IN1720220111,True
7358,NSE_EQ|INE670K07315,787LDL29,N0,NSE,LDL 7.87% 2029,Others,INE670K07315,True
3618,NSE_EQ|INE115A07QQ7,787LIC29,N3,NSE,LHFL 7.87% 2029 TR 440,Others,INE115A07QQ7,True
2998,NSE_EQ|IN2520220079,787MZ36,SG,NSE,SDL MZ 7.87% 2036,Others,IN2520220079,True
2709,NSE_EQ|IN2920250445,787RJ38,SG,NSE,SDL RJ 7.87% 2038,Others,IN2920250445,True
6573,NSE_EQ|IN2920220208,787RJ40,SG,NSE,SDL RJ 7.87% 2040,Others,IN2920220208,True
6328,NSE_EQ|IN2920260063,787RJ41,SG,NSE,SDL RJ 7.87% 2041,Others,IN2920260063,True
5591,NSE_EQ|INE507T07146,787SDIL30,N0,NSE,SDIL 7.87% 2030,Others,INE507T07146,True
7435,NSE_EQ|IN3020250079,787SK36,SG,NSE,SDL SK 7.87% 2036,Others,IN3020250079,True
3547,NSE_EQ|IN3120220071,787TN33,SG,NSE,SDL TN 7.87% 2033,Others,IN3120220071,True
7784,NSE_EQ|IN3620260031,787UK44,SG,NSE,SDL UK 7.87% 2044,Others,IN3620260031,True
8088,NSE_EQ|IN1020250610,788AP46,SG,NSE,SDL AP 7.88% 2046,Others,IN1020250610,True
7392,NSE_EQ|IN1420200017,788GA30,SG,NSE,SDL GA 7.88% 2030,Others,IN1420200017,True
6111,NSE_EQ|IN0020150028,788GS2030,GS,NSE,GOI LOAN 7.88% 2030,Others,IN0020150028,True
6184,NSE_EQ|IN1620250457,788HR41,SG,NSE,SDL HR 7.88% 2041,Others,IN1620250457,True
5364,NSE_EQ|IN2020250329,788KL46,SG,NSE,SDL KL 7.88% 2046,Others,IN2020250329,True
2674,NSE_EQ|INE414G07JS2,788MFL28,N0,NSE,MF 7.88% 2028 OPTION I,Others,INE414G07JS2,True
6435,NSE_EQ|IN2320250078,788MN39,SG,NSE,SDL MN 7.88% 2039,Others,IN2320250078,True
8398,NSE_EQ|IN2120220032,788MP33,SG,NSE,SDL MP 7.88% 2033,Others,IN2120220032,True
3927,NSE_EQ|INE246R07897,788NIIF31,N0,NSE,NIIF 7.88% 2031 SR PP1,Others,INE246R07897,True
4900,NSE_EQ|IN2620220011,788NL32,SG,NSE,SDL NL 7.88% 2032,Others,IN2620220011,True
3478,NSE_EQ|IN2920190484,788RJ32,SG,NSE,SDL RJ 7.88% 2032,Others,IN2920190484,True
4337,NSE_EQ|IN3620250123,788UK46,SG,NSE,SDL UK 7.88% 2046,Others,IN3620250123,True
8762,NSE_EQ|IN3320250266,788UP46,SG,NSE,SDL UP 7.88% 2046,Others,IN3320250266,True
3773,NSE_EQ|IN3420250455,788WB44,SG,NSE,SDL WB 7.88% 2044,Others,IN3420250455,True
7661,NSE_EQ|INE233A08188,789GIL30,N0,NSE,GIL 7.89% 2030 SR 1,Others,INE233A08188,True
7664,NSE_EQ|INE233A08196,789GIL31,N0,NSE,GIL 7.89% 2031,Others,INE233A08196,True
3381,NSE_EQ|IN1720220053,789HP37,SG,NSE,SDL HP 7.89% 2037,Others,IN1720220053,True
6723,NSE_EQ|IN1720250142,789HP41,SG,NSE,SDL HP 7.89% 2041,Others,IN1720250142,True
8257,NSE_EQ|IN2220220098,789MH32,SG,NSE,SDL MH 7.89% 2032,Others,IN2220220098,True
5595,NSE_EQ|INE507T07138,789SDIL29,N1,NSE,SUMMIT DIG 7.89% 2029,Others,INE507T07138,True
8984,NSE_EQ|IN4520220083,789TS34,SG,NSE,SDL TS 7.89% 2034,Others,IN4520220083,True
8894,NSE_EQ|IN4520220224,789TS36,SG,NSE,SDL TS 7.89% 2036,Others,IN4520220224,True
4351,NSE_EQ|IN3420220094,789WB37,SG,NSE,SDL WB 7.89% 2037,Others,IN3420220094,True
4457,NSE_EQ|IN3420220300,789WB40,SG,NSE,SDL WB 7.89% 2040,Others,IN3420220300,True
3306,NSE_EQ|INE860H07IP2,78ABCL33,N1,NSE,ABCL 7.8% SR V,Others,INE860H07IP2,True
6115,NSE_EQ|IN1020220142,78AP31,SG,NSE,SDL AP 7.8% 2031,Others,IN1020220142,True
6011,NSE_EQ|IN1020220217,78AP31A,SG,NSE,SDL AP 7.8% 2031,Others,IN1020220217,True
9416,NSE_EQ|IN1520220022,78GJ32,SG,NSE,SDL GJ 7.8% 2032,Others,IN1520220022,True
9410,NSE_EQ|IN1520220055,78GJ32A,SG,NSE,SDL GJ 7.8% 2032,Others,IN1520220055,True
4759,NSE_EQ|IN4920220139,78JK35,SG,NSE,SDL JK 7.8% 2035,Others,IN4920220139,True
7831,NSE_EQ|IN4920250276,78JK46,SG,NSE,SDL JK 7.8% 2046,Others,IN4920250276,True
6323,NSE_EQ|IN2020220090,78KL45,SG,NSE,SDL KL 7.8% 2045,Others,IN2020220090,True
3453,NSE_EQ|IN2420220013,78ML31,SG,NSE,SDL ML 7.8% 2031,Others,IN2420220013,True
6901,NSE_EQ|INE261F08EF5,78NABARD27,N0,NSE,NABARD 7.80% 2027 SR 24E,Others,INE261F08EF5,True
2843,NSE_EQ|IN2820250206,78PN36,SG,NSE,SDL PN 7.8% 2036,Others,IN2820250206,True
3558,NSE_EQ|IN3120220014,78TN32,SG,NSE,SDL TN 7.8% 2032,Others,IN3120220014,True
3554,NSE_EQ|IN3120220097,78TN32A,SG,NSE,SDL TN 7.8% 2032,Others,IN3120220097,True
3808,NSE_EQ|IN3120260069,78TN41,SG,NSE,SDL TN 7.8% 2041,Others,IN3120260069,True
3623,NSE_EQ|IN3120220204,78TN42,SG,NSE,SDL TN 7.8% 2042,Others,IN3120220204,True
8362,NSE_EQ|INE831R07557,790ABHFL27,N0,NSE,ABHFL 7.8989% 2027 SR K2,Others,INE831R07557,True
8365,NSE_EQ|INE831R07565,790ABHFL28,N0,NSE,ABHFL 7.9015% 2028 SR L1,Others,INE831R07565,True
3694,NSE_EQ|INE951F08085,790ABSLI36,N0,NSE,ABSL 7.90% 2036,Others,INE951F08085,True
5327,NSE_EQ|INE477A07407,790CANF30,N0,NSE,CANF 7.90% 2030 SR 1,Others,INE477A07407,True
6720,NSE_EQ|INE477L07BL1,790IHFL27,N0,NSE,IHFL 7.90% 2027 SR H1,Others,INE477L07BL1,True
6373,NSE_EQ|INE498L07095,790LTFL34,N0,NSE,LTFL 7.90% 34 SR B,Others,INE498L07095,True
9441,NSE_EQ|INE357L07515,790NOM28,N0,NSE,NOM 7.90% 2028 SR 1,Others,INE357L07515,True
3743,NSE_EQ|INE939L08013,790TIL28,N0,NSE,TIL 7.90% 2028 SR 1,Others,INE939L08013,True
6800,NSE_EQ|INE725H08279,790TPL29,N0,NSE,TPL 7.90% 2029 SR Y,Others,INE725H08279,True
4571,NSE_EQ|INE667F07IU5,79123SHF26,N0,NSE,SHFL 7.9123% 2026 SR 342,Others,INE667F07IU5,True
3291,NSE_EQ|INE860H07JB0,791ABCL34,N7,NSE,ABCL 7.91% 2034 SR G1,Others,INE860H07JB0,True
4375,NSE_EQ|IN4920260010,791JK46,SG,NSE,SDL JK 7.91% 2046,Others,IN4920260010,True
6430,NSE_EQ|IN2020200019,791KL30,SG,NSE,SDL KL 7.91% 2030,Others,IN2020200019,True
8175,NSE_EQ|IN2220260029,791MH39,SG,NSE,SDL MH 7.91% 2039,Others,IN2220260029,True
7527,NSE_EQ|IN2820260015,791PN36,SG,NSE,SDL PN 7.91% 2036,Others,IN2820260015,True
7528,NSE_EQ|IN2820260031,791PN41,SG,NSE,SDL PN 7.91% 2041,Others,IN2820260031,True
8988,NSE_EQ|IN4520220059,791TS43,SG,NSE,SDL TS 7.91% 2043,Others,IN4520220059,True
4550,NSE_EQ|IN3320220053,791UP37,SG,NSE,SDL UP 7.91% 2037,Others,IN3320220053,True
6064,NSE_EQ|IN1020220324,792AP41,SG,NSE,SDL AP 7.92% 2041,Others,IN1020220324,True
5973,NSE_EQ|IN1020220282,792AP42,SG,NSE,SDL AP 7.92% 2042,Others,IN1020220282,True
6059,NSE_EQ|IN1020220308,792AP42A,SG,NSE,SDL AP 7.92% 2042,Others,IN1020220308,True
7114,NSE_EQ|IN1320260012,792BR51,SG,NSE,SDL BR 7.92% 2051,Others,IN1320260012,True
5363,NSE_EQ|IN2020250337,792KL41,SG,NSE,SDL KL 7.92% 2041,Others,IN2020250337,True
3591,NSE_EQ|INE115A07QS3,792LIC27,N5,NSE,LHFL 7.9265% 2027 TR 442,Others,INE115A07QS3,True
7533,NSE_EQ|IN2820260049,792PN44,SG,NSE,SDL PN 7.92% 2044,Others,IN2820260049,True
8321,NSE_EQ|INE033L07II3,792TCHF34,N0,NSE,TCHFL 7.92% 2034 SR B,Others,INE033L07II3,True
8317,NSE_EQ|INE033L07IG7,792TCHFL34,NF,NSE,TCHFL 7.92% 2034 SR E,Others,INE033L07IG7,True
8991,NSE_EQ|IN4520220075,792TS45,SG,NSE,SDL TS 7.92% 2045,Others,IN4520220075,True
5968,NSE_EQ|IN1020220233,793AP33,SG,NSE,SDL AP 7.93% 2033,Others,IN1020220233,True
2582,NSE_EQ|IN1920200020,793KA31,SG,NSE,SDL KA 7.93% 2031,Others,IN1920200020,True
3970,NSE_EQ|INE246R07764,793NIIF30,N0,NSE,NIIF 7.93% 2030 SR PP 04,Others,INE246R07764,True
3979,NSE_EQ|INE246R07780,793NIIF32,N0,NSE,NIIF 7.93% 2032 SR PP 6,Others,INE246R07780,True
6931,NSE_EQ|IN2920220158,793RJ45,SG,NSE,SDL RJ 7.93% 2045,Others,IN2920220158,True
6873,NSE_EQ|INE812V08037,793THDC34,N0,NSE,THDC 7.93% 2034 SR IX,Others,INE812V08037,True
3525,NSE_EQ|IN3120220121,793TN42,SG,NSE,SDL TN 7.93% 2042,Others,IN3120220121,True
3167,NSE_EQ|INE607M08097,793TPRE29,N0,NSE,TP 7.93% 2029 SR I,Others,INE607M08097,True
3155,NSE_EQ|INE607M08089,793TPRE34,N0,NSE,TP 7.93% 2034 SR II,Others,INE607M08089,True
8972,NSE_EQ|IN4520220026,793TS34,SG,NSE,SDL TS 7.93% 2034,Others,IN4520220026,True
8968,NSE_EQ|IN4520220034,793TS35,SG,NSE,SDL TS 7.93% 2035,Others,IN4520220034,True
8018,NSE_EQ|IN3320190272,793UP30,SG,NSE,SDL UP 7.93% 2030,Others,IN3320190272,True
4296,NSE_EQ|IN3420220151,793WB37,SG,NSE,SDL WB 7.93% 2037,Others,IN3420220151,True
3288,NSE_EQ|INE860H07JC8,79413ABC28,N8,NSE,ABCL 7.9413% 2028 SR L1,Others,INE860H07JC8,True
5967,NSE_EQ|IN1020220241,794AP34,SG,NSE,SDL AP 7.94% 2034,Others,IN1020220241,True
2983,NSE_EQ|INE121A07SS7,794CIFCL29,N0,NSE,CIFCL 7.94% 2029 SR 662,Others,INE121A07SS7,True
9123,NSE_EQ|IN1620220120,794HR34,SG,NSE,SDL HR 7.94% 2034,Others,IN1620220120,True
6916,NSE_EQ|IN2820220043,794PN42,SG,NSE,SDL PN 7.94% 2042,Others,IN2820220043,True
3555,NSE_EQ|IN3120220030,794TN32,SG,NSE,SDL TN 7.94% 2032,Others,IN3120220030,True
8989,NSE_EQ|IN4520220042,794TS36,SG,NSE,SDL TS 7.94% 2036,Others,IN4520220042,True
3804,NSE_EQ|INE511N08032,795AMLIL35,N0,NSE,AMLIL 7.95% 2035,Others,INE511N08032,True
5966,NSE_EQ|IN1020220258,795AP38,SG,NSE,SDL AP 7.95% 2038,Others,IN1020220258,True
5965,NSE_EQ|IN1020220266,795AP39,SG,NSE,SDL AP 7.95% 2039,Others,IN1020220266,True
5974,NSE_EQ|IN1020220274,795AP40,SG,NSE,SDL AP 7.95% 2040,Others,IN1020220274,True
5971,NSE_EQ|IN1020220290,795AP40A,SG,NSE,SDL AP 7.95% 2040,Others,IN1020220290,True
7614,NSE_EQ|IN0020020106,795GS2032,GS,NSE,GOI LOAN 7.95% 2032,Others,IN0020020106,True
9374,NSE_EQ|IN1620220104,795HR32,SG,NSE,SDL HR 7.95% 2032,Others,IN1620220104,True
9129,NSE_EQ|IN1620220187,795HR37,SG,NSE,SDL HR 7.95% 2037,Others,IN1620220187,True
5276,NSE_EQ|INE219X07256,795IGT31,NI,NSE,SEC RE NCD 7.95% SR.V,Others,INE219X07256,True
7484,NSE_EQ|IN1820190172,795JK30,SG,NSE,SDL JK 7.95% 2030,Others,IN1820190172,True
3960,NSE_EQ|INE246R07723,795NIIF36,N2,NSE,NIFL 7.95% 2036 SR 7,Others,INE246R07723,True
4576,NSE_EQ|INE667F07IR1,795SHFL34,N2,NSE,SHFL 7.95% 2034 SR 339,Others,INE667F07IR1,True
8981,NSE_EQ|IN4520220091,795TS35,SG,NSE,SDL TS 7.95% 2035,Others,IN4520220091,True
8926,NSE_EQ|IN4520220117,795TS37,SG,NSE,SDL TS 7.95% 2037,Others,IN4520220117,True
4297,NSE_EQ|IN3420220169,795WB39,SG,NSE,SDL WB 7.95% 2039,Others,IN3420220169,True
4415,NSE_EQ|IN1020260015,796AP38,SG,NSE,SDL AP 7.96% 2038,Others,IN1020260015,True
5940,NSE_EQ|IN1020220415,796AP40,SG,NSE,SDL AP 7.96% 2040,Others,IN1020220415,True
4496,NSE_EQ|INE667F07JG2,796SHFL31,N0,NSE,SHFL 7.96% 2031 SR 356,Others,INE667F07JG2,True
3744,NSE_EQ|INE939L08021,796TIL29,N0,NSE,TIL 7.96% 2029 SR 2,Others,INE939L08021,True
4341,NSE_EQ|IN3420220037,796WB37,SG,NSE,SDL WB 7.96% 2037,Others,IN3420220037,True
7446,NSE_EQ|INE535H07CO6,79742SIC30,N0,NSE,SICCL 7.9742% 2030 112,Others,INE535H07CO6,True
3304,NSE_EQ|INE860H07IO5,797ABCL28,N9,NSE,ABCL 7.97% 2028 SR D1,Others,INE860H07IO5,True
5941,NSE_EQ|IN1020220407,797AP36,SG,NSE,SDL AP 7.97% 2036,Others,IN1020220407,True
6066,NSE_EQ|IN1020220316,797AP39,SG,NSE,SDL AP 7.97% 2039,Others,IN1020220316,True
9127,NSE_EQ|IN1620220161,797HR42,SG,NSE,SDL HR 7.97% 2042,Others,IN1620220161,True
5258,NSE_EQ|INE219X07280,797IGT31,NL,NSE,SEC RE NCD 7.97% SR.VI,Others,INE219X07280,True
6776,NSE_EQ|IN2820220233,797PN38,SG,NSE,SDL PN 7.97% 2038,Others,IN2820220233,True
6926,NSE_EQ|IN2920220117,797RJ42,SG,NSE,SDL RJ 7.97% 2042,Others,IN2920220117,True
6342,NSE_EQ|IN2920260014,797RJ43,SG,NSE,SDL RJ 7.97% 2043,Others,IN2920260014,True
5126,NSE_EQ|INE660A07RR8,797SFL30,N0,NSE,SFL 7.97% 2030 SR X7,Others,INE660A07RR8,True
3307,NSE_EQ|INE976I07DD1,797TACA31,N0,NSE,TACA 7.97% 2031 SR AOP1,Others,INE976I07DD1,True
2602,NSE_EQ|INE813H07424,797TOPO34,N0,NSE,TOPO 7.97% 2034 TR 14A,Others,INE813H07424,True
2661,NSE_EQ|INE813H07408,797TOPO35,N0,NSE,TOPO 7.97% 2035 TR 14B,Others,INE813H07408,True
2663,NSE_EQ|INE813H07416,797TOPO36,N0,NSE,TOPO 7.97% 2036 TR 14C,Others,INE813H07416,True
3194,NSE_EQ|IN4520260014,797TS43,SG,NSE,SDL TS 7.97% 2043,Others,IN4520260014,True
4350,NSE_EQ|IN3420220086,797WB42,SG,NSE,SDL WB 7.97% 2042,Others,IN3420220086,True
5340,NSE_EQ|IN1020200011,798AP31,SG,NSE,SDL AP 7.98% 2031,Others,IN1020200011,True
6945,NSE_EQ|IN2920220083,798RJ42,SG,NSE,SDL RJ 7.98% 2042,Others,IN2920220083,True
4564,NSE_EQ|INE667F07IT7,798SHFL26,N0,NSE,SHFL 7.98% 2026 SR 341,Others,INE667F07IT7,True
8076,NSE_EQ|IN1020250636,799AP40,SG,NSE,SDL AP 7.99% 2040,Others,IN1020250636,True
3014,NSE_EQ|INE316Z08055,799GSGL28,N0,NSE,GSGL 7.99% 2028 SR 1,Others,INE316Z08055,True
3016,NSE_EQ|INE316Z08063,799GSGL29,N0,NSE,GS&GL 7.99% 2029 SR 2,Others,INE316Z08063,True
7953,NSE_EQ|INE957N07849,799HFL27,N0,NSE,HFL 7.99% 2027 SR 073,Others,INE957N07849,True
6183,NSE_EQ|IN1620250465,799HR44,SG,NSE,SDL HR 7.99% 2044,Others,IN1620250465,True
6378,NSE_EQ|INE498L07053,799LTFH27,N0,NSE,LF 7.9918% 2027 SR D,Others,INE498L07053,True
3973,NSE_EQ|INE246R07749,799NIIF29,N0,NSE,NIIF 7.99% 2029 SR PP 2,Others,INE246R07749,True
3971,NSE_EQ|INE246R07772,799NIIF37,N0,NSE,NIIF 7.99% 2037 SR PP 5,Others,INE246R07772,True
5084,NSE_EQ|INE027A08028,799RCFL27,N0,NSE,RCFL 7.99% 2027 SR 1,Others,INE027A08028,True
2710,NSE_EQ|IN2920250452,799RJ41,SG,NSE,SDL RJ 7.99% 2041,Others,IN2920250452,True
3328,NSE_EQ|INE976I07CS1,799TCL29,NE,NSE,TATA CAP 7.99% 2029 SR B,Others,INE976I07CS1,True
5572,NSE_EQ|INE306N07NN9,799TCL34,ND,NSE,TATA CAP 7.99% 2034 SR A,Others,INE306N07NN9,True
6225,NSE_EQ|INE692Q07530,799TFSIL27,N0,NSE,TFSIL 7.99% 2027 SR 49,Others,INE692Q07530,True
3559,NSE_EQ|IN3120220022,799TN42,SG,NSE,SDL TN 7.99% 2042,Others,IN3120220022,True
5938,NSE_EQ|IN4520190179,799TS30,SG,NSE,SDL TS 7.99% 2030,Others,IN4520190179,True
5937,NSE_EQ|IN4520190187,799TS35,SG,NSE,SDL TS 7.99% 2035,Others,IN4520190187,True
4353,NSE_EQ|IN3620250149,799UK44,SG,NSE,SDL UK 7.99% 2044,Others,IN3620250149,True
8265,NSE_EQ|IN3420190248,799WB35,SG,NSE,SDL WB 7.99% 2035,Others,IN3420190248,True
3320,NSE_EQ|INE860H07IM9,79ABCL28,NA,NSE,ABCL 7.90% 2028 SR C1,Others,INE860H07IM9,True
6130,NSE_EQ|IN1020220159,79AP33,SG,NSE,SDL AP 7.9% 2033,Others,IN1020220159,True
6128,NSE_EQ|IN1020220167,79AP34,SG,NSE,SDL AP 7.9% 2034,Others,IN1020220167,True
9125,NSE_EQ|IN1620220146,79HR34,SG,NSE,SDL HR 7.9% 2034,Others,IN1620220146,True
5232,NSE_EQ|INE219X07223,79IGT28,NF,NSE,SEC RE NCD 7.90% SR.III,Others,INE219X07223,True
9022,NSE_EQ|IN2120260020,79MP56,SG,NSE,SDL MP 7.9% 2056,Others,IN2120260020,True
5597,NSE_EQ|INE0H7R07017,79NHIT35,N1,NSE,SEC RE NCD 7.90% STRPP A,Others,INE0H7R07017,True
5582,NSE_EQ|INE0H7R07025,79NHIT40,N2,NSE,SEC RE NCD 7.90% STRPP B,Others,INE0H7R07025,True
5585,NSE_EQ|INE0H7R07033,79NHIT47,N3,NSE,SEC RE NCD 7.90% STRPP C,Others,INE0H7R07033,True
6952,NSE_EQ|IN2920220034,79RJ42,SG,NSE,SDL RJ 7.9% 2042,Others,IN2920220034,True
4568,NSE_EQ|INE667F07IV3,79SHFL27,N0,NSE,SHFL 7.9% 2027 SR 343,Others,INE667F07IV3,True
8995,NSE_EQ|IN4520220067,79TS44,SG,NSE,SDL TS 7.9% 2044,Others,IN4520220067,True
6521,NSE_EQ|INE0TV208079,7EHLS346,N0,NSE,EHLS3 7% 2046,Others,INE0TV208079,True
8780,NSE_EQ|INE29PK08010,7EHPP46,N0,NSE,EHPP 7% 2046,Others,INE29PK08010,True
9064,NSE_EQ|INE0TO808083,7EHS246,N0,NSE,EHLS2 7% 2046,Others,INE0TO808083,True
2715,NSE_EQ|INE202E08300,7IREDAL30,N0,NSE,IREDA 7.00% 2030 SR XVII,Others,INE202E08300,True
3782,NSE_EQ|INE134E07DP0,7PFCL31,N3,NSE,PFCL 7.00% 2031 SR I,Others,INE134E07DP0,True
3783,NSE_EQ|INE134E07DM7,7PFCL36,N4,NSE,PFCL 7.00% 2036 SR II,Others,INE134E07DM7,True
3292,NSE_EQ|INE860H07JE4,8016ABCL29,NB,NSE,ABCL 8.0163% 2029 SR L2,Others,INE860H07JE4,True
3323,NSE_EQ|INE860H07IK3,801ABCL28,NC,NSE,ABCL 8.01% 2028 SR. B1,Others,INE860H07IK3,True
8304,NSE_EQ|INE033L07GR8,801TCH28,N7,NSE,SEC RED NCD 8.01% SR.IV,Others,INE033L07GR8,True
3332,NSE_EQ|INE976I07CX1,801TCL34,N0,NSE,TCL 8.01% 2034,Others,INE976I07CX1,True
4346,NSE_EQ|IN3420220060,801WB41,SG,NSE,SDL WB 8.01% 2041,Others,IN3420220060,True
3289,NSE_EQ|INE860H07JD6,80208ABC30,ND,NSE,ABCL 8.0208% 2030 SR L3,Others,INE860H07JD6,True
8388,NSE_EQ|INE831R07367,802ABHF28,N1,NSE,ABHFL 8.02% 2028 SR C2,Others,INE831R07367,True
6062,NSE_EQ|IN1020220340,802AP38,SG,NSE,SDL AP 8.02% 2038,Others,IN1020220340,True
8079,NSE_EQ|IN1020250644,802AP42,SG,NSE,SDL AP 8.02% 2042,Others,IN1020250644,True
2989,NSE_EQ|IN2520220038,802MZ36,SG,NSE,SDL MZ 8.02% 2036,Others,IN2520220038,True
8963,NSE_EQ|IN4520220018,802TS35,SG,NSE,SDL TS 8.02% 2035,Others,IN4520220018,True
4343,NSE_EQ|IN3420220052,802WB37,SG,NSE,SDL WB 8.02% 2037,Others,IN3420220052,True
3294,NSE_EQ|INE860H07IZ1,8034ABCL34,NE,NSE,ABCL 8.0343% 2034 SR E1,Others,INE860H07IZ1,True
3456,NSE_EQ|INE860H08EI4,803ABCL33,NF,NSE,ABCL 8.03% 2033 SR SC1,Others,INE860H08EI4,True
3058,NSE_EQ|INE674K08018,803ABCL35,N0,NSE,ABCL 8.03% 2035 SR SB1,Others,INE674K08018,True
8386,NSE_EQ|INE831R07391,803ABHF27,N2,NSE,ABHFL 8.03% 2027 SR D1,Others,INE831R07391,True
8357,NSE_EQ|INE831R07490,803ABHFL29,N0,NSE,ABHFL 8.03% 2029 SR F2,Others,INE831R07490,True
9015,NSE_EQ|INE831R08100,803ABHFL35,N0,NSE,ABHFL 8.0347% 2035 SR A1,Others,INE831R08100,True
6125,NSE_EQ|IN1020220175,803AP35,SG,NSE,SDL AP 8.03% 2035,Others,IN1020220175,True
6063,NSE_EQ|IN1020220332,803AP36,SG,NSE,SDL AP 8.03% 2036,Others,IN1020220332,True
8518,NSE_EQ|INE726G08022,803ICPR34,N0,NSE,ICPR 8.03% 2034 SR 1,Others,INE726G08022,True
2673,NSE_EQ|INE414G07JT0,803MFL31,N0,NSE,MFL 8.03% 2031 OP II,Others,INE414G07JT0,True
3742,NSE_EQ|INE939L08039,803TIL30,N0,NSE,TIL 8.03% 2030 SR 3,Others,INE939L08039,True
8311,NSE_EQ|INE033L07ID4,80409TCH27,NC,NSE,TCHFL 8.0409% 2027 SR.C,Others,INE033L07ID4,True
8356,NSE_EQ|INE831R07482,8049ABHF27,N0,NSE,ABHFL 8.0490% 2027 F1,Others,INE831R07482,True
6017,NSE_EQ|IN1020220365,804AP37,SG,NSE,SDL AP 8.04% 2037,Others,IN1020220365,True
6139,NSE_EQ|IN1020220191,804AP41,SG,NSE,SDL AP 8.04% 2041,Others,IN1020220191,True
6014,NSE_EQ|IN1020220209,804AP42,SG,NSE,SDL AP 8.04% 2042,Others,IN1020220209,True
5362,NSE_EQ|IN2020250345,804KL46,SG,NSE,SDL KL 8.04% 2046,Others,IN2020250345,True
6927,NSE_EQ|IN2820220035,804PN42,SG,NSE,SDL PN 8.04% 2042,Others,IN2820220035,True
8527,NSE_EQ|IN3220250093,804TR48,SG,NSE,SDL TR 8.04% 2048,Others,IN3220250093,True
3780,NSE_EQ|IN3420250497,804WB52,SG,NSE,SDL WB 8.04% 2052,Others,IN3420250497,True
3865,NSE_EQ|IN3420250505,804WB56,SG,NSE,SDL WB 8.04% 2056,Others,IN3420250505,True
3311,NSE_EQ|INE860H07IT4,805ABCL28,N5,NSE,ABCL 8.05% SR III,Others,INE860H07IT4,True
6694,NSE_EQ|INE0AD508026,805AIFL32,N0,NSE,AIFL 8.05% 2032 SR SDH1,Others,INE0AD508026,True
4857,NSE_EQ|INE795G08035,805HLICL34,N0,NSE,HLICL 8.05% 2034 SR 1,Others,INE795G08035,True
2672,NSE_EQ|INE414G07JQ6,805MFL27,N0,NSE,MFL 8.05% 2027,Others,INE414G07JQ6,True
2666,NSE_EQ|INE414G07JR4,805MFL30,N0,NSE,MF 8.05% 2030 OPTION II,Others,INE414G07JR4,True
8445,NSE_EQ|INE0Q7Q07026,805NIT32,N0,NSE,NIT 8.05% 2032 SR 1,Others,INE0Q7Q07026,True
2932,NSE_EQ|INE579F24099,805NMC29,N1,NSE,NMC 8.05% 2029 SR STRPP A,Others,INE579F24099,True
3011,NSE_EQ|INE579F24065,805NMC30,N2,NSE,NMC 8.05% 2030 SR STRPP B,Others,INE579F24065,True
3010,NSE_EQ|INE579F24032,805NMC31,N3,NSE,NMC 8.05% 2031 SR STRPP C,Others,INE579F24032,True
3012,NSE_EQ|INE579F24057,805NMC32,N4,NSE,NMC 8.05% 2032 SR STRPP D,Others,INE579F24057,True
3009,NSE_EQ|INE579F24040,805NMC33,N5,NSE,NMC 8.05% 2033 SR STRPP E,Others,INE579F24040,True
2928,NSE_EQ|INE579F24081,805NMC34,N6,NSE,NMC 8.05% 2034 SR STRPP F,Others,INE579F24081,True
2929,NSE_EQ|INE579F24073,805NMC35,N7,NSE,NMC 8.05% 2035 SR STRPP G,Others,INE579F24073,True
2925,NSE_EQ|INE579F24107,805NMC36,N8,NSE,NMC 8.05% 2036 SR STRPP H,Others,INE579F24107,True
6001,NSE_EQ|INE572E07217,805PHFL30,N0,NSE,PHFL 8.05% 30 SR LXVIII,Others,INE572E07217,True
6917,NSE_EQ|IN2920220109,805RJ37,SG,NSE,SDL RJ 8.05% 2037,Others,IN2920220109,True
4566,NSE_EQ|INE667F07IS9,805SHFL29,N3,NSE,SHFL 8.05% 2029 SR 340,Others,INE667F07IS9,True
6987,NSE_EQ|INE535H08819,805SICCL35,N0,NSE,SICCL 8.05% 2035 SR 22,Others,INE535H08819,True
8319,NSE_EQ|INE033L07IH5,805TCHFL29,NG,NSE,TCHFL 8.05% 2029 SR A,Others,INE033L07IH5,True
6229,NSE_EQ|INE692Q07555,805TFSIL28,N0,NSE,TFSIL 8.0504% 2028,Others,INE692Q07555,True
5454,NSE_EQ|IN4920220030,806JK37,SG,NSE,SDL JK 8.06% 2037,Others,IN4920220030,True
6341,NSE_EQ|IN2920260022,806RJ57,SG,NSE,SDL RJ 8.06% 2057,Others,IN2920260022,True
5603,NSE_EQ|INE507T07120,806SDIL29,N0,NSE,SUMMIT DIG 8.06% 2029,Others,INE507T07120,True
6228,NSE_EQ|INE692Q07548,806TFSIL28,N0,NSE,TFSIL 8.06% 2028 SR S50,Others,INE692Q07548,True
3768,NSE_EQ|IN3420250489,806WB49,SG,NSE,SDL WB 8.06% 2049,Others,IN3420250489,True
3039,NSE_EQ|INE674K08083,807ABCL36,N0,NSE,ABCL 8.0668% 2036,Others,INE674K08083,True
6124,NSE_EQ|IN1020220183,807AP36,SG,NSE,SDL AP 8.07% 2036,Others,IN1020220183,True
4412,NSE_EQ|IN1020260023,807AP51,SG,NSE,SDL AP 8.07% 2051,Others,IN1020260023,True
8173,NSE_EQ|IN2220260037,807MH49,SG,NSE,SDL MH 8.07% 2049,Others,IN2220260037,True
3974,NSE_EQ|INE246R07731,807NIIF29,N3,NSE,NIFL 8.07% 2029 SR 01,Others,INE246R07731,True
3964,NSE_EQ|INE246R07715,807NIIF39,N1,NSE,NIFL 8.07% 2039 SR6 OPII,Others,INE246R07715,True
7338,NSE_EQ|INE213W07293,807SMFG27,N0,NSE,SIHF 8.07% 2027 SR 27,Others,INE213W07293,True
8540,NSE_EQ|IN3220250077,807TR43,SG,NSE,SDL TR 8.07% 2043,Others,IN3220250077,True
3190,NSE_EQ|IN4520260022,807TS56,SG,NSE,SDL TS 8.07% 2056,Others,IN4520260022,True
4347,NSE_EQ|IN3420220078,807WB38,SG,NSE,SDL WB 8.07% 2038,Others,IN3420220078,True
2980,NSE_EQ|INE121A07ST5,808CIFCL29,N0,NSE,CIFCL 8.08% 2029 SR 663,Others,INE121A07ST5,True
8353,NSE_EQ|INE831R07474,80956ABH26,N0,NSE,ABHFL 8.0956% 2026 SR E1,Others,INE831R07474,True
3334,NSE_EQ|INE976I07CY9,80980TCL27,N0,NSE,TCL 8.0980% 2027,Others,INE976I07CY9,True
5326,NSE_EQ|INE477A07415,809CANF27,N0,NSE,CANF 8.09% 2027 SR 2,Others,INE477A07415,True
7955,NSE_EQ|INE957N07864,809HFL33,N0,NSE,HFL 8.09% 2033 SR 77,Others,INE957N07864,True
4658,NSE_EQ|IN2120250534,809MP50,SG,NSE,SDL MP 8.09% 2050,Others,IN2120250534,True
8760,NSE_EQ|IN3320250282,809UP51,SG,NSE,SDL UP 8.09% 2051,Others,IN3320250282,True
8759,NSE_EQ|IN3320250290,809UP56,SG,NSE,SDL UP 8.09% 2056,Others,IN3320250290,True
8081,NSE_EQ|IN1020250651,80AP44,SG,NSE,SDL AP 8.0% 2044,Others,IN1020250651,True
4635,NSE_EQ|IN2620200013,80NL30,SG,NSE,SDL NL 8.0% 2030,Others,IN2620200013,True
8978,NSE_EQ|IN2620250075,80NL41,SG,NSE,SDL NL 8.0% 2041,Others,IN2620250075,True
8538,NSE_EQ|IN3220250085,80TR46,SG,NSE,SDL TR 8.0% 2046,Others,IN3220250085,True
5999,NSE_EQ|INE572E07209,8104PHFL28,N0,NSE,PHFL 8.104% 28 SR LXVII,Others,INE572E07209,True
8387,NSE_EQ|INE831R07359,810ABHF28,N0,NSE,ABHFL 8.10% 2028 SR A1,Others,INE831R07359,True
7649,NSE_EQ|INE233A08154,810GIL28,N0,NSE,GIL 8.10% 2028 SR 01,Others,INE233A08154,True
4860,NSE_EQ|INE795G08043,810HLICL35,N0,NSE,HLICL 8.10% 2035 SR II,Others,INE795G08043,True
3496,NSE_EQ|INE053F07538,810IRFC27,N2,NSE,BOND 8.10% PA TAX FREE S2,Others,INE053F07538,True
3064,NSE_EQ|IN3720190062,810JH32,SG,NSE,SDL JH 8.10% 2032,Others,IN3720190062,True
6424,NSE_EQ|IN2020200027,810KL32,SG,NSE,SDL KL 8.10% 2032,Others,IN2020200027,True
3967,NSE_EQ|INE246R07707,810NIIF34,N0,NSE,NIFL 8.10% 2034 SR6 OPI,Others,INE246R07707,True
8447,NSE_EQ|INE0Q7Q07018,810NIT40,N0,NSE,NIT 8.10% 2040 SR 1,Others,INE0Q7Q07018,True
8296,NSE_EQ|INE213W08069,810SIHF35,N0,NSE,SIHF 8.10% 2035 SR 6,Others,INE213W08069,True
8314,NSE_EQ|INE033L07IE2,810TCHFL27,ND,NSE,TCHFL 8.10% 2027 SR D,Others,INE033L07IE2,True
9060,NSE_EQ|INE105A08048,810TVSH29,N0,NSE,TVSH 8.10% 2029,Others,INE105A08048,True
3314,NSE_EQ|INE860H07II7,812ABCL28,NG,NSE,ABCL 8.12% 2028 SR L1,Others,INE860H07II7,True
8393,NSE_EQ|INE831R07458,812ABHF29,N0,NSE,ABHFL  8.1168% 2029 SR 2,Others,INE831R07458,True
6234,NSE_EQ|INE020B07GH7,812REC27,NI,NSE,8.12/8.32% TAX FREE NCD,Others,INE020B07GH7,True
5153,NSE_EQ|INE660A07RT4,812SFL27,N2,NSE,SFL 8.12% 2027 SR Y2,Others,INE660A07RT4,True
3342,NSE_EQ|INE976I07CV5,8137TCL24,NH,NSE,TCL 8.137% 2029 SR A,Others,INE976I07CV5,True
8394,NSE_EQ|INE831R07409,813ABHF28,N3,NSE,ABHFL 8.13% 2028 SR H1,Others,INE831R07409,True
6695,NSE_EQ|INE0AD508018,813AIFL32,N0,NSE,AIFL 8.13% 2032 SR D1,Others,INE0AD508018,True
6114,NSE_EQ|IN0020150044,813GS2045,GS,NSE,GOI LOAN 8.13% 2045,Others,IN0020150044,True
6381,NSE_EQ|INE498L07020,813LTF29,NP,NSE,L&T FIN 8.13% 2029 SR H,Others,INE498L07020,True
6024,NSE_EQ|INE572E07142,813PNBH33,N0,NSE,PHFL 8.13% 2033,Others,INE572E07142,True
3254,NSE_EQ|INE0DZE08034,814KSFP36,N0,NSE,KSFP 8.14% 2036 SR SD2,Others,INE0DZE08034,True
6807,NSE_EQ|INE725H08212,814TPL27,N0,NSE,TPL 8.14% 2027,Others,INE725H08212,True
8256,NSE_EQ|INE1N2P24034,815ANN29,N0,NSE,ANN 8.15% 2029 STRPP A,Others,INE1N2P24034,True
8258,NSE_EQ|INE1N2P24042,815ANN30,N0,NSE,ANN 8.15% 2030 STRPP B,Others,INE1N2P24042,True
8253,NSE_EQ|INE1N2P24018,815ANN31,N0,NSE,ANN 8.15% 2031 STRPP C,Others,INE1N2P24018,True
8254,NSE_EQ|INE1N2P24026,815ANN32,N0,NSE,ANN 8.15% 2032 STRPP D,Others,INE1N2P24026,True
5410,NSE_EQ|INE01TY08012,815CHLI36,N0,NSE,CHLI 8.15% 2036,Others,INE01TY08012,True
6981,NSE_EQ|INE02JD08015,815GHFL35,N0,NSE,GHFL 8.15% 2035 SR SD1,Others,INE02JD08015,True
7648,NSE_EQ|INE233A08147,815GIL29,N0,NSE,GIL 8.15% 2029 SR 02,Others,INE233A08147,True
9380,NSE_EQ|IN0020140060,815GS2026,GS,NSE,GOI LOAN 8.15% 2026,Others,IN0020140060,True
5054,NSE_EQ|IN4920200024,815JK30,SG,NSE,SDL JK 8.15% 2030,Others,IN4920200024,True
6382,NSE_EQ|INE498L07012,815LTF27,NO,NSE,L&T FIN 8.15% 2027 SR F,Others,INE498L07012,True
2806,NSE_EQ|INE338I07198,815MOFS28,N0,NSE,MOFS 8.15% 2028 SR 2,Others,INE338I07198,True
6036,NSE_EQ|INE572E07183,815PHFL27,N0,NSE,PHFL 8.15% 2027 SR LXV,Others,INE572E07183,True
6039,NSE_EQ|INE572E07191,815PNB27,N0,NSE,PNB 8.15% 2027 SR LXVI,Others,INE572E07191,True
7453,NSE_EQ|INE535H07CM0,815SICC26,N0,NSE,SICC 8.15% 2026,Others,INE535H07CM0,True
7454,NSE_EQ|INE535H07CL2,815SICC27,N0,NSE,SICC 8.15% 2027,Others,INE535H07CL2,True
3322,NSE_EQ|INE976I07DF6,815TACA29,N0,NSE,TACA 8.15% 2029 SR C,Others,INE976I07DF6,True
8361,NSE_EQ|INE033L07IT0,815TCHFL31,N0,NSE,TCHFL 8.15% 2031 SR B,Others,INE033L07IT0,True
3309,NSE_EQ|INE860H07IW8,816ABCL29,NH,NSE,ABCL 8.16% 2029 SR K1,Others,INE860H07IW8,True
4007,NSE_EQ|INE0DZE07044,816KSFP29,N0,NSE,KSFP 8.164% 2029 SR I1,Others,INE0DZE07044,True
6379,NSE_EQ|INE498L07046,816LTFH27,N0,NSE,LTFH 8.1629% 2027 SR C,Others,INE498L07046,True
8354,NSE_EQ|INE831R07466,817ABHF27,N0,NSE,ABHFL 8.1701% 2027 SR 1,Others,INE831R07466,True
6285,NSE_EQ|INE02JD07066,817GHFL30,N0,NSE,GHFL 8.17% 2030 SR C4,Others,INE02JD07066,True
9381,NSE_EQ|IN0020140078,817GS2044,GS,NSE,GOI LOAN 8.17% 2044,Others,IN0020140078,True
6231,NSE_EQ|INE692Q07506,817TFSIL27,N3,NSE,TFSIL 8.17% 2027 SR S46,Others,INE692Q07506,True
5297,NSE_EQ|INE477A07399,818CANF29,N1,NSE,CAN FIN 8.18% 2029,Others,INE477A07399,True
5202,NSE_EQ|INE02KN07063,818GFL26,N0,NSE,GFL 8.18% 2026 SR C3,Others,INE02KN07063,True
6223,NSE_EQ|INE692Q07522,818TFSIL27,N0,NSE,TFSIL 8.1841% 27 SR S48,Others,INE692Q07522,True
6806,NSE_EQ|INE725H08220,818TPL27,N0,NSE,TPL 8.18% 2027 SR T,Others,INE725H08220,True
2976,NSE_EQ|INE121A07SK4,819CIFL26,N0,NSE,CIFL 8.19% 2026 SR 650,Others,INE121A07SK4,True
2972,NSE_EQ|INE121A07SM0,819CIFL27,N0,NSE,CIFL 8.19% 2027 SR 652,Others,INE121A07SM0,True
3290,NSE_EQ|INE860H07JA2,81ABCL29,NI,NSE,ABCL 8.10% 2029 SR F1,Others,INE860H07JA2,True
3310,NSE_EQ|INE860H07IS6,81ABCL33,N4,NSE,ABCL 8.1% SR VI,Others,INE860H07IS6,True
8305,NSE_EQ|INE033L07GS6,81TCHF28,N8,NSE,SEC RED NCD 8.10% SR.IV,Others,INE033L07GS6,True
8390,NSE_EQ|INE831R07425,820ABHF27,N5,NSE,ABHFL 8.20% 2027 SR K1,Others,INE831R07425,True
8391,NSE_EQ|INE831R07441,820ABHFL27,N6,NSE,ABHFL 8.20% 2027 SR L1,Others,INE831R07441,True
3692,NSE_EQ|INE951F08051,820ABSLI34,N0,NSE,ABSLI 8.20% 2034,Others,INE951F08051,True
5325,NSE_EQ|INE477A07423,820CANF27,N0,NSE,CANF 8.20% 2027 SR 03,Others,INE477A07423,True
2971,NSE_EQ|INE121A07SL2,820CIFL28,N0,NSE,CIFL 8.20% 2028 SR 651,Others,INE121A07SL2,True
6664,NSE_EQ|INE477L07AN9,820IIFL27,N9,NSE,SEC RE NCD 8.20% SR.III,Others,INE477L07AN9,True
3253,NSE_EQ|INE0DZE08026,820KSFP36,N0,NSE,KSFP 8.20% 2036 SR SD1,Others,INE0DZE08026,True
2641,NSE_EQ|INE414G07JP8,820MFL30,N0,NSE,MFL 8.20% 2030 SR 43A,Others,INE414G07JP8,True
6222,NSE_EQ|INE692Q07514,820TFSIL29,N0,NSE,TFSIL 8.20% 2029 SR 47,Others,INE692Q07514,True
8437,NSE_EQ|INE831R07656,822ABHFL29,N0,NSE,ABHFL 8.22% 2029 SR C2,Others,INE831R07656,True
5864,NSE_EQ|INE660A08CI7,823SFL34,N0,NSE,SFL 8.23% 2034 SR Y3,Others,INE660A08CI7,True
7342,NSE_EQ|IN0020060078,824GS2027,GS,NSE,GOI LOAN 8.24%2027,Others,IN0020060078,True
9379,NSE_EQ|IN0020140052,824GS2033,GS,NSE,GOI LOAN 8.24% 2033,Others,IN0020140052,True
6380,NSE_EQ|INE498L07038,824LTF27,NQ,NSE,L&T FIN 8.24% 2027 SR J,Others,INE498L07038,True
6034,NSE_EQ|INE572E07175,824PHFL28,N0,NSE,PHFL 8.24% 2028 SR LXIV,Others,INE572E07175,True
4004,NSE_EQ|INE0DZE07028,8254KSFP29,N1,NSE,KISETSU 8.254% 2029 SRL2,Others,INE0DZE07028,True
3339,NSE_EQ|INE976I07CT9,8258TCL27,NF,NSE,TCL 8.285% 2027 SR C,Others,INE976I07CT9,True
8436,NSE_EQ|INE831R07649,825ABHFL31,N0,NSE,ABHFL 8.25% 2031 SR C1,Others,INE831R07649,True
7702,NSE_EQ|INE403D08223,825BTL27,N0,NSE,BTL 8.25% 2027 SR XIV,Others,INE403D08223,True
5287,NSE_EQ|INE477A07381,825CFHL27,N0,NSE,CAN FIN 8.25% 2027,Others,INE477A07381,True
7383,NSE_EQ|INE127K08017,825NOM27,N0,NSE,NOM 8.25% 2027 SR 01,Others,INE127K08017,True
7336,NSE_EQ|INE213W07285,825SMFG27,N1,NSE,SIHFC 8.25% 2027 SR 26,Others,INE213W07285,True
7792,NSE_EQ|INE729N07073,825TCSL27,N0,NSE,TCSL 8.25% 2027,Others,INE729N07073,True
7793,NSE_EQ|INE729N07081,825TCSL28,N0,NSE,TCSL 8.25% 2028,Others,INE729N07081,True
6820,NSE_EQ|INE725H08196,825TPL27,N6,NSE,TPL 8.25% 2027 SR Q,Others,INE725H08196,True
3069,NSE_EQ|IN0020070036,826GS2027,GS,NSE,GOI LOAN 8.26% 2027,Others,IN0020070036,True
7450,NSE_EQ|INE535H07CH0,8277SMF27,N5,NSE,SICCL 8.277% 2027 SR 107,Others,INE535H07CH0,True
3061,NSE_EQ|IN0020070069,828GS2027,GS,NSE,GOI LOAN 8.28% 2027,Others,IN0020070069,True
7339,NSE_EQ|IN0020060086,828GS2032,GS,NSE,GOI LOAN 8.28%2032,Others,IN0020060086,True
6031,NSE_EQ|INE572E07167,828PHFL26,N0,NSE,PHFL 8.28% 2026 SR LXIII,Others,INE572E07167,True
7457,NSE_EQ|INE535H07CK4,828SICC26,N0,NSE,SICCL 8.28% 2026 SR 109,Others,INE535H07CK4,True
5927,NSE_EQ|INE0AD507218,82907AIF29,N0,NSE,AIFL 8.2907% 2029 SR A1,Others,INE0AD507218,True
6661,NSE_EQ|INE511C07706,829PFL29,N6,NSE,SEC RED NCD 10.27% SR. VI,Others,INE511C07706,True
5855,NSE_EQ|INE031A07840,82HUDCO27,N2,NSE,8.20 NCD05MAR27 FV 1000,Others,INE031A07840,True
5270,NSE_EQ|INE219X07264,82IGT31,NJ,NSE,SEC RE NCD 8.20% SR.V,Others,INE219X07264,True
7452,NSE_EQ|INE535H07CF4,83044SMF29,N3,NSE,SMFG 8.3044% 2029 SR 105,Others,INE535H07CF4,True
3316,NSE_EQ|INE860H07IJ5,830ABCL26,NJ,NSE,ABCL 8.30% 2026 SR L2,Others,INE860H07IJ5,True
9024,NSE_EQ|INE831R08092,830ABHFL34,N0,NSE,ABHFL 8.30% 2034,Others,INE831R08092,True
4810,NSE_EQ|INE906B07CB9,830NHAI27,N2,NSE,BOND 8.30% PA TAX FREE S2,Others,INE906B07CB9,True
8484,NSE_EQ|INE134E07208,830PFCL27,N5,NSE,8.30% TAX FREE NCD,Others,INE134E07208,True
7455,NSE_EQ|INE535H07CJ6,830SICC27,N0,NSE,SICCL 8.30% 2027 SR 109,Others,INE535H07CJ6,True
7451,NSE_EQ|INE535H07CI8,830SMF29,N6,NSE,SICCL 8.3040% 2029 SR108,Others,INE535H07CI8,True
3303,NSE_EQ|INE976I07DC3,830TACA27A,N0,NSE,TACA 8.30% 2027 PSTRPII,Others,INE976I07DC3,True
6239,NSE_EQ|INE692Q07498,830TFSIL27,N2,NSE,TFSIL 8.30% 2027 SR S45,Others,INE692Q07498,True
6805,NSE_EQ|INE725H08238,830TPL28,N0,NSE,TPL 8.30% 2028 SR U,Others,INE725H08238,True
3522,NSE_EQ|INE860H08EL8,831ABCL34,NK,NSE,ABCL 8.31% 2034 SR SA1,Others,INE860H08EL8,True
7044,NSE_EQ|IN2920200036,831RJ27,SG,NSE,SDL RJ 8.31% 2027,Others,IN2920200036,True
3070,NSE_EQ|IN0020070044,832GS2032,GS,NSE,GOI LOAN 8.32% 2032,Others,IN0020070044,True
6980,NSE_EQ|INE800X07105,832HHFL27,N0,NSE,HHFL 8.32% 2027 SR 11,Others,INE800X07105,True
7345,NSE_EQ|INE800X07097,832HHFL27A,N0,NSE,HHFL 8.32% 2027 SR 11,Others,INE800X07097,True
6243,NSE_EQ|INE692Q07472,832TFSIL29,N0,NSE,TFSIL 8.32% 2029 SR S44,Others,INE692Q07472,True
3287,NSE_EQ|INE813H07382,832TPL27,N5,NSE,TPL 8.32% 2027 SR 13B,Others,INE813H07382,True
3273,NSE_EQ|INE813H07374,832TPL28,N6,NSE,TPL 8.32% 2028 SR 13C,Others,INE813H07374,True
3271,NSE_EQ|INE813H07366,832TPL29,N7,NSE,TPL 8.32% 2029 SR 13D,Others,INE813H07366,True
3299,NSE_EQ|INE860H07IY4,833ABCL27,NL,NSE,ABCL 8.33% 2027 SR L1,Others,INE860H07IY4,True
6536,NSE_EQ|IN0020120039,833GS2026,GS,NSE,GOI LOAN 8.33% 2026,Others,IN0020120039,True
3062,NSE_EQ|IN0020070077,833GS2032,GS,NSE,GOI LOAN 8.33% 2032,Others,IN0020070077,True
7348,NSE_EQ|IN0020060045,833GS2036,GS,NSE,GOI LOAN 8.33% 2036,Others,IN0020060045,True
6027,NSE_EQ|INE572E07159,833PHFL29,N0,NSE,PHFL 8.33% 2029 SR LXII,Others,INE572E07159,True
6821,NSE_EQ|INE725H08188,833TPL27,N5,NSE,TPL 8.33% 2027 SR P,Others,INE725H08188,True
3807,NSE_EQ|INE511N08024,834MLICL35,N0,NSE,MLICL 8.34% 2035,Others,INE511N08024,True
5213,NSE_EQ|INE02KN07071,835GFL28,N0,NSE,GFL 8.35% 2028 SR C4,Others,INE02KN07071,True
4001,NSE_EQ|INE0DZE07036,835KSFL27,N0,NSE,KISETSU 8.35% 2027 SR L1,Others,INE0DZE07036,True
5988,NSE_EQ|INE572E07290,835PHFL31,N0,NSE,PHFL 8.35% 2031 SR LXXVI,Others,INE572E07290,True
5517,NSE_EQ|INE148I07RR7,835SCL23A,YH,NSE,SEC RE NCD 10.5% SR IX,Others,INE148I07RR7,True
5516,NSE_EQ|INE148I07RZ0,835SCL23B,YM,NSE,SEC RE NCD 10.25% SR XII,Others,INE148I07RZ0,True
7350,NSE_EQ|INE213W07277,835SMFG27,N0,NSE,SMFGH 8.35% 2027 SR 25,Others,INE213W07277,True
7796,NSE_EQ|INE729N07065,835TCSL27,N0,NSE,TVS CREDIT 8.35% 2027,Others,INE729N07065,True
6808,NSE_EQ|INE725H08204,835TPL27,N0,NSE,TPL 8.35% 2027,Others,INE725H08204,True
6238,NSE_EQ|INE692Q07480,83645TFS27,N1,NSE,TFSIL 8.3645% 2027 SRS43,Others,INE692Q07480,True
7650,NSE_EQ|INE233A08121,836GIL26,N0,NSE,GIL 8.36% 2026 SR I,Others,INE233A08121,True
6422,NSE_EQ|INE530B07658,837IIFL28,Y4,NSE,IIFL 8.37% TR I SR I,Others,INE530B07658,True
9369,NSE_EQ|INE020B07HQ6,837REC33,N7,NSE,BOND 8.37% TAX FREE S3A,Others,INE020B07HQ6,True
6496,NSE_EQ|INE535H07CE7,837SMFG29,N2,NSE,SMFG 8.37% 2029 SR 104,Others,INE535H07CE7,True
6212,NSE_EQ|IN0020100031,83GS2040,GS,NSE,GOI LOAN 8.30% 2040,Others,IN0020100031,True
6537,NSE_EQ|IN0020120062,83GS2042,GS,NSE,GOI LOAN 8.30% 2042,Others,IN0020120062,True
8306,NSE_EQ|INE033L07GT4,83TCHF28,N9,NSE,SEC RED NCD 8.30% SR.V,Others,INE033L07GT4,True
2955,NSE_EQ|INE121A07RP5,840CIFCL27,NI,NSE,CHOLA 8.40% 2027 SR 635,Others,INE121A07RP5,True
2959,NSE_EQ|INE121A07QY9,840CIFCL28,N4,NSE,SEC RE NCD 8.40% SR.V,Others,INE121A07QY9,True
2978,NSE_EQ|INE121A07SH0,840CIFL27,N0,NSE,CIFL 8.40% 2027,Others,INE121A07SH0,True
5868,NSE_EQ|INE121A08PX1,840CIFL32,N0,NSE,CIFL 8.40% 2032 SR SD78,Others,INE121A08PX1,True
6278,NSE_EQ|INE02JD07041,840GHFL28,N0,NSE,GHFL 8.40% 2028 SR C2,Others,INE02JD07041,True
7654,NSE_EQ|INE233A08113,840GIL27,N1,NSE,GIL 8.40% 2027 SR II,Others,INE233A08113,True
3516,NSE_EQ|INE053F07660,840IRFC29,N8,NSE,BOND 8.40% PA TF TI-SIIA,Others,INE053F07660,True
4818,NSE_EQ|INE296G07317,840MCSL31,N0,NSE,MCSL 8.40% 2031 SR BD,Others,INE296G07317,True
3270,NSE_EQ|INE813H07341,840TPL27,N1,NSE,TPL 8.40% 2027 SR 12B,Others,INE813H07341,True
3285,NSE_EQ|INE813H07333,840TPL28,N2,NSE,TPL 8.40% 2028 SR 12C,Others,INE813H07333,True
3279,NSE_EQ|INE813H07325,840TPL29,N3,NSE,TPL 8.40% 2029 SR 12D,Others,INE813H07325,True
7651,NSE_EQ|INE233A08139,842GIL27,N0,NSE,GIL 8.42% 2027 SR 01,Others,INE233A08139,True
7951,NSE_EQ|INE957N07823,842HFL27,N0,NSE,HFL 8.42% 2027 SR71 OPII,Others,INE957N07823,True
5680,NSE_EQ|INE530B07161,842IIFL26,NL,NSE,SEC RE NCD 8.42% SR.V,Others,INE530B07161,True
5721,NSE_EQ|INE148I07XR5,842SCL27,N3,NSE,SCL 8.42% 2027 SR II,Others,INE148I07XR5,True
6654,NSE_EQ|INE477L07AQ2,843IHFL29,NC,NSE,SEC RE NCD 8.43% SR.VI,Others,INE477L07AQ2,True
5209,NSE_EQ|INE148I07LD0,843SCFL27,YB,NSE,SEC RE NCD 8.43% SR.VIII,Others,INE148I07LD0,True
5181,NSE_EQ|INE148I07LU4,843SCL27,YS,NSE,SEC RE NCD 8.43% SR.VIII,Others,INE148I07LU4,True
6284,NSE_EQ|INE02JD07058,845GHFL29,N0,NSE,GHFL 8.45% 2029 SR C3,Others,INE02JD07058,True
2665,NSE_EQ|INE414G07JX2,845MFL29,N0,NSE,MFL 8.45% 2029,Others,INE414G07JX2,True
9442,NSE_EQ|INE357L07507,845NOM27,N0,NSE,NOMURA 8.45% 2027 SR 4A,Others,INE357L07507,True
9424,NSE_EQ|INE357L07499,845NOM27A,N0,NSE,NOMURA 8.45% 2027 SR 4B,Others,INE357L07499,True
9371,NSE_EQ|INE020B07HP8,846REC28,N6,NSE,BOND 8.46% TAX FREE S2A,Others,INE020B07HP8,True
6824,NSE_EQ|INE725H08162,847TPL26,N1,NSE,TPL 8.47% 2026 SR O,Others,INE725H08162,True
7142,NSE_EQ|INE423A07492,848AEL29,NJ,NSE,AEL 8.48% 2029 SR III,Others,INE423A07492,True
3293,NSE_EQ|INE733E07JF7,848NTPC28,N2,NSE,8.48%S-R-NCD SERIES 2A,Others,INE733E07JF7,True
3691,NSE_EQ|INE951F08069,849ABSLI34,N0,NSE,ABSLI 8.49% 2034,Others,INE951F08069,True
5292,NSE_EQ|INE101I08081,84AIL28,N0,NSE,AIL 8.40% 2028,Others,INE101I08081,True
2964,NSE_EQ|INE121A07RE9,84CIFCL28,NA,NSE,SEC RE NCD 8.40% SR 5,Others,INE121A07RE9,True
8307,NSE_EQ|INE033L07GU2,84TCHF28,NA,NSE,SEC RED NCD 8.40% SR.V,Others,INE033L07GU2,True
2957,NSE_EQ|INE121A07RO8,850CIFCL26,NE,NSE,SEC RE NCD 8.50% SR 3,Others,INE121A07RO8,True
2999,NSE_EQ|INE121A07SG2,850CIFL27,N0,NSE,CIFL 8.5% 2027 SR 646,Others,INE121A07SG2,True
2973,NSE_EQ|INE121A07SJ6,850CIFL34,N0,NSE,CIFL 8.50% 2034 SR 649,Others,INE121A07SJ6,True
7354,NSE_EQ|INE800X07071,850HHFL27,N0,NSE,HHFL 8.50% 2027 SR 10,Others,INE800X07071,True
3748,NSE_EQ|INE2T2Q07188,850HMDA30,N0,NSE,HMDA 8.50% 2030 STRPP A,Others,INE2T2Q07188,True
3847,NSE_EQ|INE2T2Q07329,850HMDA31,N0,NSE,HMDA 8.50% 2031 STRPP B,Others,INE2T2Q07329,True
3849,NSE_EQ|INE2T2Q07345,850HMDA32,N0,NSE,HMDA 8.50% 2032 STRPP C,Others,INE2T2Q07345,True
3850,NSE_EQ|INE2T2Q07337,850HMDA33,N0,NSE,HMDA 8.50% 2033 STRPP D,Others,INE2T2Q07337,True
3803,NSE_EQ|INE2T2Q07287,850HMDA34,N0,NSE,HMDA 8.50% 2034 STRPP E,Others,INE2T2Q07287,True
3826,NSE_EQ|INE2T2Q07253,850HMDA35,N0,NSE,HMDA 8.50% 2035 STRPP F,Others,INE2T2Q07253,True
3816,NSE_EQ|INE2T2Q07204,850HMDA36,N0,NSE,HMDA 8.50% 2036 STRPP G,Others,INE2T2Q07204,True
3747,NSE_EQ|INE2T2Q07196,850HMDA37,N0,NSE,HMDA 8.50% 2037 STRPP H,Others,INE2T2Q07196,True
3830,NSE_EQ|INE2T2Q07238,850HMDA38,N0,NSE,HMDA 8.50% 2038 STRPP I,Others,INE2T2Q07238,True
3828,NSE_EQ|INE2T2Q07246,850HMDA39,N0,NSE,HMDA 8.50% 2039 STRPP J,Others,INE2T2Q07246,True
3802,NSE_EQ|INE2T2Q07295,850HMDA40,N0,NSE,HMDA 8.50% 2040 STRPP K,Others,INE2T2Q07295,True
3835,NSE_EQ|INE2T2Q07261,850HMDA41,N0,NSE,HMDA 8.50% 2041 STRPP L,Others,INE2T2Q07261,True
3822,NSE_EQ|INE2T2Q07220,850HMDA42,N0,NSE,HMDA 8.50% 2042 STRPP M,Others,INE2T2Q07220,True
3812,NSE_EQ|INE2T2Q07212,850HMDA43,N0,NSE,HMDA 8.50% 2043 STRPP N,Others,INE2T2Q07212,True
3832,NSE_EQ|INE2T2Q07279,850HMDA44,N0,NSE,HMDA 8.50% 2044 STRPP O,Others,INE2T2Q07279,True
3860,NSE_EQ|INE2T2Q07303,850HMDA45,N0,NSE,HMDA 8.50% 2045 STRPP P,Others,INE2T2Q07303,True
3859,NSE_EQ|INE2T2Q07311,850HMDA46,N0,NSE,HMDA 8.50% 2046 STRPP Q,Others,INE2T2Q07311,True
6650,NSE_EQ|INE477L07AO7,850IIFL27,NA,NSE,SEC RE NCD 8.50% SR.IV,Others,INE477L07AO7,True
6641,NSE_EQ|INE530B08219,850IIFL28,N0,NSE,IIFL 8.50% 2028 SR D34,Others,INE530B08219,True
4753,NSE_EQ|INE542W07014,850KGEL30,N0,NSE,KGEL 8.50% 2030,Others,INE542W07014,True
4968,NSE_EQ|INE906B07DE1,850NHAI29,N5,NSE,8.50% TAX FREE TR I S IIA,Others,INE906B07DE1,True
3679,NSE_EQ|INE091A07208,850NIRMA27,N7,NSE,NIRMA 8.50%2027SRVII TRC,Others,INE091A07208,True
5471,NSE_EQ|INE148I08348,850SCL25A,NW,NSE,UNSE RE NCD 9.35% SR.X,Others,INE148I08348,True
9011,NSE_EQ|INE723X07240,850TIAP28A,N0,NSE,TIAPL 8.50% 2028 SR II,Others,INE723X07240,True
9010,NSE_EQ|INE723X07257,850TIAP28B,N0,NSE,TIAP 8.50% 2028 SR III,Others,INE723X07257,True
9001,NSE_EQ|INE723X07232,850TIAPL28,N0,NSE,TIAPL 8.50% 2028 SR I,Others,INE723X07232,True
6823,NSE_EQ|INE725H08170,850TPL26,N0,NSE,TPL 8.50% 2026 SR N,Others,INE725H08170,True
5849,NSE_EQ|INE031A07915,851HUDCO28,NB,NSE,8.51% TAX FREETRI SR2A,Others,INE031A07915,True
6502,NSE_EQ|INE530B07591,852IIFL29,Y5,NSE,IIFL 8.52% TR I SR II,Others,INE530B07591,True
7355,NSE_EQ|INE670K07356,852LDL36,N0,NSE,LDL 8.52% 2036,Others,INE670K07356,True
4952,NSE_EQ|INE027E07AM9,852LTF27,NG,NSE,SERENCD 8.52% SR.VII OPI,Others,INE027E07AM9,True
2636,NSE_EQ|INE414G07JN3,852MFL28,N0,NSE,MFL 8.52% 2028 OP I,Others,INE414G07JN3,True
2643,NSE_EQ|INE414G07JO1,852MFL28A,N0,NSE,MFL 8.52% 2028 OP II,Others,INE414G07JO1,True
2662,NSE_EQ|INE414G07JY0,852MFL31,N0,NSE,MFL 8.52% 2031 OP I,Others,INE414G07JY0,True
4038,NSE_EQ|INE848E07526,854NHPC28,N2,NSE,8.54% SEC RED BOND S2A,Others,INE848E07526,True
3501,NSE_EQ|INE202E07120,855IREDA29,N2,NSE,IREDA 8.55NCDTR I SR II A,Others,INE202E07120,True
3491,NSE_EQ|INE202E07146,855IREDA34,N3,NSE,IREDA 8.55NCDTR I SR IIIA,Others,INE202E07146,True
3272,NSE_EQ|INE414G07KA8,855MFL36,N0,NSE,MFL 8.55% 2036,Others,INE414G07KA8,True
5309,NSE_EQ|INE306N07LL7,855TCAPS27,N7,NSE,SERENCD8.55%SR.IIICI&II,Others,INE306N07LL7,True
5854,NSE_EQ|INE121A08PV5,857CIFL32,N0,NSE,CIFL 8.57% 2032 SR 77,Others,INE121A08PV5,True
3006,NSE_EQ|INE121A07SB3,858CIF27,NU,NSE,CHOLA 8.58% 2027 SR 641,Others,INE121A07SB3,True
5833,NSE_EQ|INE031A07972,858HUDCO29,NC,NSE,8.58% TAX FREETRII SR2A,Others,INE031A07972,True
3007,NSE_EQ|INE121A07SA5,859CIFCL29,NT,NSE,CHOLA 8.59% 2029 SR 640,Others,INE121A07SA5,True
2952,NSE_EQ|INE121A07RT7,85CIFC27,NL,NSE,SEC RE NCD 8.50% SR 3,Others,INE121A07RT7,True
5935,NSE_EQ|INE02KN08012,85GFL36,N0,NSE,GFL 8.5% 2036 SR I,Others,INE02KN08012,True
6280,NSE_EQ|INE02JD07033,85GHFL27,N0,NSE,GHFL 8.5% 2027 SR C1,Others,INE02JD07033,True
4972,NSE_EQ|INE027E07BB0,85LTF26,NM,NSE,SERENCD 8.50% SR.VI OP11,Others,INE027E07BB0,True
3003,NSE_EQ|INE516Y07360,85PFL26,N7,NSE,SEC RE NCD 8.50% SR.IV,Others,INE516Y07360,True
6666,NSE_EQ|INE511C07714,85PFL26A,N7,NSE,SEC RED NCD 10.75% SR.VII,Others,INE511C07714,True
7144,NSE_EQ|INE423A07484,860AEL28,NH,NSE,AEL 8.60% 2028 SR I,Others,INE423A07484,True
2988,NSE_EQ|INE121A07RX9,860CIFC29,NQ,NSE,CHOLA 8.60% 2029 SR 637,Others,INE121A07RX9,True
2938,NSE_EQ|INE121A07RM2,860CIFCL28,NG,NSE,SEC RE NCD 8.60% SR 5,Others,INE121A07RM2,True
2991,NSE_EQ|INE121A07RY7,860CIFCL29,NR,NSE,CHOLA 8.60% 2029 SR 638,Others,INE121A07RY7,True
5197,NSE_EQ|INE02KN07048,860GFL27,N0,NSE,GFL 8.60% 2027 SR C1,Others,INE02KN07048,True
7909,NSE_EQ|INE957N07773,860HFL29,N1,NSE,HFL 8.60% 2029 SR 62,Others,INE957N07773,True
6423,NSE_EQ|INE530B07666,860IIFL27,N0,NSE,IIFL 8.60% 2027 SR D 36,Others,INE530B07666,True
2639,NSE_EQ|INE414G07JM5,860MFL28,N0,NSE,MFL 8.60% 2028,Others,INE414G07JM5,True
6803,NSE_EQ|INE725H08246,860TPL31,N0,NSE,TPL 8.60% 2031 SR V,Others,INE725H08246,True
9349,NSE_EQ|INE020B07IE0,861REC34,ND,NSE,BOND8.61% PA TF TR II S3A,Others,INE020B07IE0,True
7069,NSE_EQ|INE423A07518,862AEL31,NM,NSE,AEL 8.62% 2031 SR VI,Others,INE423A07518,True
7353,NSE_EQ|INE800X07063,862HHFL29,N0,NSE,HHFL 8.62% 2029 SR 009,Others,INE800X07063,True
9375,NSE_EQ|INE020B07HT0,862REC33,NA,NSE,BOND 8.62% TAX FREE S3B,Others,INE020B07HT0,True
3520,NSE_EQ|INE053F07728,863IRFC29,NC,NSE,BOND 8.63% PA TF TII-SIIA,Others,INE053F07728,True
9152,NSE_EQ|INE557F07090,863NHB29,N2,NSE,BOND 8.63%PA TF TR-I S 2A,Others,INE557F07090,True
9175,NSE_EQ|INE557F07108,863NHB34,N3,NSE,BOND 8.76%PA TF TR-I S 3A,Others,INE557F07108,True
9332,NSE_EQ|INE020B07ID2,863REC29,NC,NSE,BOND8.63% PA TF TR II S2A,Others,INE020B07ID2,True
3004,NSE_EQ|INE121A07SE7,864CIFL29,N0,NSE,CI 8.64% 2029 644,Others,INE121A07SE7,True
2996,NSE_EQ|INE121A07SF4,864CIFL29A,N0,NSE,CIFL 8.64% 2029 SR 645,Others,INE121A07SF4,True
7705,NSE_EQ|INE403D08231,865BTL27,N0,NSE,BTL 8.65% 2027 SR XIX,Others,INE403D08231,True
3008,NSE_EQ|INE121A07SC1,865CIF29,NV,NSE,CHOLA 8.65% 2029 SR 642,Others,INE121A07SC1,True
2995,NSE_EQ|INE121A07RW1,865CIFC865,NP,NSE,CHOLA 8.65% 2029 SR 636,Others,INE121A07RW1,True
3005,NSE_EQ|INE121A07SD9,865CIFL29,NW,NSE,CHOLA 8.65% 2029 SR 643,Others,INE121A07SD9,True
7343,NSE_EQ|INE800X07089,865HHFL30,N0,NSE,HHFL 8.65% 30 SR 10 OP I,Others,INE800X07089,True
6548,NSE_EQ|INE530B07385,865IFL28,NZ,NSE,SEC RE NCD 8.65% SR.V,Others,INE530B07385,True
6732,NSE_EQ|INE477L07BB2,865IHFL27,N1,NSE,SEC RE NCD 8.65% SR III,Others,INE477L07BB2,True
6543,NSE_EQ|INE530B07310,865IIFL28,NS,NSE,SEC RE NCD 8.65% SR.V,Others,INE530B07310,True
6410,NSE_EQ|INE530B07633,865IIFL31,Y6,NSE,IIFL 8.65% TR I SR III,Others,INE530B07633,True
3514,NSE_EQ|INE053F07686,865IRFC29,NA,NSE,BOND 8.65% PA TF TI-SIIB,Others,INE053F07686,True
4974,NSE_EQ|INE027E07BC8,865LTF26,NN,NSE,SERENCD 8.65% SR.VI OP12,Others,INE027E07BC8,True
2651,NSE_EQ|INE414G07JL7,865MFL28,N0,NSE,MFL 8.65% 2028,Others,INE414G07JL7,True
9169,NSE_EQ|INE557F07165,865NHB34,N4,NSE,NHB 8.65 NCD TR II SR 3 A,Others,INE557F07165,True
5273,NSE_EQ|INE148I07MK3,865SCL24B,Z8,NSE,SEC RE NCD 8.70% SR.VIII,Others,INE148I07MK3,True
5087,NSE_EQ|INE148I07GJ7,865SCL26,N8,NSE,SEC RED NCD 8.65% SR. V,Others,INE148I07GJ7,True
5716,NSE_EQ|INE148I07XG8,865SCL27,N4,NSE,SCL 8.65% 2027 SR II,Others,INE148I07XG8,True
5718,NSE_EQ|INE148I07XH6,865SCL28,N9,NSE,SCL 8.65% 2028 SR V,Others,INE148I07XH6,True
5322,NSE_EQ|INE306N07LM5,865TCAPS27,N8,NSE,SERENCD8.65%SR.IIICIII&IV,Others,INE306N07LM5,True
9058,NSE_EQ|INE105A08022,865TVSH29,N0,NSE,TVS HOLDINGS 8.65% 2029,Others,INE105A08022,True
5867,NSE_EQ|INE121A08PY9,866CIFCL33,N0,NSE,CIFCL 8.66% 2033 SR SD79,Others,INE121A08PY9,True
5119,NSE_EQ|INE787H07347,866IIFC34B,N3,NSE,8.66% TAX FREE NCD,Others,INE787H07347,True
3355,NSE_EQ|INE733E07JG5,866NTPC33,N3,NSE,8.66%S-R-NCD SERIES 3A,Others,INE733E07JG5,True
8742,NSE_EQ|INE244L07564,866SFIL23A,NY,NSE,SEC RE NCD 9.57% SR.VIII,Others,INE244L07564,True
2653,NSE_EQ|INE414G07JK9,867MUTF30,N0,NSE,MUTF 8.67% 2030,Others,INE414G07JK9,True
4040,NSE_EQ|INE848E07534,867NHPC33,N3,NSE,8.67% SEC RED BOND S3A,Others,INE848E07534,True
7818,NSE_EQ|INE134E07455,867PFCL33,N7,NSE,8.67% TAX FREE NCD,Others,INE134E07455,True
9159,NSE_EQ|INE557F07157,868NHB29,N3,NSE,NHB 8.68 NCD TR II SR 2 A,Others,INE557F07157,True
2993,NSE_EQ|INE121A07RV3,86CIFC29,NN,NSE,SEC RE NCD 8.60% SR 5,Others,INE121A07RV3,True
9258,NSE_EQ|IN0020140011,86GS2028,GS,NSE,GOI LOAN 8.6% 2028,Others,IN0020140011,True
6404,NSE_EQ|INE530B07617,870IIFL28,Y7,NSE,IIFL 8.70% TR I SR IV,Others,INE530B07617,True
9368,NSE_EQ|INE020B07HS2,871REC28,N9,NSE,BOND 8.71% TAX FREE S2B,Others,INE020B07HS2,True
3354,NSE_EQ|INE733E07JI1,873NTPC28,N5,NSE,8.73%S-R-NCD SERIES 2B,Others,INE733E07JI1,True
7065,NSE_EQ|INE423A07534,875AEL29,NK,NSE,AEL 8.75% 2029 SR IV,Others,INE423A07534,True
5951,NSE_EQ|INE732I07010,875AOL27,N0,NSE,AOL 8.75% 2027,Others,INE732I07010,True
7699,NSE_EQ|INE403D08256,875BTL28,N0,NSE,BTL 8.75% 2028 SR XX,Others,INE403D08256,True
7688,NSE_EQ|INE403D08264,875BTL29,N0,NSE,BTL 8.75% 2029 SR XXI,Others,INE403D08264,True
5851,NSE_EQ|INE121A08PU7,875CIFL32,N0,NSE,CIFL 8.75% 2032 SD76,Others,INE121A08PU7,True
5196,NSE_EQ|INE02KN07022,875GFL27,N0,NSE,GFL 8.75% 2027 SR A,Others,INE02KN07022,True
7954,NSE_EQ|INE957N07872,875HFL28,N0,NSE,HFL 8.75% 2028 SR 78,Others,INE957N07872,True
6652,NSE_EQ|INE477L07AR0,875IHFL29,ND,NSE,SEC RE NCD 8.75% SR.VII,Others,INE477L07AR0,True
5683,NSE_EQ|INE530B07179,875IIFL26,NM,NSE,SEC RE NCD 8.75% SR.VI,Others,INE530B07179,True
6167,NSE_EQ|INE01WN07136,875MOF27,N0,NSE,MOF 8.75% 2027 TR 2,Others,INE01WN07136,True
4967,NSE_EQ|INE906B07DF8,875NHAI29,N6,NSE,8.75% TAX FREE TR I S IIB,Others,INE906B07DF8,True
2940,NSE_EQ|INE516Y07410,875PF26,N8,NSE,SEC RE NCD 8.75% SR.IV,Others,INE516Y07410,True
7217,NSE_EQ|INE202B07JW4,875PFL27,N0,NSE,PFL 8.75% 2027,Others,INE202B07JW4,True
3000,NSE_EQ|INE516Y07378,875PFL31,N9,NSE,SEC RE NCD 8.75% SR.V,Others,INE516Y07378,True
5203,NSE_EQ|INE148I07LB4,875SCFL27,Y9,NSE,SEC RE NCD 8.75% SR.VII,Others,INE148I07LB4,True
5519,NSE_EQ|INE148I07RU1,875SCL23A,YI,NSE,SEC RE NCD 10.03% SR X,Others,INE148I07RU1,True
5175,NSE_EQ|INE148I07LS8,875SCL27,YQ,NSE,SEC RE NCD 8.75% SR.VII,Others,INE148I07LS8,True
5747,NSE_EQ|INE148I07XC7,875SCL27A,N1,NSE,SCL 8.75% 2027 SR I,Others,INE148I07XC7,True
8799,NSE_EQ|INE721A07PK7,875SFL27,ZF,NSE,SEC RED NCD 8.75% SR.III,Others,INE721A07PK7,True
5093,NSE_EQ|INE306N08334,875TCAPS29,NB,NSE,UNSERENCD8.75%SR.IVCI&II,Others,INE306N08334,True
9061,NSE_EQ|INE105A08030,875TVSH30,N0,NSE,TVSH 8.75% 2030,Others,INE105A08030,True
5844,NSE_EQ|INE031A07949,876HUDCO28,ND,NSE,8.76% TAX FREETRI SR2B,Others,INE031A07949,True
2589,NSE_EQ|INE414G07IR6,878MFL27,NH,NSE,MFL 8.78% 2027,Others,INE414G07IR6,True
2645,NSE_EQ|INE414G07JJ1,878MUTF29,N0,NSE,MUTF 8.78% 2029,Others,INE414G07JJ1,True
4028,NSE_EQ|INE848E07559,879NHPC28,N5,NSE,8.79% SEC RED BOND S2B,Others,INE848E07559,True
5421,NSE_EQ|INE148I08231,879SCL26,NC,NSE,UNS RED NCD 8.79% SR.VIII,Others,INE148I08231,True
5776,NSE_EQ|INE148I07YI2,879SCL30,N0,NSE,SCL 8.7923% 2030 SR I,Others,INE148I07YI2,True
7949,NSE_EQ|INE957N07807,87HFL26,N0,NSE,HFL 8.7% 2026 SR 70,Others,INE957N07807,True
7947,NSE_EQ|INE957N07815,87HFL27,N0,NSE,HFL 8.7% 27 SR 70 OP II,Others,INE957N07815,True
4213,NSE_EQ|INE2T2Q07055,87HMDA30,N0,NSE,HMDA 8.7% 2030 STRPP A,Others,INE2T2Q07055,True
4226,NSE_EQ|INE2T2Q07089,87HMDA31,N0,NSE,HMDA 8.7% 2031 STRPP B,Others,INE2T2Q07089,True
4224,NSE_EQ|INE2T2Q07097,87HMDA32,N0,NSE,HMDA 8.7% 2032 STRPP C,Others,INE2T2Q07097,True
3754,NSE_EQ|INE2T2Q07113,87HMDA33,N0,NSE,HMDA 8.70% 2033 STRPP D,Others,INE2T2Q07113,True
3765,NSE_EQ|INE2T2Q07121,87HMDA34,N0,NSE,HMDA 8.7% 2034 STRPP E,Others,INE2T2Q07121,True
3745,NSE_EQ|INE2T2Q07170,87HMDA35,N0,NSE,HMDA 8.7% 2035 STRPP F,Others,INE2T2Q07170,True
4232,NSE_EQ|INE2T2Q07014,87HMDA36,N0,NSE,HMDA 8.7% 2036 STRPP G,Others,INE2T2Q07014,True
3777,NSE_EQ|INE2T2Q07139,87HMDA37,N0,NSE,HMDA 8.7% 2037 STRPP H,Others,INE2T2Q07139,True
3758,NSE_EQ|INE2T2Q07105,87HMDA38,N0,NSE,HMDA 8.7% 2038 STRPP I,Others,INE2T2Q07105,True
4222,NSE_EQ|INE2T2Q07063,87HMDA39,N0,NSE,HMDA 8.7% 2039 STRPP J,Others,INE2T2Q07063,True
4216,NSE_EQ|INE2T2Q07048,87HMDA40,N0,NSE,HMDA 8.7% 2040 STRPP K,Others,INE2T2Q07048,True
3746,NSE_EQ|INE2T2Q07162,87HMDA41,N0,NSE,HMDA 8.7% 2041 STRPP L,Others,INE2T2Q07162,True
4235,NSE_EQ|INE2T2Q07022,87HMDA42,N0,NSE,HMDA 8.7% 2042 STRPP M,Others,INE2T2Q07022,True
3770,NSE_EQ|INE2T2Q07154,87HMDA43,N0,NSE,HMDA 8.7% 2043 STRPP N,Others,INE2T2Q07154,True
3774,NSE_EQ|INE2T2Q07147,87HMDA44,N0,NSE,HMDA 8.7% 2044 STRPP O,Others,INE2T2Q07147,True
4234,NSE_EQ|INE2T2Q07030,87HMDA45,N0,NSE,HMDA 8.7% 2045 STRPP P,Others,INE2T2Q07030,True
4219,NSE_EQ|INE2T2Q07071,87HMDA46,N0,NSE,HMDA 8.7% 2046 STRPP Q,Others,INE2T2Q07071,True
4947,NSE_EQ|INE027E07AN7,87LTF27,NH,NSE,SERENCD 8.70% SR.VII OPII,Others,INE027E07AN7,True
3231,NSE_EQ|INE414G08355,87MFL36,N0,NSE,MFL 8.7% 2036,Others,INE414G08355,True
5251,NSE_EQ|INE148I07MD8,87SCL27,Z6,NSE,SEC RE NCD 9.05% SR.VII,Others,INE148I07MD8,True
6499,NSE_EQ|INE530B07567,880IIFL26,N0,NSE,IIFL 8.80% 2026 SR D32,Others,INE530B07567,True
3503,NSE_EQ|INE202E07138,880IREDA29,N5,NSE,IREDA 8.80NCDTR I SR II B,Others,INE202E07138,True
3493,NSE_EQ|INE202E07153,880IREDA34,N6,NSE,IREDA 8.80NCDTR I SR IIIB,Others,INE202E07153,True
6166,NSE_EQ|INE01WN07128,880MOF27,N0,NSE,MOF 8.80% 2027 SR 1,Others,INE01WN07128,True
7219,NSE_EQ|INE202B07JV6,880PFL28,N0,NSE,PFL 8.80% AUG 2028,Others,INE202B07JV6,True
2822,NSE_EQ|IN0020110063,883GS2041,GS,NSE,GOI LOAN 8.83% 2041,Others,IN0020110063,True
3439,NSE_EQ|INE027E07980,884LTF29,N6,NSE,SE RE NCD 8.84% SR.VI OP1,Others,INE027E07980,True
7165,NSE_EQ|INE423A07427,885AEL28,NB,NSE,AEL 8.85% 2028 SR III,Others,INE423A07427,True
5823,NSE_EQ|INE121A08PM4,885CIFCL34,NS,NSE,CHOLA 8.85% 2034 SR SD69,Others,INE121A08PM4,True
3755,NSE_EQ|INE896L07AN0,885ICFL28,N0,NSE,ICFL 8.85% 2028,Others,INE896L07AN0,True
6740,NSE_EQ|INE477L07AZ3,885IHL26,N1,NSE,SEC RE NCD 8.85% SR I,Others,INE477L07AZ3,True
6500,NSE_EQ|INE530B07575,885IIFL29,Y8,NSE,IIFL 8.85% TR I SR V,Others,INE530B07575,True
4966,NSE_EQ|INE027E07AK3,885LTF27,NE,NSE,SE RE NCD 8.85% SR.VI OPI,Others,INE027E07AK3,True
2585,NSE_EQ|INE414G07IS4,885MFL28,NI,NSE,MFL 8.85% 2028,Others,INE414G07IS4,True
2625,NSE_EQ|INE414G07JA0,885MFL29,NJ,NSE,MFL 8.85% 2029,Others,INE414G07JA0,True
9131,NSE_EQ|INE850M07509,885NACL28,N0,NSE,NACL 8.85% 2028,Others,INE850M07509,True
9425,NSE_EQ|INE357L07481,885NOM28,N2,NSE,NOMURA 8.85% 2028,Others,INE357L07481,True
5088,NSE_EQ|INE148I07GK5,885SCL26,N9,NSE,SEC RED NCD 8.85% SR. VI,Others,INE148I07GK5,True
5097,NSE_EQ|INE306N08342,885TCAPS29,NC,NSE,UNSERENCD8.85%SRIVCIII&IV,Others,INE306N08342,True
9009,NSE_EQ|INE723X07265,885TIAPL29,N0,NSE,TIAPL 8.85% 2029 SR IV,Others,INE723X07265,True
9345,NSE_EQ|INE020B07IH3,886REC34,NG,NSE,BOND8.86% PA TF TR II S3B,Others,INE020B07IH3,True
5774,NSE_EQ|INE148I07YH4,886SCL30,N0,NSE,SCL 8.8570% 2030 SR II,Others,INE148I07YH4,True
7914,NSE_EQ|INE957N07799,8887HFL26,N0,NSE,HFL 8.8871% 2026 SR 66,Others,INE957N07799,True
5145,NSE_EQ|INE528S07110,888ECL28,N1,NSE,ECL 8.88% 2028 SR V,Others,INE528S07110,True
3521,NSE_EQ|INE053F07744,888IRFC29,NE,NSE,BOND 8.88% PA TF TII-SIIB,Others,INE053F07744,True
9166,NSE_EQ|INE557F07124,888NHB29,N5,NSE,BOND 8.88%PA TF TR-I S 2B,Others,INE557F07124,True
9347,NSE_EQ|INE020B07IG5,888REC29,NF,NSE,BOND8.88% PA TF TR II S2B,Others,INE020B07IG5,True
5408,NSE_EQ|INE148I07QC1,888SCL25D,NC,NSE,SEC RE NCD 9.57% SR X,Others,INE148I07QC1,True
5375,NSE_EQ|INE148I07PV3,888SCL25E,N4,NSE,SEC RE NCD 10.25% SR XII,Others,INE148I07PV3,True
5616,NSE_EQ|INE148I07VQ1,888SCL26X,N1,NSE,SCL 8.88% 2026 SR II,Others,INE148I07VQ1,True
5709,NSE_EQ|INE148I07XK0,888SCL28,NA,NSE,SCL 8.88% 2028 SR V,Others,INE148I07XK0,True
5214,NSE_EQ|INE148I07LE8,889SCFL27,YC,NSE,SEC RE NCD 8.89% SR.VIII,Others,INE148I07LE8,True
5136,NSE_EQ|INE148I07KN1,889SCL26,NS,NSE,SEC RE NCD 9.25% SR.VII,Others,INE148I07KN1,True
5183,NSE_EQ|INE148I07LV2,889SCL27,YT,NSE,SEC RE NCD 8.89% SR.VIII,Others,INE148I07LV2,True
5467,NSE_EQ|INE148I08322,889SCL28,NU,NSE,UNSE RE NCD 9.75% SR.IX,Others,INE148I08322,True
9007,NSE_EQ|INE723X07273,88TIAPL29,N0,NSE,TIAPL 8.8% 2029 SR V,Others,INE723X07273,True
7067,NSE_EQ|INE423A07526,890AEL31,NN,NSE,AEL 8.90% 2031 SR VII,Others,INE423A07526,True
8457,NSE_EQ|INE563J08023,890ALSL27,N0,NSE,ALSL 8.90% 2027,Others,INE563J08023,True
7698,NSE_EQ|INE403D08249,890BTL31,N0,NSE,BTL 8.90% 2031 SR XXII,Others,INE403D08249,True
7709,NSE_EQ|INE403D08215,890BTL34,N0,NSE,BTL 8.90% 2034 SR XXIII,Others,INE403D08215,True
2624,NSE_EQ|INE414G07JB8,890MFL27,NK,NSE,MFL 8.90% 2027,Others,INE414G07JB8,True
2648,NSE_EQ|INE414G07JI3,890MFL27A,N0,NSE,MFL 8.90% 2027,Others,INE414G07JI3,True
9420,NSE_EQ|INE357L07473,890NCPL28,N1,NSE,NOMURA 8.90% 2028 SR 02,Others,INE357L07473,True
9167,NSE_EQ|INE557F07199,890NHB34,N7,NSE,NHB 8.90 NCD TR II SR 3 B,Others,INE557F07199,True
8739,NSE_EQ|INE244L07523,890SFIL23A,NZ,NSE,SEC RE NCD 10.03% SR.VIII,Others,INE244L07523,True
5114,NSE_EQ|INE787H07370,891IIFCL34,N4,NSE,8.91% TAX FREE NCD,Others,INE787H07370,True
3351,NSE_EQ|INE733E07JJ9,891NTPC33,N6,NSE,8.91%S-R-NCD SERIES 3B,Others,INE733E07JJ9,True
5859,NSE_EQ|INE121A08PR3,892CIFL34,N0,NSE,CIFL 8.92% 2034 SR SD73,Others,INE121A08PR3,True
4031,NSE_EQ|INE848E07567,892NHPC33,N6,NSE,8.92% SEC RED BOND S3B,Others,INE848E07567,True
7817,NSE_EQ|INE134E07463,892PFCL33,N8,NSE,8.92% TAX FREE NCD,Others,INE134E07463,True
9168,NSE_EQ|INE557F07181,893NHB29,N6,NSE,NHB 8.93 NCD TR II SR 2 B,Others,INE557F07181,True
5303,NSE_EQ|INE148I07NG9,894SCL27,ZY,NSE,SEC RE NCD 9.80% SR.VII,Others,INE148I07NG9,True
7160,NSE_EQ|INE423A07450,895AEL27,N9,NSE,AEL 8.95% 2027 SR I,Others,INE423A07450,True
2629,NSE_EQ|INE414G07JD4,895MFL27,NM,NSE,MFL 8.95% 2027 SR33A OPI,Others,INE414G07JD4,True
7501,NSE_EQ|INE163K07139,895PAPL27,N0,NSE,PAPL 8.95% 2027 SR I,Others,INE163K07139,True
7506,NSE_EQ|INE163K07147,895PAPL28,N0,NSE,PAPL 8.95% 2028 II,Others,INE163K07147,True
7505,NSE_EQ|INE163K07154,895PAPL28A,N0,NSE,PAPL 8.95% 2028 SR III,Others,INE163K07154,True
7503,NSE_EQ|INE163K07162,895PAPL28B,N0,NSE,PAPL 8.95% 2028 SR IV,Others,INE163K07162,True
6425,NSE_EQ|IN2020200035,896KL35,SG,NSE,SDL KL 8.96% 2035,Others,IN2020200035,True
2825,NSE_EQ|IN0020110055,897GS2030,GS,NSE,GOI LOAN 8.97% 2030,Others,IN0020110055,True
2621,NSE_EQ|INE414G07JH5,897MFL27,N0,NSE,MFL 8.97% 2027,Others,INE414G07JH5,True
2824,NSE_EQ|INE338I07164,897MOFSL29,N4,NSE,SEC RE NCD 8.97% SR V,Others,INE338I07164,True
3440,NSE_EQ|INE027E07998,898LTF29,N7,NSE,SERENCD 8.98% SR.VI OP2,Others,INE027E07998,True
3761,NSE_EQ|INE896L07AM2,89ICFL28,N0,NSE,ICFL 8.9% 2028,Others,INE896L07AM2,True
6736,NSE_EQ|INE477L07BG1,89IHFL29,N1,NSE,SEC RE NCD 8.90% SR VI,Others,INE477L07BG1,True
5246,NSE_EQ|INE148I07NA2,89SCL24A,ZM,NSE,SEC RE NCD 8.70% SR.VIII,Others,INE148I07NA2,True
3308,NSE_EQ|INE860H07IQ0,8ABCL26,N2,NSE,ABCL 8% SR I,Others,INE860H07IQ0,True
8395,NSE_EQ|INE831R07417,8ABHF34,N4,NSE,ABHFL 8% 2034 SR J1,Others,INE831R07417,True
5777,NSE_EQ|IN1120200010,8AR30,SG,NSE,SDL AR 8% 2030,Others,IN1120200010,True
4329,NSE_EQ|IN1220200019,8AS30,SG,NSE,SDL AS 8% 2030,Others,IN1220200019,True
7321,NSE_EQ|INE18UV08010,8BACL30,N0,NSE,BACL 8% 2030,Others,INE18UV08010,True
7315,NSE_EQ|INE18UV08028,8BACL30A,N0,NSE,BACL 8% 2030,Others,INE18UV08028,True
8755,NSE_EQ|IN1620200015,8HR30,SG,NSE,SDL HR 8% 2030,Others,IN1620200015,True
6721,NSE_EQ|INE477L07BK3,8IHFL27,N0,NSE,IHFL 8.00% 2027 SR E1 8,Others,INE477L07BK3,True
5078,NSE_EQ|INE281B08052,8LMAEL32,N0,NSE,LMAEL 8% 2032,Others,INE281B08052,True
8945,NSE_EQ|IN2320200016,8MN30,SG,NSE,SDL MN 8% 2030,Others,IN2320200016,True
7723,NSE_EQ|INE05NX24023,8SMC29,N1,NSE,SMC 8% 2029 STRPP A,Others,INE05NX24023,True
7724,NSE_EQ|INE05NX24031,8SMC30,N2,NSE,SMC 8% 2030 STRPP B,Others,INE05NX24031,True
8924,NSE_EQ|INE723X07307,8TIAPL35,N0,NSE,TIAPL 8% 2035 SR I,Others,INE723X07307,True
8997,NSE_EQ|INE723X07299,8TIAPL36,N0,NSE,TIAPL 8.0% 2036 SR II,Others,INE723X07299,True
5856,NSE_EQ|INE121A08PS1,900CIFL35,N0,NSE,CIFL 9.00% 2035 SR SD 74,Others,INE121A08PS1,True
6042,NSE_EQ|INE031A07AB2,901HUDCO34,NE,NSE,9.01% TAX FREETRII SR3B,Others,INE031A07AB2,True
9164,NSE_EQ|INE557F07132,901NHB34,N6,NSE,BOND 9.01%PA TF TR-I S 3B,Others,INE557F07132,True
2615,NSE_EQ|INE414G07JF9,902MFL27,NO,NSE,MFL 9.02% 2027,Others,INE414G07JF9,True
5787,NSE_EQ|INE148I07XZ8,902SCL2030,NG,NSE,SCL 9.02% 2030 SR IX,Others,INE148I07XZ8,True
5391,NSE_EQ|INE148I07QE7,902SCL26,N8,NSE,SEC RE NCD 9.02% SR V,Others,INE148I07QE7,True
5457,NSE_EQ|INE148I07QM0,902SCL26A,NM,NSE,SEC RE NCD 9.02% SR V,Others,INE148I07QM0,True
5359,NSE_EQ|INE148I07OQ6,902SCL26I,AW,NSE,SEC RE NCD 9.02% SR V,Others,INE148I07OQ6,True
5496,NSE_EQ|INE148I07SJ2,902SCL27,YU,NSE,SEC RE NCD 9.02% SR V,Others,INE148I07SJ2,True
5527,NSE_EQ|INE148I07TH4,902SCL27A,ZI,NSE,SEC RE NCD 9.02% SR V,Others,INE148I07TH4,True
5553,NSE_EQ|INE148I07UD1,902SCL27C,N1,NSE,SEC RE NCD 9.02% SR V,Others,INE148I07UD1,True
5617,NSE_EQ|INE148I07VJ6,902SCL27Q,N1,NSE,SCL 9.02% 2027 SR V,Others,INE148I07VJ6,True
5739,NSE_EQ|INE148I07WU1,902SCL28,N1,NSE,SCL 9.02% SR V,Others,INE148I07WU1,True
5712,NSE_EQ|INE148I07XM6,902SCL30,NE,NSE,SCL 9.02% 2030 SR VIII,Others,INE148I07XM6,True
2617,NSE_EQ|INE414G07JE2,903MFL29,NN,NSE,MFL 9.03%2029 SR33A OPII,Others,INE414G07JE2,True
8833,NSE_EQ|INE721A07NU1,903SFL28,YI,NSE,SEC RED NCD 9.03% SR. II,Others,INE721A07NU1,True
5857,NSE_EQ|INE121A08PT9,905CIFL32,N0,NSE,CIFL 9.05% 2032 SD75,Others,INE121A08PT9,True
4951,NSE_EQ|INE027E07AL1,905LTF27,NF,NSE,SERENCD 9.05% SR.VI OPII,Others,INE027E07AL1,True
4005,NSE_EQ|INE140A07740,905PFL26,N1,NSE,PFL 9.05% SR II 2026,Others,INE140A07740,True
5256,NSE_EQ|INE148I07ML1,905SC24B,Z9,NSE,SEC RE NCD 9.15% SR.VIII,Others,INE148I07ML1,True
5778,NSE_EQ|INE148I07YJ0,905SCL36,N0,NSE,SCL 9.05% 2036,Others,INE148I07YJ0,True
2622,NSE_EQ|INE414G07JG7,909MFL29,NP,NSE,MFL 9.09% 2029 SR 35A,Others,INE414G07JG7,True
5863,NSE_EQ|INE121A08PP7,910CIFL31,N0,NSE,CIFL 9.10% 2031,Others,INE121A08PP7,True
3642,NSE_EQ|INE957N08193,910HFL35,N0,NSE,HFL 9.10% 2035 SR71 OP I,Others,INE957N08193,True
3650,NSE_EQ|INE957N08201,910HFL36,N0,NSE,HFL 9.10% 2036 SR 74,Others,INE957N08201,True
3652,NSE_EQ|INE957N08219,910HFL37,N0,NSE,HFL 9.10% 2037 SR76 O2,Others,INE957N08219,True
5511,NSE_EQ|INE306N08292,910TCAP28,NA,NSE,UNSERENCD9.1%SRIIICIII&IV,Others,INE306N08292,True
4215,NSE_EQ|INE140A07831,912PFL27,N0,NSE,PFL 9.12% 2027,Others,INE140A07831,True
7163,NSE_EQ|INE423A07435,915AEL28,NC,NSE,AEL 9.15% 2028 SR IV,Others,INE423A07435,True
6348,NSE_EQ|INE0M2307362,915APSBC26,N0,NSE,APSBC 9.15% 2026 STRPP A,Others,INE0M2307362,True
6345,NSE_EQ|INE0M2307321,915APSBC27,N0,NSE,APSBC 9.15% 2027 STRPP B,Others,INE0M2307321,True
6350,NSE_EQ|INE0M2307370,915APSBC28,N0,NSE,APSBC 9.15% 2028 STRPP C,Others,INE0M2307370,True
6355,NSE_EQ|INE0M2307354,915APSBC29,N0,NSE,APSBC 9.15% 2029 STRPP D,Others,INE0M2307354,True
6353,NSE_EQ|INE0M2307339,915APSBC30,N0,NSE,APSBC 9.15% 2030 STRPP E,Others,INE0M2307339,True
6360,NSE_EQ|INE0M2307388,915APSBC31,N0,NSE,APSBC 9.15% 2031 STRPP F,Others,INE0M2307388,True
6356,NSE_EQ|INE0M2307347,915APSBC32,N0,NSE,APSBC 9.15% 2032 STRPP G,Others,INE0M2307347,True
6168,NSE_EQ|INE0M2307404,915APSBC33,N0,NSE,APSBC 9.15% 2033 STRPP H,Others,INE0M2307404,True
6169,NSE_EQ|INE0M2307412,915APSBC34,N0,NSE,APSBC 9.15% 2034 STRPP I,Others,INE0M2307412,True
6363,NSE_EQ|INE0M2307396,915APSBC35,N0,NSE,APSBC 9.15% 2035 STRPP J,Others,INE0M2307396,True
7224,NSE_EQ|INE202B07JR4,915PFL27,N0,NSE,PFL 9.15% JUN 2027,Others,INE202B07JR4,True
5429,NSE_EQ|INE148I08256,915SCL26,NE,NSE,UNS RED NCD 9.15% SR.IX,Others,INE148I08256,True
5252,NSE_EQ|INE148I07ME6,915SCL27,Z7,NSE,SEC RE NCD 9.55% SR.VII,Others,INE148I07ME6,True
5229,NSE_EQ|INE148I07MV0,915SCL27A,ZL,NSE,SEC RE NCD 9.55% SR.VII,Others,INE148I07MV0,True
5805,NSE_EQ|INE148I07YF8,915SCL30,N0,NSE,SCL 9.15% 2030 SR II,Others,INE148I07YF8,True
8998,NSE_EQ|INE723X07281,915TIAPL33,N0,NSE,TIAPL 9.15% 2033 SR VI,Others,INE723X07281,True
6478,NSE_EQ|INE081J07010,9189GCM28,N0,NSE,GCML 9.189% 2028 SR II,Others,INE081J07010,True
6484,NSE_EQ|INE081J07028,9189GCM28A,N0,NSE,GCML 9.189% 2028 SR I,Others,INE081J07028,True
4114,NSE_EQ|INE013U08018,9189GFL28,N0,NSE,GFL 9.189% 2028 SR I,Others,INE013U08018,True
4113,NSE_EQ|INE013U08026,9189GFL28A,N0,NSE,GFL 9.189% 2028 SR II,Others,INE013U08026,True
6715,NSE_EQ|INE477L07BJ5,918IHFL28,N0,NSE,IHFL 9.18% 2028 SR K1,Others,INE477L07BJ5,True
4221,NSE_EQ|INE140A07849,919PFL28,N0,NSE,PFL 9.19% 2028,Others,INE140A07849,True
7107,NSE_EQ|IN002026X099,91D030926,TB,NSE,GOI TBILL 91D-03/09/26,Others,IN002026X099,True
7105,NSE_EQ|IN002026X057,91D060826,TB,NSE,GOI TBILL 91D-06/08/26,Others,IN002026X057,True
7099,NSE_EQ|IN002026X016,91D090726,TB,NSE,GOI TBILL 91D-09/07/26,Others,IN002026X016,True
7179,NSE_EQ|IN002026X107,91D100926,TB,NSE,GOI TBILL 91D-10/09/26,Others,IN002026X107,True
7104,NSE_EQ|IN002026X065,91D130826,TB,NSE,GOI TBILL 91D-13/08/26,Others,IN002026X065,True
7096,NSE_EQ|IN002026X024,91D160726,TB,NSE,GOI TBILL 91D-16/07/26,Others,IN002026X024,True
3523,NSE_EQ|IN002025X505,91D190626,TB,NSE,GOI TBILL 91D-19/06/26,Others,IN002025X505,True
7102,NSE_EQ|IN002026X073,91D200826,TB,NSE,GOI TBILL 91D-20/08/26,Others,IN002026X073,True
7095,NSE_EQ|IN002026X032,91D230726,TB,NSE,GOI TBILL 91D-23/07/26,Others,IN002026X032,True
7101,NSE_EQ|IN002026X081,91D280826,TB,NSE,GOI TBILL 91D-28/08/26,Others,IN002026X081,True
7093,NSE_EQ|IN002026X040,91D300726,TB,NSE,GOI TBILL 91D-30/07/26,Others,IN002026X040,True
3767,NSE_EQ|INE896L07AO8,91ICFL29,N0,NSE,ICFL 9.1% 2029,Others,INE896L07AO8,True
2821,NSE_EQ|INE338I07149,91MOFSL27,N2,NSE,SEC RE NCD 9.10% SR III,Others,INE338I07149,True
7222,NSE_EQ|INE202B07JS2,91PFL27,N0,NSE,PFL 9.10% APR 2027,Others,INE202B07JS2,True
7220,NSE_EQ|INE202B07JU8,91PFL30,N0,NSE,PFL 9.10% JUN 2030,Others,INE202B07JU8,True
4228,NSE_EQ|INE140A07815,91PFL35,N0,NSE,PFL 9.10% 2035,Others,INE140A07815,True
8807,NSE_EQ|INE721A07PN1,91SFL27,ZI,NSE,SEC RED NCD 9.10% SR.VI,Others,INE721A07PN1,True
3116,NSE_EQ|INE503A08069,920DCBBL34,N0,NSE,DCB 9.20% 2034 SR I,Others,INE503A08069,True
3635,NSE_EQ|INE957N08151,920HFL30,N0,NSE,HFL 9.20% 2030 SR 67,Others,INE957N08151,True
7079,NSE_EQ|INE413U07459,920ISF28B,N0,NSE,ISF 9.20% 2028 SR A,Others,INE413U07459,True
4012,NSE_EQ|INE140A07765,920PFL28,N2,NSE,PFL 9.20% SR III 2028,Others,INE140A07765,True
5796,NSE_EQ|INE148I07YC5,920SCL28,N0,NSE,SCL 9.20% 2028,Others,INE148I07YC5,True
5727,NSE_EQ|INE148I07XN4,920SCL32,NK,NSE,SCL 9.20% 2032 SR XI,Others,INE148I07XN4,True
5780,NSE_EQ|INE148I07YK8,920SCL36,N0,NSE,SCL 9.20% 2036 SR II,Others,INE148I07YK8,True
5837,NSE_EQ|IN0020130079,923GS2043,GS,NSE,GOI LOAN 9.23% 2043,Others,IN0020130079,True
7116,NSE_EQ|INE423A07351,925AEL26,N1,NSE,SEC RE NCD 9.25% SR I,Others,INE423A07351,True
9040,NSE_EQ|INE087M08134,925BCIL28,N0,NSE,BCIPL 9.25% 2028 SR A,Others,INE087M08134,True
9042,NSE_EQ|INE087M08126,925BCIPL28,N1,NSE,BCIPL 9.25% 2028 SR B,Others,INE087M08126,True
5142,NSE_EQ|INE528S07128,925ECL28,N2,NSE,ECL 9.25% 2028 SR VI,Others,INE528S07128,True
3764,NSE_EQ|INE896L07AP5,925ICFL27,N0,NSE,ICFL 9.25% 2027,Others,INE896L07AP5,True
3771,NSE_EQ|INE896L07AR1,925ICFL27A,N0,NSE,ICFL 9.25% 2027,Others,INE896L07AR1,True
3776,NSE_EQ|INE896L07AQ3,925ICFL28,N0,NSE,ICFL 9.25% 2028,Others,INE896L07AQ3,True
2949,NSE_EQ|INE121A07RF6,925IHFL25E,N8,NSE,SEC RE NCD 8.30% SR 3,Others,INE121A07RF6,True
6718,NSE_EQ|INE477L07BH9,925IHFL29,N1,NSE,SEC RE NCD 9.25% SR VII,Others,INE477L07BH9,True
6733,NSE_EQ|INE477L07BE6,925IHFL31,N1,NSE,SEC RE NCD 9.25% SR IX,Others,INE477L07BE6,True
6621,NSE_EQ|INE530B08193,925IIFL32,N0,NSE,IIFL 9.25% SR D33 OP B,Others,INE530B08193,True
6642,NSE_EQ|INE530B08227,925IIFL32A,N0,NSE,IIFL 9.25% 2032 SR 35,Others,INE530B08227,True
7084,NSE_EQ|INE413U07442,925ISF28,N0,NSE,ISF 9.25% 2028,Others,INE413U07442,True
7078,NSE_EQ|INE413U07467,925ISF29,N0,NSE,ISF 9.25% 2029 SR B,Others,INE413U07467,True
7226,NSE_EQ|INE202B07JQ6,925PFL30,N0,NSE,PFL 9.25% JUN 2030,Others,INE202B07JQ6,True
5207,NSE_EQ|INE148I07LC2,925SCFL27,YA,NSE,SEC RE NCD 9.25% SR.VII,Others,INE148I07LC2,True
5730,NSE_EQ|INE148I07XP9,925SCL2028,N8,NSE,SCL 9.25% 2028 SR IV,Others,INE148I07XP9,True
5445,NSE_EQ|INE148I07RA3,925SCL25G,NY,NSE,SEC RE NCD 9.8% SR XII,Others,INE148I07RA3,True
5133,NSE_EQ|INE148I07KM3,925SCL26,NR,NSE,SEC RE NCD 8.75% SR.VII,Others,INE148I07KM3,True
5574,NSE_EQ|INE148I07TZ6,925SCL26E,N1,NSE,SEC RE NCD 9.25% SR I,Others,INE148I07TZ6,True
5562,NSE_EQ|INE148I07UI0,925SCL26F,N1,NSE,SEC RE NCD 9.25% SR II,Others,INE148I07UI0,True
5645,NSE_EQ|INE148I07UY7,925SCL26G,N0,NSE,SCL 9.25% 2026 II,Others,INE148I07UY7,True
5619,NSE_EQ|INE148I07VL2,925SCL26W,N1,NSE,SCL 9.25% 2026 SR II,Others,INE148I07VL2,True
5649,NSE_EQ|INE148I07UZ4,925SCL26Z,N1,NSE,SCL 9.25% 2026 SR I,Others,INE148I07UZ4,True
5178,NSE_EQ|INE148I07LT6,925SCL27,YR,NSE,SEC RE NCD 9.25% SR.VII,Others,INE148I07LT6,True
5688,NSE_EQ|INE148I07VY5,925SCL27A,N1,NSE,SCL 9.25% SR I,Others,INE148I07VY5,True
5657,NSE_EQ|INE148I07WH8,925SCL27B,N1,NSE,SCL 9.25% SR II,Others,INE148I07WH8,True
5283,NSE_EQ|INE148I07NX4,925SCL28,AM,NSE,SEC RE NCD 9.25% SR.VIII,Others,INE148I07NX4,True
5472,NSE_EQ|INE148I07QS7,925SCL28A,NS,NSE,SEC RE NCD 9.25% SR VIII,Others,INE148I07QS7,True
5518,NSE_EQ|INE148I07RS5,925SCL28B,YC,NSE,SEC RE NCD 10.15% SR VII,Others,INE148I07RS5,True
5413,NSE_EQ|INE148I07PL4,925SCL28C,BS,NSE,SEC RE NCD 10.15% SR VII,Others,INE148I07PL4,True
5335,NSE_EQ|INE148I07OU8,925SCL28I,BA,NSE,SEC RE NCD 9.25% SR VIII,Others,INE148I07OU8,True
5537,NSE_EQ|INE148I07SO2,925SCL29,YZ,NSE,SEC RE NCD 9.25% SR VIII,Others,INE148I07SO2,True
5573,NSE_EQ|INE148I07TQ5,925SCL29A,ZM,NSE,SEC RE NCD 9.25% SR VIII,Others,INE148I07TQ5,True
5563,NSE_EQ|INE148I07UJ8,925SCL29C,N1,NSE,SEC RE NCD 9.25% SR VIII,Others,INE148I07UJ8,True
5601,NSE_EQ|INE148I07VB3,925SCL29S,N1,NSE,SCL 9.25% 2029 SR VIII,Others,INE148I07VB3,True
5816,NSE_EQ|INE148I07YB7,925SCL30,NF,NSE,SCL 9.25% 2030 SR VIII,Others,INE148I07YB7,True
5723,NSE_EQ|INE148I07XS3,925SCL30A,NH,NSE,SCL 9.25% 2030 SR IX,Others,INE148I07XS3,True
5836,NSE_EQ|IN0020130053,92GS2030,GS,NSE,GOI LOAN 9.20% 2030,Others,IN0020130053,True
3283,NSE_EQ|INE281B07013,92LMAEL31,N0,NSE,LMAEL 9.2% 2031,Others,INE281B07013,True
3441,NSE_EQ|INE027E07964,92LTF29,N4,NSE,SE RE NCD 9.20% SR.V OP1,Others,INE027E07964,True
8655,NSE_EQ|INE244L07184,92SFIL28,ND,NSE,SERENCD9.20%SRVIICIII&IV,Others,INE244L07184,True
7118,NSE_EQ|INE423A07393,930AEL30,NF,NSE,AEL 9.3% 2030 SR VII,Others,INE423A07393,True
4962,NSE_EQ|INE0TLC07085,930APMD27,N0,NSE,APMD 9.30% 2027 STRPP A,Others,INE0TLC07085,True
4965,NSE_EQ|INE0TLC07093,930APMD28,N0,NSE,APMD 9.30% 2028 STRPP B,Others,INE0TLC07093,True
4963,NSE_EQ|INE0TLC07069,930APMD29,N0,NSE,APMD 9.30% 2029 STRPP C,Others,INE0TLC07069,True
4964,NSE_EQ|INE0TLC07077,930APMD30,N0,NSE,APMD 9.30% 2030 STRPP D,Others,INE0TLC07077,True
4961,NSE_EQ|INE0TLC07051,930APMD31,N0,NSE,APMD 9.30% 2031 STRPP E,Others,INE0TLC07051,True
4956,NSE_EQ|INE0TLC07101,930APMD32,N0,NSE,APMD 9.30% 2032 STRPP F,Others,INE0TLC07101,True
4930,NSE_EQ|INE0TLC07028,930APMD33,N0,NSE,APMD 9.30% 2033 STRPP G,Others,INE0TLC07028,True
4929,NSE_EQ|INE0TLC07044,930APMD34,N0,NSE,APMDC 9.30% 2034 STRPP H,Others,INE0TLC07044,True
4928,NSE_EQ|INE0TLC07036,930APMD35,N0,NSE,APMD 9.30% 2035 STRPP I,Others,INE0TLC07036,True
6504,NSE_EQ|INE530B07534,930IIFL27,NX,NSE,IIFL 9:30% TR I SR III,Others,INE530B07534,True
6620,NSE_EQ|INE530B08185,930IIFL35,N0,NSE,IIFL 9.30% SR D33 OP A,Others,INE530B08185,True
6643,NSE_EQ|INE530B08235,930IIFL35A,N0,NSE,IIFL 9.30% 2035 SR 35,Others,INE530B08235,True
2924,NSE_EQ|INE516Y07519,930PFL27,N0,NSE,PCHFL 9.30% 2027,Others,INE516Y07519,True
7227,NSE_EQ|INE202B07JP8,930PFL27A,N0,NSE,PFL 9.30%  2027,Others,INE202B07JP8,True
4217,NSE_EQ|INE140A07823,930PFL29,N0,NSE,PFL 9.30% 2029,Others,INE140A07823,True
5800,NSE_EQ|INE148I07YE1,930SCL2035,N0,NSE,SCL 9.30% 2035 SR I,Others,INE148I07YE1,True
5752,NSE_EQ|INE148I07XE3,930SCL35,NN,NSE,SCL 9.30% 2035 SR XIII,Others,INE148I07XE3,True
8821,NSE_EQ|INE721A07OC7,930SFL28,YP,NSE,SEC RED NCD 9.30% SR. II,Others,INE721A07OC7,True
8645,NSE_EQ|INE244L07150,931SFIL26A,NA,NSE,SERENCD8.75%SRVICI&II,Others,INE244L07150,True
8786,NSE_EQ|INE721A07PA8,931SFL26,Z5,NSE,SEC RED NCD 9.31% SR.III,Others,INE721A07PA8,True
7130,NSE_EQ|INE423A07310,932AEL27,N3,NSE,SEC RE NCD 9.32% SR III,Others,INE423A07310,True
6449,NSE_EQ|INE197P07334,935AKCF27,N0,NSE,AKCFL 9.35% MAY 2027,Others,INE197P07334,True
6493,NSE_EQ|INE530B07518,935IIFL28,NZ,NSE,IIFL 9.35% TR I SR V,Others,INE530B07518,True
7629,NSE_EQ|INE413U08192,935ISF36,N0,NSE,ISF 9.35% 2036,Others,INE413U08192,True
3442,NSE_EQ|INE027E07972,935LTF29,N5,NSE,SE RE NCD 9.35% SR.V OP2,Others,INE027E07972,True
2815,NSE_EQ|INE338I07107,935MOFSL29,N5,NSE,SEC RE NCD 9.35% SR VI,Others,INE338I07107,True
4008,NSE_EQ|INE140A07773,935PFL33,N3,NSE,PFL 9.35% SR IV 20233,Others,INE140A07773,True
5470,NSE_EQ|INE148I08330,935SCL28,NV,NSE,UNSE RE NCD 8.89% SR.X,Others,INE148I08330,True
3959,NSE_EQ|INE1C3207057,935TSI27,N0,NSE,TSI 9.35% 27 SR I-A,Others,INE1C3207057,True
3963,NSE_EQ|INE1C3207073,935TSI29,N0,NSE,TSI 9.35% 29 SR I-C,Others,INE1C3207073,True
3961,NSE_EQ|INE1C3207065,935TSI30,N0,NSE,TSI 9.35% 30 SR I-D,Others,INE1C3207065,True
3958,NSE_EQ|INE1C3207040,935TSI31,N0,NSE,TSI 9.35% 31 SR I-E,Others,INE1C3207040,True
3956,NSE_EQ|INE1C3207032,935TSI32,N0,NSE,TSI 9.35% 32 SR I-F,Others,INE1C3207032,True
3928,NSE_EQ|INE1C3207016,935TSI34,N0,NSE,TSI 9.35% 34 SR I-H,Others,INE1C3207016,True
3966,NSE_EQ|INE1C3207081,935TSIIC28,N0,NSE,TSIIC 9.35% 2028 SR I- B,Others,INE1C3207081,True
3955,NSE_EQ|INE1C3207024,935TSIIC33,N0,NSE,TSIIC 9.35% 2033 SR 1- G,Others,INE1C3207024,True
5320,NSE_EQ|INE148I07NN5,939SCL27,ZZ,NSE,SEC RE NCD 8.94% SR.VIII,Others,INE148I07NN5,True
3637,NSE_EQ|INE957N08185,93HFL34,N0,NSE,HFL 9.3% 34 SR 70 OP III,Others,INE957N08185,True
2819,NSE_EQ|INE338I07115,93MOFSL34,N6,NSE,SEC RE NCD 9.30% SR VII,Others,INE338I07115,True
5249,NSE_EQ|INE148I07MZ1,93SCL24A,ZN,NSE,SEC RE NCD 9.15% SR.VIII,Others,INE148I07MZ1,True
6127,NSE_EQ|INE741K07587,940CAGL27,NB,NSE,SEC RE NCD 9.40% SR V,Others,INE741K07587,True
5381,NSE_EQ|INE148I07PX9,940SCL26,N6,NSE,SEC RE NCD 9.40% SR IV,Others,INE148I07PX9,True
5461,NSE_EQ|INE148I07QH0,940SCL26A,NK,NSE,SEC RE NCD 9.4% SR IV,Others,INE148I07QH0,True
5453,NSE_EQ|INE148I07RG0,940SCL26B,Y6,NSE,SEC RE NCD 9.4% SR IV,Others,INE148I07RG0,True
5365,NSE_EQ|INE148I07ON3,940SCL26C,AU,NSE,SEC RE NCD 9.40% SR IV,Others,INE148I07ON3,True
5491,NSE_EQ|INE148I07SH6,940SCL27,YS,NSE,SEC RE NCD 9.4% SR IV,Others,INE148I07SH6,True
5555,NSE_EQ|INE148I07UF6,940SCL27A,N1,NSE,SEC RE NCD 9.40% SR IV,Others,INE148I07UF6,True
5698,NSE_EQ|INE148I07WB1,940SCL28,N1,NSE,SCL 9.40% SR IV,Others,INE148I07WB1,True
8574,NSE_EQ|INE244L07408,940SFIL28,NN,NSE,SEC RE NCD 9.40% SR.VIII,Others,INE244L07408,True
6370,NSE_EQ|INE804I078Y8,943ECL28,NJ,NSE,SEC RED NCD 9.43% SR. VI,Others,INE804I078Y8,True
5760,NSE_EQ|INE148I07XA1,945SCL28,N0,NSE,SCL 9.45% 2028 SR III,Others,INE148I07XA1,True
5743,NSE_EQ|INE148I07XB9,945SCL29,N0,NSE,SCL 9.45% 2029 SR IV,Others,INE148I07XB9,True
5748,NSE_EQ|INE148I07XD5,945SCL32,NL,NSE,SCL 9.45% 2032 SR XI,Others,INE148I07XD5,True
5368,NSE_EQ|INE148I07PZ4,948SCL26,N9,NSE,SEC RE NCD 9.48% SR V,Others,INE148I07PZ4,True
5463,NSE_EQ|INE148I07QK4,948SCL26A,NN,NSE,SEC RE NCD 9.48% SR V,Others,INE148I07QK4,True
5506,NSE_EQ|INE148I07RJ4,948SCL26B,Y8,NSE,SEC RE NCD 9.48% SR V,Others,INE148I07RJ4,True
5358,NSE_EQ|INE148I07OP8,948SCL26I,AX,NSE,SEC RE NCD 9.48% SR V,Others,INE148I07OP8,True
5493,NSE_EQ|INE148I07SI4,948SCL27,YV,NSE,SEC RE NCD 9.48% SR V,Others,INE148I07SI4,True
5522,NSE_EQ|INE148I07TL6,948SCL27A,ZJ,NSE,SEC RE NCD 9.48% SR V,Others,INE148I07TL6,True
5559,NSE_EQ|INE148I07UC3,948SCL27D,N1,NSE,SEC RE NCD 9.48% SR V,Others,INE148I07UC3,True
5590,NSE_EQ|INE148I07VH0,948SCL27R,N1,NSE,SCL 9.48% 2027 SR V,Others,INE148I07VH0,True
5740,NSE_EQ|INE148I07WV9,948SCL28,N1,NSE,SCL 9.48% SR V,Others,INE148I07WV9,True
5528,NSE_EQ|INE148I07TI2,94SCL27,ZG,NSE,SEC RE NCD 9.4% SR IV,Others,INE148I07TI2,True
5692,NSE_EQ|INE148I07VS7,94SCL27U,N1,NSE,SCL 9.40% 2027 SR IV,Others,INE148I07VS7,True
8834,NSE_EQ|INE721A07NX5,94SFL28,YL,NSE,SEC RED NCD 9.40% SR. V,Others,INE721A07NX5,True
9045,NSE_EQ|INE087M08118,950BCIPL28,N2,NSE,BCIPL 9.50% 2028,Others,INE087M08118,True
6466,NSE_EQ|INE530B07401,950IIFL27,Y2,NSE,IIFL 9.50% 2027 SR D25,Others,INE530B07401,True
7052,NSE_EQ|INE413U07350,950ISF26,N0,NSE,IIFL SAMASTA 9.50% 2026,Others,INE413U07350,True
7055,NSE_EQ|INE413U07368,950ISF26A,N0,NSE,ISF 9.50% 2026,Others,INE413U07368,True
7051,NSE_EQ|INE413U07384,950ISF27,N0,NSE,ISF 9.50% 2027,Others,INE413U07384,True
7050,NSE_EQ|INE413U07392,950ISF27A,N0,NSE,ISF 9.50% 2027,Others,INE413U07392,True
7089,NSE_EQ|INE413U07400,950ISF27B,N0,NSE,ISF 9.50% 2027,Others,INE413U07400,True
7082,NSE_EQ|INE413U07426,950ISF27C,N0,NSE,ISF 9.50% 2027,Others,INE413U07426,True
7773,NSE_EQ|INE413U08184,950ISF35,N0,NSE,ISF 9.50% 2035,Others,INE413U08184,True
5734,NSE_EQ|INE148I07WY3,950SCL30,N0,NSE,SCL 9.50% 2030 SR I,Others,INE148I07WY3,True
5713,NSE_EQ|INE148I07XF0,955SCL35,NO,NSE,SCL 9.55% 2035 SR XIII,Others,INE148I07XF0,True
7126,NSE_EQ|INE423A07336,956AEL29,N6,NSE,SEC RE NCD 9.56% SR VI,Others,INE423A07336,True
8823,NSE_EQ|INE721A07ON4,957ICCL25,YW,NSE,SEC RED NCD 9.30% SR. II,Others,INE721A07ON4,True
7057,NSE_EQ|INE413U07327,957IIFLS27,NA,NSE,SEC RE NCD 9.57% SR III,Others,INE413U07327,True
4957,NSE_EQ|INE413U07236,957ISFL26,N2,NSE,SEC RE NCD 9.57% SR 3,Others,INE413U07236,True
6545,NSE_EQ|INE530L07210,957NIDO26,N5,NSE,SEC RED NCD 9.57% SR. V,Others,INE530L07210,True
5425,NSE_EQ|INE148I07PS9,957SCL30,BX,NSE,SEC RE NCD 10.50% SR IX,Others,INE148I07PS9,True
5545,NSE_EQ|INE148I07ST1,957SCL31,Z3,NSE,SEC RE NCD 9.57% SR X,Others,INE148I07ST1,True
4230,NSE_EQ|INE140A07807,95PFL34,N0,NSE,PFL 9.50% 2034,Others,INE140A07807,True
6479,NSE_EQ|INE530B07484,960IIFL30,Y2,NSE,IIFL 9.60% TR I SR VIII,Others,INE530B07484,True
5729,NSE_EQ|INE148I07XO2,960SCL32,NI,NSE,SCL 9.60% 2032 SR X,Others,INE148I07XO2,True
5797,NSE_EQ|INE148I07YD3,960SCL35,N0,NSE,SCL 9.60% 2035,Others,INE148I07YD3,True
8745,NSE_EQ|INE244L07614,960SFL35,N0,NSE,SFL 9.60% 2035,Others,INE244L07614,True
7127,NSE_EQ|INE423A07328,965AEL27,N4,NSE,SEC RE NCD 9.65% SR IV,Others,INE423A07328,True
7085,NSE_EQ|INE413U07434,965ISF28,N0,NSE,ISF 9.65% 2028,Others,INE413U07434,True
5316,NSE_EQ|INE148I07ND6,965SCL25C,N0,NSE,SEC RE NCD 9.39% SR.VIII,Others,INE148I07ND6,True
5456,NSE_EQ|INE148I07RB1,965SCL25F,NZ,NSE,SEC RE NCD 10.25% SR XII,Others,INE148I07RB1,True
5635,NSE_EQ|INE148I07US9,965SCL26F,N1,NSE,SEC RE NCD 9.65% SR I,Others,INE148I07US9,True
5682,NSE_EQ|INE148I07VW9,965SCL26Y,N1,NSE,SCL 9.65% 2026 SR I,Others,INE148I07VW9,True
5663,NSE_EQ|INE148I07WE5,965SCL27,N1,NSE,SCL 9.65% SR I,Others,INE148I07WE5,True
5281,NSE_EQ|INE148I07NW6,965SCL28,AK,NSE,SEC RE NCD 9.65% SR.VII,Others,INE148I07NW6,True
5468,NSE_EQ|INE148I07QQ1,965SCL28A,NQ,NSE,SEC RE NCD 9.65% SR VII,Others,INE148I07QQ1,True
5508,NSE_EQ|INE148I07RM8,965SCL28B,YB,NSE,SEC RE NCD 9.65% SR VII,Others,INE148I07RM8,True
5412,NSE_EQ|INE148I07PK6,965SCL28C,BR,NSE,SEC RE NCD 9.65% SR VII,Others,INE148I07PK6,True
5530,NSE_EQ|INE148I07SP9,965SCL29,YX,NSE,SEC RE NCD 9.65% SR VII,Others,INE148I07SP9,True
5679,NSE_EQ|INE148I07VV1,965SCL29S,N1,NSE,SCL 9.65% 2029 SR VII,Others,INE148I07VV1,True
5711,NSE_EQ|INE148I07XL8,965SCL30,ND,NSE,SCL 9.65% 2030 SR VII,Others,INE148I07XL8,True
8746,NSE_EQ|INE244L07606,965SFL27,N0,NSE,SFL 9.65% 2027,Others,INE244L07606,True
6207,NSE_EQ|INE477L08154,96IIFL28,N5,NSE,UNSEC RE NCD 9.60% SR.II,Others,INE477L08154,True
6612,NSE_EQ|INE530B08102,96IIFL28A,NF,NSE,UNSE RE NCD 9.6% SR.II,Others,INE530B08102,True
8657,NSE_EQ|INE244L07168,96SFIL24A,NB,NSE,SERENCD8.84%SRVICIII&IV,Others,INE244L07168,True
6118,NSE_EQ|INE741K07579,970CAGL28,ND,NSE,SEC RE NCD 9.70% SR VII,Others,INE741K07579,True
7054,NSE_EQ|INE413U07376,970ISF28,N0,NSE,ISF 9.70% 2028,Others,INE413U07376,True
5278,NSE_EQ|INE148I07NV8,971SCL28,AN,NSE,SEC RE NCD 9.71% SR.VIII,Others,INE148I07NV8,True
5464,NSE_EQ|INE148I07QT5,971SCL28A,NT,NSE,SEC RE NCD 9.71% SR VIII,Others,INE148I07QT5,True
5502,NSE_EQ|INE148I07RO4,971SCL28B,YD,NSE,SEC RE NCD 9.25% SR VIII,Others,INE148I07RO4,True
5416,NSE_EQ|INE148I07PM2,971SCL28C,BU,NSE,SEC RE NCD 9.25% SR VIII,Others,INE148I07PM2,True
5333,NSE_EQ|INE148I07OT0,971SCL28I,BC,NSE,SEC RE NCD 9.71% SR VIII,Others,INE148I07OT0,True
5536,NSE_EQ|INE148I07SN4,971SCL29,Z0,NSE,SEC RE NCD 9.71% SR VIII,Others,INE148I07SN4,True
5525,NSE_EQ|INE148I07TG6,971SCL29A,ZN,NSE,SEC RE NCD 9.71% SR VIII,Others,INE148I07TG6,True
5560,NSE_EQ|INE148I07UN0,971SCL29B,N1,NSE,SEC RE NCD 9.71% SR VIII,Others,INE148I07UN0,True
5693,NSE_EQ|INE148I07VT5,971SCL29T,N1,NSE,SCL 9.71% 2029 SR VIII,Others,INE148I07VT5,True
5666,NSE_EQ|INE148I07WP1,971SCL30,N1,NSE,SCL 9.71% SR VIII,Others,INE148I07WP1,True
5659,NSE_EQ|INE148I07WJ4,971SCL30A,N1,NSE,SCL 9.71% SR XIII,Others,INE148I07WJ4,True
6845,NSE_EQ|INE00XL07015,975BNAL28,N0,NSE,BNAL 9.75% 2028 SR TR 1,Others,INE00XL07015,True
2727,NSE_EQ|INE157D07EO4,975CCSP28,N0,NSE,CCSP 9.75% 2028,Others,INE157D07EO4,True
6464,NSE_EQ|INE530B07476,975IIFL28,Y0,NSE,IIFL 9.75% TR I SR VI,Others,INE530B07476,True
7083,NSE_EQ|INE413U07418,975ISF28,N0,NSE,ISF 9.75% NCD 2028,Others,INE413U07418,True
7775,NSE_EQ|INE413U08176,975ISF35,N0,NSE,ISF 9.75% 2035,Others,INE413U08176,True
5061,NSE_EQ|INE0JYY07018,975MWL29,N0,NSE,MWL 9.75% 2029,Others,INE0JYY07018,True
8491,NSE_EQ|INE389Z07070,975PCPL27,N0,NSE,PCPL 9.75% 2027,Others,INE389Z07070,True
8486,NSE_EQ|INE389Z07088,975PCPL28,N0,NSE,PCPL 9.75% 2028,Others,INE389Z07088,True
5541,NSE_EQ|INE148I07SY1,975SCL27,Z9,NSE,SAMMAANCAP 9.75% 2027,Others,INE148I07SY1,True
5124,NSE_EQ|INE148I07KP6,975SCL28,NT,NSE,SEC RE NCD 8.89% SR.VIII,Others,INE148I07KP6,True
5578,NSE_EQ|INE148I07TY9,975SCL28A,N0,NSE,SCL 9.75% 2028,Others,INE148I07TY9,True
5577,NSE_EQ|INE148I07TX1,975SCL29,N0,NSE,SCL 9.75% 2029,Others,INE148I07TX1,True
5642,NSE_EQ|INE148I07UX9,975SCL29A,N0,NSE,SCL 9.75% 2029 SR I,Others,INE148I07UX9,True
5736,NSE_EQ|INE148I07WZ0,975SCL35,N0,NSE,SCL 9.75% 2035 SR II,Others,INE148I07WZ0,True
2731,NSE_EQ|INE157D07EQ9,97CCSP29,N0,NSE,CCSP 9.7% 2029,Others,INE157D07EQ9,True
2816,NSE_EQ|INE338I07123,97MOFSL34,N7,NSE,SEC RE NCD 9.70% SR VIII,Others,INE338I07123,True
8656,NSE_EQ|INE244L07176,97SFIL26A,NC,NSE,SERENCD9.10%SRVIICI&II,Others,INE244L07176,True
8784,NSE_EQ|INE721A07PE0,97SFL26,Z9,NSE,SEC RED NCD 9.7% SR.VII,Others,INE721A07PE0,True
8819,NSE_EQ|INE721A07OF0,97SFL28,YS,NSE,SEC RED NCD 9.70% SR. V,Others,INE721A07OF0,True
8824,NSE_EQ|INE721A07OQ7,97SFL29,YZ,NSE,SEC RED NCD 9.70% SR. V,Others,INE721A07OQ7,True
5450,NSE_EQ|INE148I07QZ2,980SCL33,NX,NSE,SEC RE NCD 10.75% SR XI,Others,INE148I07QZ2,True
5431,NSE_EQ|INE148I07PU5,980SCL33A,N3,NSE,SEC RE NCD 9.80% SR XII,Others,INE148I07PU5,True
5513,NSE_EQ|INE148I07RX5,980SCL33B,YL,NSE,SEC RE NCD 9.8% SR XII,Others,INE148I07RX5,True
5388,NSE_EQ|INE148I07QD9,980SCL33C,ND,NSE,SEC RE NCD 10.03% SR X,Others,INE148I07QD9,True
5504,NSE_EQ|INE148I07RP1,980SCL33D,YG,NSE,SEC RE NCD 9.71% SR VIII,Others,INE148I07RP1,True
5551,NSE_EQ|INE148I07SW5,980SCL34,Z7,NSE,SEC RE NCD 9.80% SR XII,Others,INE148I07SW5,True
5623,NSE_EQ|INE148I07UU5,980SCL34B,N1,NSE,SEC RE NCD 9.80% SR XII,Others,INE148I07UU5,True
5697,NSE_EQ|INE148I07WA3,980SCL35,N1,NSE,SCL 9.80% SR XII,Others,INE148I07WA3,True
8508,NSE_EQ|INE244L07317,980SFIL28,NL,NSE,SEC RE NCD 9.80% SR.VII,Others,INE244L07317,True
8743,NSE_EQ|INE244L07598,980SFIL29,N0,NSE,ICCL 9.80% 2029,Others,INE244L07598,True
2724,NSE_EQ|INE157D07EN6,985CCSP27,N0,NSE,CCSP 9.85% 2027 SR 03,Others,INE157D07EN6,True
2729,NSE_EQ|INE157D07EP1,985CCSP28,N0,NSE,CCSPL 9.85% 2028 SR 5,Others,INE157D07EP1,True
6728,NSE_EQ|INE804I079Y6,985ECL28,NK,NSE,SEC RED NCD 9.85% SR. VII,Others,INE804I079Y6,True
5719,NSE_EQ|INE148I07XI4,985SCL32,NJ,NSE,SCL 9.85% 2032 SR X,Others,INE148I07XI4,True
8569,NSE_EQ|INE244L07416,985SFIL28,NO,NSE,SEC RE NCD 9.85% SR.VIII,Others,INE244L07416,True
5567,NSE_EQ|INE148I07TU7,98SCL34,ZS,NSE,SEC RE NCD 9.80% SR XII,Others,INE148I07TU7,True
5618,NSE_EQ|INE148I07VK4,98SCL34Z,N1,NSE,SCL 9.80% 2034 SR XII,Others,INE148I07VK4,True
3365,NSE_EQ|INE448U07257,98VFPL28,N0,NSE,VFPL 9.80% 2028 SR 17,Others,INE448U07257,True
2723,NSE_EQ|INE157D07EM8,990CCSP27,N0,NSE,CCSPL 9.90% 2027 SR 02,Others,INE157D07EM8,True
6469,NSE_EQ|INE530B07427,990IIFL27,N0,NSE,IFL 9.90% 2027 SR D28,Others,INE530B07427,True
6463,NSE_EQ|INE530B07468,990IIFL27A,N0,NSE,IIFL 9.90% 2027 SR D31,Others,INE530B07468,True
5384,NSE_EQ|INE148I07PY7,990SCL26,N7,NSE,SEC RE NCD 9.90% SR IV,Others,INE148I07PY7,True
5462,NSE_EQ|INE148I07QI8,990SCL26A,NL,NSE,SEC RE NCD 9.9% SR IV,Others,INE148I07QI8,True
5501,NSE_EQ|INE148I07RN6,990SCL26B,Y7,NSE,SEC RE NCD 9.9% SR IV,Others,INE148I07RN6,True
5360,NSE_EQ|INE148I07OR4,990SCL26I,AV,NSE,SEC RE NCD 9.90% SR IV,Others,INE148I07OR4,True
5500,NSE_EQ|INE148I07SG8,990SCL27,YT,NSE,SEC RE NCD 9.9% SR IV,Others,INE148I07SG8,True
5554,NSE_EQ|INE148I07UE9,990SCL27B,N1,NSE,SEC RE NCD 9.90% SR IV,Others,INE148I07UE9,True
5658,NSE_EQ|INE148I07WI6,990SCL28,N1,NSE,SCL 9.90% SR IV,Others,INE148I07WI6,True
2720,NSE_EQ|INE157D07EL0,995CCSP27,N0,NSE,CCSPL 9.95% 2027,Others,INE157D07EL0,True
7777,NSE_EQ|INE413U08143,995ISF28,N0,NSE,ISF 9.95% 2028,Others,INE413U08143,True
7771,NSE_EQ|INE413U08150,995ISF28A,N0,NSE,ISF 9.95% 2028,Others,INE413U08150,True
7768,NSE_EQ|INE413U08168,995ISF35,N0,NSE,ISF 9.95% 2035,Others,INE413U08168,True
5795,NSE_EQ|INE148I07XY1,995SCL2035,NM,NSE,SCL 9.95% 2035 SR XII,Others,INE148I07XY1,True
5685,NSE_EQ|INE148I07VX7,995SCL35,N0,NSE,SCL 9.95% 2035 SR III,Others,INE148I07VX7,True
7117,NSE_EQ|INE423A07344,99AEL29,N7,NSE,SEC RE NCD 9.90% SR VII,Others,INE423A07344,True
5524,NSE_EQ|INE148I07TF8,99SCL27,ZH,NSE,SEC RE NCD 9.9% SR IV,Others,INE148I07TF8,True
5691,NSE_EQ|INE148I07VR9,99SCL27V,N1,NSE,SCL 9.90% 2027 SR IV,Others,INE148I07VR9,True
7161,NSE_EQ|INE423A07443,9AEL30,NE,NSE,AEL 9% 2030 SR VI,Others,INE423A07443,True
5825,NSE_EQ|INE121A08PN2,9CIFL34,NX,NSE,CHOLA 9% 2034 SR SD70,Others,INE121A08PN2,True
3628,NSE_EQ|INE957N08110,9HFL34,N0,NSE,HFL 9% 2034 SR 61,Others,INE957N08110,True
6731,NSE_EQ|INE477L07BC0,9IHFL27,N1,NSE,SEC RE NCD 9% SR IV,Others,INE477L07BC0,True
6508,NSE_EQ|INE530B07559,9IIFL26,NV,NSE,IIFL 9% TR I SR I,Others,INE530B07559,True
6547,NSE_EQ|INE530B07377,9IIFL28,Y0,NSE,SEC RE NCD 9% SR.VI,Others,INE530B07377,True
6528,NSE_EQ|INE530B07260,9IIFL28A,NT,NSE,SEC RE NCD 9% SR.VI,Others,INE530B07260,True
6401,NSE_EQ|INE530B07609,9IIFL31,Y9,NSE,IIFL 9.00% TR I SR VI,Others,INE530B07609,True
8487,NSE_EQ|INE389Z07096,9PCPL28,N0,NSE,PCPL 9% 2028,Others,INE389Z07096,True
8473,NSE_EQ|INE389Z07104,9PCPL28A,N0,NSE,PCPL 9% 2028,Others,INE389Z07104,True
8475,NSE_EQ|INE389Z07112,9PCPL28B,N0,NSE,PCPL 9% 2028,Others,INE389Z07112,True
7221,NSE_EQ|INE202B07JT0,9PFL27,N0,NSE,PFL 9.00% 2027,Others,INE202B07JT0,True
2936,NSE_EQ|INE516Y07428,9PFL31A,NA,NSE,SEC RE NCD 9% SR.V,Others,INE516Y07428,True
5424,NSE_EQ|INE148I08249,9SCL26B,ND,NSE,UNS RED NCD 9.0% SR. IX,Others,INE148I08249,True
5089,NSE_EQ|INE148I07GL3,9SCL26BA,NA,NSE,SEC RED NCD 9.0% SR. VI,Others,INE148I07GL3,True
5813,NSE_EQ|INE148I07YA9,9SCL27,N2,NSE,SCL 9.00% 2027 SR I,Others,INE148I07YA9,True
5732,NSE_EQ|INE148I07XQ7,9SCL28,N7,NSE,SCL 9.00% 2028 SR IV,Others,INE148I07XQ7,True
5510,NSE_EQ|INE306N08284,9TCAP28,N9,NSE,UNSERENCD9.00%SRIIICI&II,Others,INE306N08284,True
9002,NSE_EQ|INE723X07224,9TIAPL28,N0,NSE,TIAPL 9% 2028 SR II,Others,INE723X07224,True
2374,NSE_EQ|INE619I01012,A2ZINFRA,EQ,NSE,A2Z INFRA ENGINEERING LTD,Others,INE619I01012,True
1324,NSE_EQ|INE0D0U01013,AAATECH,EQ,NSE,AAA TECHNOLOGIES LIMITED,Others,INE0D0U01013,True
10,NSE_EQ|INE883F01010,AADHARHFC,EQ,NSE,AADHAR HOUSING FINANCE L,Housing Finance,INE883F01010,True
7003,NSE_EQ|INE0L6807120,AAFS27A,N0,NSE,AAFS MKT LINK2027SRCAR D,Others,INE0L6807120,True
7004,NSE_EQ|INE0L6807146,AAFS27B,N3,NSE,AAFS MARKET LINK2027 SRJ,Others,INE0L6807146,True
7006,NSE_EQ|INE0L6807153,AAFS27C,N4,NSE,AAFS MARKET LINKED 2027,Others,INE0L6807153,True
6999,NSE_EQ|INE0L6807161,AAFS28,N0,NSE,AAFS MARKET LINKED 2028,Others,INE0L6807161,True
7000,NSE_EQ|INE0L6807179,AAFS28A,N0,NSE,AAFS UNDERINVSTR 28 SR L,Others,INE0L6807179,True
7001,NSE_EQ|INE0L6807187,AAFS28B,N0,NSE,AAFS MARKET LINKED 2028,Others,INE0L6807187,True
7002,NSE_EQ|INE0L6807195,AAFS28C,N0,NSE,AAFS28C MARKET LINKED 28,Others,INE0L6807195,True
6967,NSE_EQ|INE0L6807203,AAFS29,N0,NSE,AAFS MARKET LINKED 2029,Others,INE0L6807203,True
6965,NSE_EQ|INE0L6807211,AAFS29A,N0,NSE,AAFS MARKET LINKED 2029,Others,INE0L6807211,True
6969,NSE_EQ|INE0L6807229,AAFS29B,N0,NSE,AAFS MARKET LINKED 2029,Others,INE0L6807229,True
6978,NSE_EQ|INE0L6807237,AAFS29C,N0,NSE,AAFS MARKET LINKED 2029,Others,INE0L6807237,True
6977,NSE_EQ|INE0L6807245,AAFS30,N0,NSE,AAFS MARKET LINKED SR Q,Others,INE0L6807245,True
6979,NSE_EQ|INE0L6807252,AAFS30A,N0,NSE,AAFS MARKET LINKED CAR-H,Others,INE0L6807252,True
6982,NSE_EQ|INE0L6807260,AAFS30B,N0,NSE,AAFS MARKET LINKED 2030,Others,INE0L6807260,True
6985,NSE_EQ|INE0L6807278,AAFS30C,N0,NSE,AAFS MARKET LINKED 2030,Others,INE0L6807278,True
6974,NSE_EQ|INE0L6807286,AAFS30D,N0,NSE,AAFS MARKET LINKED 2030,Others,INE0L6807286,True
6975,NSE_EQ|INE0L6807294,AAFS31,N0,NSE,AAFS MARKET LINKED 2031,Others,INE0L6807294,True
7040,NSE_EQ|INE0L6807302,AAFS31A,N0,NSE,AAFS MARKET LINKED 2031,Others,INE0L6807302,True
7038,NSE_EQ|INE0L6807310,AAFS31B,N0,NSE,AAFS MARKET LINKED 2031,Others,INE0L6807310,True
7029,NSE_EQ|INE0L6807328,AAFS31C,N0,NSE,AAFS MARKET LINKED 2031,Others,INE0L6807328,True
7031,NSE_EQ|INE0L6807336,AAFS31D,N0,NSE,AAFS MKT LKD 2031 CAR- L,Others,INE0L6807336,True
6509,NSE_EQ|INE0L6808037,AAFS34,N2,NSE,AAFS MARKET LINK2034 SRB,Others,INE0L6808037,True
6510,NSE_EQ|INE0L6808045,AAFS34A,N5,NSE,AAFS MARKET LINKED 2034,Others,INE0L6808045,True
3868,NSE_EQ|INE1GYP01013,AAKAAR,SM,NSE,AAKAAR MEDICAL TECHNO LTD,Others,INE1GYP01013,True
1590,NSE_EQ|INE087Z01024,AAKASH,EQ,NSE,AAKASH EXPLORATION SER L,Others,INE087Z01024,True
4780,NSE_EQ|INE124401014,AARADHYA,SM,NSE,AARADHYA DISPOSAL INDUS L,Others,INE124401014,True
8466,NSE_EQ|INE198H01019,AAREYDRUGS,BE,NSE,AAREY DRUGS & PHARM LTD,Others,INE198H01019,True
679,NSE_EQ|INE750R01016,AARNAV,EQ,NSE,AARNAV FASHIONS LIMITED,Others,INE750R01016,True
1144,NSE_EQ|INE721Z01010,AARON,EQ,NSE,AARON INDUSTRIES LIMITED,Others,INE721Z01010,True
1434,NSE_EQ|INE01C001026,AARTECH,EQ,NSE,AARTECH SOLONICS LIMITED,Others,INE01C001026,True
1729,NSE_EQ|INE767A01016,AARTIDRUGS,EQ,NSE,AARTI DRUGS LTD.,Others,INE767A01016,True
11,NSE_EQ|INE769A01020,AARTIIND,EQ,NSE,AARTI INDUSTRIES LTD,Chemicals,INE769A01020,True
1986,NSE_EQ|INE0LRU01027,AARTIPHARM,EQ,NSE,AARTI PHARMALABS LIMITED,Others,INE0LRU01027,True
8463,NSE_EQ|INE09EO04017,AARTISURF,P1,NSE,AARTI SURFACTANTS LIMITED,Others,INE09EO04017,True
1474,NSE_EQ|INE09EO01013,AARTISURF,EQ,NSE,AARTI SURFACTANTS LIMITED,Others,INE09EO01013,True
1620,NSE_EQ|INE754X01016,AARVI,EQ,NSE,AARVI ENCON LIMITED,Others,INE754X01016,True
3880,NSE_EQ|INE0OB201016,AATMAJ,SM,NSE,AATMAJ HEALTHCARE LIMITED,Others,INE0OB201016,True
12,NSE_EQ|INE216P01012,AAVAS,EQ,NSE,AAVAS FINANCIERS LIMITED,Housing Finance,INE216P01012,True
8444,NSE_EQ|INE421A01028,ABAN,BE,NSE,ABAN OFFSHORE LTD.,Others,INE421A01028,True
3336,NSE_EQ|INE365O01028,ABANSENT,BE,NSE,ABANS ENTERPRISES LTD.,Others,INE365O01028,True
3,NSE_EQ|INE117A01022,ABB,EQ,NSE,ABB INDIA LIMITED,Electric Equipment,INE117A01022,True
13,NSE_EQ|INE358A01014,ABBOTINDIA,EQ,NSE,ABBOTT INDIA LIMITED,Pharmaceuticals,INE358A01014,True
21,NSE_EQ|INE674K01013,ABCAPITAL,EQ,NSE,ADITYA BIRLA CAPITAL LTD.,NBFC,INE674K01013,True
9311,NSE_EQ|INE674K07093,ABCL020925,N0,NSE,ABCL 0% 2029 SR F2,Others,INE674K07093,True
3301,NSE_EQ|INE860H07IR8,ABCL26,N3,NSE,ABCL SR II,Others,INE860H07IR8,True
3313,NSE_EQ|INE860H07IU2,ABCL28,N6,NSE,ABCL SR IV,Others,INE860H07IU2,True
2213,NSE_EQ|INE08PH01015,ABCOTS,EQ,NSE,A B COTSPIN INDIA LIMITED,Others,INE08PH01015,True
3298,NSE_EQ|INE860H07IX6,ABCRESET27,NM,NSE,ABCL FBIL LINK2027 SR K3,Others,INE860H07IX6,True
9289,NSE_EQ|INE674K07101,ABCRESET28,N0,NSE,ABCL FBIL 2028 SR F3,Others,INE674K07101,True
1901,NSE_EQ|INE552Z01027,ABDL,EQ,NSE,ALLIED BLEND N DISTILS L,Others,INE552Z01027,True
22,NSE_EQ|INE647O01011,ABFRL,EQ,NSE,ADITYA BIRLA FASHION & RT,Retailing,INE647O01011,True
2222,NSE_EQ|INF209KC1134,ABGSEC,EQ,NSE,BIRLASLAMC - ABGSEC,Others,INF209KC1134,True
3199,NSE_EQ|INE0UYG01015,ABHAPOWER,SM,NSE,ABHA POWER N STEEL LTD,Others,INE0UYG01015,True
8432,NSE_EQ|INE831R07599,ABHF26625,N0,NSE,ABHFL 7.08% 2030 SR C1,Others,INE831R07599,True
1398,NSE_EQ|INE00YB01025,ABINFRA,EQ,NSE,A B INFRABUILD LIMITED,Others,INE00YB01025,True
23,NSE_EQ|INE14LE01019,ABLBL,EQ,NSE,ADITYA BIRLA LIFES BRAN L,DVR,INE14LE01019,True
2455,NSE_EQ|INE251C01025,ABMINTLLTD,EQ,NSE,ABM INTERNATIONAL LTD,Others,INE251C01025,True
1610,NSE_EQ|INE850B01026,ABMKNO,EQ,NSE,A B M KNOWLEDGEWARE LTD.,Others,INE850B01026,True
3855,NSE_EQ|INE982R01015,ABNINT,IT,NSE,A B N INTERCORP LIMITED,Others,INE982R01015,True
24,NSE_EQ|INE055A01016,ABREL,EQ,NSE,ADITYA BIRLA REAL EST LTD,Diversified,INE055A01016,True
2124,NSE_EQ|INF209KC1670,ABSL10BANK,EQ,NSE,BIRLASLAMC - ABSL10BANK,Others,INF209KC1670,True
25,NSE_EQ|INE404A01024,ABSLAMC,EQ,NSE,ADIT BIRL SUN LIF AMC LTD,Asset Management,INE404A01024,True
1318,NSE_EQ|INF209KB17D5,ABSLBANETF,EQ,NSE,BIRLASLAMC - ABSLBANETF,Others,INF209KB17D5,True
1331,NSE_EQ|INF209KB18T9,ABSLLIQUID,EQ,NSE,BIRLASLAMC - ABSLLIQUID,Others,INF209KB18T9,True
2126,NSE_EQ|INF209KC1662,ABSLMSCIN,EQ,NSE,BIRLASLAMC - ABSLMSCIN,Others,INF209KC1662,True
1312,NSE_EQ|INF209KB16D7,ABSLNN50ET,EQ,NSE,BIRLASLAMC - ABSLNN50ET,Others,INF209KB16D7,True
1326,NSE_EQ|INF209KB19Z4,ABSLPSE,EQ,NSE,BIRLASLAMC-ABSLPSE,Others,INF209KB19Z4,True
5096,NSE_EQ|INE0QRV01016,ABSMARINE,ST,NSE,ABS MARINE SERVICES LTD,Others,INE0QRV01016,True
4,NSE_EQ|INE012A01025,ACC,EQ,NSE,ACC LIMITED,Construction Materials,INE012A01025,True
1285,NSE_EQ|INE793A01012,ACCELYA,EQ,NSE,ACCELYA SOLN INDIA LTD,Others,INE793A01012,True
5540,NSE_EQ|INE0Q5D01013,ACCENTMIC,SM,NSE,ACCENT MICROCELL LIMITED,Others,INE0Q5D01013,True
3561,NSE_EQ|INE113X01015,ACCORD,ST,NSE,ACCORD SYNERGY LIMITED,Others,INE113X01015,True
3445,NSE_EQ|INE0T8T01010,ACCPL,ST,NSE,ACCRETION PHARMA LIMITED,Others,INE0T8T01010,True
2005,NSE_EQ|INE648Z01023,ACCURACY,EQ,NSE,ACCURACY SHIPPING LIMITED,Others,INE648Z01023,True
14,NSE_EQ|INE731H01025,ACE,EQ,NSE,ACTION CONST EQUIP LTD,Engineering,INE731H01025,True
728,NSE_EQ|INE543V01017,ACEINTEG,EQ,NSE,ACE INTEGRATED SOLU. LTD.,Others,INE543V01017,True
8870,NSE_EQ|INE1J6M01010,ACETEC,SM,NSE,ACETECH E-COMMERCE LTD,Others,INE1J6M01010,True
775,NSE_EQ|INE128X01021,ACI,EQ,NSE,ARCHEAN CHEMICAL IND LTD,Others,INE128X01021,True
2188,NSE_EQ|INE666E01020,ACL,EQ,NSE,ANDHRA CEMENTS LIMITED,Others,INE666E01020,True
5,NSE_EQ|INE622W01025,ACMESOLAR,EQ,NSE,ACME SOLAR HOLDINGS LTD,Power,INE622W01025,True
824,NSE_EQ|INE366C01021,ACSTECH,EQ,NSE,A C S TECHNOLOGIES LTD.,Others,INE366C01021,True
6429,NSE_EQ|INE0KLO01025,ACTIVEINFR,SM,NSE,ACTIVE INFRASTRUCTURES L,Others,INE0KLO01025,True
1845,NSE_EQ|INE00FF01025,ACUTAAS,EQ,NSE,ACUTAAS CHEMICALS LIMITED,Others,INE00FF01025,True
15,NSE_EQ|INE931S01010,ADANIENSOL,EQ,NSE,ADANI ENERGY SOLUTION LTD,Power,INE931S01010,True
16,NSE_EQ|INE423A01024,ADANIENT,EQ,NSE,ADANI ENTERPRISES LIMITED,Trading,INE423A01024,True
17,NSE_EQ|INE364U01010,ADANIGREEN,EQ,NSE,ADANI GREEN ENERGY LTD,Power,INE364U01010,True
18,NSE_EQ|INE742F01042,ADANIPORTS,EQ,NSE,ADANI PORT & SEZ LTD,Port,INE742F01042,True
19,NSE_EQ|INE814H01029,ADANIPOWER,EQ,NSE,ADANI POWER LTD,Power Generation & Distribution,INE814H01029,True
8121,NSE_EQ|INE0RDH01021,ADDICTIVE,SM,NSE,ADDICTIVE LEARNING TECH L,Others,INE0RDH01021,True
2350,NSE_EQ|INE982B01027,ADFFOODS,EQ,NSE,ADF FOODS LIMITED,Others,INE982B01027,True
7332,NSE_EQ|INE20PL01012,ADISOFT,SM,NSE,ADISOFT TECHNOLOGIES LTD,Others,INE20PL01012,True
863,NSE_EQ|INE0CHO01012,ADL,EQ,NSE,ARCHIDPLY DECOR LIMITED,Others,INE0CHO01012,True
684,NSE_EQ|INE045A01017,ADOR,EQ,NSE,ADOR WELDING LTD,Others,INE045A01017,True
2207,NSE_EQ|INE737B01033,ADROITINFO,EQ,NSE,ADROIT INFOTECH LIMITED,Others,INE737B01033,True
664,NSE_EQ|INE102I01027,ADSL,EQ,NSE,ALLIED DIGITAL SERV. LTD,Others,INE102I01027,True
1127,NSE_EQ|INE0ALI01010,ADVAIT,EQ,NSE,ADVAIT ENRGY TRANSITION L,Others,INE0ALI01010,True
949,NSE_EQ|INE1B0W01010,ADVANCE,EQ,NSE,ADVANCE AGROLIFE LIMITED,Others,INE1B0W01010,True
1226,NSE_EQ|INE199C01026,ADVANIHOTR,EQ,NSE,ADVANI HOT.& RES.(I) LTD,Others,INE199C01026,True
1096,NSE_EQ|INE28GN01010,ADVENTHTL,EQ,NSE,ADVENT HOTELS INTERNATI L,Others,INE28GN01010,True
1234,NSE_EQ|INE837H01020,ADVENZYMES,EQ,NSE,ADVANCED ENZYME TECH LTD,Others,INE837H01020,True
26,NSE_EQ|INE208C01025,AEGISLOG,EQ,NSE,AEGIS LOGISTICS LIMITED,Logistics,INE208C01025,True
27,NSE_EQ|INE0INX01018,AEGISVOPAK,EQ,NSE,AEGIS VOPAK TERMINALS LTD,Logistics,INE0INX01018,True
7074,NSE_EQ|INE423A07559,AEL120126,NL,NSE,AEL 0% 2029 SR V,Others,INE423A07559,True
7113,NSE_EQ|INE423A07369,AEL120924,N2,NSE,SEC RE NCD SR II,Others,INE423A07369,True
7111,NSE_EQ|INE423A07377,AEL120924A,N5,NSE,SEC RE NCD SR V,Others,INE423A07377,True
7121,NSE_EQ|INE423A07385,AEL120924B,N8,NSE,SEC RE NCD SR VIII,Others,INE423A07385,True
7076,NSE_EQ|INE423A07542,AEL1212026,NO,NSE,AEL 0% 2031 SR VIII,Others,INE423A07542,True
7071,NSE_EQ|INE423A07500,AEL12126,NI,NSE,AEL 0% 2028 SR II,Others,INE423A07500,True
7150,NSE_EQ|INE423A07419,AEL170725,ND,NSE,AEL 0% 2028 SR V,Others,INE423A07419,True
7147,NSE_EQ|INE423A07468,AEL170725A,NG,NSE,AEL 0% 2030 SR VIII,Others,INE423A07468,True
7152,NSE_EQ|INE423A07401,AEL17725,NA,NSE,AEL 0% 2027 SR II,Others,INE423A07401,True
1376,NSE_EQ|INE757T01025,AEPL,EQ,NSE,ARTEMIS ELECTRICALS & P L,Others,INE757T01025,True
2314,NSE_EQ|INE947N01017,AEQUS,EQ,NSE,AEQUS LIMITED,Others,INE947N01017,True
1507,NSE_EQ|INE065D01027,AEROENTER,EQ,NSE,AEROFLEX ENTERPRISES LTD,Others,INE065D01027,True
1182,NSE_EQ|INE024001021,AEROFLEX,EQ,NSE,AEROFLEX INDUSTRIES LTD,Others,INE024001021,True
5789,NSE_EQ|INE0WL801011,AERON,SM,NSE,AERON COMPOSITE LIMITED,Others,INE0WL801011,True
2280,NSE_EQ|INE035801013,AERONEU,EQ,NSE,AEROFLEX NEU LIMITED,Others,INE035801013,True
5265,NSE_EQ|INE0TSF01011,AESTHETIK,SM,NSE,AESTHETIK ENGINEERS LTD,Others,INE0TSF01011,True
934,NSE_EQ|INE0BWX01014,AETHER,EQ,NSE,AETHER INDUSTRIES LIMITED,Others,INE0BWX01014,True
28,NSE_EQ|INE101I01011,AFCONS,EQ,NSE,AFCONS INFRASTRUCTURE LTD,Infrastructure Developers & Operators,INE101I01011,True
29,NSE_EQ|INE00WC01027,AFFLE,EQ,NSE,AFFLE 3I LIMITED,BPO/ITeS,INE00WC01027,True
8290,NSE_EQ|INE692Z01013,AFFORDABLE,BE,NSE,AFFORD ROBO & AUTO LTD,Others,INE692Z01013,True
8419,NSE_EQ|INE916Y01027,AFIL,BE,NSE,AKME FINTRADE (INDIA) LTD,Others,INE916Y01027,True
1115,NSE_EQ|INE00ZE01026,AFSL,EQ,NSE,ABANS FINANCIAL SRVCS LTD,Others,INE00ZE01026,True
1550,NSE_EQ|INE204E01012,AGARIND,EQ,NSE,AGARWAL INDS CORP LTD.,Others,INE204E01012,True
147,NSE_EQ|INE943P01029,AGARWALEYE,EQ,NSE,DR AGARWALS HEALTH CARE L,Healthcare,INE943P01029,True
5898,NSE_EQ|INE0MLA01012,AGARWALFT,ST,NSE,AGARWAL FLOAT GLASS I LTD,Others,INE0MLA01012,True
8261,NSE_EQ|INE0P8X01016,AGARWALTUF,SM,NSE,AGARWAL TOUGH GLASS IND L,Others,INE0P8X01016,True
1599,NSE_EQ|INE415A01038,AGI,EQ,NSE,AGI GREENPAC LIMITED,Others,INE415A01038,True
582,NSE_EQ|INE976R01033,AGIIL,EQ,NSE,AGI INFRA LIMITED,Others,INE976R01033,True
6511,NSE_EQ|INE0LF301013,AGNI,SM,NSE,AGNI GREEN POWER LTD,Others,INE0LF301013,True
3725,NSE_EQ|INE449G01018,AGRITECH,BE,NSE,AGRI-TECH (INDIA) LIMITED,Others,INE449G01018,True
1936,NSE_EQ|INE740V01019,AGROPHOS,EQ,NSE,AGRO PHOS INDIA LIMITED,Others,INE740V01019,True
3564,NSE_EQ|INE583L01014,AGSTRA,BZ,NSE,AGS TRANSACT TECH LTD,Others,INE583L01014,True
5090,NSE_EQ|INE0O6N01012,AGUL,SM,NSE,A G UNIVERSAL LIMITED,Others,INE0O6N01012,True
1481,NSE_EQ|INE0Y8W01025,AHCL,EQ,NSE,ANLON HEALTHCARE LIMITED,Others,INE0Y8W01025,True
6747,NSE_EQ|INE136T01014,AHIMSA,ST,NSE,AHIMSA INDUSTRIES LTD.,Others,INE136T01014,True
1176,NSE_EQ|INE00PV01013,AHLADA,EQ,NSE,AHLADA ENGINEERS LIMITED,Others,INE00PV01013,True
921,NSE_EQ|INE926K01017,AHLEAST,EQ,NSE,ASIAN HOTELS (EAST) LTD,Others,INE926K01017,True
1532,NSE_EQ|INE758C01029,AHLUCONT,EQ,NSE,AHLUWALIA CONT IND LTD,Others,INE758C01029,True
5526,NSE_EQ|INE915K01010,AHLWEST,BE,NSE,ASIAN HOTELS (WEST) LTD,Others,INE915K01010,True
6,NSE_EQ|INE212H01026,AIAENG,EQ,NSE,AIA ENGINEERING LIMITED,Engineering,INE212H01026,True
56,NSE_EQ|INE206F01022,AIIL,EQ,NSE,AUTHUM INVEST & INFRA LTD,Investment,INE206F01022,True
4185,NSE_EQ|INE0CAJ01017,AILIMITED,ST,NSE,ABHISHEK INTEGRATIONS LTD,Others,INE0CAJ01017,True
5411,NSE_EQ|INE0RUV01018,AIMTRON,SM,NSE,AIMTRON ELECTRONICS LTD,Others,INE0RUV01018,True
1414,NSE_EQ|INE645W01026,AIRAN,EQ,NSE,AIRAN LIMITED,Others,INE645W01026,True
2377,NSE_EQ|INE801L01010,AIROLAM,EQ,NSE,AIRO LAM LIMITED,Others,INE801L01010,True
7249,NSE_EQ|INE635Y01015,AISL,SM,NSE,ANI INTEGRATED SERV LTD.,Others,INE635Y01015,True
30,NSE_EQ|INE031B01049,AJANTPHARM,EQ,NSE,AJANTA PHARMA LIMITED,Pharmaceuticals,INE031B01049,True
2078,NSE_EQ|INE274Y01021,AJAXENGG,EQ,NSE,AJAX ENGINEERING LIMITED,Others,INE274Y01021,True
2289,NSE_EQ|INE298G01035,AJMERA,EQ,NSE,AJMERA REALTY & INF I LTD,Others,INE298G01035,True
1727,NSE_EQ|INE820Y01021,AJOONI,EQ,NSE,AJOONI BIOTECH LIMITED,Others,INE820Y01021,True
4510,NSE_EQ|INE0PCY01014,AKANKSHA,ST,NSE,AKANKSHA POWER N INFRA L,Others,INE0PCY01014,True
1317,NSE_EQ|INE737W01013,AKASH,EQ,NSE,AKASH INFRA-PROJECTS LTD,Others,INE737W01013,True
2201,NSE_EQ|INE701G01012,AKCAPIT,EQ,NSE,A K CAPITAL SERVICES LTD.,Others,INE701G01012,True
573,NSE_EQ|INE00Y801016,AKG,EQ,NSE,AKG EXIM LIMITED,Others,INE00Y801016,True
1280,NSE_EQ|INE642Z01026,AKI,EQ,NSE,AKI INDIA LIMITED,Others,INE642Z01026,True
4856,NSE_EQ|INE0PMR01017,AKIKO,ST,NSE,AKIKO GLOBAL SERVICES L,Others,INE0PMR01017,True
1236,NSE_EQ|INE256Z01025,AKSHAR,EQ,NSE,AKSHAR SPINTEX LIMITED,Others,INE256Z01025,True
1008,NSE_EQ|INE542B01011,AKSHARCHEM,EQ,NSE,AKSHARCHEM INDIA LIMITED,Others,INE542B01011,True
3605,NSE_EQ|INE523B01011,AKSHOPTFBR,BE,NSE,AKSH OPTIFIBRE  LTD,Others,INE523B01011,True
31,NSE_EQ|INE09XN01023,AKUMS,EQ,NSE,AKUMS DRUGS AND PHARMA L,Pharmaceuticals,INE09XN01023,True
1806,NSE_EQ|INE914E01040,ALANKIT,EQ,NSE,ALANKIT LIMITED,Others,INE914E01040,True
2079,NSE_EQ|INE155C01010,ALBERTDAVD,EQ,NSE,ALBERT DAVID LIMITED,Others,INE155C01010,True
6240,NSE_EQ|INE448V01019,ALCODIS,ST,NSE,ALCOKRAFT DISTILLERIE LTD,Others,INE448V01019,True
1708,NSE_EQ|INE426A01027,ALEMBICLTD,EQ,NSE,ALEMBIC LIMITED,Others,INE426A01027,True
1364,NSE_EQ|INE598D01035,ALGOQUANT,EQ,NSE,ALGOQUANT FINTECH LIMITED,Others,INE598D01035,True
1649,NSE_EQ|INE062D01024,ALICON,EQ,NSE,ALICON CASTALLOY LIMITED,Others,INE062D01024,True
1132,NSE_EQ|INE03Q201024,ALIVUS,EQ,NSE,ALIVUS LIFE SCIENCES LTD,Others,INE03Q201024,True
5664,NSE_EQ|INE773I01017,ALKALI,BE,NSE,ALKALI METALS LTD,Others,INE773I01017,True
34,NSE_EQ|INE540L01014,ALKEM,EQ,NSE,ALKEM LABORATORIES LTD.,Pharmaceuticals,INE540L01014,True
35,NSE_EQ|INE150B01039,ALKYLAMINE,EQ,NSE,ALKYL AMINES CHEM. LTD,Chemicals,INE150B01039,True
2453,NSE_EQ|INE418H01029,ALLCARGO,EQ,NSE,ALLCARGO LOGISTICS LTD,Others,INE418H01029,True
2493,NSE_EQ|INE835G01018,ALLDIGI,EQ,NSE,ALLDIGI TECH LIMITED,Others,INE835G01018,True
7531,NSE_EQ|INE0M2X01012,ALLETEC,ST,NSE,ALL E TECHNOLOGIES LTD,Others,INE0M2X01012,True
2029,NSE_EQ|INE0GV601021,ALLTIME,EQ,NSE,ALL TIME PLASTICS LIMITED,Others,INE0GV601021,True
1784,NSE_EQ|INE326B01035,ALMONDZ,EQ,NSE,ALMONDZ GLOBAL SEC LTD,Others,INE326B01035,True
36,NSE_EQ|INE270A01029,ALOKINDS,EQ,NSE,ALOK INDUSTRIES LIMITED,Textile,INE270A01029,True
1330,NSE_EQ|INE385I01010,ALPA,EQ,NSE,ALPA LABORATORIES LTD,Others,INE385I01010,True
5095,NSE_EQ|INE0R4701017,ALPEXSOLAR,SM,NSE,ALPEX SOLAR LIMITED,Others,INE0R4701017,True
766,NSE_EQ|INF174KA1IA5,ALPHA,EQ,NSE,KOTAKMAMC - KOTAKALPHA,Others,INF174KA1IA5,True
7005,NSE_EQ|INE0L6807138,ALPHA27,N1,NSE,AAFS MARKET LINK2027SR I,Others,INE0L6807138,True
1222,NSE_EQ|INF769K01KU7,ALPHAETF,EQ,NSE,MIRAEAMC - ALPHAETF,Others,INF769K01KU7,True
1401,NSE_EQ|INE137C01018,ALPHAGEO,EQ,NSE,ALPHAGEO (INDIA) LIMITED,Others,INE137C01018,True
1757,NSE_EQ|INF109KC17V7,ALPL30IETF,EQ,NSE,ICICIPRAMC - ICICIALPLV,Others,INF109KC17V7,True
3405,NSE_EQ|INE0STM01017,ALUWIND,SM,NSE,ALUWIND INFRA-TECH LTD,Others,INE0STM01017,True
968,NSE_EQ|INE121R01077,AMAGI,EQ,NSE,AMAGI MEDIA LABS LIMITED,Others,INE121R01077,True
2122,NSE_EQ|INE084K01015,AMANTA,EQ,NSE,AMANTA HEALTHCARE LIMITED,Others,INE084K01015,True
6157,NSE_EQ|INE293601014,AMBAAUTO,SM,NSE,AMBA AUTO SALES AND SER L,Others,INE293601014,True
1726,NSE_EQ|INE432A01017,AMBALALSA,EQ,NSE,AMBALAL SARABHAI ENT L,Others,INE432A01017,True
2553,NSE_EQ|INE00C501018,AMBANIORGO,SM,NSE,AMBANI ORGOCHEM LIMITED,Others,INE00C501018,True
38,NSE_EQ|INE371P01015,AMBER,EQ,NSE,AMBER ENTERPRISES (I) LTD,Air Conditioners,INE371P01015,True
2325,NSE_EQ|INE792B01012,AMBICAAGAR,EQ,NSE,AMBICA AGAR & AROMAINDLTD,Others,INE792B01012,True
556,NSE_EQ|INE540G01014,AMBIKCO,EQ,NSE,AMBIKA COTTON MILL LTD.,Others,INE540G01014,True
39,NSE_EQ|INE079A01024,AMBUJACEM,EQ,NSE,AMBUJA CEMENTS LTD,Construction Materials,INE079A01024,True
6780,NSE_EQ|INE0VG001016,AMCL,SM,NSE,ANB METAL CAST LIMITED,Others,INE0VG001016,True
1815,NSE_EQ|INE005I01014,AMDIND,EQ,NSE,AMD INDUSTRIES LIMITED,Others,INE005I01014,True
6843,NSE_EQ|INE0KT901015,AMEYA,SM,NSE,AMEYA PRECISION ENG LTD,Others,INE0KT901015,True
8929,NSE_EQ|INE0MTP01013,AMIABLE,SM,NSE,AMIABLE LOGISTICS (I) LTD,Others,INE0MTP01013,True
1749,NSE_EQ|INE05TO01019,AMIRCHAND,EQ,NSE,AMIR CHAND JAG KUM (E) L,Others,INE05TO01019,True
713,NSE_EQ|INE606A01024,AMJLAND,EQ,NSE,AMJ LAND HOLDINGS LIMITED,Others,INE606A01024,True
2348,NSE_EQ|INE275D01022,AMNPLST,EQ,NSE,AMINES & PLASTICIZERS LTD,Others,INE275D01022,True
1154,NSE_EQ|INE098F01031,AMRUTANJAN,EQ,NSE,AMRUTAJAN HEALTH LTD,Others,INE098F01031,True
40,NSE_EQ|INE463V01026,ANANDRATHI,EQ,NSE,ANAND RATHI WEALTH LTD,Finance,INE463V01026,True
2867,NSE_EQ|INE1UA823019,ANANTAM,IV,NSE,ANANTAM HIGHWAYS TRUST,Others,INE1UA823019,True
41,NSE_EQ|INE242C01024,ANANTRAJ,EQ,NSE,ANANT RAJ LIMITED,Construction,INE242C01024,True
1362,NSE_EQ|INE435A01051,ANDHRAPAP,EQ,NSE,ANDHRA PAPER LIMITED,Others,INE435A01051,True
753,NSE_EQ|INE715B01021,ANDHRSUGAR,EQ,NSE,ANDHRA SUGARS LTD,Others,INE715B01021,True
42,NSE_EQ|INE732I01021,ANGELONE,EQ,NSE,ANGEL ONE LIMITED,Stock/ Commodity Brokers,INE732I01021,True
6699,NSE_EQ|INE087B01017,ANIKINDS,BE,NSE,ANIK INDUSTRIES LTD,Others,INE087B01017,True
5474,NSE_EQ|INE106I01010,ANKITMETAL,BZ,NSE,ANKIT MET & POW LTD,Others,INE106I01010,True
8719,NSE_EQ|INE0LR101013,ANLON,ST,NSE,ANLON TECHNOLOGY SOL LTD,Others,INE0LR101013,True
2467,NSE_EQ|INE02AR01019,ANMOL,EQ,NSE,ANMOL INDIA LIMITED,Others,INE02AR01019,True
4193,NSE_EQ|INE0MGM01017,ANNAPURNA,SM,NSE,ANNAPURNA SWADISHT LTD,Others,INE0MGM01017,True
8409,NSE_EQ|INE0VTV01012,ANONDITA,SM,NSE,ANONDITA MEDICARE LIMITED,Others,INE0VTV01012,True
8960,NSE_EQ|INE436A01026,ANSALAPI,BZ,NSE,ANSAL PROP & INFRA LTD,Others,INE436A01026,True
2516,NSE_EQ|INE818A01017,ANTELOPUS,EQ,NSE,ANTELOPUS SELAN ENRGY LTD,Others,INE818A01017,True
1466,NSE_EQ|INE414B01021,ANTGRAPHIC,EQ,NSE,ANTARCTICA LTD,Others,INE414B01021,True
746,NSE_EQ|INE0CZ201020,ANTHEM,EQ,NSE,ANTHEM BIOSCIENCES LTD,Others,INE0CZ201020,True
1378,NSE_EQ|INE489G01022,ANUHPHR,EQ,NSE,ANUH PHARMA LIMITED,Others,INE489G01022,True
1934,NSE_EQ|INE294Z01018,ANUP,EQ,NSE,THE ANUP ENGINEERING LTD,Others,INE294Z01018,True
752,NSE_EQ|INE930P01018,ANURAS,EQ,NSE,ANUPAM RASAYAN INDIA LTD,Others,INE930P01018,True
2892,NSE_EQ|INE0SI601032,ANYA,SM,NSE,ANYA POLYTECH & FERTI LTD,Others,INE0SI601032,True
3997,NSE_EQ|INE0MIZ23019,ANZEN,IV,NSE,ANZEN IND ENE YLD PLU TRU,Others,INE0MIZ23019,True
897,NSE_EQ|INF1J2R01114,AONEGOLD,EQ,NSE,AONEAMC - AONEGOLD,Others,INF1J2R01114,True
2132,NSE_EQ|INF1J2R01056,AONELIQUID,EQ,NSE,AONEAMC - AONELIQUID,Others,INF1J2R01056,True
2131,NSE_EQ|INF1J2R01064,AONENIFTY,EQ,NSE,AONEAMC - AONENIFTY,Others,INF1J2R01064,True
888,NSE_EQ|INF1J2R01171,AONESILVER,EQ,NSE,AONEAMC - AONESILVER,Others,INF1J2R01171,True
898,NSE_EQ|INF1J2R01148,AONETMMQ50,EQ,NSE,AONEAMC - AONETMMQ50,Others,INF1J2R01148,True
2143,NSE_EQ|INF1J2R01015,AONETOTAL,EQ,NSE,AONEAMC - AONETOTAL,Others,INF1J2R01015,True
43,NSE_EQ|INE372A01015,APARINDS,EQ,NSE,APAR INDUSTRIES LTD.,Electric Equipment,INE372A01015,True
2133,NSE_EQ|INE071F01012,APCL,EQ,NSE,ANJANI PORTLAND CEM LTD,Others,INE071F01012,True
2462,NSE_EQ|INE116A01032,APCOTEXIND,EQ,NSE,APCOTEX INDUSTRIES LIMITE,Others,INE116A01032,True
1758,NSE_EQ|INE346W01013,APEX,EQ,NSE,APEX FROZEN FOODS LIMITED,Others,INE346W01013,True
4403,NSE_EQ|INE0T4V01015,APEXECO,ST,NSE,APEX ECOTECH LIMITED,Others,INE0T4V01015,True
7,NSE_EQ|INE702C01027,APLAPOLLO,EQ,NSE,APL APOLLO TUBES LTD,Steel & Iron Products,INE702C01027,True
33,NSE_EQ|INE901L01018,APLLTD,EQ,NSE,ALEMBIC PHARMA LTD,Pharmaceuticals,INE901L01018,True
2514,NSE_EQ|INE713T01028,APOLLO,EQ,NSE,APOLLO MICRO SYSTEMS LTD,Others,INE713T01028,True
44,NSE_EQ|INE437A01024,APOLLOHOSP,EQ,NSE,APOLLO HOSPITALS ENTER. L,Healthcare Services,INE437A01024,True
891,NSE_EQ|INE126J01016,APOLLOPIPE,EQ,NSE,APOLLO PIPES LIMITED,Others,INE126J01016,True
45,NSE_EQ|INE438A01022,APOLLOTYRE,EQ,NSE,APOLLO TYRES LTD,Tyres & Allied,INE438A01022,True
1736,NSE_EQ|INE451F01024,APOLSINHOT,EQ,NSE,APOLLO SINDOORI HOTEL LTD,Others,INE451F01024,True
2555,NSE_EQ|INE0LQG01010,APRAMEYA,SM,NSE,APRAMEYA ENGINEERING LTD,Others,INE0LQG01010,True
7985,NSE_EQ|INE0P0001010,APS,SM,NSE,AUSTRALIAN PREM SOLAR I L,Others,INE0P0001010,True
7663,NSE_EQ|INE1OOJ01011,APSISAERO,ST,NSE,APSIS AEROCOM LIMITED,Others,INE1OOJ01011,True
1904,NSE_EQ|INE266F01018,APTECHT,EQ,NSE,APTECH LIMITED,Others,INE266F01018,True
46,NSE_EQ|INE852O01025,APTUS,EQ,NSE,APTUS VALUE HSG FIN I LTD,Housing Finance,INE852O01025,True
1088,NSE_EQ|INE416A01051,AQYLON,EQ,NSE,AQYLON NEXUS LIMITED,Others,INE416A01051,True
2868,NSE_EQ|INE08NJ01024,ARABIAN,SM,NSE,ARABIAN PETROLEUM LIMITED,Others,INE08NJ01024,True
1928,NSE_EQ|INE877I01016,ARCHIDPLY,EQ,NSE,ARCHIDPLY IND. LTD,Others,INE877I01016,True
1092,NSE_EQ|INE731A01020,ARCHIES,EQ,NSE,ARCHIES LTD,Others,INE731A01020,True
8274,NSE_EQ|INE0YDV01010,ARCIIL,ST,NSE,ARC INSULATION & INSU LTD,Others,INE0YDV01010,True
37,NSE_EQ|INE885A01032,ARE&M,EQ,NSE,AMARA RAJA ENERGY MOB LTD,Batteries,INE885A01032,True
1921,NSE_EQ|INE610C01014,ARENTERP,EQ,NSE,RAJDARSHAN INDUSTRIES LTD,Others,INE610C01014,True
590,NSE_EQ|INE784R01023,ARFIN,EQ,NSE,ARFIN INDIA LIMITED,Others,INE784R01023,True
6811,NSE_EQ|INE0L2Y01011,ARHAM,SM,NSE,ARHAM TECHNOLOGIES LTD,Others,INE0L2Y01011,True
698,NSE_EQ|INE298I01015,ARIES,EQ,NSE,ARIES AGRO LTD.,Others,INE298I01015,True
864,NSE_EQ|INE413D01011,ARIHANT,EQ,NSE,ARIHANT FOUN & HOU LTD,Others,INE413D01011,True
2895,NSE_EQ|INE0NCC01015,ARIHANTACA,SM,NSE,ARIHANT ACADEMY LIMITED,Others,INE0NCC01015,True
1388,NSE_EQ|INE420B01036,ARIHANTCAP,EQ,NSE,ARIHANT CAPITAL MKTS LTD,Others,INE420B01036,True
2416,NSE_EQ|INE643K01018,ARIHANTSUP,EQ,NSE,ARIHANT SUPERSTRUCT LTD,Others,INE643K01018,True
1334,NSE_EQ|INE0H9P01028,ARIS,EQ,NSE,ARISINFRA SOLUTIONS LTD,Others,INE0H9P01028,True
5415,NSE_EQ|INE082101010,ARISTO,ST,NSE,ARISTO BIO T AND LIFESC L,Others,INE082101010,True
639,NSE_EQ|INE0QRL01017,ARKADE,EQ,NSE,ARKADE DEVELOPERS LIMITED,Others,INE0QRL01017,True
1735,NSE_EQ|INE109C01017,ARMANFIN,EQ,NSE,ARMAN FIN SERV LTD,Others,INE109C01017,True
3723,NSE_EQ|INE0TZX01019,ARMOUR,SM,NSE,ARMOUR SECURITY (INDIA) L,Others,INE0TZX01019,True
990,NSE_EQ|INE210C01013,AROGRANITE,EQ,NSE,ARO GRANITE IND. LTD.,Others,INE210C01013,True
5051,NSE_EQ|INE570D01018,ARROWGREEN,BE,NSE,ARROW GREENTECH LIMITED,Others,INE570D01018,True
3221,NSE_EQ|INE968D01022,ARSHIYA,BZ,NSE,ARSHIYA LIMITED,Others,INE968D01022,True
1090,NSE_EQ|INE549H01021,ARSSBL,EQ,NSE,ANAND RATHI SH N STK BR L,Others,INE549H01021,True
801,NSE_EQ|INE025R01021,ARTEMISMED,EQ,NSE,ARTEMIS MED SERVICE LTD,Others,INE025R01021,True
1915,NSE_EQ|INE738V01013,ARTNIRMAN,EQ,NSE,ART NIRMAN LIMITED,Others,INE738V01013,True
3136,NSE_EQ|INE0TTG01017,ARUNAYA,ST,NSE,ARUNAYA ORGANICS LIMITED,Others,INE0TTG01017,True
2400,NSE_EQ|INE006Z01016,ARVEE,EQ,NSE,ARVEE LABORATORIES I LTD,Others,INE006Z01016,True
1073,NSE_EQ|INE034A01011,ARVIND,EQ,NSE,ARVIND LIMITED,Others,INE034A01011,True
2480,NSE_EQ|INE955V01021,ARVINDFASN,EQ,NSE,ARVIND FASHIONS LIMITED,Others,INE955V01021,True
8344,NSE_EQ|INE0P4T01013,ARVINDPORT,ST,NSE,ARVIND PORT AND INFRA LTD,Others,INE0P4T01013,True
597,NSE_EQ|INE034S01021,ARVSMART,EQ,NSE,ARVIND SMARTSPACES LTD,Others,INE034S01021,True
47,NSE_EQ|INE439A01020,ASAHIINDIA,EQ,NSE,ASAHI INDIA GLASS LIMITED,Glass,INE439A01020,True
673,NSE_EQ|INE228I01012,ASAHISONG,EQ,NSE,ASAHI SONGWON COLOR LTD,Others,INE228I01012,True
1602,NSE_EQ|INE900C01027,ASAL,EQ,NSE,AUTOMOTIVE STAMPINGS & AS,Others,INE900C01027,True
616,NSE_EQ|INE073G01016,ASALCBR,EQ,NSE,ASSO ALCOHOLS & BREW LTD,Others,INE073G01016,True
2703,NSE_EQ|INE08KD01015,ASCOM,ST,NSE,ASCOM LEASIN & INVEST LTD,Others,INE08KD01015,True
8464,NSE_EQ|INE0LAA01017,ASHALOG,SM,NSE,ASHAPURA LOGISTICS LTD,Others,INE0LAA01017,True
787,NSE_EQ|INE348A01023,ASHAPURMIN,EQ,NSE,ASHAPURA MINECHEM LTD,Others,INE348A01023,True
1813,NSE_EQ|INE365D01021,ASHIANA,EQ,NSE,ASHIANA HOUSING LTD,Others,INE365D01021,True
1389,NSE_EQ|INE094B01013,ASHIKA,EQ,NSE,ASHIKA CREDIT CAPITAL L,Others,INE094B01013,True
2101,NSE_EQ|INE440A01010,ASHIMASYN,EQ,NSE,ASHIMA LTD,Others,INE440A01010,True
1066,NSE_EQ|INE442H01029,ASHOKA,EQ,NSE,ASHOKA BUILDCON LTD,Others,INE442H01029,True
2445,NSE_EQ|INE760Y01011,ASHOKAMET,EQ,NSE,ASHOKA METCAST LIMITED,Others,INE760Y01011,True
48,NSE_EQ|INE208A01029,ASHOKLEY,EQ,NSE,ASHOK LEYLAND LTD,Automobile,INE208A01029,True
3995,NSE_EQ|INE1A6Q01010,ASHWINI,SM,NSE,ASHWINI CONTAINER MOVER L,Others,INE1A6Q01010,True
594,NSE_EQ|INE276G01015,ASIANENE,EQ,NSE,ASIAN ENERGY SERVICES LTD,Others,INE276G01015,True
2087,NSE_EQ|INE363A01022,ASIANHOTNR,EQ,NSE,ASIAN HOTELS (NORTH) LTD,Others,INE363A01022,True
49,NSE_EQ|INE021A01026,ASIANPAINT,EQ,NSE,ASIAN PAINTS LIMITED,Paints,INE021A01026,True
1626,NSE_EQ|INE022I01019,ASIANTILES,EQ,NSE,ASIAN GRANITO IND. LTD.,Others,INE022I01019,True
1801,NSE_EQ|INE491J01022,ASKAUTOLTD,EQ,NSE,ASK AUTOMOTIVE LIMITED,Others,INE491J01022,True
1407,NSE_EQ|INE855F01042,ASMS,EQ,NSE,AVIO SMART MRKT STACK LTD,Others,INE855F01042,True
538,NSE_EQ|INE991I01015,ASPINWALL,EQ,NSE,ASPINWALL & CO LTD,Others,INE991I01015,True
4931,NSE_EQ|INE0S7801010,ASPIRE,SM,NSE,ASPIRE & INNOVATIVE ADV L,Others,INE0S7801010,True
2012,NSE_EQ|INE194D01017,ASTAR,EQ,NSE,ASIAN STAR CO. LTD.,Others,INE194D01017,True
589,NSE_EQ|INE563J01010,ASTEC,EQ,NSE,ASTEC LIFESCIENCES LTD,Others,INE563J01010,True
50,NSE_EQ|INE914M01019,ASTERDM,EQ,NSE,ASTER DM HEALTHCARE LTD.,Healthcare Services,INE914M01019,True
52,NSE_EQ|INE006I01046,ASTRAL,EQ,NSE,ASTRAL LIMITED,Plastic Products,INE006I01046,True
1619,NSE_EQ|INE386C01029,ASTRAMICRO,EQ,NSE,ASTRA MICROWAVE LTD,Others,INE386C01029,True
51,NSE_EQ|INE203A01020,ASTRAZEN,EQ,NSE,ASTRAZENECA PHARMA IND LT,Pharmaceuticals,INE203A01020,True
2990,NSE_EQ|INE646X01014,ASTRON,BE,NSE,ASTRON PAPER BORD MIL LTD,Others,INE646X01014,True
1284,NSE_EQ|INE0ALR01029,ATALREAL,EQ,NSE,ATAL REALTECH LIMITED,Others,INE0ALR01029,True
1677,NSE_EQ|INE09KD01013,ATAM,EQ,NSE,ATAM VALVES LIMITED,Others,INE09KD01013,True
6594,NSE_EQ|INE0V0Q01019,ATCENERGY,ST,NSE,ATC ENERGIES SYSTEM LTD,Others,INE0V0Q01019,True
20,NSE_EQ|INE399L01023,ATGL,EQ,NSE,ADANI TOTAL GAS LIMITED,Gas Transmission,INE399L01023,True
53,NSE_EQ|INE0LEZ01016,ATHERENERG,EQ,NSE,ATHER ENERGY LIMITED,Automobile,INE0LEZ01016,True
1597,NSE_EQ|INE0NN701020,ATL,EQ,NSE,ALLCARGO TERMINALS LTD,Others,INE0NN701020,True
808,NSE_EQ|INE285H01022,ATLANTAA,EQ,NSE,ATLANTAA LIMITED,Others,INE285H01022,True
8187,NSE_EQ|INE0Z4F01028,ATLANTAELE,BE,NSE,ATLANTA ELECTRICALS LTD,Others,INE0Z4F01028,True
956,NSE_EQ|INE446A01025,ATLASCYCLE,EQ,NSE,ATLAS CYCLE (HARYANA) LTD,Others,INE446A01025,True
5821,NSE_EQ|IN90NN701011,ATLPP,E1,NSE,ATL RE.0.50 PPD UP,Others,IN90NN701011,True
4946,NSE_EQ|INE05DH01017,ATMASTCO,ST,NSE,ATMASTCO LIMITED,Others,INE05DH01017,True
54,NSE_EQ|INE100A01010,ATUL,EQ,NSE,ATUL LTD,Chemicals,INE100A01010,True
2434,NSE_EQ|INE951D01028,ATULAUTO,EQ,NSE,ATUL AUTO LIMITED,Others,INE951D01028,True
8,NSE_EQ|INE949L01017,AUBANK,EQ,NSE,AU SMALL FINANCE BANK LTD,Bank,INE949L01017,True
1652,NSE_EQ|INE925Y01036,AURIGROW,EQ,NSE,AURI GROW INDIA LIMITED,Others,INE925Y01036,True
2163,NSE_EQ|INE132H01018,AURIONPRO,EQ,NSE,AURIONPRO SOLN LTD,Others,INE132H01018,True
8107,NSE_EQ|INE0NUL01018,AUROIMPEX,SM,NSE,AURO IMPEX & CHEMICALS L,Others,INE0NUL01018,True
55,NSE_EQ|INE406A01037,AUROPHARMA,EQ,NSE,AUROBINDO PHARMA LTD,Pharmaceuticals,INE406A01037,True
2509,NSE_EQ|INE898S01029,AURUM,EQ,NSE,AURUM PROPTECH LIMITED,Others,INE898S01029,True
7770,NSE_EQ|INE01YQ01013,AUSL,SM,NSE,ADITYA ULTRA STEEL LTD,Others,INE01YQ01013,True
6359,NSE_EQ|INE218C01016,AUSOMENT,BE,NSE,AUSOM ENTERPRISE LIMITED,Others,INE218C01016,True
2448,NSE_EQ|INE449A01011,AUTOAXLES,EQ,NSE,AUTOMOTIVE AXLES LIMITED,Others,INE449A01011,True
611,NSE_EQ|INF204KC1337,AUTOBEES,EQ,NSE,NIPPONAMC - NETFAUTO,Others,INF204KC1337,True
1769,NSE_EQ|INF109KC10V2,AUTOIETF,EQ,NSE,ICICIPRAMC - ICICIAUTO,Others,INF109KC10V2,True
4171,NSE_EQ|INE718H01014,AUTOIND,BE,NSE,AUTOLINE INDUSTRIES LTD,Others,INE718H01014,True
4456,NSE_EQ|INE349W01017,AVADHSUGAR,BE,NSE,AVADH SUG & ENERGY LTD,Others,INE349W01017,True
1122,NSE_EQ|INE0LCL01028,AVALON,EQ,NSE,AVALON TECHNOLOGIES LTD,Others,INE0LCL01028,True
7058,NSE_EQ|INE1KU201016,AVANA,ST,NSE,AVANA ELECTROSYSTEMS LTD,Others,INE1KU201016,True
799,NSE_EQ|INE005B01027,AVANTEL,EQ,NSE,AVANTEL LIMITED,Others,INE005B01027,True
816,NSE_EQ|INE871C01038,AVANTIFEED,EQ,NSE,AVANTI FEEDS LIMITED,Others,INE871C01038,True
7122,NSE_EQ|INE617I01024,AVATAR,ST,NSE,AVATAR INDUSTRIES LIMITED,Others,INE617I01024,True
1121,NSE_EQ|INE680Z01018,AVG,EQ,NSE,AVG LOGISTICS LIMITED,Others,INE680Z01018,True
3690,NSE_EQ|INE0TFB01017,AVIANSH,SM,NSE,AVI ANSH TEXTILE LIMITED,Others,INE0TFB01017,True
1080,NSE_EQ|INE679V01027,AVL,EQ,NSE,ADITYA VISION LIMITED,Others,INE679V01027,True
2332,NSE_EQ|INE323B01024,AVONMORE,EQ,NSE,AVONMORE CAP&MGT SERV LTD,Others,INE323B01024,True
4940,NSE_EQ|INE0R9401019,AVPINFRA,SM,NSE,AVP INFRACON LIMITED,Others,INE0R9401019,True
1944,NSE_EQ|INE652Z01025,AVROIND,EQ,NSE,AVRO INDIA LIMITED,Others,INE652Z01025,True
8108,NSE_EQ|INE522V01011,AVSL,ST,NSE,AVSL INDUSTRIES LIMITED,Others,INE522V01011,True
8767,NSE_EQ|INE0INX07023,AVTL29,N0,NSE,AVTL FLOATING RATE 2029,Others,INE0INX07023,True
730,NSE_EQ|INE488D01021,AVTNPL,EQ,NSE,AVT NATURAL PRODUCTS LTD,Others,INE488D01021,True
907,NSE_EQ|INE108V01019,AWFIS,EQ,NSE,AWFIS SPACE SOLUTIONS LTD,Others,INE108V01019,True
1905,NSE_EQ|INE01BK01022,AWHCL,EQ,NSE,ANTONY WASTE HDG CELL LTD,Others,INE01BK01022,True
9,NSE_EQ|INE699H01024,AWL,EQ,NSE,AWL AGRI BUSINESS LIMITED,FMCG,INE699H01024,True
58,NSE_EQ|INE238A01034,AXISBANK,EQ,NSE,AXIS BANK LIMITED,Bank,INE238A01034,True
701,NSE_EQ|INF846K01X63,AXISBNKETF,EQ,NSE,AXISAMC - AXISBNKETF,Others,INF846K01X63,True
962,NSE_EQ|INE555B01013,AXISCADES,EQ,NSE,AXISCADES TECH LTD,Others,INE555B01013,True
979,NSE_EQ|INF846K016C7,AXISCETF,EQ,NSE,AXISAMC - AXISCETF,Others,INF846K016C7,True
584,NSE_EQ|INF846K01W80,AXISGOLD,EQ,NSE,AXIS MF - AXIS GOLD ETF,Others,INF846K01W80,True
696,NSE_EQ|INF846K01Z12,AXISHCETF,EQ,NSE,AXISAMC - AXISHCETF,Others,INF846K01Z12,True
865,NSE_EQ|INF846K011K1,AXISILVER,EQ,NSE,AXISAMC - AXISILVER,Others,INF846K011K1,True
585,NSE_EQ|INF846K01W98,AXISNIFTY,EQ,NSE,AXISAMC - AXISNIFTY,Others,INF846K01W98,True
697,NSE_EQ|INF846K01Y96,AXISTECETF,EQ,NSE,AXISAMC - AXISTECETF,Others,INF846K01Y96,True
2080,NSE_EQ|INF846KA1119,AXISVALUE,EQ,NSE,AXISAMC - AXISVALUE,Others,INF846KA1119,True
2230,NSE_EQ|INE02EZ01022,AXITA,EQ,NSE,AXITA COTTON LIMITED,Others,INE02EZ01022,True
880,NSE_EQ|INF846K010Q0,AXSENSEX,EQ,NSE,AXISAMC - AXSENSEX,Others,INF846K010Q0,True
946,NSE_EQ|INE501X01029,AYE,EQ,NSE,AYE FINANCE LIMITED,Others,INE501X01029,True
2382,NSE_EQ|INE193B01039,AYMSYNTEX,EQ,NSE,AYM SYNTEX LIMITED,Others,INE193B01039,True
1704,NSE_EQ|INE02IJ01035,AZAD,EQ,NSE,AZAD ENGINEERING LIMITED,Others,INE02IJ01035,True
2818,NSE_EQ|INE0QW501012,BABAFP,SM,NSE,BABA FOOD PROCESSING,Others,INE0QW501012,True
4773,NSE_EQ|INE878I01022,BAFNAPH,BE,NSE,BAFNA PHARMACEUTICALS LTD,Others,INE878I01022,True
5639,NSE_EQ|INE17CQ01015,BAGDIGITAL,SM,NSE,B.A.G.CONVERGENCE LIMITED,Others,INE17CQ01015,True
1738,NSE_EQ|INE116D01028,BAGFILMS,EQ,NSE,B.A.G FILMS AND MEDIA LTD,Others,INE116D01028,True
7854,NSE_EQ|INE2OVN25015,BAGMANE,RR,NSE,BAGMANE PRIME OFFICE REIT,Others,INE2OVN25015,True
3018,NSE_EQ|INE029Q01017,BAHETI,SM,NSE,BAHETI RECYCLING IND LTD,Others,INE029Q01017,True
1320,NSE_EQ|INE020D01022,BAIDFIN,EQ,NSE,BAID FINSERV LIMITED,Others,INE020D01022,True
63,NSE_EQ|INE917I01010,BAJAJ-AUTO,EQ,NSE,BAJAJ AUTO LIMITED,Automobile,INE917I01010,True
2238,NSE_EQ|INE933K01021,BAJAJCON,EQ,NSE,BAJAJ CONSUMER CARE LTD,Others,INE933K01021,True
1167,NSE_EQ|INE193E01025,BAJAJELEC,EQ,NSE,BAJAJ ELECT.LTD,Others,INE193E01025,True
65,NSE_EQ|INE918I01026,BAJAJFINSV,EQ,NSE,BAJAJ FINSERV LTD.,Investment,INE918I01026,True
1968,NSE_EQ|INE411U01027,BAJAJHCARE,EQ,NSE,BAJAJ HEALTHCARE LIMITED,Others,INE411U01027,True
67,NSE_EQ|INE377Y01014,BAJAJHFL,EQ,NSE,BAJAJ HOUSING FINANCE LTD,Housing Finance,INE377Y01014,True
2217,NSE_EQ|INE306A01021,BAJAJHIND,EQ,NSE,BAJAJ HINDUSTHAN SUGAR LT,Others,INE306A01021,True
66,NSE_EQ|INE118A01012,BAJAJHLDNG,EQ,NSE,BAJAJ HOLDINGS & INVS LTD,NBFC,INE118A01012,True
1512,NSE_EQ|INE0O9T01021,BAJAJINDEF,EQ,NSE,INDEF MANUFACTURING LTD,Others,INE0O9T01021,True
1441,NSE_EQ|INE704G01024,BAJAJST,EQ,NSE,BAJAJ STEEL INDS. LTD.,Others,INE704G01024,True
1502,NSE_EQ|INE0KQN01018,BAJEL,EQ,NSE,BAJEL PROJECTS LIMITED,Others,INE0KQN01018,True
64,NSE_EQ|INE296A01032,BAJFINANCE,EQ,NSE,BAJAJ FINANCE LIMITED,Finance,INE296A01032,True
2341,NSE_EQ|INE0S2G01011,BALAJEE,EQ,NSE,SHREE TIRUPATI BALAJEE L,Others,INE0S2G01011,True
6852,NSE_EQ|INE0PQ601019,BALAJIPHOS,SM,NSE,BALAJI PHOSPHATES LIMITED,Others,INE0PQ601019,True
913,NSE_EQ|INE794B01026,BALAJITELE,EQ,NSE,BALAJI TELEFILMS LIMITED.,Others,INE794B01026,True
1473,NSE_EQ|INE050E01027,BALAMINES,EQ,NSE,BALAJI AMINES LIMITED,Others,INE050E01027,True
5952,NSE_EQ|INE618N01022,BALAXI,BE,NSE,BALAXI PHARMA LTD,Others,INE618N01022,True
8560,NSE_EQ|INE0U0201016,BALCO,ST,NSE,SOLVE PLASTIC PRODUCTS L,Others,INE0U0201016,True
1219,NSE_EQ|INE875R01011,BALKRISHNA,EQ,NSE,BALKRISHNA PAPER MILLS L,Others,INE875R01011,True
68,NSE_EQ|INE787D01026,BALKRISIND,EQ,NSE,BALKRISHNA IND. LTD,Tyres & Allied,INE787D01026,True
1529,NSE_EQ|INE164A01016,BALMLAWRIE,EQ,NSE,BALMER LAWRIE & CO LTD,Others,INE164A01016,True
2343,NSE_EQ|INE083D01012,BALPHARMA,EQ,NSE,BAL PHARMA LTD.,Others,INE083D01012,True
69,NSE_EQ|INE119A01028,BALRAMCHIN,EQ,NSE,BALRAMPUR CHINI MILLS LTD,Sugar,INE119A01028,True
2113,NSE_EQ|INE011E01029,BALUFORGE,EQ,NSE,BALU FORGE INDUSTRIES LTD,Others,INE011E01029,True
1384,NSE_EQ|INE655B01011,BANARBEADS,EQ,NSE,BANARAS BEADS LTD,Others,INE655B01011,True
598,NSE_EQ|INE459A01010,BANARISUG,EQ,NSE,BANNARI AMMAN SUGARS LTD,Others,INE459A01010,True
2209,NSE_EQ|INE213C01025,BANCOINDIA,EQ,NSE,BANCO PRODUCTS (I) LTD,Others,INE213C01025,True
70,NSE_EQ|INE545U01014,BANDHANBNK,EQ,NSE,BANDHAN BANK LIMITED,Bank,INE545U01014,True
720,NSE_EQ|INE863I01016,BANG,EQ,NSE,BANG OVERSEAS LTD.,Others,INE863I01016,True
506,NSE_INDEX|Nifty Bank,BANK NIFTY,INDEX,NSE,Nifty Bank Index,INDEX,IN9999999999,True
1675,NSE_EQ|INF740KA1YH2,BANK10ADD,EQ,NSE,DSPAMC - BANK10ADD,Others,INF740KA1YH2,True
3722,NSE_EQ|INE862Y01015,BANKA,BE,NSE,BANKA BIOLOO LIMITED,Others,INE862Y01015,True
1835,NSE_EQ|INF740KA1RX3,BANKADD,EQ,NSE,DSPAMC - DSPBANK,Others,INF740KA1RX3,True
71,NSE_EQ|INE028A01039,BANKBARODA,EQ,NSE,BANK OF BARODA,Bank,INE028A01039,True
1645,NSE_EQ|INF204KB15I9,BANKBEES,EQ,NSE,NIP IND ETF BANK BEES,Others,INF204KB15I9,True
1012,NSE_EQ|INF789F1AUV1,BANKBETA,EQ,NSE,UTIAMC-BANKBETA,Others,INF789F1AUV1,True
1734,NSE_EQ|INF0QA701714,BANKBETF,EQ,NSE,BFAM - BANKBETF,Others,INF0QA701714,True
1218,NSE_EQ|INF769K01KR3,BANKETF,EQ,NSE,MIRAEAMC - BANKETF,Others,INF769K01KR3,True
1732,NSE_EQ|INF109KC15I8,BANKIETF,EQ,NSE,ICICIPRAMC - IPRU5008,Others,INF109KC15I8,True
72,NSE_EQ|INE084A01016,BANKINDIA,EQ,NSE,BANK OF INDIA,Bank,INE084A01016,True
641,NSE_EQ|INF174KA1ZB7,BANKNIFTY1,EQ,NSE,KOTAKMAMC-KOTAKBKETF,Others,INF174KA1ZB7,True
1233,NSE_EQ|INF769K01LZ4,BANKPSU,EQ,NSE,MIRAEAMC - BANKPSU,Others,INF769K01LZ4,True
1651,NSE_EQ|INE0B9K01025,BANSALWIRE,EQ,NSE,BANSAL WIRE INDUSTRIES L,Others,INE0B9K01025,True
549,NSE_EQ|INE629D01020,BANSWRAS,EQ,NSE,BANSWARA SYNTEX LIMITED,Others,INE629D01020,True
4941,NSE_EQ|INE0QX401014,BARFLEX,SM,NSE,BARFLEX POLYFILMS LIMITED,Others,INE0QX401014,True
59,NSE_EQ|INE373A01013,BASF,EQ,NSE,BASF INDIA LTD,Agrochemicals,INE373A01013,True
5298,NSE_EQ|INE0OCC01013,BASILIC,SM,NSE,BASILIC FLY STUDIO LTD,Others,INE0OCC01013,True
1525,NSE_EQ|INE186H01022,BASML,EQ,NSE,BANNARI AM SPIN MILL LTD.,Others,INE186H01022,True
74,NSE_EQ|INE176A01028,BATAINDIA,EQ,NSE,BATA INDIA LTD,Footwear,INE176A01028,True
1705,NSE_EQ|INE177C01022,BATLIBOI,EQ,NSE,BATLIBOI LTD.,Others,INE177C01022,True
8919,NSE_EQ|INE0JFJ01011,BAWEJA,ST,NSE,BAWEJA STUDIOS LIMITED,Others,INE0JFJ01011,True
75,NSE_EQ|INE462A01022,BAYERCROP,EQ,NSE,BAYER CROPSCIENCE LTD,Agrochemicals,INE462A01022,True
1001,NSE_EQ|INF754K01OB1,BBETF0432,EQ,NSE,EDELAMC - BBETF0432,Others,INF754K01OB1,True
1898,NSE_EQ|INE464A01036,BBL,EQ,NSE,BHARAT BIJLEE LTD,Others,INE464A01036,True
840,NSE_EQ|INF251K01TL6,BBNPNBETF,EQ,NSE,BARODABNP - BBNPNBETF,Others,INF251K01TL6,True
807,NSE_EQ|INF251K01SU9,BBNPPGOLD,EQ,NSE,BARODABNP - BBNPPGOLD,Others,INF251K01SU9,True
662,NSE_EQ|INE676A01027,BBOX,EQ,NSE,BLACK BOX LIMITED,Others,INE676A01027,True
90,NSE_EQ|INE050A01025,BBTC,EQ,NSE,BOMBAY BURMAH TRADING COR,Agriculture,INE050A01025,True
1050,NSE_EQ|INE01EE01011,BBTCL,EQ,NSE,B&B TRIPLEWALL CONT LTD,Others,INE01EE01011,True
779,NSE_EQ|INE425B01027,BCG,EQ,NSE,BRIGHTCOM GROUP LIMITED,Others,INE425B01027,True
1300,NSE_EQ|INE412G01024,BCLIND,EQ,NSE,BCL INDUSTRIES LIMITED,Others,INE412G01024,True
530,NSE_EQ|INE977Y01011,BCONCEPTS,EQ,NSE,BRAND CONCEPTS LIMITED,Others,INE977Y01011,True
1099,NSE_EQ|INE00SW01015,BCPL,EQ,NSE,BCPL RAILWAY INFRA LTD,Others,INE00SW01015,True
77,NSE_EQ|INE171Z01026,BDL,EQ,NSE,BHARAT DYNAMICS LIMITED,Defence,INE171Z01026,True
4832,NSE_EQ|INE766Q01014,BDR,IT,NSE,BDR BUILDCON LIMITED,Others,INE766Q01014,True
7206,NSE_EQ|INE639X01027,BEACON,ST,NSE,BEACON TRUSTEESHIP LTD,Others,INE639X01027,True
2505,NSE_EQ|INE520H01022,BEARDSELL,EQ,NSE,BEARDSELL LIMITED,Others,INE520H01022,True
1017,NSE_EQ|INE495P01020,BECTORFOOD,EQ,NSE,MRS BECTORS FOOD SPE LTD,Others,INE495P01020,True
1557,NSE_EQ|INE844K01012,BEDMUTHA,EQ,NSE,BEDMUTHA INDUST LTD,Others,INE844K01012,True
2369,NSE_EQ|INE213D01015,BEEKAY,EQ,NSE,BEEKAY STEEL INDS. LTD.,Others,INE213D01015,True
78,NSE_EQ|INE263A01024,BEL,EQ,NSE,BHARAT ELECTRONICS LTD,Engineering,INE263A01024,True
2449,NSE_EQ|INE344T01014,BELLACASA,EQ,NSE,BELLA CASA FASH AND RET L,Others,INE344T01014,True
1139,NSE_EQ|INE894V01022,BELRISE,EQ,NSE,BELRISE INDUSTRIES LTD,Others,INE894V01022,True
60,NSE_EQ|INE258A01024,BEML,EQ,NSE,BEML LIMITED,Aerospace & Defence,INE258A01024,True
1227,NSE_EQ|INE083K01017,BENGALASM,EQ,NSE,BENGAL & ASSAM CO. LTD.,Others,INE083K01017,True
2459,NSE_EQ|INE922A01025,BEPL,EQ,NSE,BHANSALI ENG. POLYMERS LT,Others,INE922A01025,True
76,NSE_EQ|INE463A01038,BERGEPAINT,EQ,NSE,BERGER PAINTS (I) LTD,Paints,INE463A01038,True
2277,NSE_EQ|INE052T01021,BESTAGRO,EQ,NSE,BEST AGROLIFE LIMITED,Others,INE052T01021,True
1707,NSE_EQ|INE351Y01019,BETA,EQ,NSE,BETA DRUGS LIMITED,Others,INE351Y01019,True
5916,NSE_EQ|INE0HQI01014,BEWLTD,SM,NSE,BEW ENGINEERING LIMITED,Others,INE0HQI01014,True
1979,NSE_EQ|INE878K01010,BFINVEST,EQ,NSE,BF INVESTMENT LIMITED,Others,INE878K01010,True
1259,NSE_EQ|INF769K01HI8,BFSI,EQ,NSE,MIRAEAMC - MAFSETF,Others,INF769K01HI8,True
2021,NSE_EQ|INE243D01012,BFUTILITIE,EQ,NSE,BF UTILITIES LIMITED,Others,INE243D01012,True
9436,NSE_EQ|INE224M01013,BGLOBAL,BZ,NSE,BHARATIYA GLOBAL INFO LTD,Others,INE224M01013,True
7987,NSE_EQ|INE661I01014,BGRENERGY,BE,NSE,BGR ENERGY SYSTEMS LTD,Others,INE661I01014,True
8688,NSE_EQ|INE0ZRC01017,BHADORA,SM,NSE,BHADORA INDUSTRIES LTD,Others,INE0ZRC01017,True
2392,NSE_EQ|INE414D01027,BHAGCHEM,EQ,NSE,BHAGIRADHA CHEM & INDS L,Others,INE414D01027,True
1640,NSE_EQ|INE354C01027,BHAGERIA,EQ,NSE,BHAGERIA INDUSTRIES LTD,Others,INE354C01027,True
8051,NSE_EQ|INE458B01036,BHAGYANGR,BE,NSE,BHAGYANAGAR INDIA LIMITED,Others,INE458B01036,True
7671,NSE_EQ|INE474E01029,BHANDARI,BE,NSE,BHANDARI HOSIERY EXP LTD,Others,INE474E01029,True
1875,NSE_EQ|INE05XR01022,BHARATCOAL,EQ,NSE,BHARAT COKING COAL LTD,Others,INE05XR01022,True
79,NSE_EQ|INE465A01025,BHARATFORG,EQ,NSE,BHARAT FORGE LTD,Forgings,INE465A01025,True
1329,NSE_EQ|INE561C01019,BHARATGEAR,EQ,NSE,BHARAT GEARS LTD.,Others,INE561C01019,True
1998,NSE_EQ|INE838B01021,BHARATRAS,EQ,NSE,BHARAT RASAYAN LTD,Others,INE838B01021,True
1426,NSE_EQ|INE415D01024,BHARATSE,EQ,NSE,BHARAT SEATS LIMITED,Others,INE415D01024,True
1301,NSE_EQ|INE316L01019,BHARATWIRE,EQ,NSE,BHARAT WIRE ROPES LTD.,Others,INE316L01019,True
82,NSE_EQ|INE397D01024,BHARTIARTL,EQ,NSE,BHARTI AIRTEL LIMITED,Telecommunication,INE397D01024,True
83,NSE_EQ|INE343G01021,BHARTIHEXA,EQ,NSE,BHARTI HEXACOM LIMITED,Telecom-Service,INE343G01021,True
80,NSE_EQ|INE257A01026,BHEL,EQ,NSE,BHEL,Engineering,INE257A01026,True
2355,NSE_EQ|INE986A01012,BI,EQ,NSE,BILCARE LTD.,Others,INE986A01012,True
1266,NSE_EQ|INE412U01025,BIGBLOC,EQ,NSE,BIGBLOC CONSTRUCTION LTD,Others,INE412U01025,True
84,NSE_EQ|INE00E101023,BIKAJI,EQ,NSE,BIKAJI FOODS INTERN LTD,Consumer Food,INE00E101023,True
4756,NSE_EQ|INE0SQH01013,BIKEWO,SM,NSE,BIKEWO GREEN TECH LIMITED,Others,INE0SQH01013,True
687,NSE_EQ|INE828A01016,BIL,EQ,NSE,BHARTIYA INTERNATIONAL,Others,INE828A01016,True
7899,NSE_EQ|INE071A01013,BILVYAPAR,BE,NSE,BIL VYAPAR LIMITED,Others,INE071A01013,True
1119,NSE_EQ|INE469A01019,BIMETAL,EQ,NSE,BIMETAL BEARINGS LTD.,Others,INE469A01019,True
85,NSE_EQ|INE376G01013,BIOCON,EQ,NSE,BIOCON LIMITED.,Pharmaceuticals,INE376G01013,True
1996,NSE_EQ|INE829A01014,BIOFILCHEM,EQ,NSE,BIOFIL CHEM & PHARMA LTD,Others,INE829A01014,True
2748,NSE_EQ|INE0XW001014,BIOPOL,SM,NSE,BIOPOL CHEMICALS LIMITED,Others,INE0XW001014,True
4253,NSE_EQ|INE0PC901019,BIRDYS,ST,NSE,GRILL SPLENDOUR SER LTD,Others,INE0PC901019,True
6693,NSE_EQ|INE0FDU25010,BIRET,RR,NSE,BROOKFIELD INDIA RET,Others,INE0FDU25010,True
3460,NSE_EQ|INE800A01015,BIRLACABLE,BE,NSE,BIRLA CABLE LIMITED,Others,INE800A01015,True
1894,NSE_EQ|INE340A01012,BIRLACORPN,EQ,NSE,BIRLA CORPORATION LTD,Others,INE340A01012,True
593,NSE_EQ|INE865C01022,BIRLAMONEY,EQ,NSE,ADITYA BIRLA MONEY LTD,Others,INE865C01022,True
596,NSE_EQ|INE557A01011,BIRLANU,EQ,NSE,BIRLANU LIMITED,Others,INE557A01011,True
1569,NSE_EQ|INE372E01025,BIRLAPREC,EQ,NSE,BIRLA PRECISION TECH L,Others,INE372E01025,True
1241,NSE_EQ|INE0UIZ01018,BLACKBUCK,EQ,NSE,BLACKBUCK LIMITED,Others,INE0UIZ01018,True
1913,NSE_EQ|INE761G01016,BLACKROSE,EQ,NSE,BLACK ROSE INDS. LTD.,Others,INE761G01016,True
1958,NSE_EQ|INE0N7W01012,BLAL,EQ,NSE,BEML LAND ASSETS LIMITED,Others,INE0N7W01012,True
790,NSE_EQ|INE791A01024,BLBLIMITED,EQ,NSE,BLB LIMITED,Others,INE791A01024,True
767,NSE_EQ|INE525F01025,BLIL,EQ,NSE,BALMER LAWRIE INVSTS. L,Others,INE525F01025,True
2321,NSE_EQ|INE416D01022,BLISSGVS,EQ,NSE,BLISS GVS PHARMA LTD,Others,INE416D01022,True
1126,NSE_EQ|INE350H01032,BLKASHYAP,EQ,NSE,B.L.KASHYAP & SON LTD,Others,INE350H01032,True
61,NSE_EQ|INE153T01027,BLS,EQ,NSE,BLS INTL SERVS LTD,Miscellaneous,INE153T01027,True
1851,NSE_EQ|INE0NLT01010,BLSE,EQ,NSE,BLS E-SERVICES LIMITED,Others,INE0NLT01010,True
5344,NSE_EQ|INE657B01025,BLUECHIP,BE,NSE,BLUE CHIP INDIA LIMITED,Others,INE657B01025,True
8341,NSE_EQ|INE472B01011,BLUECOAST,BE,NSE,BLUE COAST HOTELS LIMITED,Others,INE472B01011,True
87,NSE_EQ|INE233B01017,BLUEDART,EQ,NSE,BLUE DART EXPRESS LTD,Courier Services,INE233B01017,True
88,NSE_EQ|INE0KBH01020,BLUEJET,EQ,NSE,BLUE JET HEALTHCARE LTD,Pharmaceuticals,INE0KBH01020,True
3991,NSE_EQ|INE0SAK01011,BLUEPEBBLE,SM,NSE,BLUE PEBBLE LIMITED,Others,INE0SAK01011,True
89,NSE_EQ|INE472A01039,BLUESTARCO,EQ,NSE,BLUE STAR LIMITED,Air Conditioners,INE472A01039,True
1200,NSE_EQ|INE304W01038,BLUESTONE,EQ,NSE,BLUESTONE JEWEL LFSTL LTD,Others,INE304W01038,True
3502,NSE_EQ|INE0X3M01010,BLUEWATER,ST,NSE,BLUE WATER LOGISTICS LTD,Others,INE0X3M01010,True
2118,NSE_EQ|INE0U4101014,BLUSPRING,EQ,NSE,BLUSPRING ENTERPRISES LTD,Others,INE0U4101014,True
4455,NSE_EQ|INE0I3Y01014,BMETRICS,SM,NSE,BOMBAY METRICS S C LTD,Others,INE0I3Y01014,True
6331,NSE_EQ|INE1BKA01015,BMLL,SM,NSE,BIO MEDICA LABORATORIES L,Others,INE1BKA01015,True
1395,NSE_EQ|INE965W01036,BMWVENTLTD,EQ,NSE,BMW VENTURES LIMITED,Others,INE965W01036,True
8294,NSE_EQ|INE00HZ01011,BNAGROCHEM,BE,NSE,BN AGROCHEM LTD.,Others,INE00HZ01011,True
1999,NSE_EQ|INE489D01011,BNALTD,EQ,NSE,B & A LTD.,Others,INE489D01011,True
4845,NSE_EQ|INE338D01028,BODALCHEM,BE,NSE,BODAL CHEMICALS LTD,Others,INE338D01028,True
2024,NSE_EQ|INE802W01023,BOHRAIND,EQ,NSE,BOHRA INDUSTRIES LIMITED,Others,INE802W01023,True
540,NSE_EQ|INE032A01023,BOMDYEING,EQ,NSE,BOMBAY DYEING & MFG. CO L,Others,INE032A01023,True
1428,NSE_EQ|INE0B9A01018,BONLON,EQ,NSE,BONLON INDUSTRIES LIMITED,Others,INE0B9A01018,True
1953,NSE_EQ|INE16SF01016,BORANA,EQ,NSE,BORANA WEAVES LIMITED,Others,INE16SF01016,True
1743,NSE_EQ|INE02PY01013,BOROLTD,EQ,NSE,BOROSIL LIMITED,Others,INE02PY01013,True
1575,NSE_EQ|INE666D01022,BORORENEW,EQ,NSE,BOROSIL RENEWABLES LTD,Others,INE666D01022,True
2391,NSE_EQ|INE02L001032,BOROSCI,EQ,NSE,BOROSIL SCIENTIFIC LTD,Others,INE02L001032,True
1230,NSE_EQ|INE782A01015,BOSCH-HCIL,EQ,NSE,BOSCH HOME COMFRT IND LTD,Others,INE782A01015,True
91,NSE_EQ|INE323A01026,BOSCHLTD,EQ,NSE,BOSCH LIMITED,Auto Ancillary,INE323A01026,True
5098,NSE_EQ|INE0QNI01012,BOSS,SM,NSE,BOSS PACKAGING SOLU LTD,Others,INE0QNI01012,True
81,NSE_EQ|INE029A01011,BPCL,EQ,NSE,BHARAT PETROLEUM CORP  LT,Refineries,INE029A01011,True
1673,NSE_EQ|INE110A01019,BPL,EQ,NSE,BPL LTD,Others,INE110A01019,True
6710,NSE_EQ|INE0R4Z01018,BRACEPORT,SM,NSE,BRACE PORT LOGISTICS LTD,Others,INE0R4Z01018,True
2861,NSE_EQ|INE0XUD01014,BRANDMAN,ST,NSE,BRANDMAN RETAIL LIMITED,Others,INE0XUD01014,True
93,NSE_EQ|INE791I01019,BRIGADE,EQ,NSE,BRIGADE ENTER. LTD,Construction,INE791I01019,True
916,NSE_EQ|INE03NU01014,BRIGHOTEL,EQ,NSE,BRIGADE HOTEL VENTURE LTD,Others,INE03NU01014,True
94,NSE_EQ|INE216A01030,BRITANNIA,EQ,NSE,BRITANNIA INDUSTRIES LTD,Consumer Food,INE216A01030,True
763,NSE_EQ|INE727S01012,BRNL,EQ,NSE,BHARAT ROAD NETWORK LTD,Others,INE727S01012,True
7495,NSE_EQ|INE650L01011,BROOKS,BE,NSE,BROOKS LAB LIMITED,Others,INE650L01011,True
62,NSE_EQ|INE118H01025,BSE,EQ,NSE,BSE LIMITED,Finance,INE118H01025,True
2515,NSE_EQ|INF109KC1V59,BSE500IETF,EQ,NSE,ICICIPRAMC - ICICI500,Others,INF109KC1V59,True
4682,NSE_EQ|INE032Z01020,BSHSL,BE,NSE,BOMBAY SUPER HYBRID SEEDS,Others,INE032Z01020,True
2119,NSE_EQ|INE594B01012,BSL,EQ,NSE,BSL LTD,Others,INE594B01012,True
1309,NSE_EQ|INF209KB18D3,BSLGOLDETF,EQ,NSE,ADITYBIRLA SL GOLD ETF-GR,Others,INF209KB18D3,True
1340,NSE_EQ|INF209KB19D1,BSLNIFTY,EQ,NSE,ADITYBIRLA SL NIF ETF-GR,Others,INF209KB19D1,True
1113,NSE_EQ|INF209KB10E8,BSLSENETFG,EQ,NSE,BIRLASLAMC - BSLSENETFG,Others,INF209KB10E8,True
86,NSE_EQ|INE836A01035,BSOFT,EQ,NSE,BIRLASOFT LIMITED,IT - Software,INE836A01035,True
2446,NSE_EQ|INE0EEJ01023,BTML,EQ,NSE,BODHI TREE MULTIMEDIA LTD,Others,INE0EEJ01023,True
2427,NSE_EQ|INE274K01012,BTTL,EQ,NSE,BHILWARA TECHNICAL TEXT L,Others,INE274K01012,True
2134,NSE_EQ|INE24OJ01011,BUILDPRO,EQ,NSE,SHANKARA BUILDPRO LIMITED,Others,INE24OJ01011,True
8380,NSE_EQ|INE0SZ301012,BULKCORP,SM,NSE,BULKCORP INTERNATIONAL L,Others,INE0SZ301012,True
2212,NSE_EQ|INE295F01017,BUTTERFLY,EQ,NSE,BTRFLY GANDHI APPL LTD,Others,INE295F01017,True
2137,NSE_EQ|INE139I01011,BVCL,EQ,NSE,BARAK VALLEY CEM. LTD.,Others,INE139I01011,True
520,NSE_EQ|INE319B01014,BYKE,EQ,NSE,THE BYKE HOSPITALITY LTD,Others,INE319B01014,True
4480,NSE_EQ|INE0U7V01015,C2C,SM,NSE,C2C ADVANCED SYSTEMS LTD,Others,INE0U7V01015,True
8459,NSE_EQ|INE090Y01013,CADSYS,ST,NSE,CADSYS (INDIA) LIMITED,Others,INE090Y01013,True
6121,NSE_EQ|INE741K07553,CAGL27,NC,NSE,SEC RE NCD SR VI,Others,INE741K07553,True
6144,NSE_EQ|INE741K07504,CAGL27A,N6,NSE,SEC RE NCD SR. VI,Others,INE741K07504,True
6120,NSE_EQ|INE741K07546,CAGL28,NE,NSE,SEC RE NCD SR VIII,Others,INE741K07546,True
8471,NSE_EQ|INE526B01014,CALSOFT,BE,NSE,CALIFORNIA SOFTWARE CO LT,Others,INE526B01014,True
1215,NSE_EQ|INE052I01032,CAMLINFINE,EQ,NSE,CAMLIN FINE SCIENCES LTD,Others,INE052I01032,True
100,NSE_EQ|INE278Y01022,CAMPUS,EQ,NSE,CAMPUS ACTIVEWEAR LIMITED,Footwear,INE278Y01022,True
126,NSE_EQ|INE596I01020,CAMS,EQ,NSE,COMPUTER AGE MNGT SER LTD,Financial Services,INE596I01020,True
7586,NSE_EQ|INE0QG301017,CANARYS,SM,NSE,CANARYS AUTOMATIONS LTD,Others,INE0QG301017,True
102,NSE_EQ|INE476A01022,CANBK,EQ,NSE,CANARA BANK,Bank,INE476A01022,True
101,NSE_EQ|INE477A01020,CANFINHOME,EQ,NSE,CAN FIN HOMES LTD,Housing Finance,INE477A01020,True
1829,NSE_EQ|INE01TY01017,CANHLIFE,EQ,NSE,CANARA HSBC LIFE INS CO L,Others,INE01TY01017,True
1849,NSE_EQ|INE068L01024,CANTABIL,EQ,NSE,CANTABIL RETAIL LTD,Others,INE068L01024,True
1059,NSE_EQ|INE264T01014,CAPACITE,EQ,NSE,CAPACITE INFRAPROJECT LTD,Others,INE264T01014,True
1780,NSE_EQ|INE0ILV01024,CAPILLARY,EQ,NSE,CAPILLARY TECHNO INDIA L,Others,INE0ILV01024,True
7573,NSE_EQ|INE0Z8Z23013,CAPINVIT,IV,NSE,CAPITAL INFRA TRUST,Others,INE0Z8Z23013,True
2100,NSE_EQ|INE646H01017,CAPITALSFB,EQ,NSE,CAPITAL SMALL FIN BANK L,Others,INE646H01017,True
103,NSE_EQ|INE475E01026,CAPLIPOINT,EQ,NSE,CAPLIN POINT LAB LTD.,Pharmaceuticals,INE475E01026,True
5120,NSE_EQ|INE707C01018,CAPTRUST,BE,NSE,CAPITAL TRUST LIMITED,Others,INE707C01018,True
105,NSE_EQ|INE120A01034,CARBORUNIV,EQ,NSE,CARBORUNDUM UNIVERSAL LTD,Abrasives,INE120A01034,True
839,NSE_EQ|INE752H01013,CARERATING,EQ,NSE,CARE RATINGS LIMITED,Others,INE752H01013,True
2258,NSE_EQ|INE0V7W01012,CARRARO,EQ,NSE,CARRARO INDIA LIMITED,Others,INE0V7W01012,True
2199,NSE_EQ|INE290S01011,CARTRADE,EQ,NSE,CARTRADE TECH LIMITED,Others,INE290S01011,True
1897,NSE_EQ|INE482D01024,CARYSIL,EQ,NSE,CARYSIL LIMITED,Others,INE482D01024,True
1030,NSE_EQ|INF109K1A021,CASHIETF,EQ,NSE,ICICIPRAMC - CASHIETF,Others,INF109K1A021,True
106,NSE_EQ|INE172A01027,CASTROLIND,EQ,NSE,CASTROL INDIA LIMITED,Lubricants,INE172A01027,True
4926,NSE_EQ|INE518X01015,CBAZAAR,SM,NSE,NET AVENUE TECHNOLOGIES L,Others,INE518X01015,True
1405,NSE_EQ|INE483S01020,CCAVENUE,EQ,NSE,AVENUESAI LIMITED,Others,INE483S01020,True
2245,NSE_EQ|INE429I01024,CCCL,EQ,NSE,CONS. CONST. CONSORT LTD,Others,INE429I01024,True
1523,NSE_EQ|INE652F01027,CCHHL,EQ,NSE,COUNTRY CLUB HOSP HOL LTD,Others,INE652F01027,True
96,NSE_EQ|INE421D01022,CCL,EQ,NSE,CCL PRODUCTS (I) LTD,Tea/Coffee,INE421D01022,True
109,NSE_EQ|INE736A01011,CDSL,EQ,NSE,CENTRAL DEPO SER (I) LTD,NBFC,INE736A01011,True
107,NSE_EQ|INE482A01020,CEATLTD,EQ,NSE,CEAT LIMITED,Tyres & Allied,INE482A01020,True
7087,NSE_EQ|INE11J101017,CEDAAR,SM,NSE,CEDAAR TEXTILE LIMITED,Others,INE11J101017,True
1366,NSE_EQ|INE0AG901020,CEIGALL,EQ,NSE,CEIGALL INDIA LIMITED,Others,INE0AG901020,True
544,NSE_EQ|INE016Q01014,CEINSYS,EQ,NSE,CEINSYS TECH LIMITED,Others,INE016Q01014,True
2337,NSE_EQ|INE185H01016,CELEBRITY,EQ,NSE,CELEBRITY FASHIONS LTD,Others,INE185H01016,True
4981,NSE_EQ|INE0OMO01025,CELLECOR,ST,NSE,CELLECOR GADGETS LIMITED,Others,INE0OMO01025,True
725,NSE_EQ|INE0LMW01024,CELLO,EQ,NSE,CELLO WORLD LIMITED,Others,INE0LMW01024,True
6676,NSE_EQ|INE0O0001013,CELLPOINT,SM,NSE,CELL POINT (INDIA) LTD,Others,INE0O0001013,True
1588,NSE_EQ|INE686A01026,CEMPRO,EQ,NSE,CEMINDIA PROJECTS LIMITED,Others,INE686A01026,True
2370,NSE_EQ|INE485A01015,CENTENKA,EQ,NSE,CENTURY ENKA LTD,Others,INE485A01015,True
1344,NSE_EQ|INE281A01026,CENTEXT,EQ,NSE,CENTURY EXTRUSIONS LTD,Others,INE281A01026,True
108,NSE_EQ|INE483A01010,CENTRALBK,EQ,NSE,CENTRAL BANK OF INDIA,Bank,INE483A01010,True
537,NSE_EQ|INE660C01027,CENTRUM,EQ,NSE,CENTRUM CAPITAL LIMITED,Others,INE660C01027,True
1394,NSE_EQ|INE320B01020,CENTUM,EQ,NSE,CENTUM ELECTRONICS LTD,Others,INE320B01020,True
110,NSE_EQ|INE348B01021,CENTURYPLY,EQ,NSE,CENTURY PLYBOARDS (I) LTD,wood Products,INE348B01021,True
111,NSE_EQ|INE739E01017,CERA,EQ,NSE,CERA SANITARYWARE LTD,Ceramics,INE739E01017,True
6516,NSE_EQ|INE345B01019,CEREBRAINT,BZ,NSE,CEREBRA INT TECH LTD,Others,INE345B01019,True
97,NSE_EQ|INE486A01021,CESC,EQ,NSE,CESC LTD,Power,INE486A01021,True
1522,NSE_EQ|INE037Z01029,CEWATER,EQ,NSE,CONCORD ENVIRO SYSTEMS L,Others,INE037Z01029,True
104,NSE_EQ|INE180C01042,CGCL,EQ,NSE,CAPRI GLOBAL CAPITAL LTD,Investment,INE180C01042,True
98,NSE_EQ|INE067A01029,CGPOWER,EQ,NSE,CG POWER AND IND SOL LTD,Electric Equipment,INE067A01029,True
4268,NSE_EQ|INE0R7401011,CGRAPHICS,SM,NSE,CREATIVE GRAPHICS S IND L,Others,INE0R7401011,True
112,NSE_EQ|INE427F01016,CHALET,EQ,NSE,CHALET HOTELS LIMITED,Hotel,INE427F01016,True
113,NSE_EQ|INE085A01013,CHAMBLFERT,EQ,NSE,CHAMBAL FERTILIZERS LTD,Fertilizers,INE085A01013,True
4056,NSE_EQ|INE11HG01018,CHAMUNDA,SM,NSE,CHAMUNDA ELECTRICAL LTD,Others,INE11HG01018,True
5478,NSE_EQ|INE0B2N01016,CHANDAN,SM,NSE,CHANDAN HEALTHCARE LTD,Others,INE0B2N01016,True
4982,NSE_EQ|INE0PT101017,CHAVDA,SM,NSE,CHAVDA INFRA LIMITED,Others,INE0PT101017,True
4054,NSE_EQ|INE995D01025,CHEMBOND,BE,NSE,CHEMBOND MATERIALTECH LTD,Others,INE995D01025,True
4807,NSE_EQ|INE0TGX01019,CHEMBONDCH,BE,NSE,CHEMBOND CHEMICAL LIMITED,Others,INE0TGX01019,True
1196,NSE_EQ|INE03YM01018,CHEMCON,EQ,NSE,CHEMCON SPECIAL CHEM LTD,Others,INE03YM01018,True
8407,NSE_EQ|INE783X01023,CHEMFAB,BE,NSE,CHEMFAB ALKALIS LIMITED,Others,INE783X01023,True
525,NSE_EQ|INF174KA1XV0,CHEMICAL,EQ,NSE,KOTAKMAMC - CHEMICAL,Others,INF174KA1XV0,True
1501,NSE_EQ|INE488A01050,CHEMPLASTS,EQ,NSE,CHEMPLAST SANMAR LIMITED,Others,INE488A01050,True
114,NSE_EQ|INE178A01016,CHENNPETRO,EQ,NSE,CHENNAI PETROLEUM CORP LT,Refineries,INE178A01016,True
7727,NSE_EQ|INE0U1T01012,CHETANA,ST,NSE,CHETANA EDUCATION LIMITED,Others,INE0U1T01012,True
1724,NSE_EQ|INE974B01016,CHEVIOT,EQ,NSE,CHEVIOT COMPANY LIMITED,Others,INE974B01016,True
832,NSE_EQ|INF2KCX01012,CHOICEGOLD,EQ,NSE,CHOICEAMC - CHOICEGOLD,Others,INF2KCX01012,True
115,NSE_EQ|INE102B01014,CHOICEIN,EQ,NSE,CHOICE INTERNATIONAL LTD,Stock Broking,INE102B01014,True
5830,NSE_EQ|INE121A08PJ0,CHOLAFIN,D1,NSE,CHOLAMANDALAM IN & FIN CO,Others,INE121A08PJ0,True
117,NSE_EQ|INE121A01024,CHOLAFIN,EQ,NSE,CHOLAMANDALAM IN & FIN CO,NBFC,INE121A01024,True
116,NSE_EQ|INE149A01033,CHOLAHLDNG,EQ,NSE,CHOLAMANDALAM FIN HOL LTD,Investment,INE149A01033,True
1170,NSE_EQ|INE536H01010,CIEINDIA,EQ,NSE,CIE AUTOMOTIVE INDIA LTD,Others,INE536H01010,True
2954,NSE_EQ|INE121A07RS9,CIF27,NM,NSE,SEC RE NCD SR 4,Others,INE121A07RS9,True
2953,NSE_EQ|INE121A07RU5,CIF29,NO,NSE,SEC RE NCD SR 6,Others,INE121A07RU5,True
2961,NSE_EQ|INE121A07RD1,CIFC26A,N9,NSE,SEC RE NCD SR 4,Others,INE121A07RD1,True
2948,NSE_EQ|INE121A07RI0,CIFC28,NB,NSE,SEC RE NCD SR 6,Others,INE121A07RI0,True
2981,NSE_EQ|INE121A07SU3,CIFCL29,N0,NSE,CIFCL MARKET LKD 2029,Others,INE121A07SU3,True
2944,NSE_EQ|INE121A07RK6,CIFCZC26,NF,NSE,SEC RE NCD SR 4,Others,INE121A07RK6,True
2956,NSE_EQ|INE121A07RN0,CIFCZC28,NH,NSE,SEC RE NCD SR 6,Others,INE121A07RN0,True
2958,NSE_EQ|INE121A07QX1,CIFCZC28A,N5,NSE,SEC RE NCD SR.VI,Others,INE121A07QX1,True
2117,NSE_EQ|INE345H01024,CIFL,EQ,NSE,CAPITAL INDIA FINANCE LTD,Others,INE345H01024,True
1831,NSE_EQ|INE704H01022,CINELINE,EQ,NSE,CINELINE INDIA LIMITED,Others,INE704H01022,True
1061,NSE_EQ|INE039B01026,CINEVISTA,EQ,NSE,CINEVISTA LIMITED,Others,INE039B01026,True
118,NSE_EQ|INE059A01026,CIPLA,EQ,NSE,CIPLA LTD,Pharmaceuticals,INE059A01026,True
6474,NSE_EQ|INE915D08DC0,CITI28,N0,NSE,3M TBILL LKD 28 SR 818,Others,INE915D08DC0,True
5021,NSE_EQ|INE2Q7823014,CITIUSINVT,IV,NSE,CITIUS TRANSNET INV TRUST,Others,INE2Q7823014,True
6895,NSE_EQ|INE0SMX01019,CKKRETAIL,SM,NSE,C K K RETAIL MART LIMITED,Others,INE0SMX01019,True
3094,NSE_EQ|INE0UQ601012,CLASSICEIL,ST,NSE,CLASSIC ELECTRODE (IND) L,Others,INE0UQ601012,True
5575,NSE_EQ|INE376C01038,CLCIND,BE,NSE,CLC INDUSTRIES LIMITED,Others,INE376C01038,True
120,NSE_EQ|INE227W01023,CLEAN,EQ,NSE,CLEAN SCIENCE & TECH LTD,Chemicals,INE227W01023,True
669,NSE_EQ|INE647U01026,CLEANMAX,EQ,NSE,CLEAN MAX ENVIRO EN SOL L,Others,INE647U01026,True
5023,NSE_EQ|INE201M01029,CLEDUCATE,BE,NSE,CL EDUCATE LIMITED,Others,INE201M01029,True
1804,NSE_EQ|INE419D01026,CLSEL,EQ,NSE,CHAMAN LAL SETIA EXP LTD,Others,INE419D01026,True
5754,NSE_EQ|INE00NH01017,CLSL,SM,NSE,CROP LIFE SCIENCE LIMITED,Others,INE00NH01017,True
5834,NSE_EQ|INE981B01011,CMICABLES,BZ,NSE,CMI LIMITED,Others,INE981B01011,True
3698,NSE_EQ|INE06PV01010,CMNL,SM,NSE,CHAMAN METALLICS LIMITED,Others,INE06PV01010,True
1479,NSE_EQ|INE05HV01027,CMPDI,EQ,NSE,CENTRAL MINE P N D INST L,Others,INE05HV01027,True
1468,NSE_EQ|INE00WV01027,CMRGREEN,EQ,NSE,CMR GREEN TECHNOLOGIES L,Others,INE00WV01027,True
4422,NSE_EQ|INE075Z01011,CMRSL,SM,NSE,CYBER MEDIA RES & SER LTD,Others,INE075Z01011,True
935,NSE_EQ|INE925R01014,CMSINFO,EQ,NSE,CMS INFO SYSTEMS LIMITED,Others,INE925R01014,True
2221,NSE_EQ|INE985W01018,CNL,EQ,NSE,CREATIVE NEWTECH LIMITED,Others,INE985W01018,True
121,NSE_EQ|INE522F01014,COALINDIA,EQ,NSE,COAL INDIA LTD,Minerals,INE522F01014,True
1101,NSE_EQ|INE377E01024,COASTCORP,EQ,NSE,COASTAL CORPORATION LTD,Others,INE377E01024,True
122,NSE_EQ|INE704P01025,COCHINSHIP,EQ,NSE,COCHIN SHIPYARD LIMITED,Ship Building,INE704P01025,True
2172,NSE_EQ|INE515A01019,COCKERILL,EQ,NSE,JOHN COCKERILL INDIA LTD.,Others,INE515A01019,True
4236,NSE_EQ|INE335K01011,COFFEEDAY,BE,NSE,COFFEE DAY ENTERPRISE LTD,Others,INE335K01011,True
123,NSE_EQ|INE591G01025,COFORGE,EQ,NSE,COFORGE LIMITED,DVR,INE591G01025,True
124,NSE_EQ|INE03QK01018,COHANCE,EQ,NSE,COHANCE LIFESCIENCES LTD,Pharmaceuticals,INE03QK01018,True
125,NSE_EQ|INE259A01022,COLPAL,EQ,NSE,COLGATE PALMOLIVE LTD.,Household Products,INE259A01022,True
1303,NSE_EQ|INE819A01049,COMFINTE,EQ,NSE,COMFORT INTECH LTD.,Others,INE819A01049,True
6913,NSE_EQ|INE597Z01014,COMMITTED,ST,NSE,COMMITTED CARGO CARE LTD,Others,INE597Z01014,True
2309,NSE_EQ|INF109KC19O8,COMMOIETF,EQ,NSE,ICICIPRAMC - ICICICOMMO,Others,INF109KC19O8,True
6692,NSE_EQ|INE070C01037,COMPINFO,BZ,NSE,COMPUAGE INFOCOM LTD,Others,INE070C01037,True
2425,NSE_EQ|INE453B01029,COMPUSOFT,EQ,NSE,COMPUCOM SOFTWARE LTD,Others,INE453B01029,True
1482,NSE_EQ|INE073V01015,COMSYN,EQ,NSE,COMMERCIAL SYN BAGS LTD,Others,INE073V01015,True
128,NSE_EQ|INE111A01025,CONCOR,EQ,NSE,CONTAINER CORP OF IND LTD,Logistics,INE111A01025,True
127,NSE_EQ|INE338H01029,CONCORDBIO,EQ,NSE,CONCORD BIOTECH LIMITED,Pharmaceuticals,INE338H01029,True
2375,NSE_EQ|INE552D01024,CONFIPET,EQ,NSE,CONFIDENCE PETRO IND LTD.,Others,INE552D01024,True
7461,NSE_EQ|INE0EAS01014,CONNPLEX,SM,NSE,CONNPLEX CINEMAS LIMITED,Others,INE0EAS01014,True
645,NSE_EQ|INF174KA1ZF8,CONS,EQ,NSE,KOTAKMAMC - KOTAKCONS,Others,INF174KA1ZF8,True
1903,NSE_EQ|INE025A01027,CONSOFINVT,EQ,NSE,CONSO. FIN. & HOLD. LTD.,Others,INE025A01027,True
770,NSE_EQ|INF204KA1LD7,CONSUMBEES,EQ,NSE,NIP IND ETF CONSUMPTION,Others,INF204KA1LD7,True
1209,NSE_EQ|INF769K01NS5,CONSUMER,EQ,NSE,MIRAEAMC - CONSUMER,Others,INF769K01NS5,True
2510,NSE_EQ|INF109KC1V42,CONSUMIETF,EQ,NSE,ICICIPRAMC - ICICICONSU,Others,INF109KC1V42,True
8488,NSE_EQ|INE340Z01019,CONTI,SM,NSE,CONTINENTAL SEED CHEM LTD,Others,INE340Z01019,True
1206,NSE_EQ|INE663B01015,CONTROLPR,EQ,NSE,CONTROL PRINT LIMITED,Others,INE663B01015,True
3077,NSE_EQ|INE0HS001028,COOLCAPS,ST,NSE,COOL CAPS INDUSTRIES LTD,Others,INE0HS001028,True
1387,NSE_EQ|INE558D01021,CORALFINAC,EQ,NSE,CORAL INDIA FIN & HOUS LT,Others,INE558D01021,True
5708,NSE_EQ|INE792I01017,CORDSCABLE,BE,NSE,CORDS CABLE INDUS LTD.,Others,INE792I01017,True
129,NSE_EQ|INE169A01031,COROMANDEL,EQ,NSE,COROMANDEL INTERNTL. LTD,Fertilizers,INE169A01031,True
1943,NSE_EQ|INE02ZQ01018,CORONA,EQ,NSE,CORONA REMEDIES LIMITED,Others,INE02ZQ01018,True
1393,NSE_EQ|INE757A01017,COSMOFIRST,EQ,NSE,COSMO FIRST LIMITED,Others,INE757A01017,True
1399,NSE_EQ|INE695B01025,COUNCODOS,EQ,NSE,COUNTRY CONDO S LIMITED,Others,INE695B01025,True
7785,NSE_EQ|INE521J01018,CPCAP,BE,NSE,CP CAPITAL LIMITED,Others,INE521J01018,True
547,NSE_EQ|INE0P6P01016,CPEDU,EQ,NSE,CAREER POINT EDUTECH LTD,Others,INE0P6P01016,True
2048,NSE_EQ|INE819V01029,CPPLUS,EQ,NSE,ADITYA INFOTECH LIMITED,Others,INE819V01029,True
3864,NSE_EQ|INE0QBU01012,CPS,SM,NSE,C P S SHAPERS LIMITED,Others,INE0QBU01012,True
2177,NSE_EQ|INF457M01133,CPSEETF,EQ,NSE,CPSE ETF,Others,INF457M01133,True
130,NSE_EQ|INE00LO01017,CRAFTSMAN,EQ,NSE,CRAFTSMAN AUTOMATION LTD,Auto Ancillary,INE00LO01017,True
2007,NSE_EQ|INE218I01013,CRAMC,EQ,NSE,CANARA ROBECO AMC LIMITED,Others,INE218I01013,True
7760,NSE_EQ|INE0OFK01019,CRAYONS,SM,NSE,CRAYONS ADVERTISING LTD,Others,INE0OFK01019,True
1361,NSE_EQ|INE230B01021,CREATIVEYE,EQ,NSE,CREATIVE EYE LIMITED,Others,INE230B01021,True
131,NSE_EQ|INE741K01010,CREDITACC,EQ,NSE,CREDITACCESS GRAMEEN LTD,NBFC,INE741K01010,True
2267,NSE_EQ|INE559D01011,CREST,EQ,NSE,CREST VENTURES LIMITED,Others,INE559D01011,True
99,NSE_EQ|INE007A01025,CRISIL,EQ,NSE,CRISIL LTD,Ratings,INE007A01025,True
1103,NSE_EQ|INE0S4R01014,CRIZAC,EQ,NSE,CRIZAC LIMITED,Others,INE0S4R01014,True
132,NSE_EQ|INE299U01018,CROMPTON,EQ,NSE,CROMPT GREA CON ELEC LTD,Consumer Durables,INE299U01018,True
1302,NSE_EQ|INE491V01019,CROWN,EQ,NSE,CROWN LIFTERS LIMITED,Others,INE491V01019,True
2443,NSE_EQ|INE679A01013,CSBBANK,EQ,NSE,CSB BANK LIMITED,Others,INE679A01013,True
2116,NSE_EQ|INE718F01018,CSLFINANCE,EQ,NSE,CSL FINANCE LIMITED,Others,INE718F01018,True
9437,NSE_EQ|INE1EF801010,CSSL,SM,NSE,CLEAR SECURED SERVICES L,Others,INE1EF801010,True
2436,NSE_EQ|INE627H01017,CTE,EQ,NSE,CAMBRIDGE TECH ENTER LTD,Others,INE627H01017,True
119,NSE_EQ|INE491A01021,CUB,EQ,NSE,CITY UNION BANK LTD,Bank,INE491A01021,True
8800,NSE_EQ|INE0NR623014,CUBEINVIT,IV,NSE,CUBE HIGHWAYS TRUST,Others,INE0NR623014,True
1286,NSE_EQ|INE144D01012,CUBEXTUB,EQ,NSE,CUBEX TUBINGS LTD,Others,INE144D01012,True
3843,NSE_EQ|INE0WL201014,CUDML,ST,NSE,CASH UR DRIVE MARKETING L,Others,INE0WL201014,True
133,NSE_EQ|INE298A01020,CUMMINSIND,EQ,NSE,CUMMINS INDIA LTD,Diesel Engines,INE298A01020,True
2431,NSE_EQ|INE509F01029,CUPID,EQ,NSE,CUPID LIMITED,Others,INE509F01029,True
1664,NSE_EQ|INE117B01020,CURAA,EQ,NSE,CURA TECHNOLOGIES LIMITED,Others,INE117B01020,True
8952,NSE_EQ|INE1BZN01016,CURIS,SM,NSE,CURIS LIFESCIENCES LTD,Others,INE1BZN01016,True
3208,NSE_EQ|INE1CRQ01014,CURRENT,SM,NSE,CURRENT INFRAPROJECTS LTD,Others,INE1CRQ01014,True
3282,NSE_EQ|INE278G01037,CYBERMEDIA,BE,NSE,CYBER MEDIA (INDIA) LTD.,Others,INE278G01037,True
2429,NSE_EQ|INE214A01019,CYBERTECH,EQ,NSE,CYBERTECH SYSTEMS & SOFTW,Others,INE214A01019,True
134,NSE_EQ|INE136B01020,CYIENT,EQ,NSE,CYIENT LIMITED,IT - Software,INE136B01020,True
876,NSE_EQ|INE055S01018,CYIENTDLM,EQ,NSE,CYIENT DLM LIMITED,Others,INE055S01018,True
138,NSE_EQ|INE016A01026,DABUR,EQ,NSE,DABUR INDIA LTD,Household Products,INE016A01026,True
1680,NSE_EQ|INE928C01010,DAICHI,EQ,NSE,DAI-ICHI KARKARIA LTD.,Others,INE928C01010,True
139,NSE_EQ|INE00R701025,DALBHARAT,EQ,NSE,DALMIA BHARAT LIMITED,Construction Materials,INE00R701025,True
630,NSE_EQ|INE495A01022,DALMIASUG,EQ,NSE,DALMIA BHARAT SUG IN LTD,Others,INE495A01022,True
1437,NSE_EQ|INE284H01025,DAMCAPITAL,EQ,NSE,DAM CAPITAL ADVISORS LTD,Others,INE284H01025,True
2346,NSE_EQ|INE497D01022,DAMODARIND,EQ,NSE,DAMODAR INDUSTRIES LTD,Others,INE497D01022,True
1783,NSE_EQ|INE688Y01022,DANGEE,EQ,NSE,DANGEE DUMS LIMITED,Others,INE688Y01022,True
4046,NSE_EQ|INE0YU901016,DANISH,SM,NSE,DANISH POWER LIMITED,Others,INE0YU901016,True
1199,NSE_EQ|INE365B01017,DATAMATICS,EQ,NSE,DATAMATICS GLOBAL SER LTD,Others,INE365B01017,True
140,NSE_EQ|INE0IX101010,DATAPATTNS,EQ,NSE,DATA PATTERNS INDIA LTD,Electronics,INE0IX101010,True
1965,NSE_EQ|INE179G01029,DAVANGERE,EQ,NSE,DAVANGERE SUGAR COMPANY L,Others,INE179G01029,True
1130,NSE_EQ|INE950I01011,DBCORP,EQ,NSE,D.B.CORP LTD,Others,INE950I01011,True
3817,NSE_EQ|INE0OPA01019,DBEIL,BE,NSE,DEEPAK BUILDERS & ENG I L,Others,INE0OPA01019,True
2368,NSE_EQ|INE917M01012,DBL,EQ,NSE,DILIP BUILDCON LIMITED,Others,INE917M01012,True
4277,NSE_EQ|INE0I3401014,DBOL,BE,NSE,DHAMPUR BIO ORGANICS LTD,Others,INE0I3401014,True
8220,NSE_EQ|INE879I01012,DBREALTY,BE,NSE,VALOR ESTATE LIMITED,Others,INE879I01012,True
1716,NSE_EQ|INE921B01025,DBSTOCKBRO,EQ,NSE,DB (INT) STOCK BROKERS,Others,INE921B01025,True
1292,NSE_EQ|INE385W01011,DCAL,EQ,NSE,DISHMAN CARBO AMCIS LTD,Others,INE385W01011,True
1082,NSE_EQ|INE503A01015,DCBBANK,EQ,NSE,DCB BANK LIMITED,Others,INE503A01015,True
2900,NSE_EQ|INE04Q901010,DCCL,SM,NSE,DAR CREDIT & CAPITAL LTD,Others,INE04Q901010,True
3252,NSE_EQ|INE0S8401018,DCG,SM,NSE,DCG CABLES & WIRES LTD,Others,INE0S8401018,True
4987,NSE_EQ|INE0A1101019,DCI,BE,NSE,DC INFOTECH AND COMUN LTD,Others,INE0A1101019,True
6786,NSE_EQ|INE498A01018,DCM,BE,NSE,DCM LIMITED,Others,INE498A01018,True
4757,NSE_EQ|INE891B01012,DCMFINSERV,BE,NSE,DCM FINANCIAL SERVICES LT,Others,INE891B01012,True
7871,NSE_EQ|INE08KP01019,DCMNVL,BE,NSE,DCM NOUVELLE LIMITED,Others,INE08KP01019,True
135,NSE_EQ|INE499A01024,DCMSHRIRAM,EQ,NSE,DCM SHRIRAM LIMITED,Diversified,INE499A01024,True
8185,NSE_EQ|INE0OU201013,DCMSIL,BE,NSE,DCM SHRIRAM INTERNATNL L,Others,INE0OU201013,True
1946,NSE_EQ|INE843D01027,DCMSRIND,EQ,NSE,DCM SHRIRAM IND LTD,Others,INE843D01027,True
1604,NSE_EQ|INE500A01029,DCW,EQ,NSE,DCW LTD,Others,INE500A01029,True
2260,NSE_EQ|INE0KL801015,DCXINDIA,EQ,NSE,DCX SYSTEMS LIMITED,Others,INE0KL801015,True
2364,NSE_EQ|INE0HR601026,DDEVPLSTIK,EQ,NSE,DDEV PLASTIKS IND LTD,Others,INE0HR601026,True
671,NSE_EQ|INE583C01021,DECCANCE,EQ,NSE,DECCAN CEMENTS LIMITED,Others,INE583C01021,True
9372,NSE_EQ|INE0S7C01019,DECCANTRAN,SM,NSE,DECCAN TRANSCON LEASING L,Others,INE0S7C01019,True
886,NSE_EQ|INE945F01025,DECNGOLD,EQ,NSE,DECCAN GOLD MINES LTD.,Others,INE945F01025,True
3842,NSE_EQ|INE841L01016,DEEDEV,BE,NSE,DEE DEVELOPMENT ENG LTD,Others,INE841L01016,True
4291,NSE_EQ|INE586O01011,DEEM,SM,NSE,DEEM ROLL TECH LIMITED,Others,INE586O01011,True
141,NSE_EQ|INE501A01019,DEEPAKFERT,EQ,NSE,DEEPAK FERTILIZERS & PETR,Chemicals,INE501A01019,True
142,NSE_EQ|INE288B01029,DEEPAKNTR,EQ,NSE,DEEPAK NITRITE LTD,Chemicals,INE288B01029,True
2121,NSE_EQ|INE0FHS01024,DEEPINDS,EQ,NSE,DEEP INDUSTRIES LIMITED,Others,INE0FHS01024,True
1194,NSE_EQ|INF769K01QC2,DEFENCE,EQ,NSE,MIRAEAMC - DEFENCE,Others,INF769K01QC2,True
7182,NSE_EQ|INE0SK801018,DELAPLEX,SM,NSE,DELAPLEX LIMITED,Others,INE0SK801018,True
143,NSE_EQ|INE148O01028,DELHIVERY,EQ,NSE,DELHIVERY LIMITED,Courier Services,INE148O01028,True
788,NSE_EQ|INE726L01027,DELPHIFX,EQ,NSE,DELPHI WORLD MONEY LTD,Others,INE726L01027,True
1123,NSE_EQ|INE124G01033,DELTACORP,EQ,NSE,DELTA CORP LIMITED,Others,INE124G01033,True
2159,NSE_EQ|INE393A01011,DELTAMAGNT,EQ,NSE,DELTA MANUFACTURING LTD,Others,INE393A01011,True
7653,NSE_EQ|INE0XRN01019,DELTIC,ST,NSE,DELTA AUTOCORP LIMITED,Others,INE0XRN01019,True
1048,NSE_EQ|INE947J01015,DEN,EQ,NSE,DEN NETWORKS LTD,Others,INE947J01015,True
3845,NSE_EQ|INE0JWV01011,DENEERS,SM,NSE,DE NEERS TOOLS LIMITED,Others,INE0JWV01011,True
2246,NSE_EQ|INE244A01016,DENORA,EQ,NSE,DE NORA INDIA LIMITED,Others,INE244A01016,True
1623,NSE_EQ|INE0R4L01018,DENTA,EQ,NSE,DENTA WATER N INFRA SOL L,Others,INE0R4L01018,True
8994,NSE_EQ|INE0N5801013,DENTALKART,SM,NSE,VASA DENTICITY LIMITED,Others,INE0N5801013,True
4820,NSE_EQ|INE0IGO01011,DESTINY,SM,NSE,DESTINY LOGISTICS & I LTD,Others,INE0IGO01011,True
2268,NSE_EQ|INE060X01034,DEVIT,EQ,NSE,DEV INFO TECHNOLOGY LTD,Others,INE060X01034,True
655,NSE_EQ|INE0VOV01021,DEVX,EQ,NSE,DEV ACCELERATOR LIMITED,Others,INE0VOV01021,True
144,NSE_EQ|INE872J01023,DEVYANI,EQ,NSE,DEVYANI INTERNATIONAL LTD,Consumer Food,INE872J01023,True
1445,NSE_EQ|INE03JI01017,DGCONTENT,EQ,NSE,DIGICONTENT LIMITED,Others,INE03JI01017,True
2138,NSE_EQ|INE041A01016,DHAMPURSUG,EQ,NSE,DHAMPUR SUGAR MILLS LTD.,Others,INE041A01016,True
714,NSE_EQ|INE680A01011,DHANBANK,EQ,NSE,DHANLAXMI BANK LIMITED,Others,INE680A01011,True
8970,NSE_EQ|INE0V9V01010,DHANLAXMI,SM,NSE,DHANLAXMI CROP SCIENCE L,Others,INE0V9V01010,True
3858,NSE_EQ|INE0M3I01029,DHANSA,ST,NSE,DHANSA LABS LIMITED,Others,INE0M3I01029,True
1790,NSE_EQ|INE435G01025,DHANUKA,EQ,NSE,DHANUKA AGRITECH LTD,Others,INE435G01025,True
7517,NSE_EQ|INE278R01034,DHARAN,BZ,NSE,DHARAN INFRA-EPC LIMITED,Others,INE278R01034,True
4958,NSE_EQ|INE2HJL01019,DHARARAIL,SM,NSE,DHARA RAIL PROJECTS LTD,Others,INE2HJL01019,True
8031,NSE_EQ|INE0YRN01025,DHARIWAL,SM,NSE,DHARIWALCORP LIMITED,Others,INE0YRN01025,True
2485,NSE_EQ|INE00OQ01016,DHARMAJ,EQ,NSE,DHARMAJ CROP GUARD LTD,Others,INE00OQ01016,True
4271,NSE_EQ|INE506Z01015,DHRUV,BE,NSE,DHRUV CONSULTANCY SER LTD,Others,INE506Z01015,True
5996,NSE_EQ|INE0OGG01015,DHTL,SM,NSE,DOCMODE HEALTH TECH LTD,Others,INE0OGG01015,True
1087,NSE_EQ|INE320L01011,DHUNINV,EQ,NSE,DHUNSERI INVESTMENTS LTD,Others,INE320L01011,True
2344,NSE_EQ|INE989C01038,DIACABS,EQ,NSE,DIAMOND POWER INFRA LTD,Others,INE989C01038,True
1929,NSE_EQ|INE591D01014,DIAMINESQ,EQ,NSE,DIAMINES & CHEMICALS LTD,Others,INE591D01014,True
2418,NSE_EQ|INE393P01035,DIAMONDYD,EQ,NSE,PRATAAP SNACKS LIMITED,Others,INE393P01035,True
928,NSE_EQ|INE303A01010,DICIND,EQ,NSE,DIC INDIA LIMITED,Others,INE303A01010,True
2271,NSE_EQ|INE184O01015,DIFFNKG,EQ,NSE,DIFFUSION ENGINEERS LTD,Others,INE184O01015,True
1674,NSE_EQ|INE0PSC01024,DIGIDRIVE,EQ,NSE,DIGIDRIVE DISTRIBUTORS L,Others,INE0PSC01024,True
6848,NSE_EQ|INE0QJ901011,DIGIKORE,SM,NSE,DIGIKORE STUDIOS LIMITED,Others,INE0QJ901011,True
3885,NSE_EQ|INE927C01020,DIGISPICE,BE,NSE,DIGISPICE TECHNOLOGIES LT,Others,INE927C01020,True
755,NSE_EQ|INE0U4701011,DIGITIDE,EQ,NSE,DIGITIDE SOLUTIONS LTD,Others,INE0U4701011,True
1932,NSE_EQ|INE731U01028,DIGJAMLMTD,EQ,NSE,DIGJAM LTD,Others,INE731U01028,True
6300,NSE_EQ|INE411Y01011,DIL,BZ,NSE,DEBOCK INDUSTRIES LIMITED,Others,INE411Y01011,True
6842,NSE_EQ|INE704V01015,DIRL,SM,NSE,DHANUKA INFRA REALTY LTD,Others,INE704V01015,True
782,NSE_EQ|INE131C01011,DISAQ,EQ,NSE,DISA INDIA LTD.,Others,INE131C01011,True
4937,NSE_EQ|INE836F01026,DISHTV,BE,NSE,DISH TV INDIA LTD.,Others,INE836F01026,True
1469,NSE_EQ|INE753U01022,DIVGIITTS,EQ,NSE,DIVGI TORQTRANSFER SYST L,Others,INE753U01022,True
1191,NSE_EQ|INF769K01PY8,DIVIDEND,EQ,NSE,MIRAEAMC - DIVIDEND,Others,INF769K01PY8,True
7867,NSE_EQ|INE0NA501011,DIVINEHIRA,ST,NSE,DIVINE HIRA JEWELLERS LTD,Others,INE0NA501011,True
145,NSE_EQ|INE361B01024,DIVISLAB,EQ,NSE,DIVI S LABORATORIES LTD,Pharmaceuticals,INE361B01024,True
750,NSE_EQ|INF204KA1MS3,DIVOPPBEES,EQ,NSE,NIP IND ETF DIV OPP,Others,INF204KA1MS3,True
5661,NSE_EQ|INE0QYI01019,DIVYADHAN,ST,NSE,DIVYADHAN RECYCLING IND L,Others,INE0QYI01019,True
146,NSE_EQ|INE935N01020,DIXON,EQ,NSE,DIXON TECHNO (INDIA) LTD,Consumer Durables,INE935N01020,True
591,NSE_EQ|INE0B1K01014,DJML,EQ,NSE,DJ MEDIAPRINT & LOG LTD,Others,INE0B1K01014,True
5268,NSE_EQ|INE0GN101014,DKEGL,SM,NSE,D K ENTERPRISES GLOBAL L,Others,INE0GN101014,True
136,NSE_EQ|INE271C01023,DLF,EQ,NSE,DLF LIMITED,Construction,INE271C01023,True
2365,NSE_EQ|INE250K01012,DLINKINDIA,EQ,NSE,D-LINK INDIA LTD,Others,INE250K01012,True
57,NSE_EQ|INE192R01011,DMART,EQ,NSE,AVENUE SUPERMARTS LIMITED,Retailing,INE192R01011,True
1576,NSE_EQ|INE505A01010,DMCC,EQ,NSE,DMCC SPECIALITY CHEMICALS,Others,INE505A01010,True
1450,NSE_EQ|INE016M01021,DNAMEDIA,EQ,NSE,DILIGENT MEDIA CORP LTD.,Others,INE016M01021,True
1093,NSE_EQ|INE021O01019,DODLA,EQ,NSE,DODLA DAIRY LIMITED,Others,INE021O01019,True
1531,NSE_EQ|INE966A01022,DOLATALGO,EQ,NSE,DOLAT ALGOTECH LIMITED,Others,INE966A01022,True
1352,NSE_EQ|INE325C01035,DOLLAR,EQ,NSE,DOLLAR INDUSTRIES LIMITED,Others,INE325C01035,True
6281,NSE_EQ|INE0JHH01011,DOLLEX,SM,NSE,DOLLEX AGROTECH LIMITED,Others,INE0JHH01011,True
1926,NSE_EQ|INE920A01037,DOLPHIN,EQ,NSE,DOLPHIN OFF ENT (IND) L,Others,INE920A01037,True
137,NSE_EQ|INE321T01012,DOMS,EQ,NSE,DOMS INDUSTRIES LIMITED,Stationery,INE321T01012,True
1760,NSE_EQ|INE668D01028,DONEAR,EQ,NSE,DONEAR IND. LIMITED,Others,INE668D01028,True
1682,NSE_EQ|INE266Y01019,DPABHUSHAN,EQ,NSE,D. P. ABHUSHAN LIMITED,Others,INE266Y01019,True
2934,NSE_EQ|INE0SCO01019,DPEL,SM,NSE,DIVINE POWER ENERGY LTD,Others,INE0SCO01019,True
7007,NSE_EQ|INE360C01024,DPSCLTD,BE,NSE,DPSC LIMITED,Others,INE360C01024,True
2386,NSE_EQ|INE864X01013,DPWIRES,EQ,NSE,D P WIRES LIMITED,Others,INE864X01013,True
1832,NSE_EQ|INE934C01018,DRAGARWQ,EQ,NSE,DR. AGARWAL'S EYE HOSP L,Others,INE934C01018,True
2082,NSE_EQ|INE03RS01027,DRCSYSTEMS,EQ,NSE,DRC SYSTEMS INDIA LIMITED,Others,INE03RS01027,True
2038,NSE_EQ|INE0JS101016,DREAMFOLKS,EQ,NSE,DREAMFOLKS SERVICES LTD,Others,INE0JS101016,True
758,NSE_EQ|INE506A01018,DREDGECORP,EQ,NSE,DREDGING CORP OF INDIA,Others,INE506A01018,True
4791,NSE_EQ|INE0P7201019,DRONE,ST,NSE,DRONE DESTINATION LIMITED,Others,INE0P7201019,True
149,NSE_EQ|INE089A01031,DRREDDY,EQ,NSE,DR. REDDY S LABORATORIES,Pharmaceuticals,INE089A01031,True
8038,NSE_EQ|INE0QZM01018,DRSCARGO,SM,NSE,DRS CARGO MOVERS LIMITED,Others,INE0QZM01018,True
9013,NSE_EQ|INE02CV01017,DRSDILIP,SM,NSE,DRS DILIP ROADLINES LTD.,Others,INE02CV01017,True
609,NSE_EQ|INE0OFM01015,DSFCL,EQ,NSE,DCM SHRIRAM FINE CHEM LTD,Others,INE0OFM01015,True
683,NSE_EQ|INE417B01040,DSSL,EQ,NSE,DYNACONS SYS & SOLN LTD,Others,INE417B01040,True
2327,NSE_EQ|INE341R01014,DTIL,EQ,NSE,DHUNSERI TEA & IND. LTD.,Others,INE341R01014,True
4454,NSE_EQ|INE0JRD01019,DTL,SM,NSE,DIENSTEN TECH LIMITED,Others,INE0JRD01019,True
7937,NSE_EQ|INE0LZO01015,DUCOL,SM,NSE,DUCOL ORGS AND COLOURS LT,Others,INE0LZO01015,True
9415,NSE_EQ|INE741L01018,DUCON,BE,NSE,DUCON INFRATECHNOLOGIES L,Others,INE741L01018,True
3013,NSE_EQ|INE0HPK01020,DUGLOBAL,ST,NSE,DUDIGITAL GLOBAL LIMITED,Others,INE0HPK01020,True
6426,NSE_EQ|INE0OUW01013,DURLAX,ST,NSE,DURLAX TOP SURFACE LTD,Others,INE0OUW01013,True
2308,NSE_EQ|INE477B01010,DVL,EQ,NSE,DHUNSERI VENTURES LIMITED,Others,INE477B01010,True
1972,NSE_EQ|INE366A01041,DWARKESH,EQ,NSE,DWARIKESH SUGAR IND LTD,Others,INE366A01041,True
2084,NSE_EQ|INE600Y01019,DYCL,EQ,NSE,DYNAMIC CABLES LIMITED,Others,INE600Y01019,True
2136,NSE_EQ|INE221B01012,DYNAMATECH,EQ,NSE,DYNAMATIC TECHNOLOGIES,Others,INE221B01012,True
5401,NSE_EQ|INE0DZ701010,DYNAMIC,SM,NSE,DYNAMIC SRVCS & SEC LTD,Others,INE0DZ701010,True
1694,NSE_EQ|INE256H01015,DYNPRO,EQ,NSE,DYNEMIC PRODUCTS LIMITED,Others,INE256H01015,True
2397,NSE_EQ|INE255Z01027,E2E,EQ,NSE,E2E NETWORKS LIMITED,Others,INE255Z01027,True
4661,NSE_EQ|INE1CEJ01017,E2ERAIL,ST,NSE,E TO E TRANS INFRA LTD,Others,INE1CEJ01017,True
2248,NSE_EQ|INE07O001026,EASEMYTRIP,EQ,NSE,EASY TRIP PLANNERS LTD,Others,INE07O001026,True
6134,NSE_EQ|INE962C01035,EASTSILK,BE,NSE,EASTERN SILK INDUSTRIES L,Others,INE962C01035,True
1035,NSE_EQ|INF754K01TE4,EBANKNIFTY,EQ,NSE,EDELAMC - EBANKNIFTY,Others,INF754K01TE4,True
970,NSE_EQ|INF754K01KO2,EBBETF0430,EQ,NSE,EDELAMC - EBBETF0430,Others,INF754K01KO2,True
976,NSE_EQ|INF754K01LE1,EBBETF0431,EQ,NSE,EDELAMC - EBBETF0431,Others,INF754K01LE1,True
1043,NSE_EQ|INF754K01QX0,EBBETF0433,EQ,NSE,EDELAMC - EBBETF0433,Others,INF754K01QX0,True
1086,NSE_EQ|INE18JU01028,EBGNG,EQ,NSE,GNG ELECTRONICS LIMITED,Others,INE18JU01028,True
1038,NSE_EQ|INF754K01TX4,ECAPINSURE,EQ,NSE,EDELAMC - ECAPINSURE,Others,INF754K01TX4,True
2482,NSE_EQ|INE738I01010,ECLERX,EQ,NSE,ECLERX SERVICES LTD,Others,INE738I01010,True
3497,NSE_EQ|INE0VBS01016,ECOLINE,SM,NSE,ECOLINE EXIM LIMITED,Others,INE0VBS01016,True
3175,NSE_EQ|INE06HJ01020,ECOSMOBLTY,BE,NSE,ECOS (INDIA) MOB & HOSP L,Others,INE06HJ01020,True
2363,NSE_EQ|INE532F01054,EDELWEISS,EQ,NSE,EDELWEISS FIN SERV LTD,Others,INE532F01054,True
7624,NSE_EQ|INE216H01027,EDUCOMP,BZ,NSE,EDUCOMP SOLUTIONS LTD,Others,INE216H01027,True
2654,NSE_EQ|INE11HF01010,EEPL,SM,NSE,EPPELTONE ENGINEERS LTD,Others,INE11HF01010,True
4873,NSE_EQ|INE0KFF01017,EFACTOR,SM,NSE,E FACTOR EXPERIENCES LTD,Others,INE0KFF01017,True
1452,NSE_EQ|INE886D01026,EFCIL,EQ,NSE,EFC (I) LIMITED,Others,INE886D01026,True
6771,NSE_EQ|INE0U9101019,EFFWA,ST,NSE,EFFWA INFRA & RESEARCH L,Others,INE0U9101019,True
3438,NSE_EQ|INE0Q1W01012,EFORCE,SM,NSE,ELECTRO FORCE (INDIA) LTD,Others,INE0Q1W01012,True
1029,NSE_EQ|INF754K01SE6,EGOLD,EQ,NSE,EDELAMC - EGOLD,Others,INF754K01SE6,True
153,NSE_EQ|INE066A01021,EICHERMOT,EQ,NSE,EICHER MOTORS LTD,Automobile,INE066A01021,True
151,NSE_EQ|INE126A01031,EIDPARRY,EQ,NSE,EID PARRY INDIA LTD,Sugar,INE126A01031,True
519,NSE_EQ|INE0LLY01014,EIEL,EQ,NSE,ENVIRO INFRA ENGINEERS L,Others,INE0LLY01014,True
1665,NSE_EQ|INE546V01010,EIFFL,EQ,NSE,EURO (I) FRESH FOODS LTD,Others,INE546V01010,True
904,NSE_EQ|INE276C01014,EIHAHOTELS,EQ,NSE,EIH ASSOCIATED HOTELS LTD,Others,INE276C01014,True
152,NSE_EQ|INE230A01023,EIHOTEL,EQ,NSE,EIH LIMITED,Hotel,INE230A01023,True
1517,NSE_EQ|INE158B01016,EIMCOELECO,EQ,NSE,EIMCO ELECON (INDIA) LTD,Others,INE158B01016,True
1418,NSE_EQ|INE184H01027,EKC,EQ,NSE,EVEREST KANTO CYLINDERLTD,Others,INE184H01027,True
2152,NSE_EQ|INE280B01018,ELANTAS,EQ,NSE,ELANTAS BECK INDIA LTD.,Others,INE280B01018,True
1865,NSE_EQ|INE927X01018,ELCIDIN,EQ,NSE,ELCID INVESTMENTS LTD.,Others,INE927X01018,True
1547,NSE_EQ|INE668G01021,ELDEHSG,EQ,NSE,ELDECO HSG & IND LTD.,Others,INE668G01021,True
154,NSE_EQ|INE205B01031,ELECON,EQ,NSE,ELECON ENG. CO. LTD,Engineering,INE205B01031,True
6274,NSE_EQ|INE086A13016,ELECTCAST,W1,NSE,ELECTCAST WARRANTS,Others,INE086A13016,True
2044,NSE_EQ|INE086A01029,ELECTCAST,EQ,NSE,ELECTROSTEEL CASTINGS LTD,Others,INE086A01029,True
1021,NSE_EQ|INE822G01016,ELECTHERM,EQ,NSE,ELECTROTHERM (I) LTD.,Others,INE822G01016,True
155,NSE_EQ|INE285A01027,ELGIEQUIP,EQ,NSE,ELGI EQUIPMENTS LTD,Compressors,INE285A01027,True
1853,NSE_EQ|INE819L01012,ELGIRUBCO,EQ,NSE,ELGI RUBBER CO. LTD,Others,INE819L01012,True
8705,NSE_EQ|INE0R9101015,ELGNZ,SM,NSE,ELEGANZ INTERIORS LIMITED,Others,INE0R9101015,True
2330,NSE_EQ|INE050401020,ELIN,EQ,NSE,ELIN ELECTRONICS LIMITED,Others,INE050401020,True
1077,NSE_EQ|INF754K01VW2,ELIQUID,EQ,NSE,EDELAMC - ELIQUID,Others,INF754K01VW2,True
614,NSE_EQ|INE669R01026,ELITECON,EQ,NSE,ELITECON INTERNATIONAL L,Others,INE669R01026,True
1261,NSE_EQ|INE236E01022,ELLEN,EQ,NSE,ELLENBARRIE INDUS GASES L,Others,INE236E01022,True
1078,NSE_EQ|INF754K01VV4,ELM250,EQ,NSE,EDELAMC - ELM250,Others,INF754K01VV4,True
915,NSE_EQ|INE579B01039,ELPROINTL,EQ,NSE,ELPRO INTERNATIONAL LTD,Others,INE579B01039,True
156,NSE_EQ|INE548C01032,EMAMILTD,EQ,NSE,EMAMI LIMITED,Household Products,INE548C01032,True
1380,NSE_EQ|INE830C01026,EMAMIPAP,EQ,NSE,EMAMI PAPER MILLS LIMITED,Others,INE830C01026,True
7781,NSE_EQ|INE778K01012,EMAMIREAL,BE,NSE,EMAMI REALTY LIMITED,Others,INE778K01012,True
2686,NSE_EQ|INE0ZOL01023,EMAPARTNER,SM,NSE,EMA PARTNERS INDIA LTD,Others,INE0ZOL01023,True
8720,NSE_EQ|INE041025011,EMBASSY,RR,NSE,EMBASSY OFFICE PARKS REIT,Others,INE041025011,True
1970,NSE_EQ|INE069I01010,EMBDL,EQ,NSE,EMBASSY DEVELOPMENTS LTD,Others,INE069I01010,True
157,NSE_EQ|INE168P01015,EMCURE,EQ,NSE,EMCURE PHARMACEUTICALS L,Pharmaceuticals,INE168P01015,True
796,NSE_EQ|INE02YR01019,EMIL,EQ,NSE,ELECTRONICS MART IND LTD,Others,INE02YR01019,True
2128,NSE_EQ|INE296H01011,EMKAY,EQ,NSE,EMKAY GLOBAL FIN SERV LTD,Others,INE296H01011,True
5369,NSE_EQ|INE332S01011,EMKAYTOOLS,SM,NSE,EMKAY TAP & CUT. TOOL LTD,Others,INE332S01011,True
576,NSE_EQ|INE753K01015,EMMBI,EQ,NSE,EMMBI INDUSTRIES LIMITED,Others,INE753K01015,True
6060,NSE_EQ|INE0S1L01013,EMMIL,SM,NSE,ENERGY MISSION MACH IND L,Others,INE0S1L01013,True
618,NSE_EQ|INE1C6T01020,EMMVEE,EQ,NSE,EMMVEE PHOTOVOLTAIC PWR L,Others,INE1C6T01020,True
7368,NSE_EQ|INE507F01023,EMPOWER,BE,NSE,EMPOWER INDIA LTD.,Others,INE507F01023,True
969,NSE_EQ|INE0OV601013,EMSLIMITED,EQ,NSE,EMS LIMITED,Others,INE0OV601013,True
1465,NSE_EQ|INE01QM01018,EMUDHRA,EQ,NSE,EMUDHRA LIMITED,Others,INE01QM01018,True
1036,NSE_EQ|INF754K01TF1,EMULTIMQ,EQ,NSE,EDELAMC - EMULTIMQ,Others,INF754K01TF1,True
3950,NSE_EQ|INE433T01015,ENCOMPAS,SM,NSE,ENCOMPASS DESIGN INDIA L,Others,INE433T01015,True
158,NSE_EQ|INE913H01037,ENDURANCE,EQ,NSE,ENDURANCE TECHNO. LTD.,Auto Ancillary,INE913H01037,True
1188,NSE_EQ|INF769K01PR2,ENERGY,EQ,NSE,MIRAEAMC - ENERGY,Others,INF769K01PR2,True
1054,NSE_EQ|INE306C01019,ENERGYDEV,EQ,NSE,ENERGY DEVE. CO.LTD,Others,INE306C01019,True
1060,NSE_EQ|INF754K01XF3,ENEXT50,EQ,NSE,EDELAMC - ENEXT50,Others,INF754K01XF3,True
2698,NSE_EQ|INE0S3X01014,ENFUSE,SM,NSE,ENFUSE SOLUTIONS LIMITED,Others,INE0S3X01014,True
159,NSE_EQ|INE510A01028,ENGINERSIN,EQ,NSE,ENGINEERS INDIA LTD,Engineering,INE510A01028,True
1081,NSE_EQ|INF754K01VX0,ENIFTY,EQ,NSE,EDELAMC - ENIFTY,Others,INF754K01VX0,True
940,NSE_EQ|INE265F01028,ENIL,EQ,NSE,ENTERTAIN NET. IND. LTD.,Others,INE265F01028,True
559,NSE_EQ|INE1NPP01017,ENRIN,EQ,NSE,SIEMENS ENERGY INDIA LTD,Others,INE1NPP01017,True
8275,NSE_EQ|INE0R9I01021,ENSER,ST,NSE,ENSER COMMUNICATIONS LTD,Others,INE0R9I01021,True
1045,NSE_EQ|INE010601016,ENTERO,EQ,NSE,ENTERO HEALTHCARE SOLU L,Others,INE010601016,True
7188,NSE_EQ|INE0SUH01015,ENVIRO,SM,NSE,ENVIROTECH SYSTEMS LTD,Others,INE0SUH01015,True
668,NSE_EQ|INE0G5901015,EPACK,EQ,NSE,EPACK DURABLE LIMITED,Others,INE0G5901015,True
667,NSE_EQ|INE0MLS01022,EPACKPEB,EQ,NSE,EPACK PREFAB TECHN LTD,Others,INE0MLS01022,True
1592,NSE_EQ|INE071N01016,EPIGRAL,EQ,NSE,EPIGRAL LIMITED,Others,INE071N01016,True
1916,NSE_EQ|INE255A01020,EPL,EQ,NSE,EPL LIMITED,Others,INE255A01020,True
5109,NSE_EQ|INE1KEC01023,EPWINDIA,ST,NSE,EPW INDIA LIMITED,Others,INE1KEC01023,True
1210,NSE_EQ|INF769K01OA1,EQUAL200,EQ,NSE,MIRAEAMC - EQUAL200,Others,INF769K01OA1,True
1175,NSE_EQ|INF769K01OO2,EQUAL50,EQ,NSE,MIRAEAMC - EQUAL50,Others,INF769K01OO2,True
1842,NSE_EQ|INF740KA1QK2,EQUAL50ADD,EQ,NSE,DSPAMC - DSPNEWETF,Others,INF740KA1QK2,True
8330,NSE_EQ|INE217G01035,EQUIPPP,BE,NSE,EQUIPPP SOC IMP TECH LTD,Others,INE217G01035,True
2195,NSE_EQ|INE063P01018,EQUITASBNK,EQ,NSE,EQUITAS SMALL FIN BNK LTD,Others,INE063P01018,True
160,NSE_EQ|INE406M01024,ERIS,EQ,NSE,ERIS LIFESCIENCES LIMITED,Pharmaceuticals,INE406M01024,True
2373,NSE_EQ|INE284A01012,ESABINDIA,EQ,NSE,ESAB INDIA LTD,Others,INE284A01012,True
1120,NSE_EQ|INE818W01011,ESAFSFB,EQ,NSE,ESAF SMALL FINANCE BANK L,Others,INE818W01011,True
8726,NSE_EQ|INE0RQZ01017,ESCONET,ST,NSE,ESCONET TECHNOLOGIES LTD,Others,INE0RQZ01017,True
161,NSE_EQ|INE042A01014,ESCORTS,EQ,NSE,ESCORTS KUBOTA LIMITED,Automobile,INE042A01014,True
1079,NSE_EQ|INF754K01VY8,ESENSEX,EQ,NSE,EDELAMC - ESENSEX,Others,INF754K01VY8,True
6976,NSE_EQ|INE0ITO01014,ESFL,ST,NSE,ESSEN SPECIALITY FILMS L,Others,INE0ITO01014,True
1257,NSE_EQ|INF769K01GS9,ESG,EQ,NSE,MIRAEAMC - MAESGETF,Others,INF769K01GS9,True
1031,NSE_EQ|INF754K01SF3,ESILVER,EQ,NSE,EDELAMC - ESILVER,Others,INF754K01SF3,True
7195,NSE_EQ|INE0SBP01018,ESPRIT,SM,NSE,ESPRIT STONES LIMITED,Others,INE0SBP01018,True
1940,NSE_EQ|INE122M01019,ESSARSHPNG,EQ,NSE,ESSAR SHIPPING LTD,Others,INE122M01019,True
4079,NSE_EQ|INE418N01035,ESSENTIA,BE,NSE,INTEGRA ESSENTIA LIMITED,Others,INE418N01035,True
1570,NSE_EQ|INE778B01029,ESTER,EQ,NSE,ESTER INDUSTRIES LTD,Others,INE778B01029,True
162,NSE_EQ|INE758T01015,ETERNAL,EQ,NSE,ETERNAL LIMITED,e-Commerce,INE758T01015,True
1864,NSE_EQ|INE04TZ01018,ETHOSLTD,EQ,NSE,ETHOS LIMITED,Others,INE04TZ01018,True
4381,NSE_EQ|INE0PXC01024,ETL,SM,NSE,EMKAY TOOLS LIMITED,Others,INE0PXC01024,True
2793,NSE_EQ|INE0RHD01013,ETML,SM,NSE,EMERALD TYRE MANUF LTD,Others,INE0RHD01013,True
1648,NSE_EQ|INE0KCE01017,EUREKAFORB,EQ,NSE,EUREKA FORBES LIMITED,Others,INE0KCE01017,True
2460,NSE_EQ|INE505V01016,EUROBOND,EQ,NSE,EURO PANEL PRODUCTS LTD,Others,INE505V01016,True
2284,NSE_EQ|INE198501012,EUROPRATIK,EQ,NSE,EURO PRATIK SALES LIMITED,Others,INE198501012,True
4879,NSE_EQ|INE022C01012,EUROTEXIND,BE,NSE,EUROTEX IND & EXPORTS LTD,Others,INE022C01012,True
1333,NSE_EQ|INE128A01029,EVEREADY,EQ,NSE,EVEREADY INDS. IND.  LTD.,Others,INE128A01029,True
2393,NSE_EQ|INE295A01018,EVERESTIND,EQ,NSE,EVEREST INDUSTRIES LTD,Others,INE295A01018,True
551,NSE_EQ|INF109K1A153,EVIETF,EQ,NSE,ICICIPRAMC - EVIETF,Others,INF109K1A153,True
1231,NSE_EQ|INF769K01LQ3,EVINDIA,EQ,NSE,MIRAEAMC - EVINDIA,Others,INF769K01LQ3,True
1064,NSE_EQ|INE369A01029,EXCELINDUS,EQ,NSE,EXCEL INDUSTRIES LTD,Others,INE369A01029,True
7293,NSE_EQ|INE0Y4801011,EXCELLENT,ST,NSE,EXCELLENT WIRES N PACK L,Others,INE0Y4801011,True
2160,NSE_EQ|INE606N01019,EXCELSOFT,EQ,NSE,EXCELSOFT TECHNOLOGIES L,Others,INE606N01019,True
2354,NSE_EQ|INE777F01014,EXICOM,EQ,NSE,EXICOM TELE SYSTEMS LTD,Others,INE777F01014,True
163,NSE_EQ|INE302A01020,EXIDEIND,EQ,NSE,EXIDE INDUSTRIES LTD,Batteries,INE302A01020,True
5032,NSE_EQ|INE19I001020,EXIMROUTES,SM,NSE,EXIM ROUTES LIMITED,Others,INE19I001020,True
951,NSE_EQ|INE201K01015,EXPLEOSOL,EQ,NSE,EXPLEO SOLUTIONS LIMITED,Others,INE201K01015,True
626,NSE_EQ|INE0GFE01026,EXXARO,EQ,NSE,EXXARO TILES LIMITED,Others,INE0GFE01026,True
1106,NSE_EQ|INE0HF201011,FABTECH,EQ,NSE,FABTECH TECHNOLOGIES LTD,Others,INE0HF201011,True
166,NSE_EQ|INE188A01015,FACT,EQ,NSE,FACT LTD,Fertilizers,INE188A01015,True
1250,NSE_EQ|INE0DNW01011,FAIRCHEMOR,EQ,NSE,FAIRCHEM ORGANICS LIMITED,Others,INE0DNW01011,True
3470,NSE_EQ|INE0PQK01013,FALCONTECH,SM,NSE,FALCON TECHNOPROJ IND LTD,Others,INE0PQK01013,True
733,NSE_EQ|INE963C01033,FAZE3Q,EQ,NSE,FAZE THREE LIMITED,Others,INE963C01033,True
1049,NSE_EQ|INE045J01034,FCL,EQ,NSE,FINEOTEX CHEMICAL LIMITED,Others,INE045J01034,True
8825,NSE_EQ|INE220J01025,FCONSUMER,BZ,NSE,FUTURE CONSUMER LIMITED,Others,INE220J01025,True
5101,NSE_EQ|INE512B01022,FCSSOFT,BE,NSE,FCS SOFTWARE SOLN. LTD.,Others,INE512B01022,True
1923,NSE_EQ|INE258B01022,FDC,EQ,NSE,FDC LIMITED,Others,INE258B01022,True
1369,NSE_EQ|INE417D01020,FEDDERSHOL,EQ,NSE,FEDDERS HOLDING LTD.,Others,INE417D01020,True
165,NSE_EQ|INE171A01029,FEDERALBNK,EQ,NSE,FEDERAL BANK LTD,Bank,INE171A01029,True
2494,NSE_EQ|INE007N01010,FEDFINA,EQ,NSE,FEDBANK FINANCIAL SER L,Others,INE007N01010,True
4586,NSE_EQ|INE623B01027,FEL,BZ,NSE,FUTURE ENTERPRISES LTD,Others,INE623B01027,True
8467,NSE_EQ|IN9623B01058,FELDVR,BZ,NSE,FUTURE ENTERPRISES LTD,Others,IN9623B01058,True
7619,NSE_EQ|INE901X01013,FELIX,SM,NSE,FELIX INDUSTRIES LTD.,Others,INE901X01013,True
2486,NSE_EQ|INE225B01021,FERMENTA,EQ,NSE,FERMENTA BIOTECH LTD.,Others,INE225B01021,True
2046,NSE_EQ|INE296C01020,FIBERWEB,EQ,NSE,FIBERWEB INDIA LIMITED,Others,INE296C01020,True
3571,NSE_EQ|INE0LQQ01019,FIDEL,SM,NSE,FIDEL SOFTECH LIMITED,Others,INE0LQQ01019,True
552,NSE_EQ|INE737H01014,FIEMIND,EQ,NSE,FIEM INDUSTRIES LIMITED,Others,INE737H01014,True
2492,NSE_EQ|INE816B01035,FILATEX,EQ,NSE,FILATEX INDIA LTD,Others,INE816B01035,True
5936,NSE_EQ|INE185E01021,FILATFASH,BE,NSE,FILATEX FASHIONS LIMITED,Others,INE185E01021,True
6241,NSE_EQ|INE0EDU01014,FINBUD,SM,NSE,FINBUD FINANCIAL SERV LTD,Others,INE0EDU01014,True
167,NSE_EQ|INE235A01022,FINCABLES,EQ,NSE,FINOLEX CABLES LTD,Cable,INE235A01022,True
1696,NSE_EQ|INE686Y01026,FINEORG,EQ,NSE,FINE ORGANIC IND. LTD.,Others,INE686Y01026,True
1756,NSE_EQ|INF109KC17L8,FINIETF,EQ,NSE,ICICIPRAMC-ICICIFIN,Others,INF109KC17L8,True
1873,NSE_EQ|INE734I01027,FINKURVE,EQ,NSE,FINKURVE FINANCIAL SERV L,Others,INE734I01027,True
2300,NSE_EQ|INE02NC01014,FINOPB,EQ,NSE,FINO PAYMENTS BANK LTD,Others,INE02NC01014,True
168,NSE_EQ|INE183A01024,FINPIPE,EQ,NSE,FINOLEX INDUSTRIES LTD,Plastic Products,INE183A01024,True
92,NSE_EQ|INE02RE01045,FIRSTCRY,EQ,NSE,BRAINBEES SOLUTIONS LTD,DVR,INE02RE01045,True
1700,NSE_EQ|INE771F01041,FISCHER,EQ,NSE,FISCHER MEDICAL VENTURE L,Others,INE771F01041,True
170,NSE_EQ|INE128S01021,FIVESTAR,EQ,NSE,FIVE-STAR BUS FIN LTD,NBFC,INE128S01021,True
2497,NSE_EQ|INE00Y201027,FLAIR,EQ,NSE,FLAIR WRITING INDUST LTD,Others,INE00Y201027,True
1866,NSE_EQ|INF740KA1WU9,FLEXIADD,EQ,NSE,DSPAMC - FLEXIADD,Others,INF740KA1WU9,True
2496,NSE_EQ|INE060J01017,FLEXITUFF,EQ,NSE,FLEXITUFF VENTURES INT L,Others,INE060J01017,True
3063,NSE_EQ|INE452O01016,FLFL,BZ,NSE,FUT LIFESTYLE FASH LTD,Others,INE452O01016,True
195,NSE_EQ|INE09N301011,FLUOROCHEM,EQ,NSE,GUJARAT FLUOROCHEM LTD,Chemicals,INE09N301011,True
3697,NSE_EQ|INE0VCK01011,FLYSBS,SM,NSE,FLYSBS AVIATION LIMITED,Others,INE0VCK01011,True
1669,NSE_EQ|INF740KA1ZA4,FMCGADD,EQ,NSE,DSPAMC - FMCGADD,Others,INF740KA1ZA4,True
2311,NSE_EQ|INF109KC19V3,FMCGIETF,EQ,NSE,ICICIPRAMC - ICICIFMCG,Others,INF109KC19V3,True
1509,NSE_EQ|INE529A01010,FMGOETZE,EQ,NSE,FEDERAL-MOGUL GOETZE (IND,Others,INE529A01010,True
6179,NSE_EQ|INE360L01017,FMNL,BE,NSE,FUTURE MKT NETWORKS LTD,Others,INE360L01017,True
4192,NSE_EQ|INE0I7D01019,FOCE,SM,NSE,FOCE INDIA LIMITED,Others,INE0I7D01019,True
1858,NSE_EQ|INE593W01028,FOCUS,EQ,NSE,FOCUS LIGHTG & FIXTRS LTD,Others,INE593W01028,True
8895,NSE_EQ|INE0Q4701019,FONEBOX,SM,NSE,FONEBOX RETAIL LIMITED,Others,INE0Q4701019,True
1539,NSE_EQ|INE976E01023,FOODSIN,EQ,NSE,FOODS & INNS LIMITED,Others,INE976E01023,True
7726,NSE_EQ|INE0U2501017,FORCAS,SM,NSE,FORCAS STUDIO LIMITED,Others,INE0U2501017,True
171,NSE_EQ|INE451A01017,FORCEMOT,EQ,NSE,FORCE MOTORS LIMITED,Automobile,INE451A01017,True
8880,NSE_EQ|INE0YKW01013,FORGEAUTO,SM,NSE,FORGE AUTO INTERNATION L,Others,INE0YKW01013,True
172,NSE_EQ|INE061F01013,FORTIS,EQ,NSE,FORTIS HEALTHCARE LTD,Healthcare Services,INE061F01013,True
707,NSE_EQ|INE519A01011,FOSECOIND,EQ,NSE,FOSECO INDIA LTD,Others,INE519A01011,True
1660,NSE_EQ|INE212S01015,FRACTAL,EQ,NSE,FRACTAL ANALYTICS LIMITED,Others,INE212S01015,True
4973,NSE_EQ|INE0SFW01015,FRESHARA,SM,NSE,FRESHARA AGRO EXPORTS LTD,Others,INE0SFW01015,True
6712,NSE_EQ|INE385O01018,FROG,ST,NSE,FROG INNOVATIONS LIMITED,Others,INE385O01018,True
1718,NSE_EQ|INE572D01014,FRONTSP,EQ,NSE,FRONTIER SPRINGS LTD.,Others,INE572D01014,True
169,NSE_EQ|INE684F01012,FSL,EQ,NSE,FIRSTSOURCE SOLU. LTD.,BPO/ITeS,INE684F01012,True
2508,NSE_EQ|INE139R01012,FUSION,EQ,NSE,FUSION FINANCE LIMITED,Others,INE139R01012,True
4080,NSE_EQ|INE0SQZ01015,FWSTC,SM,NSE,FLYWINGS SIMULAT T C LTD,Others,INE0SQZ01015,True
1797,NSE_EQ|INE524A01029,GABRIEL,EQ,NSE,GABRIEL INDIA LTD,Others,INE524A01029,True
1955,NSE_EQ|INE036B01030,GAEL,EQ,NSE,GUJARAT AMBUJA EXPORTS LT,Others,INE036B01030,True
173,NSE_EQ|INE129A01019,GAIL,EQ,NSE,GAIL (INDIA) LTD,Gases & Fuels,INE129A01019,True
9019,NSE_EQ|INE0QTE01018,GAJANAND,SM,NSE,GAJANAND INTERNATIONAL L,Others,INE0QTE01018,True
1185,NSE_EQ|INE0RE001014,GALAPREC,EQ,NSE,GALA PRECISION ENG LTD,Others,INE0RE001014,True
2179,NSE_EQ|INE600K01018,GALAXYSURF,EQ,NSE,GALAXY SURFACTANTS LTD,Others,INE600K01018,True
1484,NSE_EQ|INE297H01019,GALLANTT,EQ,NSE,GALLANTT ISPAT LIMITED,Others,INE297H01019,True
2031,NSE_EQ|INE717W01049,GANDHAR,EQ,NSE,GANDHAR OIL REFINE IND L,Others,INE717W01049,True
2342,NSE_EQ|INE524B01027,GANDHITUBE,EQ,NSE,GANDHI SPL. TUBES LTD,Others,INE524B01027,True
1994,NSE_EQ|INE845D01014,GANECOS,EQ,NSE,GANESHA ECOSPHERE LIMITED,Others,INE845D01014,True
1548,NSE_EQ|INE388A01029,GANESHBE,EQ,NSE,GANESH BENZOPLAST LIMITED,Others,INE388A01029,True
2127,NSE_EQ|INE652V01016,GANESHCP,EQ,NSE,GANESH CONSUMER PRODUCT L,Others,INE652V01016,True
2476,NSE_EQ|INE460C01014,GANESHHOU,EQ,NSE,GANESH HOUSING LIMITED,Others,INE460C01014,True
8316,NSE_EQ|INE0TVT01024,GANESHIN,ST,NSE,GANESH INFRAWORLD LIMITED,Others,INE0TVT01024,True
3215,NSE_EQ|INE0ZI101018,GANGABATH,SM,NSE,GANGA BATH FITTINGS LTD,Others,INE0ZI101018,True
1496,NSE_EQ|INE691Z01023,GANGAFORGE,EQ,NSE,GANGA FORGING LIMITED,Others,INE691Z01023,True
2220,NSE_EQ|INE335W01016,GANGESSECU,EQ,NSE,GANGES SECURITIES LIMITED,Others,INE335W01016,True
2196,NSE_EQ|INE276A01018,GARFIBRES,EQ,NSE,GARWARE TECH FIBRES LTD,Others,INE276A01018,True
2210,NSE_EQ|INE0JVO01026,GARUDA,EQ,NSE,GARUDA CONSTRUCT N ENG L,Others,INE0JVO01026,True
964,NSE_EQ|INE224E01028,GATECH,EQ,NSE,GACM TECHNOLOGIES LIMITED,Others,INE224E01028,True
963,NSE_EQ|INE224E01036,GATECHDVR,EQ,NSE,GACM TECHNOLOGIES LIMITED,Others,INE224E01036,True
768,NSE_EQ|INE079J01017,GATEWAY,EQ,NSE,GATEWAY DISTRIPARKS LTD,Others,INE079J01017,True
5534,NSE_EQ|INE0P8B01020,GAUDIUMIVF,BE,NSE,GAUDIUM IVF N WOMEN H L,Others,INE0P8B01020,True
2451,NSE_EQ|INE287Z01012,GAYAHWS,EQ,NSE,GAYATRI HIGHWAYS LIMITED,Others,INE287Z01012,True
3437,NSE_EQ|INE336H01023,GAYAPROJ,BE,NSE,GAYATRI PROJECTS LTD,Others,INE336H01023,True
6549,NSE_EQ|INE12E301017,GCHOTELS,SM,NSE,GRAND CONTINENT HOTELS L,Others,INE12E301017,True
625,NSE_EQ|INE199P01028,GCSL,EQ,NSE,GRETEX CORPORATE SERVICES,Others,INE199P01028,True
923,NSE_EQ|INE916G01016,GEECEE,EQ,NSE,GEECEE VENTURES LIMITED,Others,INE916G01016,True
1526,NSE_EQ|INE669X01032,GEEKAYWIRE,EQ,NSE,GEEKAY WIRES LIMITED,Others,INE669X01032,True
1933,NSE_EQ|INE06XZ01023,GEMAROMA,EQ,NSE,GEM AROMATICS LIMITED,Others,INE06XZ01023,True
1794,NSE_EQ|INE854S01022,GENCON,EQ,NSE,GENERIC ENG CONS PROJ LTD,Others,INE854S01022,True
1947,NSE_EQ|INE727B01026,GENESYS,EQ,NSE,GENESYS INTL CORPN LTD,Others,INE727B01026,True
4209,NSE_EQ|INE06H201014,GENSOL,BZ,NSE,GENSOL ENGINEERING LTD,Others,INE06H201014,True
1978,NSE_EQ|INE949P01018,GENUSPAPER,EQ,NSE,GENUS P&B LIMITED,Others,INE949P01018,True
670,NSE_EQ|INE955D01029,GENUSPOWER,EQ,NSE,GENUS POWER INFRASTRU LTD,Others,INE955D01029,True
4953,NSE_EQ|INE1W0N01014,GENXAI,ST,NSE,GENXAI ANALYTICS LIMITED,Others,INE1W0N01014,True
1402,NSE_EQ|INE007B01023,GEOJITFSL,EQ,NSE,GEOJIT FINANCIAL SER L,Others,INE007B01023,True
194,NSE_EQ|INE017A01032,GESHIP,EQ,NSE,THE GE SHPG.LTD,Shipping,INE017A01032,True
5205,NSE_EQ|INE02KN07055,GFL26,N0,NSE,TBILL LKD RESET 26 SR C2,Others,INE02KN07055,True
5198,NSE_EQ|INE02KN07030,GFL27,N1,NSE,GFL 6M OIS LINK 2027 SRB,Others,INE02KN07030,True
817,NSE_EQ|INE538A01037,GFLLIMITED,EQ,NSE,GFL LIMITED,Others,INE538A01037,True
8389,NSE_EQ|INE534A01028,GFSTEELS,BE,NSE,GRAND FOUNDRY LTD,Others,INE534A01028,True
3563,NSE_EQ|INE0R8C01018,GGBL,SM,NSE,GANESH GREEN BHARAT LTD,Others,INE0R8C01018,True
1759,NSE_EQ|INE539A01019,GHCL,EQ,NSE,GHCL LIMITED,Others,INE539A01019,True
605,NSE_EQ|INE0PA801013,GHCLTEXTIL,EQ,NSE,GHCL TEXTILES LIMITED,Others,INE0PA801013,True
2384,NSE_EQ|INE289B01019,GICHSGFIN,EQ,NSE,GIC HOUSING FINANCE LTD,Others,INE289B01019,True
1342,NSE_EQ|INE947T01022,GICL,EQ,NSE,GLOBE INTL CARRIERS LTD,Others,INE947T01022,True
177,NSE_EQ|INE481Y01014,GICRE,EQ,NSE,GENERAL INS CORP OF INDIA,Insurance,INE481Y01014,True
1470,NSE_EQ|INE047B01011,GILLANDERS,EQ,NSE,GILLANDERS ARBUTHNOT LTD,Others,INE047B01011,True
178,NSE_EQ|INE322A01010,GILLETTE,EQ,NSE,GILLETTE INDIA LTD,Household Products,INE322A01010,True
982,NSE_EQ|INF789F1AZF3,GILT10BETA,EQ,NSE,UTIAMC-GILT10BETA,Others,INF789F1AZF3,True
985,NSE_EQ|INF789F1AZE6,GILT5BETA,EQ,NSE,UTIAMC-GILT5BETA,Others,INF789F1AZE6,True
635,NSE_EQ|INF204KC1030,GILT5YBEES,EQ,NSE,RELCAPAMC - NETFGILT5Y,Others,INF204KC1030,True
2229,NSE_EQ|INE424C01010,GINNIFILA,EQ,NSE,GINNI FILAMENTS LTD,Others,INE424C01010,True
615,NSE_EQ|INE162A01010,GIPCL,EQ,NSE,GUJ IND POW CO. LTD,Others,INE162A01010,True
6804,NSE_EQ|INE614Z01017,GIRIRAJ,SM,NSE,GIRIRAJ CIVIL DEVP LTD,Others,INE614Z01017,True
9242,NSE_EQ|INE1TY801010,GJL,ST,NSE,GROVER JEWELLS LIMITED,Others,INE1TY801010,True
841,NSE_EQ|INE1AG301022,GKENERGY,EQ,NSE,GK ENERGY LIMITED,Others,INE1AG301022,True
2164,NSE_EQ|INE0V0W01025,GKSL,EQ,NSE,GUJARAT KIDNEY N SUP SP L,Others,INE0V0W01025,True
2183,NSE_EQ|INE528A01020,GKWLIMITED,EQ,NSE,GKW LIMITED,Others,INE528A01020,True
179,NSE_EQ|INE068V01023,GLAND,EQ,NSE,GLAND PHARMA LIMITED,Pharmaceuticals,INE068V01023,True
180,NSE_EQ|INE159A01016,GLAXO,EQ,NSE,GLAXOSMITHKLINE PHARMA LT,Pharmaceuticals,INE159A01016,True
181,NSE_EQ|INE935A01035,GLENMARK,EQ,NSE,GLENMARK PHARMACEUTICALS,Pharmaceuticals,INE935A01035,True
7868,NSE_EQ|INE540A01017,GLFL,BE,NSE,GUJARAT LEASE FINANCING L,Others,INE540A01017,True
1204,NSE_EQ|INE291W01037,GLOBAL,EQ,NSE,GLOBAL EDUCATION LIMITED,Others,INE291W01037,True
3706,NSE_EQ|INE0URU01010,GLOBALE,BE,NSE,GLOBALE TESSILE LIMITED,Others,INE0URU01010,True
6908,NSE_EQ|INE0PS501019,GLOBALPET,ST,NSE,GLOBAL PET INDUSTRIES LTD,Others,INE0PS501019,True
1028,NSE_EQ|INE792H01019,GLOBALVECT,EQ,NSE,GLOBAL VEC HELICORP LTD,Others,INE792H01019,True
1274,NSE_EQ|INE581X01021,GLOBE,EQ,NSE,GLOBE ENTERPRISE (I) LTD,Others,INE581X01021,True
3705,NSE_EQ|INE0V3U01015,GLOBECIVIL,BE,NSE,GLOBE CIVIL PROJECTS LTD,Others,INE0V3U01015,True
1774,NSE_EQ|INE615I01010,GLOBUSSPR,EQ,NSE,GLOBUS SPIRITS LTD,Others,INE615I01010,True
1058,NSE_EQ|INE350Z01018,GLOSTERLTD,EQ,NSE,GLOSTER LIMITED,Others,INE350Z01018,True
3399,NSE_EQ|INE0TQE01026,GLOTTIS,BE,NSE,GLOTTIS LIMITED,Others,INE0TQE01026,True
1720,NSE_EQ|INE075D01018,GMBREW,EQ,NSE,G M BREWERIES LTD,Others,INE075D01018,True
197,NSE_EQ|INE131A01031,GMDCLTD,EQ,NSE,GUJARAT MINERAL DEV CORP,Minerals,INE131A01031,True
5434,NSE_EQ|INE09A801015,GML,SM,NSE,GALAXY MEDICARE LIMITED,Others,INE09A801015,True
1111,NSE_EQ|INE541A01023,GMMPFAUDLR,EQ,NSE,GMM PFAUDLER LIMITED,Others,INE541A01023,True
175,NSE_EQ|INE776C01039,GMRAIRPORT,EQ,NSE,GMR AIRPORTS LIMITED,Infrastructure,INE776C01039,True
601,NSE_EQ|INE0CU601026,GMRP&UI,EQ,NSE,GMR POW AND URBAN INFRA L,Others,INE0CU601026,True
620,NSE_EQ|INE934S01014,GNA,EQ,NSE,GNA AXLES LIMITED,Others,INE934S01014,True
1440,NSE_EQ|INE113A01013,GNFC,EQ,NSE,GUJ NAR VAL FER & CHEM L,Others,INE113A01013,True
2450,NSE_EQ|INE207H01018,GNRL,EQ,NSE,GUJARAT NATURAL RES L,Others,INE207H01018,True
938,NSE_EQ|INE426D01013,GOACARBON,EQ,NSE,GOA CARBON LIMITED,Others,INE426D01013,True
825,NSE_EQ|INE077F01035,GOCLCORP,EQ,NSE,GOCL CORPORATION LIMITED,Others,INE077F01035,True
2498,NSE_EQ|INE0BJS01011,GOCOLORS,EQ,NSE,GO FASHION INDIA LTD,Others,INE0BJS01011,True
2239,NSE_EQ|INE497S01012,GODAVARIB,EQ,NSE,GODAVARI BIOREFINERIES L,Others,INE497S01012,True
185,NSE_EQ|INE260B01028,GODFRYPHLP,EQ,NSE,GODFREY PHILLIPS INDIA LT,Tobacco,INE260B01028,True
183,NSE_EQ|INE03JT01014,GODIGIT,EQ,NSE,GO DIGIT GENERAL INS LTD,Insurance,INE03JT01014,True
186,NSE_EQ|INE850D01014,GODREJAGRO,EQ,NSE,GODREJ AGROVET LIMITED,Consumer Food,INE850D01014,True
187,NSE_EQ|INE102D01028,GODREJCP,EQ,NSE,GODREJ CONSUMER PRODUCTS,Household Products,INE102D01028,True
188,NSE_EQ|INE233A01035,GODREJIND,EQ,NSE,GODREJ INDUSTRIES LTD,Chemicals,INE233A01035,True
189,NSE_EQ|INE484J01027,GODREJPROP,EQ,NSE,GODREJ PROPERTIES LTD,Construction,INE484J01027,True
1634,NSE_EQ|INE887G01027,GOKEX,EQ,NSE,GOKALDAS EXPORTS LTD.,Others,INE887G01027,True
1702,NSE_EQ|INE020J01029,GOKUL,EQ,NSE,GOKUL REFOILS & SOLV LTD,Others,INE020J01029,True
524,NSE_EQ|INE314T01033,GOKULAGRO,EQ,NSE,GOKUL AGRO RESOURCES LTD,Others,INE314T01033,True
653,NSE_EQ|INF174KA1HJ8,GOLD1,EQ,NSE,KOTAK GOLD ETF,Others,INF174KA1HJ8,True
2380,NSE_EQ|INF579M01BB5,GOLD360,EQ,NSE,360ONEAMC - GOLD360,Others,INF579M01BB5,True
1882,NSE_EQ|INF740KA1SW3,GOLDADD,EQ,NSE,DSPAMC - DSPGOLD,Others,INF740KA1SW3,True
1632,NSE_EQ|INF204KB17I5,GOLDBEES,EQ,NSE,NIP IND ETF GOLD BEES,Others,INF204KB17I5,True
1011,NSE_EQ|INF789F1AUX7,GOLDBETA,EQ,NSE,UTIAMC-UTIGOLDBETA,Others,INF789F1AUX7,True
885,NSE_EQ|INF194KB1KJ7,GOLDBND,EQ,NSE,BANDHANAMC - GOLDBND,Others,INF194KB1KJ7,True
902,NSE_EQ|INF0R8F01042,GOLDCASE,EQ,NSE,ZERODHAAMC - GOLDCASE,Others,INF0R8F01042,True
8289,NSE_EQ|INE973A01010,GOLDENTOBC,BZ,NSE,GOLDEN TOBACCO LIMITED,Others,INE973A01010,True
1248,NSE_EQ|INF769K01JP9,GOLDETF,EQ,NSE,MIRAEAMC - MAGOLDETF,Others,INF769K01JP9,True
2457,NSE_EQ|INE025B01025,GOLDIAM,EQ,NSE,GOLDIAM INTERNATIONAL LTD,Others,INE025B01025,True
2407,NSE_EQ|INF109KC1NT3,GOLDIETF,EQ,NSE,ICICI PRUDENTIAL GOLD ETF,Others,INF109KC1NT3,True
7744,NSE_EQ|INE06MH01016,GOLDKART,SM,NSE,GOLDKART JEWELS LIMITED,Others,INE06MH01016,True
4977,NSE_EQ|INE405Y01021,GOLDSTAR,SM,NSE,GOLDSTAR POWER LIMITED,Others,INE405Y01021,True
2297,NSE_EQ|INE805A01014,GOLDTECH,EQ,NSE,AION-TECH SOLUTIONS LTD,Others,INE805A01014,True
1117,NSE_EQ|INE127I01024,GOODLUCK,EQ,NSE,GOODLUCK INDIA LIMITED,Others,INE127I01024,True
1467,NSE_EQ|INE533A01012,GOODYEAR,EQ,NSE,GOODYEAR INDIA LIMITED,Others,INE533A01012,True
759,NSE_EQ|INE0L9R01028,GOPAL,EQ,NSE,GOPAL SNACKS LIMITED,Others,INE0L9R01028,True
1567,NSE_EQ|INE705X01026,GOYALALUM,EQ,NSE,GOYAL ALUMINIUMS LIMITED,Others,INE705X01026,True
9321,NSE_EQ|INE0QFE01017,GOYALSALT,SM,NSE,GOYAL SALT LIMITED,Others,INE0QFE01017,True
2763,NSE_EQ|INE0S7E01015,GPECO,ST,NSE,GP ECO SOLUTIONS INDIA L,Others,INE0S7E01015,True
184,NSE_EQ|INE177H01039,GPIL,EQ,NSE,GODAWARI POW & ISP LTD,Steel & Iron Products,INE177H01039,True
2019,NSE_EQ|INE517F01014,GPPL,EQ,NSE,GUJARAT PIPAVAV PORT LTD,Others,INE517F01014,True
2324,NSE_EQ|INE486R01017,GPTHEALTH,EQ,NSE,GPT HEALTHCARE LIMITED,Others,INE486R01017,True
1149,NSE_EQ|INE390G01014,GPTINFRA,EQ,NSE,GPT INFRAPROJECTS LTD,Others,INE390G01014,True
2141,NSE_EQ|INE361K01017,GRADIENTE,EQ,NSE,GRADIENTE INFOTAINMENT L,Others,INE361K01017,True
1299,NSE_EQ|INE926B01016,GRANDOAK,EQ,NSE,GRAND OAK CANYONS DIST L,Others,INE926B01016,True
190,NSE_EQ|INE101D01020,GRANULES,EQ,NSE,GRANULES INDIA LIMITED,Pharmaceuticals,INE101D01020,True
3856,NSE_EQ|INE0POU01017,GRAPHISAD,SM,NSE,GRAPHISADS LIMITED,Others,INE0POU01017,True
191,NSE_EQ|INE371A01025,GRAPHITE,EQ,NSE,GRAPHITE INDIA LTD,Welding Equipment,INE371A01025,True
192,NSE_EQ|INE047A01021,GRASIM,EQ,NSE,GRASIM INDUSTRIES LTD,Diversified,INE047A01021,True
762,NSE_EQ|INE266D01021,GRAUWEIL,EQ,NSE,GRAUER & WEIL IND LTD,Others,INE266D01021,True
2206,NSE_EQ|INE214F01026,GRAVISSHO,EQ,NSE,GRAVISS HOSPITALITY LTD.,Others,INE214F01026,True
193,NSE_EQ|INE024L01027,GRAVITA,EQ,NSE,GRAVITA INDIA LIMITED,Metal,INE024L01027,True
4172,NSE_EQ|INE0LVM01018,GRCL,ST,NSE,GAYATRI RUBB AND CHEM LTD,Others,INE0LVM01018,True
648,NSE_EQ|INE224A01026,GREAVESCOT,EQ,NSE,GREAVES COTTON LTD.,Others,INE224A01026,True
4770,NSE_EQ|INE0O7P01015,GREENCHEF,SM,NSE,GREENCHEF APPLIANCES LTD,Others,INE0O7P01015,True
1753,NSE_EQ|INE544R01021,GREENLAM,EQ,NSE,GREENLAM INDUSTRIES LTD.,Others,INE544R01021,True
2946,NSE_EQ|INE0PLX01017,GREENLEAF,SM,NSE,GREENLEAF ENVIROTECH LTD,Others,INE0PLX01017,True
1514,NSE_EQ|INE08ZM01014,GREENPANEL,EQ,NSE,GREENPANEL INDUSTRIES LTD,Others,INE08ZM01014,True
1321,NSE_EQ|INE461C01038,GREENPLY,EQ,NSE,GREENPLY INDUSTRIES LTD,Others,INE461C01038,True
2170,NSE_EQ|INE999K01014,GREENPOWER,EQ,NSE,ORIENT GREEN POWER CO LTD,Others,INE999K01014,True
4945,NSE_EQ|INE985P01012,GRETEX,ST,NSE,GRETEX INDUSTRIES LTD.,Others,INE985P01012,True
2396,NSE_EQ|INE536A01023,GRINDWELL,EQ,NSE,GRINDWELL NORTON LIMITED,Others,INE536A01023,True
558,NSE_EQ|INE201P01022,GRINFRA,EQ,NSE,G R INFRAPROJECTS LIMITED,Others,INE201P01022,True
1918,NSE_EQ|INE192H01020,GRMOVER,EQ,NSE,GRM OVERSEAS LIMITED,Others,INE192H01020,True
2189,NSE_EQ|INE646C01018,GROBTEA,EQ,NSE,THE GROB TEA COMPANY LTD,Others,INE646C01018,True
2504,NSE_EQ|INE0HOQ01053,GROWW,EQ,NSE,BILLIONBRAINS GARAGE VN L,Others,INE0HOQ01053,True
2247,NSE_EQ|INF666M01MM4,GROWWCAPM,EQ,NSE,GROWWAMC - GROWWCAPM,Others,INF666M01MM4,True
2257,NSE_EQ|INF666M01NP5,GROWWCHEM,EQ,NSE,GROWWAMC - GROWWCHEM,Others,INF666M01NP5,True
2488,NSE_EQ|INF666M01IO8,GROWWDEFNC,EQ,NSE,GROWWAMC - GROWWDEFNC,Others,INF666M01IO8,True
2484,NSE_EQ|INF666M01IH2,GROWWEV,EQ,NSE,GROWWAMC - GROWWEV,Others,INF666M01IH2,True
2263,NSE_EQ|INF666M01OE7,GROWWGOLD,EQ,NSE,GROWWAMC - GROWWGOLD,Others,INF666M01OE7,True
2264,NSE_EQ|INF666M01OD9,GROWWHOSPI,EQ,NSE,GROWWAMC - GROWWHOSPI,Others,INF666M01OD9,True
2487,NSE_EQ|INF666M01IP5,GROWWLIQID,EQ,NSE,GROWWAMC - GROWWLIQID,Others,INF666M01IP5,True
2283,NSE_EQ|INF666M01LB9,GROWWLOVOL,EQ,NSE,GROWWAMC - GROWWLOVOL,Others,INF666M01LB9,True
2250,NSE_EQ|INF666M01MV5,GROWWMC150,EQ,NSE,GROWWAMC - GROWWMC150,Others,INF666M01MV5,True
2252,NSE_EQ|INF666M01NI0,GROWWMETAL,EQ,NSE,GROWWAMC - GROWWMETAL,Others,INF666M01NI0,True
2270,NSE_EQ|INF666M01KJ4,GROWWMOM50,EQ,NSE,GROWWAMC - GROWWMOM50,Others,INF666M01KJ4,True
2495,NSE_EQ|INF666M01JV1,GROWWN200,EQ,NSE,GROWWAMC - GROWWN200,Others,INF666M01JV1,True
2288,NSE_EQ|INF666M01LI4,GROWWNET,EQ,NSE,GROWWAMC - GROWWNET,Others,INF666M01LI4,True
2287,NSE_EQ|INF666M01LL8,GROWWNIFTY,EQ,NSE,GROWWAMC - GROWWNIFTY,Others,INF666M01LL8,True
2290,NSE_EQ|INF666M01LZ8,GROWWNXT50,EQ,NSE,GROWWAMC - GROWWNXT50,Others,INF666M01LZ8,True
2286,NSE_EQ|INF666M01LM6,GROWWPOWER,EQ,NSE,GROWWAMC - GROWWPOWER,Others,INF666M01LM6,True
2256,NSE_EQ|INF666M01NQ3,GROWWPSE,EQ,NSE,GROWWAMC - GROWWPSE,Others,INF666M01NQ3,True
2319,NSE_EQ|INF666M01OG2,GROWWPSUBK,EQ,NSE,GROWWAMC - GROWWPSUBK,Others,INF666M01OG2,True
2491,NSE_EQ|INF666M01JJ6,GROWWRAIL,EQ,NSE,GROWWAMC - GROWWRAIL,Others,INF666M01JJ6,True
2244,NSE_EQ|INF666M01MN2,GROWWRLTY,EQ,NSE,GROWWAMC - GROWWRLTY,Others,INF666M01MN2,True
2243,NSE_EQ|INF666M01MO0,GROWWSC250,EQ,NSE,GROWWAMC - GROWWSC250,Others,INF666M01MO0,True
2262,NSE_EQ|INF666M01OF4,GROWWSLVR,EQ,NSE,GROWWAMC - GROWWSLVR,Others,INF666M01OF4,True
2200,NSE_EQ|INE137I01015,GRPLTD,EQ,NSE,GRP LIMITED,Others,INE137I01015,True
176,NSE_EQ|INE382Z01011,GRSE,EQ,NSE,GARDEN REACH SHIP&ENG LTD,Ship Building,INE382Z01011,True
1781,NSE_EQ|INE291A01017,GRWRHITECH,EQ,NSE,GARWARE HI-TECH FILMS LTD,Others,INE291A01017,True
3892,NSE_EQ|IN001226C058,GS151226C,GS,NSE,GOI STRIPS C 151226,Others,IN001226C058,True
8373,NSE_EQ|IN000230C028,GS220230C,GS,NSE,GOI STRIPS C 220230,Others,IN000230C028,True
4616,NSE_EQ|IN000231C026,GS220231C,GS,NSE,GOI STRIPS C 220231,Others,IN000231C026,True
8803,NSE_EQ|IN000236C017,GS220236C,GS,NSE,GOI STRIPS C 220236,Others,IN000236C017,True
3278,NSE_EQ|IN000240C019,GS220240C,GS,NSE,GOI STRIPS C 220240,Others,IN000240C019,True
3435,NSE_EQ|IN000250C018,GS220250C,GS,NSE,GOI STRIPS C 220250,Others,IN000250C018,True
8956,NSE_EQ|IN000261C015,GS220261C,GS,NSE,GOI STRIPS C 220261,Others,IN000261C015,True
5272,NSE_EQ|IN000261P017,GS220261P,GS,NSE,GOI STRIPS P 220261,Others,IN000261P017,True
2534,NSE_EQ|IN000830C025,GS220830C,GS,NSE,GOI STRIPS C 220830,Others,IN000830C025,True
6428,NSE_EQ|IN000831C023,GS220831C,GS,NSE,GOI STRIPS C 220831,Others,IN000831C023,True
5486,NSE_EQ|IN000836C014,GS220836C,GS,NSE,GOI STRIPS C 220836,Others,IN000836C014,True
5853,NSE_EQ|IN000840C016,GS220840C,GS,NSE,GOI STRIPS C 220840,Others,IN000840C016,True
7710,NSE_EQ|IN000850C015,GS220850C,GS,NSE,GOI STRIPS C 220850,Others,IN000850C015,True
2228,NSE_EQ|INF209KC1142,GSEC10ABSL,EQ,NSE,BIRLASLAMC - GSEC10ABSL,Others,INF209KC1142,True
2295,NSE_EQ|INF109KC18O0,GSEC10IETF,EQ,NSE,ICICIPRAMC - ICICI10GS,Others,INF109KC18O0,True
1214,NSE_EQ|INF769K01KF8,GSEC10YEAR,EQ,NSE,MIRAEAMC - MAGS813ETF,Others,INF769K01KF8,True
1722,NSE_EQ|INF109KC14A8,GSEC5IETF,EQ,NSE,ICICIPRAMC - ICICI5GSEC,Others,INF109KC14A8,True
691,NSE_EQ|INE026A01025,GSFC,EQ,NSE,GUJ STATE FERT & CHEM LTD,Others,INE026A01025,True
992,NSE_EQ|INE0JSX01015,GSLSU,EQ,NSE,GLOBAL SURFACES LIMITED,Others,INE0JSX01015,True
8536,NSE_EQ|INE0SQY01018,GSMFOILS,SM,NSE,GSM FOILS LIMITED,Others,INE0SQY01018,True
1681,NSE_EQ|INE713R01022,GSPCROP,EQ,NSE,GSP CROP SCIENCE LIMITED,Others,INE713R01022,True
198,NSE_EQ|INE246F01010,GSPL,EQ,NSE,Gujarat State Petronet Ltd.,Gas Transmission,INE246F01010,True
3107,NSE_EQ|INE871H01011,GSS,BE,NSE,GSS INFOTECH LIMITED,Others,INE871H01011,True
7367,NSE_EQ|INE00WS01056,GSTL,ST,NSE,GLOBESECURE TECHNO LTD,Others,INE00WS01056,True
5070,NSE_EQ|INE586X01012,GTECJAINX,BE,NSE,G-TEC JAINX EDUCATION LTD,Others,INE586X01012,True
658,NSE_EQ|INE043A01012,GTL,EQ,NSE,GTL LTD,Others,INE043A01012,True
666,NSE_EQ|INE221H01019,GTLINFRA,EQ,NSE,GTL INFRA.LTD,Others,INE221H01019,True
1551,NSE_EQ|INE869I01013,GTPL,EQ,NSE,GTPL HATHWAY LIMITED,Others,INE869I01013,True
1533,NSE_EQ|INE742B01025,GUFICBIO,EQ,NSE,GUFIC BIOSCIENCES LTD.,Others,INE742B01025,True
2409,NSE_EQ|INE186A01019,GUJALKALI,EQ,NSE,GUJARAT ALKALIES & CHEM,Others,INE186A01019,True
1244,NSE_EQ|INE826C01016,GUJAPOLLO,EQ,NSE,GUJ. APOLLO IND. LTD.,Others,INE826C01016,True
196,NSE_EQ|INE844O01030,GUJGASLTD,EQ,NSE,GUJARAT GAS LIMITED,Gas Transmission,INE844O01030,True
1413,NSE_EQ|INE610B01024,GUJRAFFIA,EQ,NSE,GUJARAT RAFFIA INDUST LTD,Others,INE610B01024,True
2086,NSE_EQ|INE942C01045,GUJTHEM,EQ,NSE,GUJARAT THEMIS BIOSYN LTD,Others,INE942C01045,True
2192,NSE_EQ|INE635Q01029,GULFOILLUB,EQ,NSE,GULF OIL LUB. IND. LTD.,Others,INE635Q01029,True
6530,NSE_EQ|INE586G01017,GULFPETRO,BE,NSE,GP PETROLEUMS LIMITED,Others,INE586G01017,True
1304,NSE_EQ|INE255D01024,GULPOLY,EQ,NSE,GULSHAN POLYOLS LIMITED,Others,INE255D01024,True
4547,NSE_EQ|INE1CCX01012,GURUNANAK,ST,NSE,GURUNANAK AGRICULTUR IN L,Others,INE1CCX01012,True
7916,NSE_EQ|INE251H01024,GVKPIL,BE,NSE,GVK POW. & INFRA LTD.,Others,INE251H01024,True
1779,NSE_EQ|INE878A01011,GVPIL,EQ,NSE,GE POWER INDIA LIMITED,Others,INE878A01011,True
2203,NSE_EQ|INE382T01030,GVPTECH,EQ,NSE,GVP INFOTECH LIMITED,Others,INE382T01030,True
7009,NSE_EQ|IN9382T01012,GVPTECHPP,E1,NSE,GVPTECH RE.1 PPD UP,Others,IN9382T01012,True
174,NSE_EQ|INE200A01026,GVT&D,EQ,NSE,GE VERNOVA T&D INDIA LTD,Electric Equipment,INE200A01026,True
212,NSE_EQ|INE066F01020,HAL,EQ,NSE,HINDUSTAN AERONAUTICS LTD,Airlines,INE066F01020,True
778,NSE_EQ|INE115S01010,HALDER,EQ,NSE,HALDER VENTURE LIMITED,Others,INE115S01010,True
1810,NSE_EQ|INE506D01020,HALDYNGL,EQ,NSE,HALDYN GLASS LTD.,Others,INE506D01020,True
2067,NSE_EQ|INE320X01016,HALEOSLABS,EQ,NSE,HALEOS LABS LIMITED,Others,INE320X01016,True
206,NSE_EQ|INE419U01012,HAPPSTMNDS,EQ,NSE,HAPPIEST MINDS TECHNO LTD,IT - Software,INE419U01012,True
1433,NSE_EQ|INE330T01021,HAPPYFORGE,EQ,NSE,HAPPY FORGINGS LIMITED,Others,INE330T01021,True
1051,NSE_EQ|INE626Z01029,HARDWYN,EQ,NSE,HARDWYN INDIA LIMITED,Others,INE626Z01029,True
1458,NSE_EQ|INE00EV01017,HARIOMPIPE,EQ,NSE,HARIOM PIPE INDUSTRIES L,Others,INE00EV01017,True
1033,NSE_EQ|INE544A01019,HARRMALAYA,EQ,NSE,HARRISON MALAYALAM LTD,Others,INE544A01019,True
1327,NSE_EQ|INE0JUS01029,HARSHA,EQ,NSE,HARSHA ENGINEERS INT LTD,Others,INE0JUS01029,True
1867,NSE_EQ|INE982F01036,HATHWAY,EQ,NSE,HATHWAY CABLE & DATACOM,Others,INE982F01036,True
1924,NSE_EQ|INE473B01035,HATSUN,EQ,NSE,HATSUN AGRO PRODUCT LTD.,Others,INE473B01035,True
207,NSE_EQ|INE176B01034,HAVELLS,EQ,NSE,HAVELLS INDIA LIMITED,Electric Equipment,INE176B01034,True
2108,NSE_EQ|INE293B01029,HAVISHA,EQ,NSE,SRI HAVISHA HOSP & INFR L,Others,INE293B01029,True
1455,NSE_EQ|INE979B01015,HAWKINCOOK,EQ,NSE,HAWKINS COOKERS LTD,Others,INE979B01015,True
1024,NSE_EQ|INE640B01021,HBESD,EQ,NSE,H B ESTATE DEVELOPERS L,Others,INE640B01021,True
200,NSE_EQ|INE292B01021,HBLENGINE,EQ,NSE,HBL ENGINEERING LTD,Batteries,INE292B01021,True
5113,NSE_EQ|INE550B01022,HBSL,BE,NSE,HB STOCKHOLDINGS LIMITED,Others,INE550B01022,True
2433,NSE_EQ|INE549A01026,HCC,EQ,NSE,HINDUSTAN CONSTRUCTION CO,Others,INE549A01026,True
1931,NSE_EQ|INE075I01017,HCG,EQ,NSE,HEALTHCARE GLOB. ENT. LTD,Others,INE075I01017,True
1909,NSE_EQ|INE236A01020,HCL-INSYS,EQ,NSE,HCL INFOSYSTEMS LTD,Others,INE236A01020,True
201,NSE_EQ|INE860A01027,HCLTECH,EQ,NSE,HCL TECHNOLOGIES LTD,IT - Software,INE860A01027,True
1449,NSE_EQ|INE756I01012,HDBFS,EQ,NSE,HDB FINANCIAL SERVICES L,Others,INE756I01012,True
202,NSE_EQ|INE127D01025,HDFCAMC,EQ,NSE,HDFC AMC LIMITED,Asset Management,INE127D01025,True
203,NSE_EQ|INE040A01034,HDFCBANK,EQ,NSE,HDFC BANK LTD,Bank,INE040A01034,True
2027,NSE_EQ|INF179KC1EZ4,HDFCBSE500,EQ,NSE,HDFCAMC - HDFCBSE500,Others,INF179KC1EZ4,True
2173,NSE_EQ|INF179KC1981,HDFCGOLD,EQ,NSE,HDFC GOLD ETF,Others,INF179KC1981,True
2034,NSE_EQ|INF179KC1DJ0,HDFCGROWTH,EQ,NSE,HDFCAMC - HDFCGROWTH,Others,INF179KC1DJ0,True
204,NSE_EQ|INE795G01014,HDFCLIFE,EQ,NSE,HDFC LIFE INS CO LTD,Insurance,INE795G01014,True
2054,NSE_EQ|INF179KC1JG3,HDFCLIQUID,EQ,NSE,HDFCAMC - HDFCLIQUID,Others,INF179KC1JG3,True
2074,NSE_EQ|INF179KC1HU8,HDFCLOWVOL,EQ,NSE,HDFCAMC - HDFCLOWVOL,Others,INF179KC1HU8,True
2073,NSE_EQ|INF179KC1HT0,HDFCMID150,EQ,NSE,HDFCAMC - HDFCMID150,Others,INF179KC1HT0,True
2070,NSE_EQ|INF179KC1HV6,HDFCMOMENT,EQ,NSE,HDFCAMC - HDFCMOMENT,Others,INF179KC1HV6,True
2076,NSE_EQ|INF179KC1HS2,HDFCNEXT50,EQ,NSE,HDFCAMC - HDFCNEXT50,Others,INF179KC1HS2,True
2075,NSE_EQ|INF179KC1HR4,HDFCNIF100,EQ,NSE,HDFCAMC - HDFCNIF100,Others,INF179KC1HR4,True
2069,NSE_EQ|INF179KC1HY0,HDFCNIFBAN,EQ,NSE,HDFCAMC - HDFCNIFBAN,Others,INF179KC1HY0,True
2065,NSE_EQ|INF179KC1IA8,HDFCNIFIT,EQ,NSE,HDFCAMC - HDFCNIFIT,Others,INF179KC1IA8,True
2174,NSE_EQ|INF179KC1965,HDFCNIFTY,EQ,NSE,HDFCAMC - HDFCNIFTY,Others,INF179KC1965,True
2071,NSE_EQ|INF179KC1HW4,HDFCPSUBK,EQ,NSE,HDFCAMC HDFCPSUBK,Others,INF179KC1HW4,True
2066,NSE_EQ|INF179KC1HZ7,HDFCPVTBAN,EQ,NSE,HDFCAMC - HDFCPVTBAN,Others,INF179KC1HZ7,True
2033,NSE_EQ|INF179KC1DL6,HDFCQUAL,EQ,NSE,HDFCAMC - HDFCQUAL,Others,INF179KC1DL6,True
2068,NSE_EQ|INF179KC1HX2,HDFCSENSEX,EQ,NSE,HDFCAMC - HDFCSENSEX,Others,INF179KC1HX2,True
2006,NSE_EQ|INF179KC1DI2,HDFCSILVER,EQ,NSE,HDFCAMC - HDFCSILVER,Others,INF179KC1DI2,True
2025,NSE_EQ|INF179KC1FB2,HDFCSML250,EQ,NSE,HDFCAMC - HDFCSML250,Others,INF179KC1FB2,True
2035,NSE_EQ|INF179KC1DK8,HDFCVALUE,EQ,NSE,HDFCAMC - HDFCVALUE,Others,INF179KC1DK8,True
2866,NSE_EQ|INE191I01012,HDIL,BZ,NSE,HOUSING DEV & INFRA LTD,Others,INE191I01012,True
2165,NSE_EQ|INE759V01019,HEADSUP,EQ,NSE,HEADS UP VENTURES LIMITED,Others,INE759V01019,True
1880,NSE_EQ|INF740KA1UF4,HEALTHADD,EQ,NSE,DSPAMC - HEALTHADD,Others,INF740KA1UF4,True
1195,NSE_EQ|INF769K01QA6,HEALTHCARE,EQ,NSE,MIRAEAMC - HEALTHCARE,Others,INF769K01QA6,True
2421,NSE_EQ|INF109KC1Q72,HEALTHIETF,EQ,NSE,ICICIPRAMC - ICICIPHARM,Others,INF109KC1Q72,True
1540,NSE_EQ|INE019J01013,HEALTHX,EQ,NSE,HEALTH X PLATFORM LIMITED,Others,INE019J01013,True
1114,NSE_EQ|INF209KB10C2,HEALTHY,EQ,NSE,BIRLASLAMC - HEALTHY,Others,INF209KB10C2,True
629,NSE_EQ|INE558R01013,HECPROJECT,EQ,NSE,HEC INFRA PROJECTS LTD,Others,INE558R01013,True
199,NSE_EQ|INE545A01024,HEG,EQ,NSE,HEG LTD,Welding Equipment,INE545A01024,True
781,NSE_EQ|INE578A01017,HEIDELBERG,EQ,NSE,HEIDELBERGCEMENT (I) LTD,Others,INE578A01017,True
2336,NSE_EQ|INE0AJG01018,HEMIPROP,EQ,NSE,HEMISPHERE PROP IND LTD,Others,INE0AJG01018,True
1535,NSE_EQ|INE694N01015,HERANBA,EQ,NSE,HERANBA INDUSTRIES LTD,Others,INE694N01015,True
1786,NSE_EQ|INE978A01027,HERITGFOOD,EQ,NSE,HERITAGE FOODS LTD,Others,INE978A01027,True
208,NSE_EQ|INE158A01026,HEROMOTOCO,EQ,NSE,HERO MOTOCORP LIMITED,Automobile,INE158A01026,True
600,NSE_EQ|INE782E01017,HESTERBIO,EQ,NSE,HESTER BIOSCIENCES LTD,Others,INE782E01017,True
3741,NSE_EQ|INE0JUI01012,HEXAGON,BE,NSE,HEXAGON NUTRITION LIMITED,Others,INE0JUI01012,True
2255,NSE_EQ|INE750M01017,HEXATRADEX,EQ,NSE,HEXA TRADEX LIMITED,Others,INE750M01017,True
209,NSE_EQ|INE093A01041,HEXT,EQ,NSE,HEXAWARE TECHNOLOGIES LTD,DVR,INE093A01041,True
205,NSE_EQ|INE548A01028,HFCL,EQ,NSE,HFCL LIMITED,Telecommunication,INE548A01028,True
2161,NSE_EQ|INE926X01010,HGINFRA,EQ,NSE,H.G.INFRA ENGINEERING LTD,Others,INE926X01010,True
606,NSE_EQ|INE596H01014,HGM,EQ,NSE,HANDSON GBL MNGMNT LTD,Others,INE596H01014,True
877,NSE_EQ|INE170I01016,HGS,EQ,NSE,HINDUJA GLOBAL SOLS. LTD.,Others,INE170I01016,True
8703,NSE_EQ|INE0PIC01017,HIGREEN,SM,NSE,HI GREEN CARBON LIMITED,Others,INE0PIC01017,True
1942,NSE_EQ|INE475B01022,HIKAL,EQ,NSE,HIKAL LIMITED,Others,INE475B01022,True
5818,NSE_EQ|INE00RL01028,HILINFRA,BE,NSE,HIGHWAY INFRASTRUCTURE L,Others,INE00RL01028,True
4190,NSE_EQ|INE788H01017,HILTON,BE,NSE,HILTON METAL FORGING LTD,Others,INE788H01017,True
1520,NSE_EQ|INE049A01027,HIMATSEIDE,EQ,NSE,HIMATSINGKA SEIDE LTD,Others,INE049A01027,True
211,NSE_EQ|INE038A01020,HINDALCO,EQ,NSE,HINDALCO  INDUSTRIES  LTD,Metal,INE038A01020,True
829,NSE_EQ|INE310C01029,HINDCOMPOS,EQ,NSE,HINDUSTAN COMPOSITES LTD.,Others,INE310C01029,True
2616,NSE_EQ|INE642Y01029,HINDCON,BE,NSE,HINDCON CHEMICALS LIMITED,Others,INE642Y01029,True
213,NSE_EQ|INE531E01026,HINDCOPPER,EQ,NSE,HINDUSTAN COPPER LTD,Metal,INE531E01026,True
1400,NSE_EQ|INE345A01011,HINDOILEXP,EQ,NSE,HINDUSTAN OIL EXPLORATION,Others,INE345A01011,True
214,NSE_EQ|INE094A01015,HINDPETRO,EQ,NSE,HINDUSTAN PETROLEUM CORP,Refineries,INE094A01015,True
215,NSE_EQ|INE030A01027,HINDUNILVR,EQ,NSE,HINDUSTAN UNILEVER LTD.,Household Products,INE030A01027,True
2115,NSE_EQ|INE05AN01011,HINDWAREAP,EQ,NSE,HINDWARE HME INOVATON LTD,Others,INE05AN01011,True
216,NSE_EQ|INE267A01025,HINDZINC,EQ,NSE,HINDUSTAN ZINC LIMITED,Metal,INE267A01025,True
1282,NSE_EQ|INE835D01023,HIRECT,EQ,NSE,HIND RECTIFIER LIMITED,Others,INE835D01023,True
869,NSE_EQ|INE598C01011,HISARMETAL,EQ,NSE,HISAR METAL IND. LIMITED,Others,INE598C01011,True
1821,NSE_EQ|INE106T01025,HITECH,EQ,NSE,HI-TECH PIPES LIMITED,Others,INE106T01025,True
7018,NSE_EQ|INE120D01012,HITECHCORP,BE,NSE,HITECH CORPORATION LTD,Others,INE120D01012,True
7816,NSE_EQ|INE127B01011,HITECHGEAR,BE,NSE,THE HI-TECH GEARS LIMITED,Others,INE127B01011,True
1692,NSE_EQ|INE461D01028,HLEGLAS,EQ,NSE,HLE GLASCOAT LIMITED,Others,INE461D01028,True
1367,NSE_EQ|INE102A01024,HLVLTD,EQ,NSE,HLV LIMITED,Others,INE102A01024,True
994,NSE_EQ|INE0ECP01024,HMAAGRO,EQ,NSE,HMA AGRO INDUSTRIES LTD,Others,INE0ECP01024,True
4275,NSE_EQ|INE262A01018,HMT,BZ,NSE,HMT LTD -,Others,INE262A01018,True
2399,NSE_EQ|INE871K01015,HMVL,EQ,NSE,HINDUSTAN MEDIA VENT LTD,Others,INE871K01015,True
2157,NSE_EQ|INE254N01026,HNDFDS,EQ,NSE,HINDUSTAN FOODS LIMITED,Others,INE254N01026,True
1631,NSE_EQ|INF204KB19I1,HNGSNGBEES,EQ,NSE,NIP IND ETF HANGSENG BEES,Others,INF204KB19I1,True
7603,NSE_EQ|INE0S6S01017,HOACFOODS,ST,NSE,HOAC FOODS INDIA LIMITED,Others,INE0S6S01017,True
6707,NSE_EQ|INE0LXA01019,HOLMARC,SM,NSE,HOLMARC OPTO MECHATRO L,Others,INE0LXA01019,True
218,NSE_EQ|INE481N01025,HOMEFIRST,EQ,NSE,HOME FIRST FIN CO IND LTD,Housing Finance,INE481N01025,True
7905,NSE_EQ|INE0N7F01017,HOMESFY,SM,NSE,HOMESFY REALTY LIMITED,Others,INE0N7F01017,True
219,NSE_EQ|INE0J5401028,HONASA,EQ,NSE,HONASA CONSUMER LIMITED,Trading,INE0J5401028,True
220,NSE_EQ|INE671A01010,HONAUT,EQ,NSE,HONEYWELL AUTOMATION IND,Consumer Durables,INE671A01010,True
2176,NSE_EQ|INE634A01018,HONDAPOWER,EQ,NSE,HONDA I POWER PRODUCT LTD,Others,INE634A01018,True
2326,NSE_EQ|INE0GSL01024,HPAL,EQ,NSE,HP ADHESIVES LIMITED,Others,INE0GSL01024,True
1207,NSE_EQ|INE05X901010,HPIL,EQ,NSE,HINDPRAKASH INDUSTRY LTD,Others,INE05X901010,True
2150,NSE_EQ|INE495S01016,HPL,EQ,NSE,HPL ELECTRIC & POWER LTD,Others,INE495S01016,True
4262,NSE_EQ|INE0VA601019,HPTL,SM,NSE,HP TELECOM INDIA LIMITED,Others,INE0VA601019,True
4722,NSE_EQ|INE0R3501012,HRHNEXT,SM,NSE,HRH NEXT SERVICES LIMITED,Others,INE0R3501012,True
1730,NSE_EQ|INF336L01RX2,HSBCGOLD,EQ,NSE,HSBCAMC - HSBCGOLD,Others,INF336L01RX2,True
210,NSE_EQ|INE019C01026,HSCL,EQ,NSE,HIMADRI SPECIALITY CHEM L,Chemicals,INE019C01026,True
1579,NSE_EQ|INE501G01024,HTMEDIA,EQ,NSE,HT MEDIA LIMITED,Others,INE501G01024,True
791,NSE_EQ|INE703H01016,HUBTOWN,EQ,NSE,HUBTOWN LIMITED,Others,INE703H01016,True
221,NSE_EQ|INE031A01017,HUDCO,EQ,NSE,HSG & URBAN DEV CORPN LTD,Housing Finance,INE031A01017,True
1524,NSE_EQ|INE275B01026,HUHTAMAKI,EQ,NSE,HUHTAMAKI INDIA LIMITED,Others,INE275B01026,True
6170,NSE_EQ|INE0TO501019,HVAX,SM,NSE,HVAX TECHNOLOGIES LIMITED,Others,INE0TO501019,True
2186,NSE_EQ|INE965B01022,HYBRIDFIN,EQ,NSE,HYBRID FINANCIAL SERVICE,Others,INE965B01022,True
223,NSE_EQ|INE0V6F01027,HYUNDAI,EQ,NSE,HYUNDAI MOTOR INDIA LTD,Automobile,INE0V6F01027,True
5722,NSE_EQ|INE0O7401018,IBLFL,SM,NSE,IBL FINANCE LIMITED,Others,INE0O7401018,True
9028,NSE_EQ|INE126M01010,IBULLSLTD,BE,NSE,INDIABULLS LIMITED,Others,INE126M01010,True
812,NSE_EQ|INE613B01010,ICDSLTD,EQ,NSE,ICDS LTD,Others,INE613B01010,True
1336,NSE_EQ|INE520Y01019,ICEMAKE,EQ,NSE,ICE MAKE REFRIGERAT LTD,Others,INE520Y01019,True
855,NSE_EQ|INE346A01027,ICICIAMC,EQ,NSE,ICICI PRUDENTIAL AMC LTD,Others,INE346A01027,True
743,NSE_EQ|INF109KB15Y7,ICICIB22,EQ,NSE,ICICIPRAMC - BHARATIWIN,Others,INF109KB15Y7,True
224,NSE_EQ|INE090A01021,ICICIBANK,EQ,NSE,ICICI BANK LTD.,Bank,INE090A01021,True
225,NSE_EQ|INE765G01017,ICICIGI,EQ,NSE,ICICI LOMBARD GIC LIMITED,Insurance,INE765G01017,True
226,NSE_EQ|INE726G01019,ICICIPRULI,EQ,NSE,ICICI PRU LIFE INS CO LTD,Insurance,INE726G01019,True
6550,NSE_EQ|INE090A08SP8,ICICM58,Y1,NSE,ICICI-MULTI-6-3000-2026,Others,INE090A08SP8,True
2095,NSE_EQ|INE483B01026,ICIL,EQ,NSE,INDO COUNT INDUSTRIES LTD,Others,INE483B01026,True
1717,NSE_EQ|INE725G01011,ICRA,EQ,NSE,ICRA LIMITED,Others,INE725G01011,True
1689,NSE_EQ|INE008A01015,IDBI,EQ,NSE,IDBI BANK LIMITED,Others,INE008A01015,True
1163,NSE_EQ|INE669E01016,IDEA,EQ,NSE,VODAFONE IDEA LIMITED,Others,INE669E01016,True
8408,NSE_EQ|INE349Y01013,IDEAFORGE,BE,NSE,IDEAFORGE TECHNO LTD,Others,INE349Y01013,True
4704,NSE_EQ|INE0T9I01011,IDEALTECHO,SM,NSE,IDEAL TECHNOPLAST IND LTD,Others,INE0T9I01011,True
7168,NSE_EQ|INE0TD101011,IDENTICAL,ST,NSE,IDENTICAL BRAINS STUDIO L,Others,INE0TD101011,True
228,NSE_EQ|INE092T01019,IDFCFIRSTB,EQ,NSE,IDFC FIRST BANK LIMITED,Bank,INE092T01019,True
1803,NSE_EQ|INF194KA1U07,IDFNIFTYET,EQ,NSE,BANDHANAMC - IDFNIFTYET,Others,INF194KA1U07,True
4988,NSE_EQ|INE0RRU01016,IEML,SM,NSE,INDIAN EMULSIFIERS LTD,Others,INE0RRU01016,True
241,NSE_EQ|INE022Q01020,IEX,EQ,NSE,INDIAN ENERGY EXC LTD,Power,INE022Q01020,True
2889,NSE_EQ|INE076C01018,IFBAGRO,BE,NSE,IFB AGRO INDUSTRIES LTD,Others,INE076C01018,True
624,NSE_EQ|INE559A01017,IFBIND,EQ,NSE,IFB INDUSTRIES LTD,Others,INE559A01017,True
229,NSE_EQ|INE039A01010,IFCI,EQ,NSE,IFCI LTD,Finance,INE039A01010,True
2020,NSE_EQ|INE133Y01011,IFGLEXPOR,EQ,NSE,IFGL REFRACTORIES LIMITED,Others,INE133Y01011,True
1412,NSE_EQ|INE188B01013,IGARASHI,EQ,NSE,IGARASHI MOTORS INDIA LTD,Others,INE188B01013,True
1410,NSE_EQ|INE05J901018,IGCL,EQ,NSE,INDOGULF CROPSCIENCES LTD,Others,INE05J901018,True
255,NSE_EQ|INE0Q9301021,IGIL,EQ,NSE,INTL GEMOLOGICAL INST LTD,Miscellaneous,INE0Q9301021,True
248,NSE_EQ|INE203G01027,IGL,EQ,NSE,INDRAPRASTHA GAS LTD,Gases & Fuels,INE203G01027,True
1819,NSE_EQ|INE204A01010,IGPL,EQ,NSE,I G PETROCHEMICALS LTD,Others,INE204A01010,True
6734,NSE_EQ|INE477L07BD8,IHF261224,N1,NSE,SEC RE NCD SR V,Others,INE477L07BD8,True
6739,NSE_EQ|INE477L07BF3,IHF261224A,N1,NSE,SEC RE NCD SR VIII,Others,INE477L07BF3,True
6730,NSE_EQ|INE477L07BA4,IHFL261224,N1,NSE,SEC RE NCD SR II,Others,INE477L07BA4,True
230,NSE_EQ|INE530B01024,IIFL,EQ,NSE,IIFL FINANCE LIMITED,Investment,INE530B01024,True
6501,NSE_EQ|INE530B07583,IIFL060326,YA,NSE,IIFL TR I SR VII,Others,INE530B07583,True
6421,NSE_EQ|INE530B07641,IIFL06326,YC,NSE,IIFL TR I SR IX,Others,INE530B07641,True
6506,NSE_EQ|INE530B07542,IIFL210425,NW,NSE,IIFL TR I SR II,Others,INE530B07542,True
6503,NSE_EQ|INE530B07526,IIFL21425,NY,NSE,IIFL TR I SR IV,Others,INE530B07526,True
6491,NSE_EQ|INE530B07500,IIFL21425A,Y1,NSE,IIFL TR I SR VII,Others,INE530B07500,True
6406,NSE_EQ|INE530B07625,IIFL60326,YB,NSE,IIFL TR I SR VIII,Others,INE530B07625,True
1406,NSE_EQ|INE489L01022,IIFLCAPS,EQ,NSE,IIFL CAPITAL SERVICES LTD,Others,INE489L01022,True
6657,NSE_EQ|INE477L07AS8,IIFLHF29,NE,NSE,SEC RE NCD 0% SR.VIII,Others,INE477L07AS8,True
6648,NSE_EQ|INE477L07AP4,IIFLHFZC27,NB,NSE,SEC RE NCD 0% SR.V,Others,INE477L07AP4,True
5686,NSE_EQ|INE530B07187,IIFLZC26,NN,NSE,SEC RE NCD 0% SR.VII,Others,INE530B07187,True
6613,NSE_EQ|INE530B08110,IIFLZC28,NG,NSE,UNSE RE NCD 0% SR.III,Others,INE530B08110,True
6529,NSE_EQ|INE530B07278,IIFLZC28A,NU,NSE,SEC RE NCD 0% SR.VII,Others,INE530B07278,True
6546,NSE_EQ|INE530B07369,IIFLZC28B,Y1,NSE,SEC RE NCD 0% SR.VII,Others,INE530B07369,True
6206,NSE_EQ|INE477L08162,IIFLZC28C,N6,NSE,UNSEC RE NCD 0% SR.III,Others,INE477L08162,True
1895,NSE_EQ|INE886A01014,IITL,EQ,NSE,INDUSTRIAL INV TRUST LTD,Others,INE886A01014,True
1798,NSE_EQ|INE0LOJ01019,IKIO,EQ,NSE,IKIO TECHNOLOGIES LIMITED,Others,INE0LOJ01019,True
256,NSE_EQ|INE115Q01022,IKS,EQ,NSE,INVENTURUS KNOWLEDGE SO L,Miscellaneous,INE115Q01022,True
9025,NSE_EQ|INE369I01014,IL&FSENGG,BZ,NSE,IL&FS ENG AND CONS CO LTD,Others,INE369I01014,True
4495,NSE_EQ|INE975G01012,IL&FSTRANS,BZ,NSE,IL&FS TRANS NET LTD,Others,INE975G01012,True
959,NSE_EQ|INE172N01012,IMAGICAA,EQ,NSE,IMAGICAAWORLD ENT LTD,Others,INE172N01012,True
8116,NSE_EQ|INE00QS24043,IMC1,N1,NSE,SEC RE NCGB 8.25% STRPP B,Others,INE00QS24043,True
8118,NSE_EQ|INE00QS24027,IMC1,N2,NSE,SEC RE NCGB 8.25% STRPP C,Others,INE00QS24027,True
8119,NSE_EQ|INE00QS24035,IMC1,N3,NSE,SEC RE NCGB 8.25% STRPP D,Others,INE00QS24035,True
2202,NSE_EQ|INE919H01018,IMFA,EQ,NSE,INDIAN METALS & FERRO,Others,INE919H01018,True
1792,NSE_EQ|INE547E01014,IMPAL,EQ,NSE,IND MOTOR PART & ACC LTD,Others,INE547E01014,True
4751,NSE_EQ|INE691G01015,IMPEXFERRO,BZ,NSE,IMPEX FERRO TECH LIMITED,Others,INE691G01015,True
632,NSE_EQ|INE0LGX01024,INA,EQ,NSE,INSOLATION ENERGY LIMITED,Others,INE0LGX01024,True
1993,NSE_EQ|INE452L01012,INCREDIBLE,EQ,NSE,INCREDIBLE INDUSTRIES LTD,Others,INE452L01012,True
2194,NSE_EQ|INE841B01017,INDBANK,EQ,NSE,INDBANK MERCH BANK,Others,INE841B01017,True
237,NSE_EQ|INE065X01017,INDGN,EQ,NSE,INDEGENE LIMITED,Pharmaceuticals,INE065X01017,True
242,NSE_EQ|INE053A01029,INDHOTEL,EQ,NSE,THE INDIAN HOTELS CO. LTD,Hotel,INE053A01029,True
507,NSE_INDEX|India VIX,INDIA VIX,INDEX,NSE,India VIX Volatility Index,INDEX,IN9999999999,True
238,NSE_EQ|INE383A01012,INDIACEM,EQ,NSE,THE INDIA CEMENTS LIMITED,Construction Materials,INE383A01012,True
1345,NSE_EQ|INE560A01023,INDIAGLYCO,EQ,NSE,INDIA GLYCOLS LTD,Others,INE560A01023,True
239,NSE_EQ|INE933S01016,INDIAMART,EQ,NSE,INDIAMART INTERMESH LTD,e-Commerce,INE933S01016,True
240,NSE_EQ|INE562A01011,INDIANB,EQ,NSE,INDIAN BANK,Bank,INE562A01011,True
1197,NSE_EQ|INE061A01014,INDIANCARD,EQ,NSE,INDIAN CARD CLOTHING CO.,Others,INE061A01014,True
1037,NSE_EQ|INE323C01030,INDIANHUME,EQ,NSE,INDIAN HUME PIPE CO. LTD.,Others,INE323C01030,True
2233,NSE_EQ|INE922K01024,INDIASHLTR,EQ,NSE,INDIA SHELTER FIN CORP L,Others,INE922K01024,True
3602,NSE_EQ|INE0PS301014,INDIFRA,SM,NSE,INDIFRA LIMITED,Others,INE0PS301014,True
254,NSE_EQ|INE646L01027,INDIGO,EQ,NSE,INTERGLOBE AVIATION LTD,Airlines,INE646L01027,True
1136,NSE_EQ|INE09VQ01012,INDIGOPNTS,EQ,NSE,INDIGO PAINTS LIMITED,Others,INE09VQ01012,True
9067,NSE_EQ|INE219X23014,INDIGRID,IV,NSE,INDIGRID INFRASTRUCT TRST,Others,INE219X23014,True
1095,NSE_EQ|INE06ST01018,INDIQUBE,EQ,NSE,INDIQUBE SPACES LIMITED,Others,INE06ST01018,True
890,NSE_EQ|INE092B01025,INDNIPPON,EQ,NSE,INDIA NIPPON ELECT  LTD,Others,INE092B01025,True
2318,NSE_EQ|INE760F01028,INDOAMIN,EQ,NSE,INDO AMINES LIMITED,Others,INE760F01028,True
1169,NSE_EQ|INE803D01021,INDOBORAX,EQ,NSE,INDO BORAX & CHEMICAL LTD,Others,INE803D01021,True
1383,NSE_EQ|INE873D01024,INDOCO,EQ,NSE,INDOCO REMEDIES LTD.,Others,INE873D01024,True
973,NSE_EQ|INE622H01018,INDOFARM,EQ,NSE,INDO FARM EQUIPMENT LTD,Others,INE622H01018,True
806,NSE_EQ|INE156A01020,INDORAMA,EQ,NSE,INDO RAMA SYNTHETICS LTD,Others,INE156A01020,True
1454,NSE_EQ|INE896L01010,INDOSTAR,EQ,NSE,INDOSTAR CAPITAL FIN LTD,Others,INE896L01010,True
8440,NSE_EQ|INE332H01014,INDOTECH,BE,NSE,INDO TECH TRANSFORM LTD.,Others,INE332H01014,True
2444,NSE_EQ|INE337M01021,INDOTHAI,EQ,NSE,INDO THAI SEC LTD,Others,INE337M01021,True
1022,NSE_EQ|INE250Z01010,INDOUS,EQ,NSE,INDO US BIOTECH LTD,Others,INE250Z01010,True
2683,NSE_EQ|INE227G01018,INDOWIND,BE,NSE,INDOWIND ENERGY LTD,Others,INE227G01018,True
700,NSE_EQ|INE620D01011,INDPRUD,EQ,NSE,INDUSTRIAL & PRU INV CO L,Others,INE620D01011,True
2404,NSE_EQ|INE681B01017,INDRAMEDCO,EQ,NSE,INDRAPRASTHA MEDICAL CORP,Others,INE681B01017,True
1067,NSE_EQ|INE915B01019,INDSWFTLAB,EQ,NSE,IND SWIFT LABORATORIES LT,Others,INE915B01019,True
663,NSE_EQ|INE611L01021,INDTERRAIN,EQ,NSE,IND TERRAIN FASHIONS LTD,Others,INE611L01021,True
250,NSE_EQ|INE095A01012,INDUSINDBK,EQ,NSE,INDUSIND BANK LIMITED,Bank,INE095A01012,True
8777,NSE_EQ|INE0NHL23019,INDUSINVIT,IV,NSE,INDUS INFRA TRUST,Others,INE0NHL23019,True
249,NSE_EQ|INE121J01017,INDUSTOWER,EQ,NSE,INDUS TOWERS LIMITED,Telecommunication,INE121J01017,True
7666,NSE_EQ|INE0MRE01011,INFINIUM,SM,NSE,INFINIUM PHARMACHEM LTD,Others,INE0MRE01011,True
9393,NSE_EQ|INE0MYZ01012,INFLUX,SM,NSE,INFLUX HEALTHTECH LIMITED,Others,INE0MYZ01012,True
1870,NSE_EQ|INE344S01016,INFOBEAN,EQ,NSE,INFOBEANS TECHNO. LTD.,Others,INE344S01016,True
3663,NSE_EQ|INE0NNZ01013,INFOLLION,SM,NSE,INFOLLION RESEARCH SER L,Others,INE0NNZ01013,True
1854,NSE_EQ|INE669A01022,INFOMEDIA,EQ,NSE,INFOMEDIA PRESS LIMITED,Others,INE669A01022,True
1193,NSE_EQ|INF769K01QB4,INFRA,EQ,NSE,MIRAEAMC - INFRA,Others,INF769K01QB4,True
689,NSE_EQ|INF732E01268,INFRABEES,EQ,NSE,NIP IND ETF INFRA BEES,Others,INF732E01268,True
1741,NSE_EQ|INF109KC16E5,INFRAIETF,EQ,NSE,ICICIPRAMC - ICICIINFRA,Others,INF109KC16E5,True
500,NSE_EQ|INE009A01021,INFY,EQ,NSE,INFOSYS LIMITED,IT - Software,INE009A01021,True
542,NSE_EQ|INE177A01018,INGERRAND,EQ,NSE,INGERSOLL-RAND INDIA LTD,Others,INE177A01018,True
6846,NSE_EQ|INE0OPC01015,INM,SM,NSE,INTERIORS & MORE LIMITED,Others,INE0OPC01015,True
6326,NSE_EQ|INE0S1D01010,INNOMET,ST,NSE,INNOMET ADVANCED MATERI L,Others,INE0S1D01010,True
1614,NSE_EQ|INE0DUT01020,INNOVACAP,EQ,NSE,INNOVA CAPTAB LIMITED,Others,INE0DUT01020,True
1198,NSE_EQ|INE403Y01018,INNOVANA,EQ,NSE,INNOVANA THINKLABS LTD,Others,INE403Y01018,True
1565,NSE_EQ|INE0ADB01012,INNOVISION,EQ,NSE,INNOVISION LIMITED,Others,INE0ADB01012,True
1618,NSE_EQ|INE510W01014,INOXGREEN,EQ,NSE,INOX GREEN ENERGY SER LTD,Others,INE510W01014,True
231,NSE_EQ|INE616N01034,INOXINDIA,EQ,NSE,INOX INDIA LIMITED,Engineering,INE616N01034,True
252,NSE_EQ|INE066P01011,INOXWIND,EQ,NSE,INOX WIND LIMITED,Electric Equipment,INE066P01011,True
2140,NSE_EQ|INE070I01018,INSECTICID,EQ,NSE,INSECTICIDES (I) LTD,Others,INE070I01018,True
3374,NSE_EQ|INE0NDX01019,INSPIRE,ST,NSE,INSPIRE FILMS LIMITED,Others,INE0NDX01019,True
3877,NSE_EQ|INE020G01017,INSPIRISYS,BE,NSE,INSPIRISYS SOLUTIONS LTD,Others,INE020G01017,True
4142,NSE_EQ|INE0YSH01017,INTEGRITY,ST,NSE,INTEGRITY INFRABUILD DE L,Others,INE0YSH01017,True
253,NSE_EQ|INE306R01017,INTELLECT,EQ,NSE,INTELLECT DESIGN ARENA,IT - Software,INE306R01017,True
2501,NSE_EQ|INE781A01025,INTENTECH,EQ,NSE,INTENSE TECHNOLOGIES LTD,Others,INE781A01025,True
1855,NSE_EQ|INE00M901018,INTERARCH,EQ,NSE,INTERARCH BLDNG SOLTN LTD,Others,INE00M901018,True
3228,NSE_EQ|INE790Z23019,INTERISE,IV,NSE,INTERISE TRUST,Others,INE790Z23019,True
1183,NSE_EQ|INF769K01PB6,INTERNET,EQ,NSE,MIRAEAMC - INTERNET,Others,INF769K01PB6,True
2045,NSE_EQ|INE575C01027,INTLCONV,EQ,NSE,INTL CONVEYORS LIMITED,Others,INE575C01027,True
724,NSE_EQ|INE878H01024,INVENTURE,EQ,NSE,INVENTURE GRO & SEC LTD,Others,INE878H01024,True
7860,NSE_EQ|INE0XJ501010,INVICTA,ST,NSE,INVICTA DIAGNOSTIC LTD,Others,INE0XJ501010,True
1224,NSE_EQ|INE155E01016,INVPRECQ,EQ,NSE,INVESTMENT & PREC CAST L,Others,INE155E01016,True
244,NSE_EQ|INE565A01014,IOB,EQ,NSE,INDIAN OVERSEAS BANK,Bank,INE565A01014,True
243,NSE_EQ|INE242A01010,IOC,EQ,NSE,INDIAN OIL CORP LTD,Refineries,INE242A01010,True
536,NSE_EQ|INE485C01029,IOLCP,EQ,NSE,IOL CHEM AND PHARMA LTD,Others,INE485C01029,True
2420,NSE_EQ|INE570A01022,IONEXCHANG,EQ,NSE,ION EXCHANGE (INDIA) LTD,Others,INE570A01022,True
257,NSE_EQ|INE571A01038,IPCALAB,EQ,NSE,IPCA LABORATORIES LTD,Pharmaceuticals,INE571A01038,True
6505,NSE_EQ|INE0DHF01018,IPHL,SM,NSE,INDIAN PHOSPHATE LIMITED,Others,INE0DHF01018,True
1211,NSE_EQ|INE0D6701023,IPL,EQ,NSE,INDIA PESTICIDES LIMITED,Others,INE0D6701023,True
4261,NSE_EQ|INE02EE01019,IPSL,SM,NSE,INTEGRATED PERSO SER LTD,Others,INE02EE01019,True
232,NSE_EQ|INE821I01022,IRB,EQ,NSE,IRB INFRA DEV LTD.,Engineering,INE821I01022,True
2931,NSE_EQ|INE183W23014,IRBINVIT,IV,NSE,IRB INVIT FUND,Others,INE183W23014,True
7740,NSE_EQ|INE0C8K23012,IRBIT,IV,NSE,IRB INFRASTRUCTURE TRUST,Others,INE0C8K23012,True
233,NSE_EQ|INE962Y01021,IRCON,EQ,NSE,IRCON INTERNATIONAL LTD,Engineering,INE962Y01021,True
245,NSE_EQ|INE335Y01020,IRCTC,EQ,NSE,INDIAN RAIL TOUR CORP LTD,Travel Services,INE335Y01020,True
247,NSE_EQ|INE202E01016,IREDA,EQ,NSE,INDIAN RENEWABLE ENERGY,NBFC,INE202E01016,True
246,NSE_EQ|INE053F01010,IRFC,EQ,NSE,INDIAN RAILWAY FIN CORP L,Finance,INE053F01010,True
797,NSE_EQ|INE864K01010,IRIS,EQ,NSE,IRIS REGTECH SOLUTION LTD,Others,INE864K01010,True
734,NSE_EQ|INE01GN01025,IRISDOREME,EQ,NSE,IRIS CLOTHINGS LIMITED,Others,INE01GN01025,True
2282,NSE_EQ|INE07U701015,IRMENERGY,EQ,NSE,IRM ENERGY LIMITED,Others,INE07U701015,True
2236,NSE_EQ|INE566K01011,ISFT,EQ,NSE,INTRASOFT TECH. LTD,Others,INE566K01011,True
866,NSE_EQ|INE858B01029,ISGEC,EQ,NSE,ISGEC HEAVY ENG LTD,Others,INE858B01029,True
6414,NSE_EQ|INE0LCW01025,ISHAN,SM,NSE,ISHAN INTERNATIONAL LTD,Others,INE0LCW01025,True
1951,NSE_EQ|INE561M01018,ISHANCH,EQ,NSE,ISHAN DYES N CHEMICALS L,Others,INE561M01018,True
659,NSE_EQ|INF174KA1GC5,IT,EQ,NSE,KOTAKMAMC - KOTAKIT,Others,INF174KA1GC5,True
1883,NSE_EQ|INF740KA1SX1,ITADD,EQ,NSE,DSPAMC - DSPIT,Others,INF740KA1SX1,True
7536,NSE_EQ|INE0R7R01018,ITALIANE,SM,NSE,ITALIAN EDIBLES LIMITED,Others,INE0R7R01018,True
1646,NSE_EQ|INF204KB15V2,ITBEES,EQ,NSE,NIP IND ETF IT,Others,INF204KB15V2,True
986,NSE_EQ|INF789F1AZD8,ITBETA,EQ,NSE,UTIAMC-ITBETA,Others,INF789F1AZD8,True
235,NSE_EQ|INE154A01025,ITC,EQ,NSE,ITC LTD,Tobacco,INE154A01025,True
234,NSE_EQ|INE379A01028,ITCHOTELS,EQ,NSE,ITC HOTELS LIMITED,Hotels & Restaurants,INE379A01028,True
2261,NSE_EQ|INE353K01014,ITDC,EQ,NSE,INDIA TOUR. DEV. CO. LTD.,Others,INE353K01014,True
1223,NSE_EQ|INF769K01KV5,ITETF,EQ,NSE,MIRAEAMC - ITETF,Others,INF769K01KV5,True
236,NSE_EQ|INE248A01017,ITI,EQ,NSE,ITI LTD,Telecommunication,INE248A01017,True
1747,NSE_EQ|INF109KC16I6,ITIETF,EQ,NSE,ICICIPRAMC - ICICITECH,Others,INF109KC16I6,True
4478,NSE_EQ|INE070Y01023,ITTL,ST,NSE,INNOVATIVE TYRE & TUBE LT,Others,INE070Y01023,True
568,NSE_EQ|INE056801025,IVALUE,EQ,NSE,IVALUE INFOSOLUTIONS LTD,Others,INE056801025,True
2146,NSE_EQ|INE050B01023,IVC,EQ,NSE,IL&FS INVESTMENT MANAGERS,Others,INE050B01023,True
1386,NSE_EQ|INE043C01018,IVP,EQ,NSE,IVP LTD,Others,INE043C01018,True
1624,NSE_EQ|INF205KA1BP1,IVZINGOLD,EQ,NSE,INVESCO INDIA GOLD ETF,Others,INF205KA1BP1,True
1833,NSE_EQ|INF205K01DA9,IVZINNIFTY,EQ,NSE,INVESCO INDIA NIFTY ETF,Others,INF205K01DA9,True
8412,NSE_EQ|INE1AII01014,IWARE,ST,NSE,IWARE SUPPLYCHAIN SER LTD,Others,INE1AII01014,True
1374,NSE_EQ|INE586E01020,IWP,EQ,NSE,INDIAN WOOD PRODUCTS CO L,Others,INE586E01020,True
1698,NSE_EQ|INE0HV901016,IXIGO,EQ,NSE,LE TRAVENUES TECHNOLOGY L,Others,INE0HV901016,True
1877,NSE_EQ|INE848A01014,IZMO,EQ,NSE,IZMO LIMITED,Others,INE848A01014,True
267,NSE_EQ|INE168A01041,J&KBANK,EQ,NSE,J & K BANK LTD.,Bank,INE168A01041,True
981,NSE_EQ|INE199G01027,JAGRAN,EQ,NSE,JAGRAN PRAKASHAN LIMITED,Others,INE199G01027,True
769,NSE_EQ|INE048B01035,JAGSNPHARM,EQ,NSE,JAGSONPAL PHARMACEUTICALS,Others,INE048B01035,True
6794,NSE_EQ|INE091G01026,JAIBALAJI,BE,NSE,JAI BALAJI INDUSTRIES LTD,Others,INE091G01026,True
2292,NSE_EQ|INE070D01027,JAICORPLTD,EQ,NSE,JAI CORP LIMITED,Others,INE070D01027,True
5056,NSE_EQ|INE02KC01010,JAINAM,SM,NSE,JAINAM FER ALLOYS (I) LTD,Others,INE02KC01010,True
2926,NSE_EQ|INE0XIL01012,JAINIK,SM,NSE,JAINIK POWER CABLES LTD,Others,INE0XIL01012,True
1688,NSE_EQ|INE0YD401026,JAINREC,EQ,NSE,JAIN RESOURCE RECYCLING L,Others,INE0YD401026,True
1385,NSE_EQ|INE696V01013,JAIPURKURT,EQ,NSE,NANDANI CREATION LIMITED,Others,INE696V01013,True
3462,NSE_EQ|INE00N401018,JAKHARIA,ST,NSE,JAKHARIA FABRIC LIMITED,Others,INE00N401018,True
6519,NSE_EQ|INE349X01015,JALAN,SM,NSE,JALAN TRANSOLU. INDIA LTD,Others,INE349X01015,True
1637,NSE_EQ|INE039C01032,JAMNAAUTO,EQ,NSE,JAMNA AUTO IND LTD,Others,INE039C01032,True
2218,NSE_EQ|INE00YJ01010,JARO,EQ,NSE,JARO INS OF TEC MG N RE L,Others,INE00YJ01010,True
742,NSE_EQ|INE039O01029,JASH,EQ,NSE,JASH ENGINEERING LIMITED,Others,INE039O01029,True
586,NSE_EQ|INE785A01026,JAYAGROGN,EQ,NSE,JAYANT AGRO ORGANICS LTD,Others,INE785A01026,True
1609,NSE_EQ|INE571B01036,JAYBARMARU,EQ,NSE,JAY BHARAT MARUTI LTD,Others,INE571B01036,True
7187,NSE_EQ|INE0SMY01017,JAYBEE,ST,NSE,JAY BEE LAMINATIONS LTD,Others,INE0SMY01017,True
2865,NSE_EQ|INE1AE401014,JAYESH,SM,NSE,JAYESH LOGISTICS LIMITED,Others,INE1AE401014,True
2335,NSE_EQ|INE903A01025,JAYKAY,EQ,NSE,JAYKAY ENTERPRISES LTD,Others,INE903A01025,True
2142,NSE_EQ|INE854B01010,JAYNECOIND,EQ,NSE,JAYASWAL NECO INDUSTR LTD,Others,INE854B01010,True
1508,NSE_EQ|INE364A01020,JAYSREETEA,EQ,NSE,JAYSHREE TEA & INDUSTRIES,Others,INE364A01020,True
258,NSE_EQ|INE572A01036,JBCHEPHARM,EQ,NSE,J B CHEMICALS AND PHARMA,Pharmaceuticals,INE572A01036,True
260,NSE_EQ|INE927D01051,JBMA,EQ,NSE,JBM AUTO LIMITED,Auto Ancillaries,INE927D01051,True
592,NSE_EQ|INE982V01025,JETFREIGHT,EQ,NSE,JET FREIGHT LOGISTICS LTD,Others,INE982V01025,True
7022,NSE_EQ|INE564T01017,JETKNIT,ST,NSE,JET KNITWEARS LTD.,Others,INE564T01017,True
7703,NSE_EQ|INE0RXB01022,JEYYAM,SM,NSE,JEYYAM GLOBAL FOODS LTD,Others,INE0RXB01022,True
2804,NSE_EQ|INE0LA901015,JFLLIFE,SM,NSE,JFL LIFE SCIENCES LIMITED,Others,INE0LA901015,True
676,NSE_EQ|INE0MB501011,JGCHEM,EQ,NSE,J.G.CHEMICALS LIMITED,Others,INE0MB501011,True
1584,NSE_EQ|INE544H01014,JHS,EQ,NSE,JHS SVEND. LAB. LTD,Others,INE544H01014,True
998,NSE_EQ|INE796G01012,JINDALPHOT,EQ,NSE,JINDAL PHOTO LIMITED,Others,INE796G01012,True
1150,NSE_EQ|INE197D01010,JINDALPOLY,EQ,NSE,JINDAL POLY FILMS LIMITED,Others,INE197D01010,True
268,NSE_EQ|INE324A01032,JINDALSAW,EQ,NSE,JINDAL SAW LIMITED,Steel & Iron Products,INE324A01032,True
270,NSE_EQ|INE749A01030,JINDALSTEL,EQ,NSE,JINDAL STEEL LIMITED,Steel & Iron Products,INE749A01030,True
1859,NSE_EQ|INE742C01031,JINDRILL,EQ,NSE,JINDAL DRILLING IND. LTD,Others,INE742C01031,True
599,NSE_EQ|INE247D01039,JINDWORLD,EQ,NSE,JINDAL WORLDWIDE LTD,Others,INE247D01039,True
271,NSE_EQ|INE758E01017,JIOFIN,EQ,NSE,JIO FIN SERVICES LTD,NBFC,INE758E01017,True
2085,NSE_EQ|IN9175A01010,JISLDVREQS,EQ,NSE,JAIN DVR EQUITY SHARES,Others,IN9175A01010,True
545,NSE_EQ|INE175A01038,JISLJALEQS,EQ,NSE,JAIN IRRIGATION SYSTEMS,Others,INE175A01038,True
1960,NSE_EQ|INE863T01013,JITFINFRA,EQ,NSE,JITF INFRALOGISTICS LTD,Others,INE863T01013,True
4835,NSE_EQ|INE0N5H01017,JIWANRAM,SM,NSE,JIWANRAM SHEODUTTRA IND L,Others,INE0N5H01017,True
259,NSE_EQ|INE823G01014,JKCEMENT,EQ,NSE,JK CEMENT LIMITED,Construction Materials,INE823G01014,True
2182,NSE_EQ|INE576I01022,JKIL,EQ,NSE,JKUMAR INFR.LTD.,Others,INE576I01022,True
5570,NSE_EQ|INE1FF001016,JKIPL,BE,NSE,JINKUSHAL INDUSTRIES LTD,Others,INE1FF001016,True
1629,NSE_EQ|INE786A01032,JKLAKSHMI,EQ,NSE,JK LAKSHMI CEMENT LTD,Others,INE786A01032,True
972,NSE_EQ|INE789E01012,JKPAPER,EQ,NSE,JK PAPER LIMITED,Others,INE789E01012,True
261,NSE_EQ|INE573A01042,JKTYRE,EQ,NSE,JK TYRE & INDUSTRIES LTD,Tyres & Allied,INE573A01042,True
2014,NSE_EQ|INE682M01012,JLHL,EQ,NSE,JUPITER LIFE LINE HOSP L,Others,INE682M01012,True
1355,NSE_EQ|INE412C01023,JMA,EQ,NSE,JULLUNDUR MOT AGENCY LTD,Others,INE412C01023,True
262,NSE_EQ|INE780C01023,JMFINANCIL,EQ,NSE,JM FINANCIAL LIMITED,Investment,INE780C01023,True
2224,NSE_EQ|INE0OAF01028,JNKINDIA,EQ,NSE,JNK INDIA LIMITED,Others,INE0OAF01028,True
2554,NSE_EQ|INE839G01010,JOCIL,BE,NSE,JOCIL LIMITED,Others,INE839G01010,True
1976,NSE_EQ|INE147P01019,JPOLYINVST,EQ,NSE,JIND POL INV & FIN CO LTD,Others,INE147P01019,True
266,NSE_EQ|INE351F01018,JPPOWER,EQ,NSE,JAIPRAKASH POWER VEN. LTD,Power,INE351F01018,True
1770,NSE_EQ|INE953L01027,JSFB,EQ,NSE,JANA SMALL FIN BANK LTD,Others,INE953L01027,True
269,NSE_EQ|INE220G01021,JSL,EQ,NSE,JINDAL STAINLESS LIMITED,Steel & Iron Products,INE220G01021,True
1693,NSE_EQ|INE0J5801029,JSLL,EQ,NSE,JEENA SIKHO LIFECARE LTD,Others,INE0J5801029,True
1471,NSE_EQ|INE718I01012,JSWCEMENT,EQ,NSE,JSW CEMENT LIMITED,Others,INE718I01012,True
32,NSE_EQ|INE133A01011,JSWDULUX,EQ,NSE,JSW DULUX LIMITED,Paints,INE133A01011,True
263,NSE_EQ|INE121E01018,JSWENERGY,EQ,NSE,JSW ENERGY LIMITED,Power,INE121E01018,True
1000,NSE_EQ|INE824G01012,JSWHL,EQ,NSE,JSW HOLDINGS LIMITED,Others,INE824G01012,True
264,NSE_EQ|INE880J01026,JSWINFRA,EQ,NSE,JSW INFRASTRUCTURE LTD,Port,INE880J01026,True
265,NSE_EQ|INE019A01038,JSWSTEEL,EQ,NSE,JSW STEEL LIMITED,Steel & Iron Products,INE019A01038,True
1731,NSE_EQ|INE643A01035,JTEKTINDIA,EQ,NSE,JTEKT INDIA LIMITED,Others,INE643A01035,True
1857,NSE_EQ|INE391J01032,JTLIND,EQ,NSE,JTL INDUSTRIES LIMITED,Others,INE391J01032,True
561,NSE_EQ|INE03CC01015,JUBLCPL,EQ,NSE,JUBILANT AGRI N CON PRO L,Others,INE03CC01015,True
272,NSE_EQ|INE797F01020,JUBLFOOD,EQ,NSE,JUBILANT FOODWORKS LTD,Consumer Food,INE797F01020,True
273,NSE_EQ|INE0BY001018,JUBLINGREA,EQ,NSE,JUBILANT INGREVIA LIMITED,Chemicals,INE0BY001018,True
274,NSE_EQ|INE700A01033,JUBLPHARMA,EQ,NSE,JUBILANT PHARMOVA LTD,Pharmaceuticals,INE700A01033,True
674,NSE_EQ|INF732E01045,JUNIORBEES,EQ,NSE,NIP IND ETF JUNIOR BEES,Others,INF732E01045,True
2009,NSE_EQ|INE696F01016,JUNIPER,EQ,NSE,JUNIPER HOTELS LIMITED,Others,INE696F01016,True
2092,NSE_EQ|INE599M01018,JUSTDIAL,EQ,NSE,JUSTDIAL LTD.,Others,INE599M01018,True
275,NSE_EQ|INE209L01016,JWL,EQ,NSE,JUPITER WAGONS LIMITED,Railways Wagons,INE209L01016,True
276,NSE_EQ|INE668F01031,JYOTHYLAB,EQ,NSE,JYOTHY LABS LIMITED,Household Products,INE668F01031,True
278,NSE_EQ|INE980O01024,JYOTICNC,EQ,NSE,JYOTI CNC AUTOMATION LTD,Engineering,INE980O01024,True
5790,NSE_EQ|INE1M3T01017,JYOTIGLOBL,ST,NSE,JYOTI GLOBAL PLAST LTD,Others,INE1M3T01017,True
2293,NSE_EQ|INE197A01024,JYOTISTRUC,EQ,NSE,JYOTI STRUCTURES LTD,Others,INE197A01024,True
3385,NSE_EQ|INE0DEZ01013,K2INFRA,SM,NSE,K2 INFRAGEN LIMITED,Others,INE0DEZ01013,True
1131,NSE_EQ|INE900B01029,KABRAEXTRU,EQ,NSE,KABRA EXTRUSION TECHNIK L,Others,INE900B01029,True
283,NSE_EQ|INE217B01036,KAJARIACER,EQ,NSE,KAJARIA CERAMICS LTD,Ceramics,INE217B01036,True
6910,NSE_EQ|INE437B01014,KAKATCEM,BE,NSE,KAKATIYA CEM SUGAR &IND L,Others,INE437B01014,True
565,NSE_EQ|INE438K01021,KALAMANDIR,EQ,NSE,SAI SILKS (KALAMANDIR) L,Others,INE438K01021,True
3513,NSE_EQ|INE0T0L01014,KALANA,SM,NSE,KALANA ISPAT LIMITED,Others,INE0T0L01014,True
2387,NSE_EQ|INE227J01012,KALPATARU,EQ,NSE,KALPATARU LIMITED,Others,INE227J01012,True
9204,NSE_EQ|INE610E01010,KALYANI,BE,NSE,KALYANI COMMERCIALS LTD,Others,INE610E01010,True
1146,NSE_EQ|INE314G01014,KALYANIFRG,EQ,NSE,KALYANI FORGE LIMITED,Others,INE314G01014,True
285,NSE_EQ|INE303R01014,KALYANKJIL,EQ,NSE,KALYAN JEWELLERS IND LTD,Jewellery,INE303R01014,True
1558,NSE_EQ|INE411F01010,KAMAHOLD,EQ,NSE,KAMA HOLDINGS LTD.,Others,INE411F01010,True
950,NSE_EQ|INE967C01018,KAMATHOTEL,EQ,NSE,KAMAT HOTELS (I) LTD,Others,INE967C01018,True
1566,NSE_EQ|INE390H01020,KAMDHENU,EQ,NSE,KAMDHENU LIMITED,Others,INE390H01020,True
567,NSE_EQ|INE0BTI01037,KAMOPAINTS,EQ,NSE,KAMDHENU VENTURES LIMITED,Others,INE0BTI01037,True
2352,NSE_EQ|INE879E01037,KANANIIND,EQ,NSE,KANANI INDUSTRIES LTD,Others,INE879E01037,True
6013,NSE_EQ|INE081G01019,KANCHI,BE,NSE,KANCHI KARPOORAM LTD.,Others,INE081G01019,True
3255,NSE_EQ|INE0MOT01016,KANDARP,SM,NSE,KANDARP DG SMART BPO LTD,Others,INE0MOT01016,True
3562,NSE_EQ|INE138C01024,KANORICHEM,BE,NSE,KANORIACHEMICALS-,Others,INE138C01024,True
1617,NSE_EQ|INE694E01014,KANPRPLA,EQ,NSE,KANPUR PLASTIPACK LIMITED,Others,INE694E01014,True
948,NSE_EQ|INE531A01024,KANSAINER,EQ,NSE,KANSAI NEROLAC PAINTS LTD,Others,INE531A01024,True
1055,NSE_EQ|INE542Z01028,KAPSTON,EQ,NSE,KAPSTON SERVICES LIMITED,Others,INE542Z01028,True
1828,NSE_EQ|INE725L01011,KARMAENG,EQ,NSE,KARMA ENERGY LIMITED,Others,INE725L01011,True
6983,NSE_EQ|INE0MGA01012,KARNIKA,SM,NSE,KARNIKA INDUSTRIES LTD,Others,INE0MGA01012,True
286,NSE_EQ|INE036D01028,KARURVYSYA,EQ,NSE,KARUR VYSYA BANK LTD,Bank,INE036D01028,True
7170,NSE_EQ|INE0SVY01018,KATARIA,SM,NSE,KATARIA INDUSTRIES LTD,Others,INE0SVY01018,True
804,NSE_EQ|INE234I01028,KAUSHALYA,EQ,NSE,KAUSHALYA INFRA DEV LTD.,Others,INE234I01028,True
2254,NSE_EQ|INE641C01019,KAVDEFENCE,EQ,NSE,KAVVERI DFS & WIR TEC LTD,Others,INE641C01019,True
652,NSE_EQ|INE587G01015,KAYA,EQ,NSE,KAYA LIMITED,Others,INE587G01015,True
287,NSE_EQ|INE918Z01012,KAYNES,EQ,NSE,KAYNES TECHNOLOGY IND LTD,Electronics,INE918Z01012,True
3319,NSE_EQ|INE13ZD01013,KAYTEX,SM,NSE,KAYTEX FABRICS LIMITED,Others,INE13ZD01013,True
4202,NSE_EQ|INE0RCG01017,KCEIL,ST,NSE,KAY CEE ENERGY & INFRA L,Others,INE0RCG01017,True
2528,NSE_EQ|INE0J1E01027,KCK,SM,NSE,KCK INDUSTRIES LTD,Others,INE0J1E01027,True
1453,NSE_EQ|INE805C01028,KCP,EQ,NSE,KCP LTD,Others,INE805C01028,True
2502,NSE_EQ|INE790B01024,KCPSUGIND,EQ,NSE,KCP SUGAR IND CORP LTD.,Others,INE790B01024,True
958,NSE_EQ|INE291D01011,KDDL,EQ,NSE,KDDL LIMITED,Others,INE291D01011,True
4091,NSE_EQ|INE0O4R01018,KDL,SM,NSE,KORE DIGITAL LIMITED,Others,INE0O4R01018,True
288,NSE_EQ|INE389H01022,KEC,EQ,NSE,KEC INTL. LIMITED,Engineering,INE389H01022,True
7456,NSE_EQ|INE134B01017,KECL,BE,NSE,KIRLOSKAR ELECTRIC CO LTD,Others,INE134B01017,True
2123,NSE_EQ|INE055C01020,KEEPLEARN,EQ,NSE,DSJ KEEP LEARNING LTD,Others,INE055C01020,True
280,NSE_EQ|INE878B01027,KEI,EQ,NSE,KEI INDUSTRIES LTD.,Cable,INE878B01027,True
8263,NSE_EQ|INE0OWX01025,KEL,SM,NSE,KUNDAN EDIFICE LIMITED,Others,INE0OWX01025,True
1062,NSE_EQ|INE164B01030,KELLTONTEC,EQ,NSE,KELLTON TECH SOL LTD,Others,INE164B01030,True
8712,NSE_EQ|INE15DO01012,KEN,SM,NSE,KEN ENTERPRISES LIMITED,Others,INE15DO01012,True
783,NSE_EQ|INE717A01029,KENNAMET,EQ,NSE,KENNAMETAL INDIA LIMITED,Others,INE717A01029,True
2148,NSE_EQ|INE202H01019,KERNEX,EQ,NSE,KERNEX MICROSYS(I) LTD,Others,INE202H01019,True
4969,NSE_EQ|INE087A01019,KESORAMIND,BE,NSE,KESORAM INDUSTRIES LTD,Others,INE087A01019,True
854,NSE_EQ|INE681C01015,KEYFINSERV,EQ,NSE,KEYNOTE FIN SERV LTD.,Others,INE681C01015,True
289,NSE_EQ|INE138Y01010,KFINTECH,EQ,NSE,KFIN TECHNOLOGIES LIMITED,Investment,INE138Y01010,True
2372,NSE_EQ|INE834I01025,KHADIM,EQ,NSE,KHADIM INDIA LIMITED,Others,INE834I01025,True
3546,NSE_EQ|INE745B01028,KHAICHEM,BE,NSE,KHAITAN CHEM & FERT LTD,Others,INE745B01028,True
8809,NSE_EQ|INE731C01018,KHAITANLTD,BE,NSE,KHAITAN (INDIA)LTD.,Others,INE731C01018,True
562,NSE_EQ|INE060B01014,KHANDSE,EQ,NSE,KHANDWALA SECURITIES LTD,Others,INE060B01014,True
3454,NSE_EQ|INE00UG01014,KHFM,SM,NSE,KHFM HOS FAC MANA SER LTD,Others,INE00UG01014,True
857,NSE_EQ|INE029L01018,KICL,EQ,NSE,KALYANI INVEST CO LTD,Others,INE029L01018,True
739,NSE_EQ|INE729D01010,KILITCH,EQ,NSE,KILITCH DRUGS INDIA LTD,Others,INE729D01010,True
293,NSE_EQ|INE967H01025,KIMS,EQ,NSE,KRISHNA INST OF MED SCI L,Healthcare Services,INE967H01025,True
2010,NSE_EQ|INE473D01015,KINGFA,EQ,NSE,KINGFA SCI & TEC IND LTD.,Others,INE473D01015,True
1966,NSE_EQ|INE880L01014,KIOCL,EQ,NSE,KIOCL LIMITED,Others,INE880L01014,True
881,NSE_EQ|INE555P01013,KIRANVYPAR,EQ,NSE,KIRAN VYAPAR LTD.,Others,INE555P01013,True
1273,NSE_EQ|INE415I01015,KIRIINDUS,EQ,NSE,KIRI INDUSTRIES LIMITED,Others,INE415I01015,True
2272,NSE_EQ|INE884B01025,KIRLFER,EQ,NSE,KIRLOSKAR FERROUS IND LTD,Others,INE884B01025,True
290,NSE_EQ|INE732A01036,KIRLOSBROS,EQ,NSE,KIRLOSKAR BROTHERS LTD,Compressors,INE732A01036,True
291,NSE_EQ|INE146L01010,KIRLOSENG,EQ,NSE,KIRLOSKAR OIL ENG LTD,Engineering,INE146L01010,True
2111,NSE_EQ|INE250A01039,KIRLOSIND,EQ,NSE,KIRLOSKAR INDUSTRIES LTD,Others,INE250A01039,True
2423,NSE_EQ|INE811A01020,KIRLPNU,EQ,NSE,KIRLOSKAR PNEUMATIC COM L,Others,INE811A01020,True
526,NSE_EQ|INE12F801023,KISSHT,EQ,NSE,ONEMI TECHNOLOGY SOL LTD,Others,INE12F801023,True
995,NSE_EQ|INE602G01020,KITEX,EQ,NSE,KITEX GARMENTS LTD,Others,INE602G01020,True
1638,NSE_EQ|INE401H01017,KKCL,EQ,NSE,KEWAL KIRAN CLOTHING LTD,Others,INE401H01017,True
8413,NSE_EQ|INE0XOW01017,KKJEWELS,SM,NSE,KABRA JEWELS LIMITED,Others,INE0XOW01017,True
4631,NSE_EQ|INE239T01016,KKVAPOW,SM,NSE,KKV AGRO POWERS LTD.,Others,INE239T01016,True
2081,NSE_EQ|INE338F01015,KLBRENG-B,EQ,NSE,KILBURN ENGINEERING LTD.,Others,INE338F01015,True
5460,NSE_EQ|INE0Q2V01012,KLL,SM,NSE,KAUSHALYA LOGISTICS LTD,Others,INE0Q2V01012,True
2359,NSE_EQ|INE0CJD01029,KMEW,EQ,NSE,KNOWLEDGE MARINE & EN W L,Others,INE0CJD01029,True
831,NSE_EQ|INE157H01023,KMSUGAR,EQ,NSE,K M SUGAR MILLS LTD,Others,INE157H01023,True
1739,NSE_EQ|INE0KNW01016,KNAGRI,EQ,NSE,KN AGRI RESOURCES LIMITED,Others,INE0KNW01016,True
1611,NSE_EQ|INE634I01029,KNRCON,EQ,NSE,KNR CONSTRU LTD.,Others,INE634I01029,True
9029,NSE_EQ|INE0Q7P01013,KODYTECH,SM,NSE,KODY TECHNOLAB LIMITED,Others,INE0Q7P01013,True
1862,NSE_EQ|INE080B01012,KOHINOOR,EQ,NSE,KOHINOOR FOODS LIMITED,Others,INE080B01012,True
1712,NSE_EQ|INE760A01029,KOKUYOCMLN,EQ,NSE,KOKUYO CAMLIN LIMITED,Others,INE760A01029,True
1710,NSE_EQ|INE094I01018,KOLTEPATIL,EQ,NSE,KOLTE PATIL DEV. LTD.,Others,INE094I01018,True
6143,NSE_EQ|INE0QEI01011,KONSTELEC,ST,NSE,KONSTELEC ENGINEERS LTD,Others,INE0QEI01011,True
7739,NSE_EQ|INE0KZ301010,KONTOR,SM,NSE,KONTOR SPACE LIMITED,Others,INE0KZ301010,True
6662,NSE_EQ|INE082A01010,KOPRAN,BE,NSE,KOPRAN LTD,Others,INE082A01010,True
5887,NSE_EQ|INE0J6801010,KORE,SM,NSE,JAY JALARAM TECHNO LTD,Others,INE0J6801010,True
292,NSE_EQ|INE237A01036,KOTAKBANK,EQ,NSE,KOTAK MAHINDRA BANK LTD,Banks,INE237A01036,True
2062,NSE_EQ|INE419A01022,KOTARISUG,EQ,NSE,KOTHARI SUG & CHEM LTD.,Others,INE419A01022,True
1971,NSE_EQ|INE720A01015,KOTHARIPET,EQ,NSE,KOTHARI PETROCHEM LTD,Others,INE720A01015,True
1091,NSE_EQ|INE823A01017,KOTHARIPRO,EQ,NSE,KOTHARI PRODUCTS LTD,Others,INE823A01017,True
1493,NSE_EQ|INE972A01020,KOTIC,EQ,NSE,KOTHARI INDUSTRIAL CORP L,Others,INE972A01020,True
889,NSE_EQ|INE0J0B01017,KOTYARK,EQ,NSE,KOTYARK INDUSTRIES LTD,Others,INE0J0B01017,True
1178,NSE_EQ|INE177F01017,KOVAI,EQ,NSE,KOVAI MEDICAL CENTER & HO,Others,INE177F01017,True
2083,NSE_EQ|INE127T01021,KPEL,EQ,NSE,K.P. ENERGY LIMITED,Others,INE127T01021,True
1799,NSE_EQ|INE542W01025,KPIGREEN,EQ,NSE,KPI GREEN ENERGY LIMITED,Others,INE542W01025,True
284,NSE_EQ|INE220B01022,KPIL,EQ,NSE,KALPATARU PROJECT INT LTD,Engineering,INE220B01022,True
281,NSE_EQ|INE04I401011,KPITTECH,EQ,NSE,KPIT TECHNOLOGIES LIMITED,IT - Software,INE04I401011,True
1863,NSE_EQ|INE552U01010,KPL,EQ,NSE,KWALITY PHARMACEUTICALS L,Others,INE552U01010,True
279,NSE_EQ|INE930H01031,KPRMILL,EQ,NSE,KPR MILL LTD.,Textile,INE930H01031,True
2320,NSE_EQ|INE001B01026,KRBL,EQ,NSE,KRBL LIMITED,Others,INE001B01026,True
2023,NSE_EQ|INE268B01013,KREBSBIO,EQ,NSE,KREBS BIOCHEMICALS & IND,Others,INE268B01013,True
9018,NSE_EQ|INE524L01026,KRIDHANINF,BE,NSE,KRIDHAN INFRA LIMITED,Others,INE524L01026,True
1795,NSE_EQ|INE506W01012,KRISHANA,EQ,NSE,KRISHANA PHOSCHEM LIMITED,Others,INE506W01012,True
8378,NSE_EQ|INE0NR701018,KRISHCA,SM,NSE,KRISHCA STRAPPING SLTN L,Others,INE0NR701018,True
1860,NSE_EQ|INE0GGO01015,KRISHIVAL,EQ,NSE,KRISHIVAL FOODS LIMITED,Others,INE0GGO01015,True
1347,NSE_EQ|INE0J5601015,KRISHNADEF,EQ,NSE,KRISHNA DEF AND ALD IND L,Others,INE0J5601015,True
4776,NSE_EQ|IN90GGO01013,KRISHPP,E1,NSE,KRISHIVAL RE.3.50 PPD UP,Others,IN90GGO01013,True
4925,NSE_EQ|INE479D01038,KRITI,BE,NSE,KRITI INDUSTRIES IND LTD,Others,INE479D01038,True
1034,NSE_EQ|INE00Z501029,KRITIKA,EQ,NSE,KRITIKA WIRES LIMITED,Others,INE00Z501029,True
2800,NSE_EQ|INE798K01010,KRITINUT,BE,NSE,KRITI NUTRIENTS LIMITED,Others,INE798K01010,True
4799,NSE_EQ|INE1MTV01019,KRMAYURVED,ST,NSE,KRM AYURVEDA LIMITED,Others,INE1MTV01019,True
5926,NSE_EQ|INE0Q3J01015,KRN,BE,NSE,KRN HEAT EXCHANGE N REF L,Others,INE0Q3J01015,True
1872,NSE_EQ|INE0ATZ01017,KRONOX,EQ,NSE,KRONOX LAB SCIENCES LTD,Others,INE0ATZ01017,True
1499,NSE_EQ|INE0O6601022,KROSS,EQ,NSE,KROSS LIMITED,Others,INE0O6601022,True
2219,NSE_EQ|INE08LI01020,KRSNAA,EQ,NSE,KRSNAA DIAGNOSTICS LTD,Others,INE08LI01020,True
7596,NSE_EQ|INE1JAR25012,KRT,RR,NSE,KNOWLEDGE REALTY TRUST,Others,INE1JAR25012,True
1766,NSE_EQ|INE0QN801017,KRYSTAL,EQ,NSE,KRYSTAL INTEGRATED SER L,Others,INE0QN801017,True
282,NSE_EQ|INE999A01023,KSB,EQ,NSE,KSB LIMITED,Compressors,INE999A01023,True
1874,NSE_EQ|INE455I01029,KSCL,EQ,NSE,KAVERI SEED CO. LTD.,Others,INE455I01029,True
1047,NSE_EQ|INE987S01020,KSHINTL,EQ,NSE,KSH INTERNATIONAL LIMITED,Others,INE987S01020,True
4072,NSE_EQ|INE013801027,KSHITIJPOL,BE,NSE,KSHITIJ POLYLINE LIMITED,Others,INE013801027,True
1040,NSE_EQ|INE907A01026,KSL,EQ,NSE,KALYANI STEELS LIMITED,Others,INE907A01026,True
993,NSE_EQ|INE0D6I01023,KSOLVES,EQ,NSE,KSOLVES INDIA LIMITED,Others,INE0D6I01023,True
1992,NSE_EQ|INE1SPP01016,KSR,EQ,NSE,KSR FOOTWEAR LIMITED,Others,INE1SPP01016,True
1814,NSE_EQ|INE614B01018,KTKBANK,EQ,NSE,KARNATAKA BANK LIMITED,Others,INE614B01018,True
862,NSE_EQ|INE529I01021,KUANTUM,EQ,NSE,KUANTUM PAPERS LIMITED,Others,INE529I01021,True
2109,NSE_EQ|INE2KCE01013,KWIL,EQ,NSE,KWALITY WALL'S (INDIA) L,Others,INE2KCE01013,True
1948,NSE_EQ|INE548Z01017,LAGNAM,EQ,NSE,LAGNAM SPINTEX LIMITED,Others,INE548Z01017,True
800,NSE_EQ|INE515C01023,LAHOTIOV,EQ,NSE,LAHOTI OVERSEAS LTD.,Others,INE515C01023,True
5810,NSE_EQ|INE651C01018,LAKPRE,BZ,NSE,LAKSHMI PRE SCRE LTD,Others,INE651C01018,True
6171,NSE_EQ|INE0VZS01015,LAKSHYA,ST,NSE,LAKSHYA POWERTECH LIMITED,Others,INE0VZS01015,True
2017,NSE_EQ|INE740X01023,LAL,EQ,NSE,LORENZINI APPARELS LTD,Others,INE740X01023,True
148,NSE_EQ|INE600L01024,LALPATHLAB,EQ,NSE,DR. LAL PATH LABS LTD.,Healthcare Services,INE600L01024,True
2275,NSE_EQ|INE112F01022,LAMBODHARA,EQ,NSE,LAMBODHARA TEXTILES LTD.,Others,INE112F01022,True
8153,NSE_EQ|INE0R0201012,LAMOSAIC,SM,NSE,LAMOSAIC INDIA LIMITED,Others,INE0R0201012,True
1025,NSE_EQ|INE572G01025,LANCORHOL,EQ,NSE,LANCOR HOLDINGS LIMITED,Others,INE572G01025,True
2412,NSE_EQ|INE559R01029,LANDMARK,EQ,NSE,LANDMARK CARS LIMITED,Others,INE559R01029,True
1848,NSE_EQ|INE688J01023,LANDSMILL,EQ,NSE,LANDSMILL GREEN LIMITED,Others,INE688J01023,True
1172,NSE_EQ|INE059D01020,LAOPALA,EQ,NSE,LA OPALA RG LIMITED,Others,INE059D01020,True
2298,NSE_EQ|INE670X01014,LASA,EQ,NSE,LASA SUPERGENERICS LTD,Others,INE670X01014,True
300,NSE_EQ|INE0I7C01011,LATENTVIEW,EQ,NSE,LATENT VIEW ANALYTICS LTD,Diversified,INE0I7C01011,True
6911,NSE_EQ|INE262Z01023,LATTEYS,BE,NSE,LATTEYS INDUSTRIES LTD,Others,INE262Z01023,True
301,NSE_EQ|INE947Q01028,LAURUSLABS,EQ,NSE,LAURUS LABS LIMITED,Pharmaceuticals,INE947Q01028,True
636,NSE_EQ|INE801V01019,LAXMICOT,EQ,NSE,LAXMI COTSPIN LIMITED,Others,INE801V01019,True
1625,NSE_EQ|INE0WO601020,LAXMIDENTL,EQ,NSE,LAXMI DENTAL LIMITED,Others,INE0WO601020,True
7878,NSE_EQ|INE06WU01026,LAXMIINDIA,BE,NSE,LAXMI INDIA FINANCE LTD,Others,INE06WU01026,True
1476,NSE_EQ|INE938A01021,LCCINFOTEC,EQ,NSE,LCC INFOTECH LTD,Others,INE938A01021,True
2483,NSE_EQ|INE0G1L01025,LEMERITE,EQ,NSE,LE MERITE EXPORTS LIMITED,Others,INE0G1L01025,True
303,NSE_EQ|INE970X01018,LEMONTREE,EQ,NSE,LEMON TREE HOTELS LTD,Hotel,INE970X01018,True
2043,NSE_EQ|INE956O01016,LENSKART,EQ,NSE,LENSKART SOLUTIONS LTD,Others,INE956O01016,True
1761,NSE_EQ|INE500X01013,LEXUS,EQ,NSE,LEXUS GRANITO (INDIA) LTD,Others,INE500X01013,True
1443,NSE_EQ|INE850E01012,LFIC,EQ,NSE,LAKSHMI FIN IND CORP LTD,Others,INE850E01012,True
1415,NSE_EQ|INE337A01034,LGBBROSLTD,EQ,NSE,LG BALAKRISHNAN & BROS,Others,INE337A01034,True
2358,NSE_EQ|INE324D01010,LGEINDIA,EQ,NSE,LG ELECTRONICS INDIA LTD,Others,INE324D01010,True
1353,NSE_EQ|INE258Y01016,LGHL,EQ,NSE,LAXMI GOLDORNA HOUSE LTD,Others,INE258Y01016,True
583,NSE_EQ|INE908V01012,LIBAS,EQ,NSE,LIBAS CONSU PRODUCTS LTD,Others,INE908V01012,True
1202,NSE_EQ|INE557B01019,LIBERTSHOE,EQ,NSE,LIBERTY SHOES LTD,Others,INE557B01019,True
296,NSE_EQ|INE115A01026,LICHSGFIN,EQ,NSE,LIC HOUSING FINANCE LTD,Housing Finance,INE115A01026,True
304,NSE_EQ|INE0J1Y01017,LICI,EQ,NSE,LIFE INSURA CORP OF INDIA,Insurance,INE0J1Y01017,True
975,NSE_EQ|INF767K01SM1,LICMFGOLD,EQ,NSE,LIC MF - LIC GOLD ETF,Others,INF767K01SM1,True
953,NSE_EQ|INF767K01MV5,LICNETFGSC,EQ,NSE,LICNAMC - LICNMFET,Others,INF767K01MV5,True
932,NSE_EQ|INF767K01OS7,LICNETFN50,EQ,NSE,LICNAMC - LICNFENGP,Others,INF767K01OS7,True
931,NSE_EQ|INF767K01OT5,LICNETFSEN,EQ,NSE,LICNAMC - LICNFESGP,Others,INF767K01OT5,True
930,NSE_EQ|INF767K01PC8,LICNFNHGP,EQ,NSE,LICNAMC - LICNFNHGP,Others,INF767K01PC8,True
987,NSE_EQ|INF767K01RN1,LICNMID100,EQ,NSE,LICNAMC - LICNMID100,Others,INF767K01RN1,True
3400,NSE_EQ|INE060901027,LIKHITHA,BE,NSE,LIKHITHA INFRASTRUC LTD,Others,INE060901027,True
1256,NSE_EQ|INE802B01027,LINC,EQ,NSE,LINC LIMITED,Others,INE802B01027,True
2112,NSE_EQ|INE405C01035,LINCOLN,EQ,NSE,LINCOLN PHARMA LTD,Others,INE405C01035,True
305,NSE_EQ|INE473A01011,LINDEINDIA,EQ,NSE,LINDE INDIA LIMITED,Gases & Fuels,INE473A01011,True
709,NSE_EQ|INF204KC1FU1,LIQGRWBEES,EQ,NSE,NIPPONAMC - LIQGRWBEES,Others,INF204KC1FU1,True
1220,NSE_EQ|INF769K01KS1,LIQUID,EQ,NSE,MIRAEAMC - LIQUID,Others,INF769K01KS1,True
741,NSE_EQ|INF174KA1LV5,LIQUID1,EQ,NSE,KOTAKMAMC - KOTAKLIQ,Others,INF174KA1LV5,True
1879,NSE_EQ|INF740KA1UM0,LIQUIDADD,EQ,NSE,DSPAMC - LIQUIDADD,Others,INF740KA1UM0,True
675,NSE_EQ|INF732E01037,LIQUIDBEES,EQ,NSE,NIP IND ETF LIQUID BEES,Others,INF732E01037,True
1728,NSE_EQ|INF0QA701854,LIQUIDBETF,EQ,NSE,BFAM - LIQUIDBETF,Others,INF0QA701854,True
901,NSE_EQ|INF0R8F01034,LIQUIDCASE,EQ,NSE,ZERODHAAMC - LIQUIDCASE,Others,INF0R8F01034,True
1975,NSE_EQ|INF740KA1EU7,LIQUIDETF,EQ,NSE,DSP LIQUID ETF,Others,INF740KA1EU7,True
2441,NSE_EQ|INF109KC1KT9,LIQUIDIETF,EQ,NSE,ICICIPRAMC - ICICILIQ,Others,INF109KC1KT9,True
1201,NSE_EQ|INF769K01MY5,LIQUIDPLUS,EQ,NSE,MIRAEAMC - LIQUIDPLUS,Others,INF769K01MY5,True
2156,NSE_EQ|INF200KA13Z8,LIQUIDSBI,EQ,NSE,SBIAMC - LIQUIDSBI,Others,INF200KA13Z8,True
1564,NSE_EQ|INF680P01422,LIQUIDSHRI,EQ,NSE,SHRIRAM - LIQUIDSHRI,Others,INF680P01422,True
7507,NSE_EQ|INE0DTQ01028,LLOYDS,ST,NSE,LLOYDS LUXURIES LIMITED,Others,INE0DTQ01028,True
587,NSE_EQ|INE093R01011,LLOYDSENGG,EQ,NSE,LLOYDS ENGG WORK LIMITED,Others,INE093R01011,True
777,NSE_EQ|INE080I01025,LLOYDSENT,EQ,NSE,LLOYDS ENTERPRISES LTD,Others,INE080I01025,True
306,NSE_EQ|INE281B01032,LLOYDSME,EQ,NSE,LLOYDS METALS N ENERGY L,Steel & Iron Products,INE281B01032,True
1056,NSE_EQ|INE269B01029,LMW,EQ,NSE,LMW LIMITED,Others,INE269B01029,True
307,NSE_EQ|INE670K01029,LODHA,EQ,NSE,LODHA DEVELOPERS LIMITED,Construction,INE670K01029,True
7542,NSE_EQ|INE397H01017,LOKESHMACH,BE,NSE,LOKESH MACHINES LTD,Others,INE397H01017,True
682,NSE_EQ|INE846D01012,LORDSCHLO,EQ,NSE,LORDS CHLORO ALKALI LTD,Others,INE846D01012,True
1793,NSE_EQ|INE0V9Q01010,LOTUSDEV,EQ,NSE,SRI LOTUS DEVLPRS N RTY L,Others,INE0V9Q01010,True
2447,NSE_EQ|INE947I01017,LOTUSEYE,EQ,NSE,LOTUS EYE HOSP & INST L,Others,INE947I01017,True
1676,NSE_EQ|INE597L01014,LOVABLE,EQ,NSE,LOVABLE LINGERIE LTD,Others,INE597L01014,True
1249,NSE_EQ|INF769K01JU9,LOWVOL,EQ,NSE,MIRAEAMC - MANV30F,Others,INF769K01JU9,True
761,NSE_EQ|INF174KA1IY5,LOWVOL1,EQ,NSE,KOTAKMAMC - KOTAKLOVOL,Others,INF174KA1IY5,True
2312,NSE_EQ|INF109KC19U5,LOWVOLIETF,EQ,NSE,ICICI PR NIF LW VL 30 ETF,Others,INF109KC19U5,True
8276,NSE_EQ|INE970D01010,LOYALTEX,BE,NSE,LOYAL TEXTILE MILLS LTD,Others,INE970D01010,True
1606,NSE_EQ|INE197J01017,LPDC,EQ,NSE,LANDMARK PR.DEV.CO.LTD,Others,INE197J01017,True
6330,NSE_EQ|INE0H4B01011,LRRPL,SM,NSE,LEAD REC AND RUB PROD LTD,Others,INE0H4B01011,True
299,NSE_EQ|INE018A01030,LT,EQ,NSE,LARSEN & TOUBRO LTD.,Engineering,INE018A01030,True
294,NSE_EQ|INE498L01015,LTF,EQ,NSE,L&T FINANCE LIMITED,NBFC,INE498L01015,True
6394,NSE_EQ|INE498L07152,LTFL28,N0,NSE,LTFL 2028 SR E,Others,INE498L07152,True
297,NSE_EQ|INE818H01020,LTFOODS,EQ,NSE,LT FOODS LIMITED,Consumer Food,INE818H01020,True
1635,NSE_EQ|INF204KB1882,LTGILTBEES,EQ,NSE,NIP IND ETF LONGTERM GILT,Others,INF204KB1882,True
912,NSE_EQ|INF0R8F01133,LTGILTCASE,EQ,NSE,ZERODHAAMC - LTGILTCASE,Others,INF0R8F01133,True
298,NSE_EQ|INE214T01019,LTM,EQ,NSE,LTM LIMITED,IT - Software,INE214T01019,True
295,NSE_EQ|INE010V01017,LTTS,EQ,NSE,L&T TECHNOLOGY SER. LTD.,Engineering,INE010V01017,True
1069,NSE_EQ|INE162B01018,LUMAXIND,EQ,NSE,LUMAX INDUSTRIES LTD,Others,INE162B01018,True
1899,NSE_EQ|INE872H01027,LUMAXTECH,EQ,NSE,LUMAX AUTO TECH LTD,Others,INE872H01027,True
308,NSE_EQ|INE326A01037,LUPIN,EQ,NSE,LUPIN LIMITED,Pharmaceuticals,INE326A01037,True
849,NSE_EQ|INE150G01020,LUXIND,EQ,NSE,LUX INDUSTRIES LIMITED,Others,INE150G01020,True
764,NSE_EQ|INE576O01020,LXCHEM,EQ,NSE,LAXMI ORGANIC INDUS LTD,Others,INE576O01020,True
1980,NSE_EQ|INE933A01014,LYKALABS,EQ,NSE,LYKA LABS LTD,Others,INE933A01014,True
1571,NSE_EQ|INE142K01011,LYPSAGEMS,EQ,NSE,LYPSA GEMS & JEWEL LTD,Others,INE142K01011,True
315,NSE_EQ|INE101A01026,M&M,EQ,NSE,MAHINDRA & MAHINDRA LTD,Automobile,INE101A01026,True
314,NSE_EQ|INE774D01024,M&MFIN,EQ,NSE,M&M FIN. SERVICES LTD,NBFC,INE774D01024,True
735,NSE_EQ|INE215I01027,MAANALU,EQ,NSE,MAAN ALUMINIUM LIMITED,Others,INE215I01027,True
3721,NSE_EQ|INE0R0J01010,MACOBSTECH,SM,NSE,MACOBS TECHNOLOGIES LTD,Others,INE0R0J01010,True
2388,NSE_EQ|INE155Z01011,MACPOWER,EQ,NSE,MACPOWER CNC MACHINES LTD,Others,INE155Z01011,True
2458,NSE_EQ|INE925C01016,MADHAV,EQ,NSE,MADHAV MARBLE & GRANITE,Others,INE925C01016,True
9217,NSE_EQ|INE0JR301013,MADHAVBAUG,SM,NSE,VAIDYA SANE AYUR LAB LTD,Others,INE0JR301013,True
2197,NSE_EQ|INE631R01026,MADHAVIPL,EQ,NSE,MADHAV INFRA PROJECTS L,Others,INE631R01026,True
1995,NSE_EQ|INE378D01032,MADHUCON,EQ,NSE,MADHUCON PROJECTS LTD.,Others,INE378D01032,True
8485,NSE_EQ|INE0P6701019,MADHUSUDAN,SM,NSE,MADHUSUDAN MASALA LIMITED,Others,INE0P6701019,True
610,NSE_EQ|INE414A01015,MADRASFERT,EQ,NSE,MADRAS FERTILISERS LTD,Others,INE414A01015,True
1260,NSE_EQ|INF769K01HF4,MAFANG,EQ,NSE,MIRAEAMC - MAFANG,Others,INF769K01HF4,True
1887,NSE_EQ|INE270B01035,MAFATIND,EQ,NSE,MAFATLAL INDUSTRIES LTD.,Others,INE270B01035,True
1044,NSE_EQ|INE347W01011,MAGADSUGAR,EQ,NSE,MAGADH SUGAR & ENERGY LTD,Others,INE347W01011,True
1252,NSE_EQ|INE387I01016,MAGNUM,EQ,NSE,MAGNUM VENTURES LTD.,Others,INE387I01016,True
7120,NSE_EQ|INE0O1S01012,MAGSON,ST,NSE,MAGSON RETAIL AND DIST L,Others,INE0O1S01012,True
73,NSE_EQ|INE457A01014,MAHABANK,EQ,NSE,BANK OF MAHARASHTRA,Bank,INE457A01014,True
795,NSE_EQ|INE843B01013,MAHAPEXLTD,EQ,NSE,MAHA RASHTRA APEX COPR. L,Others,INE843B01013,True
8433,NSE_EQ|INE451L01014,MAHASTEEL,BE,NSE,MAHAMAYA STEEL INDS LTD,Others,INE451L01014,True
937,NSE_EQ|INE215D01010,MAHEPC,EQ,NSE,MAHINDRA EPC IRRIG LTD,Others,INE215D01010,True
5079,NSE_EQ|INE263W01010,MAHESHWARI,BE,NSE,MAHESHWARI LOGISTICS LTD.,Others,INE263W01010,True
6419,NSE_EQ|INE961Y01015,MAHICKRA,ST,NSE,MAHICKRA CHEMICAL LIMITED,Others,INE961Y01015,True
1262,NSE_EQ|INF769K01HS7,MAHKTECH,EQ,NSE,MIRAEAMC - MAHKTECH,Others,INF769K01HS7,True
955,NSE_EQ|INE813A01018,MAHLIFE,EQ,NSE,MAHINDRA LIFESPACE DEVLTD,Others,INE813A01018,True
555,NSE_EQ|INE766P01016,MAHLOG,EQ,NSE,MAHINDRA LOGISTIC LIMITED,Others,INE766P01016,True
312,NSE_EQ|INE288A01013,MAHSCOOTER,EQ,NSE,MAHARASHTRA SCOOTERS LTD,Investment,INE288A01013,True
313,NSE_EQ|INE271B01025,MAHSEAMLES,EQ,NSE,MAHARASHTRA SEAMLESS LTD,Steel & Iron Products,INE271B01025,True
1294,NSE_EQ|INE683C01011,MAITHANALL,EQ,NSE,MAITHAN ALLOYS LTD,Others,INE683C01011,True
7201,NSE_EQ|INE0PLQ01011,MAITREYA,SM,NSE,MAITREYA MEDICARE LIMITED,Others,INE0PLQ01011,True
997,NSE_EQ|INE201B01022,MAJESAUT,EQ,NSE,MAJESTIC AUTO LTD.,Others,INE201B01022,True
1245,NSE_EQ|INF769K01IB1,MAKEINDIA,EQ,NSE,MIRAEAMC - MAMFGETF,Others,INF769K01IB1,True
2783,NSE_EQ|INE0CDK01019,MAKS,SM,NSE,MAKS ENERGY SOL INDIA LTD,Others,INE0CDK01019,True
4100,NSE_EQ|INE00C401011,MAL,SM,NSE,MANGALAM ALLOYS LIMITED,Others,INE00C401011,True
1459,NSE_EQ|INE389C01015,MALLCOM,EQ,NSE,MALLCOM (INDIA) LIMITED,Others,INE389C01015,True
942,NSE_EQ|INE383H01017,MALUPAPER,EQ,NSE,MALU PAPER MILLS LIMITED,Others,INE383H01017,True
2383,NSE_EQ|INE0TO701015,MAMATA,EQ,NSE,MAMATA MACHINERY LIMITED,Others,INE0TO701015,True
2050,NSE_EQ|INE859Q01017,MANAKALUCO,EQ,NSE,MANAK ALUMINIUM CO. LTD.,Others,INE859Q01017,True
1162,NSE_EQ|INE830Q01018,MANAKCOAT,EQ,NSE,MAN COAT METAL & IND LTD,Others,INE830Q01018,True
2058,NSE_EQ|INE015D01022,MANAKSIA,EQ,NSE,MANAKSIA LTD.,Others,INE015D01022,True
3397,NSE_EQ|INE824Q01011,MANAKSTEEL,BE,NSE,MANAKSIA STEELS LTD,Others,INE824Q01011,True
2385,NSE_EQ|INE201A01024,MANALIPETC,EQ,NSE,MANALI PETROCHEMICALS LT,Others,INE201A01024,True
533,NSE_EQ|INE522D01027,MANAPPURAM,EQ,NSE,MANAPPURAM FINANCE LTD,Others,INE522D01027,True
7443,NSE_EQ|INE104Y01012,MANAV,SM,NSE,MANAV INFRA PROJECTS LTD,Others,INE104Y01012,True
2089,NSE_EQ|INE939X01013,MANBA,EQ,NSE,MANBA FINANCE LIMITED,Others,INE939X01013,True
879,NSE_EQ|INE545L01039,MANCREDIT,EQ,NSE,MANGAL CREDIT N FINCORP L,Others,INE545L01039,True
9122,NSE_EQ|INE0R3T01013,MANDEEP,SM,NSE,MANDEEP AUTO INDUSTRIES L,Others,INE0R3T01013,True
1314,NSE_EQ|INE584F01014,MANGALAM,EQ,NSE,MANGALAM DRUG & CHEM LTD,Others,INE584F01014,True
1881,NSE_EQ|INE347A01017,MANGLMCEM,EQ,NSE,MANGALAM CEMENT LTD,Others,INE347A01017,True
6827,NSE_EQ|INE1ERK01013,MANILAM,SM,NSE,MANILAM INDUSTRIES IND L,Others,INE1ERK01013,True
1319,NSE_EQ|INE993A01026,MANINDS,EQ,NSE,MAN INDUSTRIES (I) LTD.,Others,INE993A01026,True
2259,NSE_EQ|INE949H01023,MANINFRA,EQ,NSE,MAN INFRA LTD,Others,INE949H01023,True
318,NSE_EQ|INE634S01028,MANKIND,EQ,NSE,MANKIND PHARMA LIMITED,Pharmaceuticals,INE634S01028,True
1026,NSE_EQ|INE784W01015,MANOMAY,EQ,NSE,MANOMAY TEX INDIA LTD,Others,INE784W01015,True
2334,NSE_EQ|INE00VM01036,MANORAMA,EQ,NSE,MANORAMA INDUSTRIES LTD,Others,INE00VM01036,True
3305,NSE_EQ|INE370D01013,MANORG,BE,NSE,MANGALAM ORGANICS LIMITED,Others,INE370D01013,True
712,NSE_EQ|INF204KC1GH6,MANUFGBEES,EQ,NSE,NIPPONAMC - MANUFGBEES,Others,INF204KC1GH6,True
6568,NSE_EQ|INE867A01022,MANUGRAPH,BE,NSE,MANUGRAPH INDIA LIMITED,Others,INE867A01022,True
2422,NSE_EQ|INE825V01034,MANYAVAR,EQ,NSE,VEDANT FASHIONS LIMITED,Others,INE825V01034,True
95,NSE_EQ|INE0BV301023,MAPMYINDIA,EQ,NSE,C.E. INFO SYSTEMS LIMITED,IT - Software,INE0BV301023,True
6839,NSE_EQ|INE882A01013,MARALOVER,BE,NSE,MARAL OVERSEAS LTD,Others,INE882A01013,True
1472,NSE_EQ|INE182D01020,MARATHON,EQ,NSE,MARATHON NXTGEN REALT LTD,Others,INE182D01020,True
3227,NSE_EQ|INE0TD401015,MARC,ST,NSE,MARC TECHNOCRATS LIMITED,Others,INE0TD401015,True
3344,NSE_EQ|INE0QP001012,MARCO,SM,NSE,MARCO CABLE & CONDUCTOR L,Others,INE0QP001012,True
319,NSE_EQ|INE196A01026,MARICO,EQ,NSE,MARICO LIMITED,Consumer Food,INE196A01026,True
2361,NSE_EQ|INE01JE01028,MARINE,EQ,NSE,MARINE ELECTRICAL (I) LTD,Others,INE01JE01028,True
4855,NSE_EQ|INE0P1P01017,MARINETRAN,SM,NSE,MARINETRANS INDIA LIMITED,Others,INE0P1P01017,True
2419,NSE_EQ|INE0FW001016,MARKOLINES,EQ,NSE,MARKOLINES PAVEMENT TEC L,Others,INE0FW001016,True
2185,NSE_EQ|INE750C01026,MARKSANS,EQ,NSE,MARKSANS PHARMA LIMITED,Others,INE750C01026,True
2125,NSE_EQ|INE415B01044,MARSONS,EQ,NSE,MARSONS LIMITED,Others,INE415B01044,True
3703,NSE_EQ|INE0X7G01013,MARUSHIKA,SM,NSE,MARUSHIKA TECHNOLOGY LTD,Others,INE0X7G01013,True
320,NSE_EQ|INE585B01010,MARUTI,EQ,NSE,MARUTI SUZUKI INDIA LTD.,Automobile,INE585B01010,True
1528,NSE_EQ|INE348L01012,MASFIN,EQ,NSE,MAS FINANCIAL SERV LTD,Others,INE348L01012,True
4173,NSE_EQ|INE885F01015,MASKINVEST,BE,NSE,MASK INVESTMENTS LIMITED,Others,INE885F01015,True
4479,NSE_EQ|INE0SH001010,MASON,SM,NSE,MASON INFRATECH LIMITED,Others,INE0SH001010,True
1265,NSE_EQ|INF769K01HP3,MASPTOP50,EQ,NSE,MIRAEAMC - MASPTOP50,Others,INF769K01HP3,True
1451,NSE_EQ|INE759A01021,MASTEK,EQ,NSE,MASTEK LTD,Others,INE759A01021,True
4975,NSE_EQ|INE0OJM01017,MASTER,SM,NSE,MASTER COMPONENTS LIMITED,Others,INE0OJM01017,True
1243,NSE_EQ|INE677D01037,MASTERTR,EQ,NSE,MASTER TRUST LIMITED,Others,INE677D01037,True
2253,NSE_EQ|INE866R01028,MATRIMONY,EQ,NSE,MATRIMONY.COM LIMITED,Others,INE866R01028,True
2880,NSE_EQ|INE636A01039,MAWANASUG,BE,NSE,MAWANA SUGARS LIMITED,Others,INE636A01039,True
1290,NSE_EQ|INE03EI01018,MAXESTATES,EQ,NSE,MAX ESTATES LIMITED,Others,INE03EI01018,True
322,NSE_EQ|INE027H01010,MAXHEALTH,EQ,NSE,MAX HEALTHCARE INS LTD,Healthcare Services,INE027H01010,True
1310,NSE_EQ|INE0CG601016,MAXIND,EQ,NSE,MAX INDIA LIMITED,Others,INE0CG601016,True
6020,NSE_EQ|INE0ECC01022,MAXPOSURE,SM,NSE,MAXPOSURE LIMITED,Others,INE0ECC01022,True
4149,NSE_EQ|INE10A501018,MAXVOLT,ST,NSE,MAXVOLT ENERGY INDUS L,Others,INE10A501018,True
7701,NSE_EQ|INE0ZTO01018,MAYASHEEL,SM,NSE,MAYASHEEL VENTURES LTD,Others,INE0ZTO01018,True
2145,NSE_EQ|INE040D01038,MAYURUNIQ,EQ,NSE,MAYUR UNIQUOTERS LTD,Others,INE040D01038,True
569,NSE_EQ|INE885E01042,MAZDA,EQ,NSE,MAZDA LIMITED,Others,INE885E01042,True
323,NSE_EQ|INE249Z01020,MAZDOCK,EQ,NSE,MAZAGON DOCK SHIPBUIL LTD,Ship Building,INE249Z01020,True
1360,NSE_EQ|INE900L01010,MBAPL,EQ,NSE,MADHYA BHARAT AGRO P. LTD,Others,INE900L01010,True
2410,NSE_EQ|INE08N601015,MBEL,EQ,NSE,M AND B ENGINEERING LTD,Others,INE08N601015,True
2536,NSE_EQ|INE912H01013,MBLINFRA,BE,NSE,MBL INFRASTRUCTURE LTD,Others,INE912H01013,True
2057,NSE_EQ|INE435D01014,MCCHRLS-B,EQ,NSE,MAC CHARLES (INDIA) LTD.,Others,INE435D01014,True
1173,NSE_EQ|INE813V01022,MCL,EQ,NSE,M TEK COPPER LIMITED,Others,INE813V01022,True
7318,NSE_EQ|INE942G01012,MCLEODRUSS,BE,NSE,MCLEOD RUSSEL INDIA LTD.,Others,INE942G01012,True
657,NSE_EQ|INE613C01026,MCLOUD,EQ,NSE,MAGELLANIC CLOUD LIMITED,Others,INE613C01026,True
3641,NSE_EQ|INE0O4M01019,MCON,SM,NSE,MCON RASAYAN INDIA LTD,Others,INE0O4M01019,True
329,NSE_EQ|INE745G01043,MCX,EQ,NSE,MULTI COMMODITY EXCHANGE,Financial Services,INE745G01043,True
8420,NSE_EQ|INE575Z01010,MDL,ST,NSE,MARVEL DECOR LIMITED,Others,INE575Z01010,True
182,NSE_EQ|INE474Q01031,MEDANTA,EQ,NSE,GLOBAL HEALTH LIMITED,Healthcare Services,INE474Q01031,True
1562,NSE_EQ|INE456Z01021,MEDIASSIST,EQ,NSE,MEDI ASSIST HEALTH SER L,Others,INE456Z01021,True
1683,NSE_EQ|INE646B01010,MEDICAMEQ,EQ,NSE,MEDICAMEN BIOTECH LIMITED,Others,INE646B01010,True
2430,NSE_EQ|INE630Y01024,MEDICO,EQ,NSE,MEDICO REMEDIES LIMITED,Others,INE630Y01024,True
6919,NSE_EQ|INE0PE401018,MEDIORG,SM,NSE,MEDICAMEN ORGANICS LTD,Others,INE0PE401018,True
4247,NSE_EQ|INE0UOY01019,MEDISTEP,SM,NSE,MEDISTEP HEALTHCARE LTD,Others,INE0UOY01019,True
1912,NSE_EQ|INE804L01022,MEDPLUS,EQ,NSE,MEDPLUS HEALTH SERV LTD,Others,INE804L01022,True
811,NSE_EQ|INE0VDM01015,MEESHO,EQ,NSE,MEESHO LIMITED,Others,INE0VDM01015,True
2854,NSE_EQ|INE0G1D01014,MEGAFLEX,SM,NSE,MEGA FLEX PLASTICS LTD,Others,INE0G1D01014,True
1189,NSE_EQ|INE00EM01016,MEGASTAR,EQ,NSE,MEGASTAR FOODS LIMITED,Others,INE00EM01016,True
8692,NSE_EQ|INE531R01010,MEGATHERM,SM,NSE,MEGATHERM INDUCTION LTD,Others,INE531R01010,True
5476,NSE_EQ|INE0PKD01011,MEIL,BE,NSE,MANGAL ELECTRICAL IND L,Others,INE0PKD01011,True
1950,NSE_EQ|INE650G01029,MENNPIS,EQ,NSE,MENON PISTONS LTD.,Others,INE650G01029,True
1396,NSE_EQ|INE071D01033,MENONBE,EQ,NSE,MENON BEARINGS LIMITED,Others,INE071D01033,True
3230,NSE_EQ|INE776I01010,MEP,BZ,NSE,MEP INFRA. DEVELOPERS LTD,Others,INE776I01010,True
710,NSE_EQ|INE689O01013,MERCANTILE,EQ,NSE,MERCANTILE VENTURES LTD.,Others,INE689O01013,True
9405,NSE_EQ|INE763M01028,MERCURYEV,BE,NSE,MERCURY EV-TECH LIMITED,Others,INE763M01028,True
1232,NSE_EQ|INF769K01LY7,METAL,EQ,NSE,MIRAEAMC - METAL,Others,INF769K01LY7,True
2313,NSE_EQ|INF109KC19W1,METALIETF,EQ,NSE,ICICIPRAMC - METALIETF,Others,INF109KC19W1,True
1152,NSE_EQ|INE317I01021,METROBRAND,EQ,NSE,METRO BRANDS LIMITED,Others,INE317I01021,True
2351,NSE_EQ|INE085D01033,METROGLOBL,EQ,NSE,METROGLOBAL LTD.,Others,INE085D01033,True
324,NSE_EQ|INE112L01020,METROPOLIS,EQ,NSE,METROPOLIS HEALTHCARE LTD,Healthcare Services,INE112L01020,True
3275,NSE_EQ|INE414G07JZ7,MFL29,N0,NSE,MFL TBILL LKD 2029,Others,INE414G07JZ7,True
1954,NSE_EQ|INE0US801024,MFML,EQ,NSE,MAHALAXMI FABRIC MILLS LT,Others,INE0US801024,True
321,NSE_EQ|INE180A01020,MFSL,EQ,NSE,MAX FINANCIAL SERV LTD,Finance,INE180A01020,True
3263,NSE_EQ|INE0APB01032,MGEL,BE,NSE,MANGALAM GLOBAL ENT LTD,Others,INE0APB01032,True
311,NSE_EQ|INE002S01010,MGL,EQ,NSE,MAHANAGAR GAS LTD.,Gas Transmission,INE002S01010,True
6335,NSE_EQ|INE132901013,MGSL,SM,NSE,MATRIX GEO SOLUTIONS LTD,Others,INE132901013,True
8023,NSE_EQ|INE450S01011,MHHL,SM,NSE,MOHINI HEALTH&HYGIENE LTD,Others,INE450S01011,True
1487,NSE_EQ|INE112D01035,MHLXMIRU,EQ,NSE,MAHALAXMI RUBTECH LIMITED,Others,INE112D01035,True
2187,NSE_EQ|INE998I01010,MHRIL,EQ,NSE,MAHINDRA HOLIDAYS LTD,Others,INE998I01010,True
918,NSE_EQ|INE287C01037,MICEL,EQ,NSE,MIC ELECTRONICS LTD,Others,INE287C01037,True
3055,NSE_EQ|INE0PZK01014,MICROPRO,SM,NSE,MICROPRO SOFTWARE SOL L,Others,INE0PZK01014,True
546,NSE_EQ|INF174KA1VW2,MID150,EQ,NSE,KOTAKMAMC - MID150,Others,INF174KA1VW2,True
1791,NSE_EQ|INF204KB1V68,MID150BEES,EQ,NSE,NIP IND ETF MIDCAP 150,Others,INF204KB1V68,True
909,NSE_EQ|INF0R8F01059,MID150CASE,EQ,NSE,ZERODHAAMC - MID150CASE,Others,INF0R8F01059,True
644,NSE_EQ|INF174KA1ZC5,MIDCAP,EQ,NSE,KOTAKMAMC - KOTAKMID50,Others,INF174KA1ZC5,True
1684,NSE_EQ|INF740KA1WW5,MIDCAPADD,EQ,NSE,DSPAMC - MIDCAPADD,Others,INF740KA1WW5,True
991,NSE_EQ|INF789F1AYX9,MIDCAPBETA,EQ,NSE,UTIAMC-MIDCAPBETA,Others,INF789F1AYX9,True
1240,NSE_EQ|INF769K01IC9,MIDCAPETF,EQ,NSE,MIRAEAMC - MAM150ETF,Others,INF769K01IC9,True
1777,NSE_EQ|INF109KC11W8,MIDCAPIETF,EQ,NSE,ICICIPRAMC - ICICIM150,Others,INF109KC11W8,True
654,NSE_EQ|INE099Z01011,MIDHANI,EQ,NSE,MISHRA DHATU NIGAM LTD,Others,INE099Z01011,True
1841,NSE_EQ|INF740KA1QL0,MIDQ50ADD,EQ,NSE,DSPAMC - DSPQ50ETF,Others,INF740KA1QL0,True
1768,NSE_EQ|INF109KC10W0,MIDSELIETF,EQ,NSE,ICICI PRUD MIDCAP SEL ETF,Others,INF109KC10W0,True
1228,NSE_EQ|INF769K01LJ8,MIDSMALL,EQ,NSE,MIRAEAMC - MIDSMALL,Others,INF769K01LJ8,True
1016,NSE_EQ|INE0XAD01024,MIDWESTLTD,EQ,NSE,MIDWEST LIMITED,Others,INE0XAD01024,True
5529,NSE_EQ|INE0R3101011,MIEL,SM,NSE,MANGLAM INFRA & ENG LTD,Others,INE0R3101011,True
9435,NSE_EQ|INE376Y01016,MILTON,SM,NSE,MILTON INDUSTRIES LIMITED,Others,INE376Y01016,True
325,NSE_EQ|INE842C01021,MINDACORP,EQ,NSE,MINDA CORPORATION LTD,Auto Ancillary,INE842C01021,True
6388,NSE_EQ|INE00RQ01019,MINDPOOL,SM,NSE,MINDPOOL TECHNOLOGIES LTD,Others,INE00RQ01019,True
3386,NSE_EQ|INE0CCU25019,MINDSPACE,RR,NSE,MINDSPACE BUSINESS P REIT,Others,INE0CCU25019,True
2114,NSE_EQ|INE110B01017,MINDTECK,EQ,NSE,MINDTECK (INDIA) LIMITED,Others,INE110B01017,True
5696,NSE_EQ|INE831A01028,MIRCELECTR,BE,NSE,MIRCELECTR-DEPO,Others,INE831A01028,True
1563,NSE_EQ|INE771A01026,MIRZAINT,EQ,NSE,MIRZA INTERNATIONAL LIMIT,Others,INE771A01026,True
3274,NSE_EQ|INE828O01033,MITCON,BE,NSE,MITCON CON & ENG SER LTD,Others,INE828O01033,True
2279,NSE_EQ|INE997Y01027,MITTAL,EQ,NSE,MITTAL LIFE STYLE LIMITED,Others,INE997Y01027,True
2278,NSE_EQ|INE964W01021,MKPL,EQ,NSE,M K PROTEINS LIMITED,Others,INE964W01021,True
3622,NSE_EQ|INE0XM301010,MMEL,ST,NSE,MOVING MEDIA ENTER LTD,Others,INE0XM301010,True
1442,NSE_EQ|INE227C01017,MMFL,EQ,NSE,MM FORGINGS LTD,Others,INE227C01017,True
1699,NSE_EQ|INE511Y01018,MMP,EQ,NSE,MMP INDUSTRIES LIMITED,Others,INE511Y01018,True
309,NSE_EQ|INE123F01029,MMTC,EQ,NSE,MMTC LIMITED,Trading,INE123F01029,True
3096,NSE_EQ|INE200D01020,MMWL,BE,NSE,MEDIA MATRIX WORLDWIDE L,Others,INE200D01020,True
760,NSE_EQ|INF174KA1JF2,MNC,EQ,NSE,KOTAKMAMC - KOTAKMNC,Others,INF174KA1JF2,True
852,NSE_EQ|INF247L01FR8,MOALPHA50,EQ,NSE,MOTILALAMC - MOALPHA50,Others,INF247L01FR8,True
1258,NSE_EQ|INF247L01GV8,MOBANK10,EQ,NSE,MOTILALAMC - MOBANK10,Others,INF247L01GV8,True
794,NSE_EQ|INE0HLU01028,MOBIKWIK,EQ,NSE,ONE MOBIKWIK SYSTEMS LTD,Others,INE0HLU01028,True
5164,NSE_EQ|INE1YNB01019,MOBILISE,ST,NSE,MOBILISE APP LAB LIMITED,Others,INE1YNB01019,True
828,NSE_EQ|INF247L01EV3,MOCAPITAL,EQ,NSE,MOTILALAMC - MOCAPITAL,Others,INF247L01EV3,True
871,NSE_EQ|INF247L01DJ0,MODEFENCE,EQ,NSE,MOTILALAMC - MODEFENCE,Others,INF247L01DJ0,True
7717,NSE_EQ|INE537F01012,MODINATUR,BE,NSE,MODI NATURALS LIMITED,Others,INE537F01012,True
756,NSE_EQ|INE832A01018,MODIRUBBER,EQ,NSE,MODI RUBBER LTD,Others,INE832A01018,True
1733,NSE_EQ|INE0L0L01012,MODIS,EQ,NSE,MODIS NAVNIRMAN LTD,Others,INE0L0L01012,True
5520,NSE_EQ|INE737D01021,MODISONLTD,BE,NSE,MODISON LIMITED,Others,INE737D01021,True
1109,NSE_EQ|INE794W01014,MODTHREAD,EQ,NSE,MODERN THREADS INDIA LTD,Others,INE794W01014,True
837,NSE_EQ|INF247L01GH7,MOENERGY,EQ,NSE,MOTILALAMC - MOENERGY,Others,INF247L01GH7,True
844,NSE_EQ|INF247L01FY4,MOGOLD,EQ,NSE,MOTILALAMC - MOGOLD,Others,INF247L01FY4,True
887,NSE_EQ|INF247L01AK4,MOGSEC,EQ,NSE,MOTILALAMC - G5,Others,INF247L01AK4,True
875,NSE_EQ|INF247L01BB1,MOHEALTH,EQ,NSE,MOTILALAMC - MOHEALTH,Others,INF247L01BB1,True
2003,NSE_EQ|INE954E01012,MOHITIND,EQ,NSE,MOHIT INDUSTRIES LTD,Others,INE954E01012,True
1559,NSE_EQ|INE490G01020,MOIL,EQ,NSE,MOIL LIMITED,Others,INE490G01020,True
819,NSE_EQ|INF247L01FL1,MOINFRA,EQ,NSE,MOTILALAMC - MOINFRA,Others,INF247L01FL1,True
838,NSE_EQ|INF247L01GI5,MOIPO,EQ,NSE,MOTILALAMC - MOIPO,Others,INF247L01GI5,True
1140,NSE_EQ|INE514Y01020,MOKSH,EQ,NSE,MOKSH ORNAMENTS LIMITED,Others,INE514Y01020,True
1530,NSE_EQ|INE0CT101020,MOL,EQ,NSE,MEGHMANI ORGANICS LIMITED,Others,INE0CT101020,True
2135,NSE_EQ|INE835B01035,MOLDTECH,EQ,NSE,MOLD-TEK TECHNOLOGIES LTD,Others,INE835B01035,True
1052,NSE_EQ|INE893J01029,MOLDTKPAC,EQ,NSE,MOLD-TEK PACKAGING LTD,Others,INE893J01029,True
899,NSE_EQ|INF247L01BL0,MOLOWVOL,EQ,NSE,MOTILALAMC - MOLOWVOL,Others,INF247L01BL0,True
1046,NSE_EQ|INF247L01023,MOM100,EQ,NSE,MOTILAL OS MIDCAP100 ETF,Others,INF247L01023,True
1755,NSE_EQ|INF109KC17C7,MOM30IETF,EQ,NSE,ICICIPRAMC - ICICIMOM30,Others,INF109KC17C7,True
1006,NSE_EQ|INF247L01536,MOM50,EQ,NSE,MOTILAL OSWAL M50 ETF,Others,INF247L01536,True
1297,NSE_EQ|INF209KB14K7,MOMENTUM,EQ,NSE,BIRLASLAMC - MOMENTUM,Others,INF209KB14K7,True
528,NSE_EQ|INF174KA1XS6,MOMENTUM30,EQ,NSE,KOTAKMAMC - MOMENTUM30,Others,INF174KA1XS6,True
872,NSE_EQ|INF247L01DK8,MOMENTUM50,EQ,NSE,MOTILALAMC - MOMENTUM50,Others,INF247L01DK8,True
820,NSE_EQ|INF247L01FK3,MOMGF,EQ,NSE,MOTILALAMC - MOMGF,Others,INF247L01FK3,True
847,NSE_EQ|INF247L01FQ0,MOMIDMTM,EQ,NSE,MOTILALAMC - MOMIDMTM,Others,INF247L01FQ0,True
835,NSE_EQ|INF247L01GK1,MOMNC,EQ,NSE,MOTILALAMC - MOMNC,Others,INF247L01GK1,True
900,NSE_EQ|INF247L01BK2,MOMOMENTUM,EQ,NSE,MOTILALAMC - MOMOMENTUM,Others,INF247L01BK2,True
882,NSE_EQ|INF247L01AP3,MON100,EQ,NSE,MOTILAL OS NASDAQ100 ETF,Others,INF247L01AP3,True
823,NSE_EQ|INF247L01FC0,MON50EQUAL,EQ,NSE,MOTILALAMC - MON50EQUAL,Others,INF247L01FC0,True
1147,NSE_EQ|INE903D01011,MONARCH,EQ,NSE,MONARCH NETWORTH CAP LTD,Others,INE903D01011,True
821,NSE_EQ|INF247L01FD8,MONEXT50,EQ,NSE,MOTILALAMC - MONEXT50,Others,INF247L01FD8,True
2168,NSE_EQ|INE296Q01012,MONEYBOXX,EQ,NSE,MONEYBOXX FINANCE LIMITED,Others,INE296Q01012,True
843,NSE_EQ|INF247L01GG9,MONIFTY100,EQ,NSE,MOTILALAMC - MONIFTY100,Others,INF247L01GG9,True
895,NSE_EQ|INF247L01BU1,MONIFTY500,EQ,NSE,MOTILALAMC - MONIFTY500,Others,INF247L01BU1,True
7782,NSE_EQ|INE1DV401010,MONOLITH,SM,NSE,MONOLITHISCH INDIA LTD,Others,INE1DV401010,True
4954,NSE_EQ|INE0OIP01012,MONOPHARMA,SM,NSE,MONO PHARMACARE LIMITED,Others,INE0OIP01012,True
878,NSE_EQ|INF247L01AU3,MONQ50,EQ,NSE,MOTILALAMC - MONQ50,Others,INF247L01AU3,True
944,NSE_EQ|INE950M01013,MONTECARLO,EQ,NSE,MONTE CARLO FASHIONS LTD.,Others,INE950M01013,True
851,NSE_EQ|INF247L01FO5,MOPSE,EQ,NSE,MOTILALAMC - MOPSE,Others,INF247L01FO5,True
896,NSE_EQ|INF247L01BH8,MOQUALITY,EQ,NSE,MOTILALAMC - MOQUALITY,Others,INF247L01BH8,True
9208,NSE_EQ|INE161G01027,MORARJEE,BZ,NSE,MORARJEE TEXTILES LIMITED,Others,INE161G01027,True
860,NSE_EQ|INF247L01CI4,MOREALTY,EQ,NSE,MOTILALAMC - MOREALTY,Others,INF247L01CI4,True
631,NSE_EQ|INE083A01026,MOREPENLAB,EQ,NSE,MOREPEN LAB. LTD,Others,INE083A01026,True
6185,NSE_EQ|INE0N7S01028,MOS,SM,NSE,MOS UTILITY LIMITED,Others,INE0N7S01028,True
894,NSE_EQ|INE935B01025,MOSCHIP,EQ,NSE,MOSCHIP TECHNOLOGIES LTD,Others,INE935B01025,True
834,NSE_EQ|INF247L01GJ3,MOSERVICE,EQ,NSE,MOTILALAMC - MOSERVICE,Others,INF247L01GJ3,True
846,NSE_EQ|INF247L01FZ1,MOSILVER,EQ,NSE,MOTILALAMC - MOSILVER,Others,INF247L01FZ1,True
859,NSE_EQ|INF247L01CH6,MOSMALL250,EQ,NSE,MOTILALAMC - MOSMALL250,Others,INF247L01CH6,True
6685,NSE_EQ|INE775A08105,MOTHERSON,D1,NSE,SAMVARDHANA MOTHERSON INT,Others,INE775A08105,True
407,NSE_EQ|INE775A01035,MOTHERSON,EQ,NSE,SAMVRDHNA MTHRSN INTL LTD,Auto Ancillary,INE775A01035,True
327,NSE_EQ|INE338I01027,MOTILALOFS,EQ,NSE,MOTILAL OSWAL FIN LTD,Stock Broking,INE338I01027,True
1997,NSE_EQ|INE0FRK01020,MOTISONS,EQ,NSE,MOTISONS JEWELLERS LTD,Others,INE0FRK01020,True
6451,NSE_EQ|INE861B01023,MOTOGENFIN,BE,NSE,MOTOR & GENERAL FINANCE L,Others,INE861B01023,True
848,NSE_EQ|INF247L01FP2,MOTOUR,EQ,NSE,MOTILALAMC - MOTOUR,Others,INF247L01FP2,True
874,NSE_EQ|INF247L01BE5,MOVALUE,EQ,NSE,MOTILALAMC - MOVALUE,Others,INF247L01BE5,True
8454,NSE_EQ|INE0N6D01014,MOXSH,ST,NSE,MOXSH OVERSEAS EDUCON LTD,Others,INE0N6D01014,True
9418,NSE_EQ|INE0U4H01011,MPEL,SM,NSE,MANAS POLYMER N ENERGIE L,Others,INE0U4H01011,True
328,NSE_EQ|INE356A01018,MPHASIS,EQ,NSE,MPHASIS LIMITED,IT - Software,INE356A01018,True
1593,NSE_EQ|INE943D01017,MPSLTD,EQ,NSE,MPS LIMITED,Others,INE943D01017,True
2941,NSE_EQ|INE105Y01019,MPTODAY,SM,NSE,M P TODAY MEDIA LIMITED,Others,INE105Y01019,True
310,NSE_EQ|INE883A01011,MRF,EQ,NSE,MRF LTD,Tyres & Allied,INE883A01011,True
3406,NSE_EQ|INE632Q01018,MRIL,SM,NSE,MAHENDRA REALTO & INFRA L,Others,INE632Q01018,True
317,NSE_EQ|INE103A01014,MRPL,EQ,NSE,MRPL,Refineries,INE103A01014,True
2353,NSE_EQ|INF579M01BP5,MSCI360,EQ,NSE,360ONEAMC - MSCI360,Others,INF579M01BP5,True
1685,NSE_EQ|INF740KA1WV7,MSCIADD,EQ,NSE,DSPAMC - MSCIADD,Others,INF740KA1WV7,True
548,NSE_EQ|INF174KA1VD2,MSCIINDIA,EQ,NSE,KOTAKMAMC - MSCIINDIA,Others,INF174KA1VD2,True
2273,NSE_EQ|INE752G01015,MSPL,EQ,NSE,MSP STEEL & POWER LTD.,Others,INE752G01015,True
1751,NSE_EQ|INE255X01014,MSTCLTD,EQ,NSE,MSTC LIMITED,Others,INE255X01014,True
326,NSE_EQ|INE0FS801015,MSUMI,EQ,NSE,MOTHERSON SUMI WRNG IND L,Steel & Iron Products,INE0FS801015,True
1941,NSE_EQ|INE864I01014,MTARTECH,EQ,NSE,MTAR TECHNOLOGIES LIMITED,Others,INE864I01014,True
5091,NSE_EQ|INE472M01018,MTEDUCARE,BE,NSE,MT EDUCARE LTD,Others,INE472M01018,True
1504,NSE_EQ|INE153A01019,MTNL,EQ,NSE,MAHANAGAR TELEPHONE NIGAM,Others,INE153A01019,True
1063,NSE_EQ|INE08KJ01020,MUFIN,EQ,NSE,MUFIN GREEN FINANCE LTD,Others,INE08KJ01020,True
1255,NSE_EQ|INE220Q01020,MUFTI,EQ,NSE,CREDO BRANDS MARKETING L,Others,INE220Q01020,True
1671,NSE_EQ|INE304A01026,MUKANDLTD,EQ,NSE,MUKAND LTD.,Others,INE304A01026,True
2091,NSE_EQ|INE0CG401037,MUKKA,EQ,NSE,MUKKA PROTEINS LIMITED,Others,INE0CG401037,True
773,NSE_EQ|INE374B01019,MUKTAARTS,EQ,NSE,MUKTA ARTS LIMITED,Others,INE374B01019,True
1237,NSE_EQ|INF769K01LX9,MULTICAP,EQ,NSE,MIRAEAMC - MULTICAP,Others,INF769K01LX9,True
8477,NSE_EQ|INE1K8Y01018,MUNISH,ST,NSE,MUNISH FORGE LIMITED,Others,INE1K8Y01018,True
557,NSE_EQ|INE672B01032,MUNJALAU,EQ,NSE,MUNJAL AUTO IND. LTD.,Others,INE672B01032,True
1973,NSE_EQ|INE577A01027,MUNJALSHOW,EQ,NSE,MUNJAL SHOWA LTD,Others,INE577A01027,True
2315,NSE_EQ|INE692B01014,MURUDCERA,EQ,NSE,MURUDESHWAR CERAMICS LTD,Others,INE692B01014,True
2632,NSE_EQ|INE414G07JC6,MUTF27,NL,NSE,MFL REPO RATE LINK 2027,Others,INE414G07JC6,True
1856,NSE_EQ|INE296G01013,MUTHOOTCAP,EQ,NSE,MUTHOOT CAP SERV LTD,Others,INE296G01013,True
330,NSE_EQ|INE414G01012,MUTHOOTFIN,EQ,NSE,MUTHOOT FINANCE LIMITED,NBFC,INE414G01012,True
1316,NSE_EQ|INE046W01019,MUTHOOTMF,EQ,NSE,MUTHOOT MICROFIN LIMITED,Others,INE046W01019,True
2042,NSE_EQ|INE0KNT01012,MVGJL,EQ,NSE,MANOJ VAIBHAV GEM N JEW L,Others,INE0KNT01012,True
7458,NSE_EQ|INE0SGC01015,MVKAGRO,SM,NSE,M.V.K. AGRO FOOD PROD LTD,Others,INE0SGC01015,True
2169,NSE_EQ|INE0JYY01011,MWL,EQ,NSE,MANGALAM WORLDWIDE LTD,Others,INE0JYY01011,True
9190,NSE_EQ|INE0RVQ01016,MYMUDRA,SM,NSE,MY MUDRA FINCORP LIMITED,Others,INE0RVQ01016,True
1157,NSE_EQ|INE295D01020,NACLIND,EQ,NSE,NACL INDUSTRIES LIMITED,Others,INE295D01020,True
8201,NSE_EQ|INE454M01024,NAGAFERT,BZ,NSE,NAGARJUN FERT AND CHE LTD,Others,INE454M01024,True
3862,NSE_EQ|INE245I01016,NAGREEKCAP,BE,NSE,NAGREEKA CAP & INFR.LTD,Others,INE245I01016,True
2047,NSE_EQ|INE123B01028,NAGREEKEXP,EQ,NSE,NAGREEKA EXPORTS LTD.,Others,INE123B01028,True
999,NSE_EQ|INE049I01012,NAHARCAP,EQ,NSE,NAHAR CAP & FIN.,Others,INE049I01012,True
2155,NSE_EQ|INE289A01011,NAHARINDUS,EQ,NSE,NAHAR INDS ENT LTD,Others,INE289A01011,True
2333,NSE_EQ|INE308A01027,NAHARPOLY,EQ,NSE,NAHAR POLY FILMS LIMITED,Others,INE308A01027,True
3869,NSE_EQ|INE290A01027,NAHARSPING,BE,NSE,NAHAR SPINNING MILLS LTD.,Others,INE290A01027,True
1053,NSE_EQ|INE298J01013,NAM-INDIA,EQ,NSE,NIPPON L I A M LTD,Others,INE298J01013,True
3436,NSE_EQ|INE0RJM01010,NAMAN,SM,NSE,NAMAN INDUSTRE PRXIMA LTD,Others,INE0RJM01010,True
6986,NSE_EQ|INE08NZ01012,NAMOEWASTE,SM,NSE,NAMO EWASTE MANAGEMENT L,Others,INE08NZ01012,True
2345,NSE_EQ|INE117Z01011,NARMADA,EQ,NSE,NARMADA AGROBASE LIMITED,Others,INE117Z01011,True
1822,NSE_EQ|INE936B01015,NATCAPSUQ,EQ,NSE,NATURAL CAPSULES LIMITED,Others,INE936B01015,True
331,NSE_EQ|INE987B01026,NATCOPHARM,EQ,NSE,NATCO PHARMA LTD.,Pharmaceuticals,INE987B01026,True
1850,NSE_EQ|INE448G01010,NATHBIOGEN,EQ,NSE,NATH BIO-GENES (I) LTD,Others,INE448G01010,True
339,NSE_EQ|INE139A01034,NATIONALUM,EQ,NSE,NATIONAL ALUMINIUM CO LTD,Aluminium Products,INE139A01034,True
2291,NSE_EQ|INE166R01015,NATIONSTD,EQ,NSE,NATIONAL STAND (INDIA) L,Others,INE166R01015,True
251,NSE_EQ|INE663F01032,NAUKRI,EQ,NSE,INFO EDGE (I) LTD,BPO/ITeS,INE663F01032,True
340,NSE_EQ|INE725A01030,NAVA,EQ,NSE,NAVA LIMITED,Power,INE725A01030,True
341,NSE_EQ|INE048G01026,NAVINFLUOR,EQ,NSE,NAVIN FLUORINE INT. LTD,Chemicals,INE048G01026,True
1107,NSE_EQ|INE278M01019,NAVKARCORP,EQ,NSE,NAVKAR CORPORATION LTD.,Others,INE278M01019,True
527,NSE_EQ|INE268H01044,NAVKARURB,EQ,NSE,NAVKAR URBANSTRUCTURE LTD,Others,INE268H01044,True
2139,NSE_EQ|INE060A01024,NAVNETEDUL,EQ,NSE,NAVNEET EDUCATION LTD,Others,INE060A01024,True
1679,NSE_EQ|INE418L01047,NAZARA,EQ,NSE,NAZARA TECHNOLOGIES LTD,Others,INE418L01047,True
332,NSE_EQ|INE095N01031,NBCC,EQ,NSE,NBCC (INDIA) LIMITED,Construction,INE095N01031,True
1836,NSE_EQ|INE365I01020,NBIFIN,EQ,NSE,N.B.I. IND. FIN. CO. LTD,Others,INE365I01020,True
222,NSE_EQ|INE868B01028,NCC,EQ,NSE,NCC LIMITED,Engineering,INE868B01028,True
1404,NSE_EQ|INE732C01016,NCLIND,EQ,NSE,NCL INDUSTRIES LIMITED,Others,INE732C01016,True
989,NSE_EQ|INE756C01015,NDGL,EQ,NSE,NAGA DHUNSERI GROUP LTD,Others,INE756C01015,True
522,NSE_EQ|INE875G01048,NDL,EQ,NSE,NANDAN DENIM LIMITED,Others,INE875G01048,True
1956,NSE_EQ|INE353A01023,NDLVENTURE,EQ,NSE,NDL VENTURES LIMITED,Others,INE353A01023,True
8446,NSE_EQ|INE0Q7Q07034,NDR31,N0,NSE,NDR INVIT RESET 2031,Others,INE0Q7Q07034,True
2158,NSE_EQ|INE07OG01012,NDRAUTO,EQ,NSE,NDR AUTO COMPONENTS LTD,Others,INE07OG01012,True
5495,NSE_EQ|INE0Q7Q23015,NDRINVIT,IV,NSE,NDR INVIT TRUST,Others,INE0Q7Q23015,True
2269,NSE_EQ|INE155G01029,NDTV,EQ,NSE,NDTV LTD,Others,INE155G01029,True
1403,NSE_EQ|INE605D01012,NEAGI,EQ,NSE,NEELAMALAI AGRO INDS. L,Others,INE605D01012,True
1368,NSE_EQ|INE553C01016,NECCLTD,EQ,NSE,NORTH EAST CARRY CORP LTD,Others,INE553C01016,True
8184,NSE_EQ|INE023H01027,NECLIFE,BE,NSE,NECTAR LIFESCIENCES LTD.,Others,INE023H01027,True
8335,NSE_EQ|INE0N1401016,NEELAM,SM,NSE,NEELAM LINENS & GAR (I) L,Others,INE0N1401016,True
1427,NSE_EQ|INE189I01024,NELCAST,EQ,NSE,NELCAST LIMITED,Others,INE189I01024,True
1417,NSE_EQ|INE045B01015,NELCO,EQ,NSE,NELCO LTD,Others,INE045B01015,True
8025,NSE_EQ|INE21UM01018,NEOCHEM,ST,NSE,NEOCHEM BIO SOLUTIONS LTD,Others,INE21UM01018,True
1071,NSE_EQ|INE136S01016,NEOGEN,EQ,NSE,NEOGEN CHEMICALS LIMITED,Others,INE136S01016,True
8410,NSE_EQ|INE0SUN01013,NEPHROCARE,ST,NSE,NEPHRO CARE INDIA LIMITED,Others,INE0SUN01013,True
740,NSE_EQ|INE428V01029,NEPHROPLUS,EQ,NSE,NEPHROCARE HEALTH SERV L,Others,INE428V01029,True
4733,NSE_EQ|INE156901014,NEPTUNE,SM,NSE,NEPTUNE PETROCHEMICALS L,Others,INE156901014,True
2366,NSE_EQ|INE317F01035,NESCO,EQ,NSE,NESCO LTD.,Others,INE317F01035,True
342,NSE_EQ|INE239A01024,NESTLEIND,EQ,NSE,NESTLE INDIA LIMITED,Consumer Food,INE239A01024,True
2503,NSE_EQ|INF277K015R5,NETF,EQ,NSE,TATAAML - NETF,Others,INF277K015R5,True
1118,NSE_EQ|INE0NT901020,NETWEB,EQ,NSE,NETWEB TECH INDIA LTD,Others,INE0NT901020,True
1910,NSE_EQ|INE870H01013,NETWORK18,EQ,NSE,NETWORK18 MEDIA & INV LTD,Others,INE870H01013,True
8954,NSE_EQ|INE333I01044,NEUEON,BE,NSE,NEUEON CORPORATION LTD,Others,INE333I01044,True
2331,NSE_EQ|INE794A01010,NEULANDLAB,EQ,NSE,NEULAND LAB LTD.,Others,INE794A01010,True
1431,NSE_EQ|INE619B01017,NEWGEN,EQ,NSE,NEWGEN SOFTWARE TECH LTD,Others,INE619B01017,True
8061,NSE_EQ|INE0PW501021,NEWJAISA,ST,NSE,NEWJAISA TECHNOLOGIES LTD,Others,INE0PW501021,True
1871,NSE_EQ|INF740KA1VE5,NEXT30ADD,EQ,NSE,DSPAMC - NEXT30ADD,Others,INF740KA1VE5,True
1281,NSE_EQ|INF769K01FN2,NEXT50,EQ,NSE,MIRAEAMC - MANXT50,Others,INF769K01FN2,True
1687,NSE_EQ|INF740KA1XU7,NEXT50ADD,EQ,NSE,DSPAMC - NEXT50ADD,Others,INF740KA1XU7,True
1013,NSE_EQ|INF789F1AUW9,NEXT50BETA,EQ,NSE,UTIAMC-NEXT50BETA,Others,INF789F1AUW9,True
649,NSE_EQ|INF174KA1YO3,NEXT50ETF,EQ,NSE,KOTAKMAMC - NEXT50ETF,Others,INF174KA1YO3,True
2406,NSE_EQ|INF109KC1NS5,NEXT50IETF,EQ,NSE,ICICIPRAMC - ICICINXT50,Others,INF109KC1NS5,True
967,NSE_EQ|INE747B01016,NEXTMEDIA,EQ,NSE,NEXT MEDIAWORKS LIMITED,Others,INE747B01016,True
1746,NSE_EQ|INE870D01012,NFL,EQ,NSE,NATIONAL FERT. LTD,Others,INE870D01012,True
9059,NSE_EQ|INE0T1501010,NFPSAMPOOR,SM,NSE,NFP SAMPOORNA FOODS LTD,Others,INE0T1501010,True
6444,NSE_EQ|INE236Y01012,NGIL,BE,NSE,NAKODA GROUP OF IND. LTD,Others,INE236Y01012,True
1003,NSE_EQ|INE887E01022,NGLFINE,EQ,NSE,NGL FINE CHEM LIMITED,Others,INE887E01022,True
338,NSE_EQ|INE410P01011,NH,EQ,NSE,NARAYANA HRUDAYALAYA LTD.,Healthcare Services,INE410P01011,True
3217,NSE_EQ|INE0H7R23014,NHIT,IV,NSE,NATIONAL HIGHW INFRA TRUS,Others,INE0H7R23014,True
277,NSE_EQ|INE848E01016,NHPC,EQ,NSE,NHPC LTD,Power,INE848E01016,True
1812,NSE_EQ|INE470Y01017,NIACL,EQ,NSE,THE NEW INDIA ASSU CO LTD,Others,INE470Y01017,True
1358,NSE_EQ|INE149O01018,NIBE,EQ,NSE,NIBE LIMITED,Others,INE149O01018,True
830,NSE_EQ|INE047O01014,NIBL,EQ,NSE,NRB INDUS. BEARINGS LTD.,Others,INE047O01014,True
4238,NSE_EQ|INE0J6L01013,NIDAN,SM,NSE,NIDAN LABS AND HEALTH LTD,Others,INE0J6L01013,True
6465,NSE_EQ|INE530L07236,NIDOZC26,N7,NSE,SEC RED NCD SR. VII,Others,INE530L07236,True
708,NSE_EQ|INF204K014N5,NIF100BEES,EQ,NSE,NIP IND ETF NIFTY 100,Others,INF204K014N5,True
1748,NSE_EQ|INF109KC16V9,NIF100IETF,EQ,NSE,ICICI PRUD NIFTY 100 ETF,Others,INF109KC16V9,True
505,NSE_INDEX|Nifty 50,NIFTY 50,INDEX,NSE,Nifty 50 Index,INDEX,IN9999999999,True
579,NSE_EQ|INF174K014P6,NIFTY1,EQ,NSE,KOTAK NIFTY ETF,Others,INF174K014P6,True
550,NSE_EQ|INF174KA1UW4,NIFTY100EW,EQ,NSE,KOTAKMAMC - NIFTY100EW,Others,INF174KA1UW4,True
2001,NSE_EQ|INF740KA1CL0,NIFTYADD,EQ,NSE,DSPAMC - DSPNIFTY,Others,INF740KA1CL0,True
1655,NSE_EQ|INF204KB14I2,NIFTYBEES,EQ,NSE,NIP IND ETF NIFTY BEES,Others,INF204KB14I2,True
988,NSE_EQ|INF789F1AZC0,NIFTYBETA,EQ,NSE,UTIAMC-NIFTYBETA,Others,INF789F1AZC0,True
1737,NSE_EQ|INF0QA701722,NIFTYBETF,EQ,NSE,BFAM - NIFTYBETF,Others,INF0QA701722,True
911,NSE_EQ|INF0R8F01166,NIFTYCASE,EQ,NSE,ZERODHAAMC - NIFTYCASE,Others,INF0R8F01166,True
1271,NSE_EQ|INF769K01EG9,NIFTYETF,EQ,NSE,MIRAEAMC - MAN50ETF,Others,INF769K01EG9,True
2340,NSE_EQ|INF109K012R6,NIFTYIETF,EQ,NSE,ICICI PRUD NIFTY ETF,Others,INF109K012R6,True
1287,NSE_EQ|INF209KB15K4,NIFTYQLITY,EQ,NSE,BIRLASLAMC - NIFTYQLITY,Others,INF209KB15K4,True
1657,NSE_EQ|INE161A01038,NIITLTD,EQ,NSE,NIIT LIMITED,Others,INE161A01038,True
856,NSE_EQ|INE342G01023,NIITMTS,EQ,NSE,NIIT LEARNING SYSTEMS LTD,Others,INE342G01023,True
5225,NSE_EQ|INE0FLF01015,NIKITA,SM,NSE,NIKITA GRENTEC RECYCL LTD,Others,INE0FLF01015,True
1371,NSE_EQ|INE937C01029,NILAINFRA,EQ,NSE,NILA INFRASTRUCTURES LTD,Others,INE937C01029,True
677,NSE_EQ|INE00S901012,NILASPACES,EQ,NSE,NILA SPACES LIMITED,Others,INE00S901012,True
957,NSE_EQ|INE445D01013,NILE,EQ,NSE,NILE LTD.,Others,INE445D01013,True
2037,NSE_EQ|INE310A01015,NILKAMAL,EQ,NSE,NILKAMAL LIMITED,Others,INE310A01015,True
4188,NSE_EQ|INE875B01015,NIMBSPROJ,BE,NSE,NIMBUS PROJECTS LIMITED,Others,INE875B01015,True
2541,NSE_EQ|INE395U01014,NINSYS,BE,NSE,NINTEC SYSTEMS LIMITED,Others,INE395U01014,True
1291,NSE_EQ|INE567A01028,NIPPOBATRY,EQ,NSE,INDO-NATIONAL LIMITED,Others,INE567A01028,True
4812,NSE_EQ|INE368I01016,NIRAJ,BE,NSE,NIRAJ CEMENT STRUC LTD,Others,INE368I01016,True
1489,NSE_EQ|INE326T01011,NIRAJISPAT,EQ,NSE,NIRAJ ISPAT IND LTD,Others,INE326T01011,True
1305,NSE_EQ|INE910A01012,NIRLON,EQ,NSE,NIRLON LTD,Others,INE910A01012,True
3983,NSE_EQ|INE0OK701014,NIRMAN,SM,NSE,NIRMAN AGRI GENTICS LTD,Others,INE0OK701014,True
681,NSE_EQ|INE858F01012,NITCO,EQ,NSE,NITCO LIMITED,Others,INE858F01012,True
1094,NSE_EQ|INE229H01012,NITINSPIN,EQ,NSE,NITIN SPINNERS LIMITED,Others,INE229H01012,True
1888,NSE_EQ|INE439T01012,NITIRAJ,EQ,NSE,NITIRAJ ENGINEERS LTD,Others,INE439T01012,True
578,NSE_EQ|INE265B01019,NITTAGELA,EQ,NSE,NITTA GELATIN INDIA LTD.,Others,INE265B01019,True
1363,NSE_EQ|INE995S01015,NIVABUPA,EQ,NSE,NIVA BUPA HEALTH INS CO L,Others,INE995S01015,True
1424,NSE_EQ|INE542C01019,NKIND,EQ,NSE,NK INDUSTRIES LTD,Others,INE542C01019,True
333,NSE_EQ|INE589A01014,NLCINDIA,EQ,NSE,NLC INDIA LIMITED,Power,INE589A01014,True
334,NSE_EQ|INE584A01023,NMDC,EQ,NSE,NMDC LTD.,Minerals,INE584A01023,True
7033,NSE_EQ|INE0TP801012,NMSTEEL,SM,NSE,NEWMALAYALAM STEEL LTD,Others,INE0TP801012,True
1721,NSE_EQ|INE163A01018,NOCIL,EQ,NSE,NOCIL LIMITED,Others,INE163A01018,True
3560,NSE_EQ|INE781B01015,NOIDATOLL,BE,NSE,NOIDA TOLL BRIDGE CO LTD,Others,INE781B01015,True
1977,NSE_EQ|INE369C01017,NORBTEAEXP,EQ,NSE,NORBEN TEA & EXPORTS LTD,Others,INE369C01017,True
1004,NSE_EQ|INE850M01015,NORTHARC,EQ,NSE,NORTHERN ARC CAPITAL LTD,Others,INE850M01015,True
4083,NSE_EQ|INE02H701025,NOVAAGRI,BE,NSE,NOVA AGRITECH LIMITED,Others,INE02H701025,True
1678,NSE_EQ|INE234A01025,NOVARTIND,EQ,NSE,NOVARTIS INDIA LIMITED,Others,INE234A01025,True
2415,NSE_EQ|INF277K010X4,NPBET,EQ,NSE,TATAAML - NPBET,Others,INF277K010X4,True
906,NSE_EQ|INE0FFK01017,NPST,EQ,NSE,NETWORK PEOPLE SRV TECH L,Others,INE0FFK01017,True
1633,NSE_EQ|INE740D01017,NRAIL,EQ,NSE,N R AGARWAL INDS LTD,Others,INE740D01017,True
1824,NSE_EQ|INE349A01021,NRBBEARING,EQ,NSE,NRB BEARING LIMITED,Others,INE349A01021,True
1203,NSE_EQ|INE0JM501013,NRL,EQ,NSE,NUPUR RECYCLERS LIMITED,Others,INE0JM501013,True
4020,NSE_EQ|INE104101014,NRVANDANA,ST,NSE,N R VANDANA TEX IND LTD,Others,INE104101014,True
1216,NSE_EQ|INE023A01030,NSIL,EQ,NSE,NALWA SONS INVESTMENT LTD,Others,INE023A01030,True
335,NSE_EQ|INE0NNS01018,NSLNISP,EQ,NSE,NMDC STEEL LIMITED,Steel & Iron Products,INE0NNS01018,True
337,NSE_EQ|INE733E01010,NTPC,EQ,NSE,NTPC LTD,Power,INE733E01010,True
336,NSE_EQ|INE0ONG01011,NTPCGREEN,EQ,NSE,NTPC GREEN ENERGY LIMITED,Power,INE0ONG01011,True
1325,NSE_EQ|INE096B01018,NUCLEUS,EQ,NSE,NUCLEUS SOFTWARE EXPORTS,Others,INE096B01018,True
1988,NSE_EQ|INE0DSF01015,NURECA,EQ,NSE,NURECA LIMITED,Others,INE0DSF01015,True
348,NSE_EQ|INE531F01023,NUVAMA,EQ,NSE,NUVAMA WEALTH MANAGE LTD,Stock/ Commodity Brokers,INE531F01023,True
349,NSE_EQ|INE118D01016,NUVOCO,EQ,NSE,NUVOCO VISTAS CORP LTD,Construction Materials,INE118D01016,True
646,NSE_EQ|INF174KA1ZE1,NV20,EQ,NSE,KOTAKMAMC - KTKNV20ETF,Others,INF174KA1ZE1,True
1627,NSE_EQ|INF204KB18I3,NV20BEES,EQ,NSE,NIP IND ETF ETF NV20,Others,INF204KB18I3,True
1776,NSE_EQ|INF109KC11V0,NV20IETF,EQ,NSE,ICICI PRUDENTIAL NV20 ETF,Others,INF109KC11V0,True
4162,NSE_EQ|INE0NDH25011,NXST,RR,NSE,NEXUS SELECT TRUST,Others,INE0NDH25011,True
4382,NSE_EQ|INE0SF023016,NXT-INFRA,IV,NSE,NXT-INFRA TRUST,Others,INE0SF023016,True
164,NSE_EQ|INE388Y01029,NYKAA,EQ,NSE,FSN E COMMERCE VENTURES,e-Commerce,INE388Y01029,True
748,NSE_EQ|INE959C01023,OAL,EQ,NSE,ORIENTAL AROMATICS LTD,Others,INE959C01023,True
2489,NSE_EQ|INE426Z01016,OBCL,EQ,NSE,ORISSA BENGAL CARRIER LTD,Others,INE426Z01016,True
350,NSE_EQ|INE093I01010,OBEROIRLTY,EQ,NSE,OBEROI REALTY LIMITED,Construction,INE093I01010,True
4128,NSE_EQ|INE0YHV01011,OBSCP,SM,NSE,OBSC PERFECTION LIMITED,Others,INE0YHV01011,True
5839,NSE_EQ|INE0PK601023,OCCLLTD,BE,NSE,OCCL LIMITED,Others,INE0PK601023,True
2226,NSE_EQ|INE054301028,ODIGMA,EQ,NSE,ODIGMA CONSULTANCY SOL L,Others,INE054301028,True
1754,NSE_EQ|INE881D01027,OFSS,EQ,NSE,ORACLE FIN SERV SOFT LTD.,Others,INE881D01027,True
352,NSE_EQ|INE274J01014,OIL,EQ,NSE,OIL INDIA LTD,Oil Exploration,INE274J01014,True
8465,NSE_EQ|INE591A01010,OILCOUNTUB,BE,NSE,OIL COUNTRY TUBULAR LTD.,Others,INE591A01010,True
2299,NSE_EQ|INF109KC18W3,OILIETF,EQ,NSE,ICICIPRAMC - OILIETF,Others,INF109KC18W3,True
2102,NSE_EQ|INE0LXG01040,OLAELEC,EQ,NSE,OLA ELECTRIC MOBILITY LTD,Others,INE0LXG01040,True
354,NSE_EQ|INE260D01016,OLECTRA,EQ,NSE,OLECTRA GREENTECH LIMITED,Electronics,INE260D01016,True
8832,NSE_EQ|INE0OPS01011,OLIL,ST,NSE,ONECLICK LOGISTICS IND L,Others,INE0OPS01011,True
4002,NSE_EQ|INE090B01011,OMAXAUTO,BE,NSE,OMAX AUTOS LTD,Others,INE090B01011,True
1937,NSE_EQ|INE800H01010,OMAXE,EQ,NSE,OMAXE LIMITED,Others,INE800H01010,True
1110,NSE_EQ|INE1BZC01019,OMFREIGHT,EQ,NSE,OM FREIGHT FORWARDERS LTD,Others,INE1BZC01019,True
8450,NSE_EQ|INE338Y01016,OMFURN,ST,NSE,OMFURN INDIA LIMITED,Others,INE338Y01016,True
2456,NSE_EQ|INE239D01028,OMINFRAL,EQ,NSE,OM INFRA LIMITED,Others,INE239D01028,True
1112,NSE_EQ|INE0UH301010,OMNI,EQ,NSE,OMNITECH ENGINEERING LTD,Others,INE0UH301010,True
2052,NSE_EQ|INE25E901019,OMPOWER,EQ,NSE,OM POWER TRANSMISSION LTD,Others,INE25E901019,True
4992,NSE_EQ|INE00ER01015,ONDOOR,ST,NSE,ON DOOR CONCEPTS LIMITED,Others,INE00ER01015,True
8946,NSE_EQ|INE912L01015,ONELIFECAP,BE,NSE,ONELIFE CAP ADVISORS LTD,Others,INE912L01015,True
1436,NSE_EQ|INE840Y01029,ONEPOINT,EQ,NSE,ONE POINT ONE SOL LTD,Others,INE840Y01029,True
1341,NSE_EQ|INE013P01021,ONESOURCE,EQ,NSE,ONESOURCE SPECL PHARMA L,Others,INE013P01021,True
351,NSE_EQ|INE213A01029,ONGC,EQ,NSE,OIL AND NATURAL GAS CORP.,Oil Exploration,INE213A01029,True
2360,NSE_EQ|INE809I01019,ONMOBILE,EQ,NSE,ONMOBILE GLOBAL LTD.,Others,INE809I01019,True
1019,NSE_EQ|INE229A01017,ONWARDTEC,EQ,NSE,ONWARD TECHNOLOGIES LTD,Others,INE229A01017,True
3586,NSE_EQ|INE0WVU01018,ONYX,ST,NSE,ONYX BIOTEC LIMITED,Others,INE0WVU01018,True
1315,NSE_EQ|INE350C01017,OPTIEMUS,EQ,NSE,OPTIEMUS INFRACOM LTD,Others,INE350C01017,True
6065,NSE_EQ|INE15B101011,OPTIVALUE,SM,NSE,OPTIVALUE TEK CONSULT LTD,Others,INE15B101011,True
960,NSE_EQ|INE231G01010,ORBTEXP,EQ,NSE,ORBIT EXPORTS LIMITED,Others,INE231G01010,True
1771,NSE_EQ|INE215B01022,ORCHASP,EQ,NSE,ORCHASP LIMITED,Others,INE215B01022,True
1323,NSE_EQ|INE191A01027,ORCHPHARMA,EQ,NSE,ORCHID PHARMA LIMITED,Others,INE191A01027,True
8958,NSE_EQ|INE0OUT01019,ORIANA,SM,NSE,ORIANA POWER LIMITED,Others,INE0OUT01019,True
2056,NSE_EQ|INE730A01022,ORICONENT,EQ,NSE,ORICON ENTERPRISES LTD,Others,INE730A01022,True
1715,NSE_EQ|INE998H01012,ORIENTALTL,EQ,NSE,ORIENTAL TRIMEX LTD,Others,INE998H01012,True
1307,NSE_EQ|INE607D01018,ORIENTBELL,EQ,NSE,ORIENT BELL LIMITED,Others,INE607D01018,True
608,NSE_EQ|INE876N01018,ORIENTCEM,EQ,NSE,ORIENT CEMENT LTD.,Others,INE876N01018,True
2499,NSE_EQ|INE569C01020,ORIENTCER,EQ,NSE,ORIENT CERATECH LIMITED,Others,INE569C01020,True
2305,NSE_EQ|INE142Z01019,ORIENTELEC,EQ,NSE,ORIENT ELECTRIC LIMITED,Others,INE142Z01019,True
1425,NSE_EQ|INE750A01020,ORIENTHOT,EQ,NSE,ORIENT HOTELS LTD,Others,INE750A01020,True
1279,NSE_EQ|INE609C01024,ORIENTLTD,EQ,NSE,ORIENT PRESS LIMITED,Others,INE609C01024,True
1510,NSE_EQ|INE592A01026,ORIENTPPR,EQ,NSE,ORIENT PAPER AND INDS LTD,Others,INE592A01026,True
1964,NSE_EQ|INE0PPK01015,ORIENTTECH,EQ,NSE,ORIENT TECHNOLOGIES LTD,Others,INE0PPK01015,True
842,NSE_EQ|INE725E01024,ORISSAMINE,EQ,NSE,ORISSA MIN DEV CO LTD,Others,INE725E01024,True
617,NSE_EQ|INE16NZ01023,ORKLAINDIA,EQ,NSE,ORKLA INDIA LIMITED,Others,INE16NZ01023,True
6230,NSE_EQ|INE849L01019,ORTEL,BZ,NSE,ORTEL COMMUNICATIONS LTD,Others,INE849L01019,True
5669,NSE_EQ|INE749B01020,ORTINGLOBE,BE,NSE,ORTIN GLOBAL LIMITED,Others,INE749B01020,True
4318,NSE_EQ|INE07Z523018,OSEINTRUST,IV,NSE,ORIENTAL INFRATRUST,Others,INE07Z523018,True
4970,NSE_EQ|INE0RMF01018,OSELDEVICE,SM,NSE,OSEL DEVICES LIMITED,Others,INE0RMF01018,True
4696,NSE_EQ|INE06IR01021,OSIAHYPER,BE,NSE,OSIA HYPER RETAIL LIMITED,Others,INE06IR01021,True
7761,NSE_EQ|INE142A01012,OSWALAGRO,BE,NSE,OSWAL AGRO MILLS LTD,Others,INE142A01012,True
717,NSE_EQ|INE143A01010,OSWALGREEN,EQ,NSE,OSWAL GREENTECH LIMITED,Others,INE143A01010,True
1983,NSE_EQ|INE0BYP01024,OSWALPUMPS,EQ,NSE,OSWAL PUMPS LIMITED,Others,INE0BYP01024,True
818,NSE_EQ|INE00IK01029,OSWALSEEDS,EQ,NSE,SHREEOSWAL S AND CHE LTD,Others,INE00IK01029,True
2628,NSE_EQ|INE0R8M01017,OWAIS,SM,NSE,OWAIS METAL & MINERAL,Others,INE0R8M01017,True
1289,NSE_EQ|INE0S3G01027,PACEDIGITK,EQ,NSE,PACE DIGITEK LIMITED,Others,INE0S3G01027,True
365,NSE_EQ|INE761H01022,PAGEIND,EQ,NSE,PAGE INDUSTRIES LTD,Textile,INE761H01022,True
1663,NSE_EQ|INE420C01059,PAISALO,EQ,NSE,PAISALO DIGITAL LIMITED,Others,INE420C01059,True
1460,NSE_EQ|INE551D01018,PAKKA,EQ,NSE,PAKKA LIMITED,Others,INE551D01018,True
2051,NSE_EQ|INE471W01019,PALASHSECU,EQ,NSE,PALASH SECURITIES LTD,Others,INE471W01019,True
6029,NSE_EQ|INE218G01033,PALREDTEC,BE,NSE,PALRED TECHNOLOGIES LTD,Others,INE218G01033,True
954,NSE_EQ|INE922B01023,PANACEABIO,EQ,NSE,PANACEA BIOTEC LTD,Others,INE922B01023,True
572,NSE_EQ|INE895W01019,PANACHE,EQ,NSE,PANACHE DIGILIFE LIMITED,Others,INE895W01019,True
1656,NSE_EQ|INE305C01029,PANAMAPET,EQ,NSE,PANAMA PETROCHEM LTD,Others,INE305C01029,True
2317,NSE_EQ|INE697V01011,PANSARI,EQ,NSE,PANSARI DEVELOPERS LTD,Others,INE697V01011,True
751,NSE_EQ|INE04LG01015,PAR,EQ,NSE,PAR DRUGS AND CHEM LTD,Others,INE04LG01015,True
1765,NSE_EQ|INE074B01023,PARACABLES,EQ,NSE,PARAMOUNT COMM LTD,Others,INE074B01023,True
633,NSE_EQ|INE088F01024,PARADEEP,EQ,NSE,PARADEEP PHOSPHATES LTD,Others,INE088F01024,True
2471,NSE_EQ|INE883N01014,PARAGMILK,EQ,NSE,PARAG MILK FOODS LTD.,Others,INE883N01014,True
5880,NSE_EQ|INE0N4G01012,PARAGON,SM,NSE,PARAGON FINE S.C. LTD.,Others,INE0N4G01012,True
2871,NSE_EQ|INE0S2W01018,PARAMATRIX,SM,NSE,PARAMATRIX TECHNOLOGIES L,Others,INE0S2W01018,True
7566,NSE_EQ|INE0TG801013,PARAMOUNT,ST,NSE,PARAMOUNT DYE TEC LIMITED,Others,INE0TG801013,True
2743,NSE_EQ|INE749Y01014,PARAMPARA,SM,NSE,PARAMPARA DAIRY DLGHT LTD,Others,INE749Y01014,True
2477,NSE_EQ|INE045601023,PARAS,EQ,NSE,PARAS DEF AND SPCE TECH L,Others,INE045601023,True
1922,NSE_EQ|INE162C01024,PARASPETRO,EQ,NSE,PARAS PETROFILS LTD.,Others,INE162C01024,True
7841,NSE_EQ|INE00U801010,PARIN,SM,NSE,PARIN ENTERPRISES LIMITED,Others,INE00U801010,True
1296,NSE_EQ|INE119201023,PARKHOSPS,EQ,NSE,PARK MEDI WORLD LIMITED,Others,INE119201023,True
2144,NSE_EQ|INE988S01028,PARKHOTELS,EQ,NSE,PARKHOTELS,Others,INE988S01028,True
7325,NSE_EQ|INE561H01026,PARSVNATH,BE,NSE,PARSVNATH DEVELOPER LTD,Others,INE561H01026,True
7335,NSE_EQ|INE1H7V01011,PARTH,ST,NSE,PARTH ELEC & ENG LTD,Others,INE1H7V01011,True
3644,NSE_EQ|INE06ZX01015,PARTYCRUS,SM,NSE,PARTY CRUISERS LIMITED,Others,INE06ZX01015,True
927,NSE_EQ|INE124Y01028,PASHUPATI,EQ,NSE,PASHUPATI COTSPIN LIMITED,Others,INE124Y01028,True
3749,NSE_EQ|INE818B01023,PASUPTAC,BE,NSE,PASUPATI ACRYLON LIMITED,Others,INE818B01023,True
661,NSE_EQ|INE619A01035,PATANJALI,EQ,NSE,PATANJALI FOODS LIMITED,Others,INE619A01035,True
905,NSE_EQ|INE244B01030,PATELENG,EQ,NSE,PATEL ENGINEERING LTD.,Others,INE244B01030,True
2432,NSE_EQ|INE0R8B01010,PATELRMART,EQ,NSE,PATEL RETAIL LIMITED,Others,INE0R8B01010,True
6362,NSE_EQ|INE17GV01016,PATILAUTOM,ST,NSE,PATIL AUTOMATION LIMITED,Others,INE17GV01016,True
2198,NSE_EQ|INE529D01014,PATINTLOG,EQ,NSE,PATEL INT. LOG. LTD,Others,INE529D01014,True
3080,NSE_EQ|INE0NZW01014,PATTECH,ST,NSE,PATTECH FITWELL TUB COM L,Others,INE0NZW01014,True
809,NSE_EQ|INE111F01024,PAUSHAKLTD,EQ,NSE,PAUSHAK LIMITED,Others,INE111F01024,True
5112,NSE_EQ|INE07S101038,PAVNAIND,BE,NSE,PAVNA INDUSTRIES LIMITED,Others,INE07S101038,True
1603,NSE_EQ|INE982J01020,PAYTM,EQ,NSE,ONE 97 COMMUNICATIONS LTD,Others,INE982J01020,True
2107,NSE_EQ|INE602A01031,PCBL,EQ,NSE,PCBL CHEMICAL LIMITED,Others,INE602A01031,True
4652,NSE_EQ|INE998U01015,PCCL,SM,NSE,PETRO CARBON AND CHEMI L,Others,INE998U01015,True
1985,NSE_EQ|INE785M01021,PCJEWELLER,EQ,NSE,PC JEWELLER LTD,Others,INE785M01021,True
8490,NSE_EQ|INE389Z07062,PCPL27,N0,NSE,PCPL 6 M MIBOR-OIS 2027,Others,INE389Z07062,True
1607,NSE_EQ|INE865T01018,PDMJEPAPER,EQ,NSE,PUDUMJEE PAPER PRO. LTD,Others,INE865T01018,True
1762,NSE_EQ|INE111Q01021,PDSL,EQ,NSE,PDS LIMITED,Others,INE111Q01021,True
5894,NSE_EQ|INE844A01013,PEARLPOLY,BE,NSE,PEARL POLYMERS LTD,Others,INE844A01013,True
8301,NSE_EQ|INE0VG601013,PELATRO,SM,NSE,PELATRO LIMITED,Others,INE0VG601013,True
726,NSE_EQ|INE932A01024,PENIND,EQ,NSE,PENNAR INDUSTRIES LTD,Others,INE932A01024,True
6188,NSE_EQ|INE138A01028,PENINLAND,BE,NSE,PENINSULA LAND LIMITED,Others,INE138A01028,True
4115,NSE_EQ|INE0ORS01017,PENTAGON,SM,NSE,PENTAGON RUBBER LIMITED,Others,INE0ORS01017,True
4453,NSE_EQ|INE925S01012,PERFECT,SZ,NSE,PERFECT INFRAENGINEER LTD,Others,INE925S01012,True
367,NSE_EQ|INE262H01021,PERSISTENT,EQ,NSE,PERSISTENT SYSTEMS LTD,IT - Software,INE262H01021,True
368,NSE_EQ|INE347G01014,PETRONET,EQ,NSE,PETRONET LNG LIMITED,Gases & Fuels,INE347G01014,True
376,NSE_EQ|INE134E01011,PFC,EQ,NSE,POWER FIN CORP LTD.,Finance,INE134E01011,True
3799,NSE_EQ|INE134E07DV8,PFCL36,N7,NSE,PFCL 0% ZCB 2036 SR III,Others,INE134E07DV8,True
3797,NSE_EQ|INE134E07DX4,PFCL36A,N8,NSE,PFCL 0% ZCB 2036 SR III,Others,INE134E07DX4,True
3801,NSE_EQ|INE134E07DW6,PFCL36B,N9,NSE,PFCL 0% ZCB 2036 SR III,Others,INE134E07DW6,True
3779,NSE_EQ|INE134E07DL9,PFCL41,ND,NSE,PFCL 0% 2041 SR V,Others,INE134E07DL9,True
3781,NSE_EQ|INE134E07DJ3,PFCL41A,NE,NSE,PFCL 0% 2041 SR V,Others,INE134E07DJ3,True
2162,NSE_EQ|INE182A01018,PFIZER,EQ,NSE,PFIZER LTD,Others,INE182A01018,True
2923,NSE_EQ|INE516Y07527,PFL230125A,N0,NSE,3M OIS SPREAD 2.33 BPS,Others,INE516Y07527,True
4237,NSE_EQ|INE367G01038,PFOCUS,BE,NSE,PRIME FOCUS LIMITED,Others,INE367G01038,True
1598,NSE_EQ|INE560K01014,PFS,EQ,NSE,PTC INDIA FIN SERV LTD,Others,INE560K01014,True
1463,NSE_EQ|INE457L01029,PGEL,EQ,NSE,PG ELECTROPLAST LTD,Others,INE457L01029,True
381,NSE_EQ|INE179A01014,PGHH,EQ,NSE,P&G HYGIENE & HEALTH CARE,Household Products,INE179A01014,True
2506,NSE_EQ|INE199A01012,PGHL,EQ,NSE,PROCTER & GAMBLE HEALTH L,Others,INE199A01012,True
2413,NSE_EQ|INE940H01022,PGIL,EQ,NSE,PEARL GLOBAL IND LIMITED,Others,INE940H01022,True
9031,NSE_EQ|INE0GGX23010,PGINVIT,IV,NSE,POWERGRID INFRA. INVITS,Others,INE0GGX23010,True
7366,NSE_EQ|INE0MLZ01019,PHANTOMFX,SM,NSE,PHANTOM DIGITAL EFF LTD,Others,INE0MLZ01019,True
637,NSE_EQ|INF204KC1089,PHARMABEES,EQ,NSE,NIPPONAMC - NETFPHARMA,Others,INF204KC1089,True
5985,NSE_EQ|INE572E07282,PHFL29,N0,NSE,PHFL RESET 2029 SR LXXV,Others,INE572E07282,True
370,NSE_EQ|INE211B01039,PHOENIXLTD,EQ,NSE,THE PHOENIX MILLS LTD,Construction,INE211B01039,True
4935,NSE_EQ|INE0FPO01018,PHOGLOBAL,SM,NSE,PHOENIX OVERSEAS LIMITED,Others,INE0FPO01018,True
1773,NSE_EQ|INE546C01010,PICCADIL,EQ,NSE,PICCADILY AGRO INDUSTRI L,Others,INE546C01010,True
371,NSE_EQ|INE318A01026,PIDILITIND,EQ,NSE,PIDILITE INDUSTRIES LTD,Chemicals,INE318A01026,True
1124,NSE_EQ|INE557Z01018,PIGL,EQ,NSE,POWER INSTRUMENT (G) LTD,Others,INE557Z01018,True
361,NSE_EQ|INE603J01030,PIIND,EQ,NSE,PI INDUSTRIES LTD,Agrochemicals,INE603J01030,True
845,NSE_EQ|INE417C01014,PILANIINVS,EQ,NSE,PILANI INV & IND COR LTD,Others,INE417C01014,True
9199,NSE_EQ|INE600A01035,PILITA,BE,NSE,PIL ITALICA LIFESTYLE LTD,Others,INE600A01035,True
1949,NSE_EQ|INE15B701018,PINELABS,EQ,NSE,PINE LABS LIMITED,Others,INE15B701018,True
1969,NSE_EQ|INE156C01018,PIONEEREMB,EQ,NSE,PIONEER EMBROIDERIES LTD,Others,INE156C01018,True
694,NSE_EQ|INE746D01014,PIONRINV,EQ,NSE,PIONEER INVESTCORP LTD.,Others,INE746D01014,True
1690,NSE_EQ|INE202B01038,PIRAMALFIN,EQ,NSE,PIRAMAL FINANCE LIMITED,Others,INE202B01038,True
1852,NSE_EQ|INE450D01021,PITTIENG,EQ,NSE,PITTI ENGINEERING LIMITED,Others,INE450D01021,True
977,NSE_EQ|INE751B01018,PIXTRANS,EQ,NSE,PIX TRANSMISSIONS LIMITED,Others,INE751B01018,True
792,NSE_EQ|INE431F01018,PKTEA,EQ,NSE,THE P K TEA PROD CO LTD,Others,INE431F01018,True
6555,NSE_EQ|INE0PXD01014,PLADAINFO,SM,NSE,PLADA INFOTECH SERVICES L,Others,INE0PXD01014,True
1796,NSE_EQ|INE083C01022,PLASTIBLEN,EQ,NSE,PLASTIBLENDS INDIA LTD,Others,INE083C01022,True
554,NSE_EQ|INE0PT501018,PLATIND,EQ,NSE,PLATINUM INDUSTRIES LTD,Others,INE0PT501018,True
2837,NSE_EQ|INE0INJ01017,PLAZACABLE,BE,NSE,PLAZA WIRES LIMITED,Others,INE0INJ01017,True
1498,NSE_EQ|INE291E01019,PML,EQ,NSE,PAUL MERCHANTS LTD.,Others,INE291E01019,True
382,NSE_EQ|INE160A01022,PNB,EQ,NSE,PUNJAB NATIONAL BANK,Bank,INE160A01022,True
1885,NSE_EQ|INE859A01011,PNBGILTS,EQ,NSE,PNB GILTS LIMITED,Others,INE859A01011,True
362,NSE_EQ|INE572E01012,PNBHOUSING,EQ,NSE,PNB HOUSING FIN LTD.,Housing Finance,INE572E01012,True
1074,NSE_EQ|INE392B01011,PNC,EQ,NSE,PRITISH NANDY COMMUNICATI,Others,INE392B01011,True
1581,NSE_EQ|INE195J01029,PNCINFRA,EQ,NSE,PNC INFRATECH LTD.,Others,INE195J01029,True
2249,NSE_EQ|INE953R01016,PNGJL,EQ,NSE,P N GADGIL JEWELLERS LTD,Others,INE953R01016,True
1745,NSE_EQ|INE1RDG01013,PNGSREVA,EQ,NSE,PNGS REVA DIAMOND JEWEL L,Others,INE1RDG01013,True
1542,NSE_EQ|INE063E01053,POCL,EQ,NSE,PONDY OXIDES & CHEM LTD,Others,INE063E01053,True
1917,NSE_EQ|INE371C01013,PODDARMENT,EQ,NSE,PODDAR PIGMENTS LIMITED,Others,INE371C01013,True
722,NSE_EQ|INE637C01025,POKARNA,EQ,NSE,POKARNA LIMITED,Others,INE637C01025,True
2103,NSE_EQ|INE417T01026,POLICYBZR,EQ,NSE,PB FINTECH LIMITED,Others,INE417T01026,True
374,NSE_EQ|INE455K01017,POLYCAB,EQ,NSE,POLYCAB INDIA LIMITED,Cable,INE455K01017,True
373,NSE_EQ|INE205C01021,POLYMED,EQ,NSE,POLY MEDICURE LIMITED,Medical Equipment,INE205C01021,True
1568,NSE_EQ|INE633B01018,POLYPLEX,EQ,NSE,POLYPLEX CORPORATION LTD,Others,INE633B01018,True
4692,NSE_EQ|INE517M01028,POLYSIL,SM,NSE,POLYSIL IRRIGATION SYST L,Others,INE517M01028,True
686,NSE_EQ|INE838E01017,PONNIERODE,EQ,NSE,PONNIE SUGARS (ERODE) LTD,Others,INE838E01017,True
375,NSE_EQ|INE511C01022,POONAWALLA,EQ,NSE,POONAWALLA FINCORP LTD,NBFC,INE511C01022,True
7041,NSE_EQ|INE0S3H01017,POSITRON,ST,NSE,POSITRON ENERGY LIMITED,Others,INE0S3H01017,True
377,NSE_EQ|INE752E01010,POWERGRID,EQ,NSE,POWER GRID CORP. LTD.,Power,INE752E01010,True
1952,NSE_EQ|INE921L01032,POWERICA,EQ,NSE,POWERICA LIMITED,Others,INE921L01032,True
217,NSE_EQ|INE07Y701011,POWERINDIA,EQ,NSE,HITACHI ENERGY INDIA LTD,Electric Equipment,INE07Y701011,True
2338,NSE_EQ|INE211R01019,POWERMECH,EQ,NSE,POWER MECH PROJECTS LTD.,Others,INE211R01019,True
1497,NSE_EQ|INE095I01015,PPAP,EQ,NSE,PPAP AUTOMOTIVE LIMITED,Others,INE095I01015,True
628,NSE_EQ|INE050001010,PPL,EQ,NSE,PRAKASH PIPES LIMITED,Others,INE050001010,True
1990,NSE_EQ|INE0DK501011,PPLPHARMA,EQ,NSE,PIRAMAL PHARMA LIMITED,Others,INE0DK501011,True
3276,NSE_EQ|INE0YAL01017,PPSL,ST,NSE,PICTUREPOST STUDIOS LTD,Others,INE0YAL01017,True
732,NSE_EQ|INE0I0M01023,PRABHA,EQ,NSE,PRABHA ENERGY LIMITED,Others,INE0I0M01023,True
2018,NSE_EQ|INE770A01010,PRADPME,EQ,NSE,PRADEEP METALS LTD.,Others,INE770A01010,True
2367,NSE_EQ|INE505C01016,PRAENG,EQ,NSE,PRAJAY ENG. SYN. LTD.,Others,INE505C01016,True
378,NSE_EQ|INE074A01025,PRAJIND,EQ,NSE,PRAJ INDUSTRIES LTD,Engineering,INE074A01025,True
1639,NSE_EQ|INE603A01013,PRAKASH,EQ,NSE,PRAKASH INDUSTRIES LTD,Others,INE603A01013,True
2104,NSE_EQ|INE696K01024,PRAKASHSTL,EQ,NSE,PRAKASH STEELAGE LTD,Others,INE696K01024,True
4035,NSE_EQ|INE0O7A01017,PRAMARA,SM,NSE,PRAMARA PROMOTIONS LTD,Others,INE0O7A01017,True
3500,NSE_EQ|INE0VJG01014,PRANIK,SM,NSE,PRANIK LOGISTICS LIMITED,Others,INE0VJG01014,True
4152,NSE_EQ|INE0QA601016,PRATHAM,SM,NSE,PRATHAM EPC PROJECTS LTD,Others,INE0QA601016,True
2015,NSE_EQ|INE722B01019,PRAVEG,EQ,NSE,PRAVEG LTD.,Others,INE722B01019,True
4720,NSE_EQ|INE546Y01022,PRAXIS,BE,NSE,PRAXIS HOME RETAIL LTD,Others,INE546Y01022,True
2008,NSE_EQ|INE484I01029,PRECAM,EQ,NSE,PRECISION CAMSHAFTS LTD.,Others,INE484I01029,True
8346,NSE_EQ|INE0HKW01018,PRECISION,SM,NSE,PRECISION METALIKS LTD,Others,INE0HKW01018,True
1365,NSE_EQ|INE283A01014,PRECOT,EQ,NSE,PRECOT LIMITED,Others,INE283A01014,True
771,NSE_EQ|INE372C01037,PRECWIRE,EQ,NSE,PRECISION WIRES INDIA LTD,Others,INE372C01037,True
1561,NSE_EQ|INE001E01012,PREMCO,EQ,NSE,PREMCO GLOBAL LTD.,Others,INE001E01012,True
1573,NSE_EQ|INE863B01029,PREMEXPLN,EQ,NSE,PREMIER EXPLOSIVES LTD,Others,INE863B01029,True
9057,NSE_EQ|INE342A01018,PREMIER,BE,NSE,PREMIER LIMITED,Others,INE342A01018,True
2039,NSE_EQ|INE0BS701011,PREMIERENE,EQ,NSE,PREMIER ENERGIES LIMITED,Others,INE0BS701011,True
4196,NSE_EQ|INE309M01020,PREMIERPOL,BE,NSE,PREMIER POLYFILMS LTD,Others,INE309M01020,True
4854,NSE_EQ|INE0M1F01011,PREMIUM,SM,NSE,PREMIUM PLAST LIMITED,Others,INE0M1F01011,True
5103,NSE_EQ|INE0R1601012,PRESSTONIC,SM,NSE,PRESSTONIC ENGINEERING L,Others,INE0R1601012,True
380,NSE_EQ|INE811K01011,PRESTIGE,EQ,NSE,PRESTIGE ESTATE LTD,Construction,INE811K01011,True
1105,NSE_EQ|INE726V01018,PRICOLLTD,EQ,NSE,PRICOL LIMITED,Others,INE726V01018,True
2614,NSE_EQ|INE0CQA01020,PRIMECAB,ST,NSE,PRIME CABLE INDUSTRIES L,Others,INE0CQA01020,True
1168,NSE_EQ|INE032B01021,PRIMESECU,EQ,NSE,PRIME SECURITIES LIMITED,Others,INE032B01021,True
1962,NSE_EQ|INE607A01022,PRIMO,EQ,NSE,PRIMO CHEMICALS LIMITED,Others,INE607A01022,True
2390,NSE_EQ|INE689W01016,PRINCEPIPE,EQ,NSE,PRINCE PIPES FITTINGS LTD,Others,INE689W01016,True
7459,NSE_EQ|INE974Z01015,PRITI,BE,NSE,PRITI INTERNATIONAL LTD,Others,INE974Z01015,True
6165,NSE_EQ|INE0MJQ01020,PRITIKA,SM,NSE,PRITIKA ENG COMPO LTD,Others,INE0MJQ01020,True
1408,NSE_EQ|INE583R01029,PRITIKAUTO,EQ,NSE,PRITIKA AUTO INDUS LTD,Others,INE583R01029,True
1839,NSE_EQ|INE959A01019,PRIVISCL,EQ,NSE,PRIVI SPECIALITY CHE LTD,Others,INE959A01019,True
2542,NSE_EQ|INE0V9N01017,PRIZOR,ST,NSE,PRIZOR VIZTECH LIMITED,Others,INE0V9N01017,True
4779,NSE_EQ|INE0CFG01012,PRLIND,SM,NSE,PREMIER ROADLINES LIMITED,Others,INE0CFG01012,True
8461,NSE_EQ|INE0VJT01017,PROFX,SM,NSE,PRO FX TECH LIMITED,Others,INE0VJT01017,True
4270,NSE_EQ|INE994V01012,PROLIFE,SM,NSE,PROLIFE INDUSTRIES LTD,Others,INE994V01012,True
9417,NSE_EQ|INE0KN801013,PROPEQUITY,SM,NSE,P. E. ANALYTICS LIMITED,Others,INE0KN801013,True
2435,NSE_EQ|INE0BX301013,PROSTARM,EQ,NSE,PROSTARM INFO SYSTEMS LTD,Others,INE0BX301013,True
1238,NSE_EQ|INE004A01022,PROTEAN,EQ,NSE,PROTEAN EGOV TECHNO LTD,Others,INE004A01022,True
8758,NSE_EQ|INE0ONE01016,PROV,SM,NSE,PROVENTUS AGROCOM LIMITED,Others,INE0ONE01016,True
1381,NSE_EQ|INE195N01013,PROZONER,EQ,NSE,PROZONE REALTY LIMITED,Others,INE195N01013,True
1275,NSE_EQ|INE010A01011,PRSMJOHNSN,EQ,NSE,PRISM JOHNSON LIMITED,Others,INE010A01011,True
1375,NSE_EQ|INE00F201020,PRUDENT,EQ,NSE,PRUDENT CORP ADV SER LTD,Others,INE00F201020,True
6566,NSE_EQ|INE024D01016,PRUDMOULI,BE,NSE,PRUDENTIAL SUGAR CORPORAT,Others,INE024D01016,True
1089,NSE_EQ|INE608A01012,PSB,EQ,NSE,PUNJAB & SIND BANK,Others,INE608A01012,True
7615,NSE_EQ|INE0Q6001012,PSFL,SM,NSE,PARAMOUNT SPECIALI FORG L,Others,INE0Q6001012,True
2013,NSE_EQ|INE488V01015,PSPPROJECT,EQ,NSE,PSP PROJECTS LIMITED,Others,INE488V01015,True
5194,NSE_EQ|INE0XUS01012,PSRAJ,ST,NSE,P S RAJ STEELS LIMITED,Others,INE0XUS01012,True
1288,NSE_EQ|INF373I01023,PSUBANK,EQ,NSE,KOTAK PSU BANK,Others,INF373I01023,True
1884,NSE_EQ|INF740KA1SY9,PSUBANKADD,EQ,NSE,DSPAMC - DSPPSBKETF,Others,INF740KA1SY9,True
1642,NSE_EQ|INF204KB16I7,PSUBNKBEES,EQ,NSE,NIP IND ETF PSU BANK BEES,Others,INF204KB16I7,True
1767,NSE_EQ|INF109KC10S8,PSUBNKIETF,EQ,NSE,ICICIPRAMC - PSUBANKICI,Others,INF109KC10S8,True
680,NSE_EQ|INE877F01012,PTC,EQ,NSE,PTC INDIA LIMITED,Others,INE877F01012,True
2512,NSE_EQ|INE596F01018,PTCIL,EQ,NSE,PTC INDUSTRIES LIMITED,Others,INE596F01018,True
2323,NSE_EQ|INE034D01049,PTL,EQ,NSE,PTL ENTERPRISES LTD,Others,INE034D01049,True
2739,NSE_EQ|INE335X01014,PULZ,SM,NSE,PULZ ELECTRONICS LIMITED,Others,INE335X01014,True
1906,NSE_EQ|INE277B01014,PUNJABCHEM,EQ,NSE,PUNJAB CHEM & CROP PROT L,Others,INE277B01014,True
9320,NSE_EQ|INE0P5R01014,PURPLEUTED,SM,NSE,PURPLE UNITED SALES LTD,Others,INE0P5R01014,True
1348,NSE_EQ|INE323I01011,PURVA,EQ,NSE,PURAVANKARA LIMITED,Others,INE323I01011,True
9295,NSE_EQ|INE0R6C01012,PURVFLEXI,ST,NSE,PURV FLEXIPACK LIMITED,Others,INE0R6C01012,True
2860,NSE_EQ|INE154801018,PUSHPA,SM,NSE,PUSHPA JEWELLERS LIMITED,Others,INE154801018,True
1138,NSE_EQ|INE362A01016,PVP,EQ,NSE,PVP VENTURES LIMITED,Others,INE362A01016,True
364,NSE_EQ|INE191H01014,PVRINOX,EQ,NSE,PVR INOX LIMITED,Film Production,INE191H01014,True
543,NSE_EQ|INE772T01024,PVSL,EQ,NSE,POPULAR VEHICLES N SER L,Others,INE772T01024,True
2303,NSE_EQ|INF109KC18U7,PVTBANIETF,EQ,NSE,ICICIPRAMC - ICICIBANKP,Others,INF109KC18U7,True
1892,NSE_EQ|INF740KA1TA7,PVTBANKADD,EQ,NSE,DSPAMC - DSPPVBKETF,Others,INF740KA1TA7,True
2322,NSE_EQ|INF666M01OT5,PVTBKGROWW,EQ,NSE,GROWWAMC - PVTBKGROWW,Others,INF666M01OT5,True
1488,NSE_EQ|INE0LP301011,PWL,EQ,NSE,PHYSICSWALLAH LIMITED,Others,INE0LP301011,True
1515,NSE_EQ|INE0MIS01010,PYRAMID,EQ,NSE,PYRAMID TECHNOPLAST LTD,Others,INE0MIS01010,True
4971,NSE_EQ|INE0O1M01015,QFIL,SM,NSE,QUALITY FOILS (INDIA) LTD,Others,INE0O1M01015,True
2223,NSE_EQ|INF082J01408,QGOLDHALF,EQ,NSE,QUANTUM GOLD FUND,Others,INF082J01408,True
9097,NSE_EQ|INE1G2W01011,QLINE,SM,NSE,Q-LINE BIOTECH LIMITED,Others,INE1G2W01011,True
5788,NSE_EQ|INE0FMW01018,QMSMEDI,SM,NSE,QMS MEDICAL ALLIED S LTD,Others,INE0FMW01018,True
2225,NSE_EQ|INF082J01499,QNIFTY,EQ,NSE,QUANTUM NIFTY 50 ETF,Others,INF082J01499,True
4042,NSE_EQ|INE0SII01026,QPOWER,BE,NSE,QUALITY POWER ELEC EQUP L,Others,INE0SII01026,True
1298,NSE_EQ|INE0LRY01011,QUADFUTURE,EQ,NSE,QUADRANT FUTURE TEK LTD,Others,INE0LRY01011,True
3259,NSE_EQ|INE0GOJ01027,QUADPRO,SM,NSE,QUADPRO ITES LIMITED,Others,INE0GOJ01027,True
2302,NSE_EQ|INF109KC18V5,QUAL30IETF,EQ,NSE,ICICIPRAMC - ICICIQTY30,Others,INF109KC18V5,True
531,NSE_EQ|INF174KA1WT6,QUALITY30,EQ,NSE,KOTAKMAMC - QUALITY30,Others,INF174KA1WT6,True
672,NSE_EQ|INE615P01015,QUESS,EQ,NSE,QUESS CORP LIMITED,Others,INE615P01015,True
3504,NSE_EQ|INE0TNW01017,QUESTLAB,SM,NSE,QUEST LABORATORIES LTD,Others,INE0TNW01017,True
3471,NSE_EQ|INE306L01010,QUICKHEAL,BE,NSE,QUICK HEAL TECH LTD,Others,INE306L01010,True
7900,NSE_EQ|INE0K4D01020,QUICKTOUCH,SM,NSE,QUICKTOUCH TECHNOLOGIES L,Others,INE0K4D01020,True
595,NSE_EQ|INE641R01017,QUINT,EQ,NSE,QUINT DIGITAL LTD.,Others,INE641R01017,True
8161,NSE_EQ|INE033B01011,QUINTEGRA,BE,NSE,QUINTEGRA SOLUTIONS LTD.,Others,INE033B01011,True
7167,NSE_EQ|INE0KZF01015,QVCEL,SM,NSE,QVC EXPORTS LIMITED,Others,INE0KZF01015,True
3893,NSE_EQ|INE084Q01012,RACE,BE,NSE,RACE ECO CHAIN LIMITED,Others,INE084Q01012,True
1322,NSE_EQ|INE704B01017,RACLGEAR,EQ,NSE,RACL GEARTECH LIMITED,Others,INE704B01017,True
1549,NSE_EQ|INE874F01027,RADAAN,EQ,NSE,RADAAN MEDIAWORKS (I) LTD,Others,INE874F01027,True
920,NSE_EQ|INE583V01021,RADHIKAJWE,EQ,NSE,RADHIKA JEWELTECH LIMITED,Others,INE583V01021,True
2216,NSE_EQ|INE855R01021,RADIANTCMS,EQ,NSE,RADIANT CASH MGMT SER LTD,Others,INE855R01021,True
388,NSE_EQ|INE944F01028,RADICO,EQ,NSE,RADICO KHAITAN LTD,Breweries,INE944F01028,True
523,NSE_EQ|INE919I01024,RADIOCITY,EQ,NSE,MUSIC BROADCAST LIMITED,Others,INE919I01024,True
6366,NSE_EQ|INE430U01019,RADIOWALLA,SM,NSE,RADIOWALLA NETWORK LTD,Others,INE430U01019,True
2211,NSE_EQ|INE0DD101019,RAILTEL,EQ,NSE,RAILTEL CORP OF IND LTD,Others,INE0DD101019,True
1900,NSE_EQ|INE855B01025,RAIN,EQ,NSE,RAIN INDUSTRIES LIMITED,Others,INE855B01025,True
1429,NSE_EQ|INE961O01016,RAINBOW,EQ,NSE,RAINBOW CHILDRENS MED LTD,Others,INE961O01016,True
6697,NSE_EQ|INE343B01030,RAJESHEXPO,BZ,NSE,RAJESH EXPORTS LTD,Others,INE343B01030,True
5081,NSE_EQ|INE0PCU01012,RAJINDLTD,SM,NSE,RAJPUTANA INDUSTRIES LTD,Others,INE0PCU01012,True
1742,NSE_EQ|INE00KV01022,RAJMET,EQ,NSE,RAJNANDINI METAL LIMITED,Others,INE00KV01022,True
1370,NSE_EQ|INE535F01024,RAJOOENG,EQ,NSE,RAJOO ENGINEERS LIMITED,Others,INE535F01024,True
925,NSE_EQ|INE296E01026,RAJPALAYAM,EQ,NSE,RAJAPALAYAM MILLS LTD.,Others,INE296E01026,True
8252,NSE_EQ|INE0VHU01019,RAJPUTANA,SM,NSE,RAJPUTANA BIODIESEL LTD,Others,INE0VHU01019,True
1444,NSE_EQ|INE451D01029,RAJRATAN,EQ,NSE,RAJRATAN GLOBAL WIRE LTD,Others,INE451D01029,True
8476,NSE_EQ|INE533D01032,RAJRILTD,BE,NSE,RAJ RAYON INDUSTRIES LTD,Others,INE533D01032,True
2465,NSE_EQ|INE562B01019,RAJSREESUG,EQ,NSE,RAJSHREE SUGAR & CHEMICAL,Others,INE562B01019,True
607,NSE_EQ|INE952H01027,RAJTV,EQ,NSE,RAJ TV NETWORK LTD,Others,INE952H01027,True
7433,NSE_EQ|INE011H01014,RAJVIR,BZ,NSE,RAJVIR INDUSTRIES LIMITED,Others,INE011H01014,True
2376,NSE_EQ|INE613A01020,RALLIS,EQ,NSE,RALLIS INDIA LTD,Others,INE613A01020,True
656,NSE_EQ|INE278B01020,RAMANEWS,EQ,NSE,SHREE RAMA NEWSPRINT LTD,Others,INE278B01020,True
983,NSE_EQ|INE809A01032,RAMAPHO,EQ,NSE,RAMA PHOSPHATES LIMITED,Others,INE809A01032,True
2473,NSE_EQ|INE230R01035,RAMASTEEL,EQ,NSE,RAMA STEEL TUBES LIMITED,Others,INE230R01035,True
454,NSE_EQ|INE331A01037,RAMCOCEM,EQ,NSE,THE RAMCO CEMENTS LIMITED,Construction Materials,INE331A01037,True
1411,NSE_EQ|INE614A01028,RAMCOIND,EQ,NSE,RAMCO INDUSTRIES LIMITED,Others,INE614A01028,True
827,NSE_EQ|INE246B01019,RAMCOSYS,EQ,NSE,RAMCO SYSTEMS LTD.,Others,INE246B01019,True
736,NSE_EQ|INE874I01013,RAMKY,EQ,NSE,RAMKY INFRA LTD,Others,INE874I01013,True
612,NSE_EQ|INE207E01023,RAMRAT,EQ,NSE,RAM RATNA WIRES LIMITED,Others,INE207E01023,True
1461,NSE_EQ|INE625B01014,RANASUG,EQ,NSE,RANA SUGARS LTD.,Others,INE625B01014,True
924,NSE_EQ|INE384A01010,RANEHOLDIN,EQ,NSE,RANE HOLDINGS LIMITED,Others,INE384A01010,True
4777,NSE_EQ|INE0QX901013,RAPIDFLEET,SM,NSE,RAPID FLEET MGT SERVICE L,Others,INE0QX901013,True
9004,NSE_EQ|INE0MVO01012,RAPPID,SM,NSE,RAPPID VALVES (INDIA) LTD,Others,INE0MVO01012,True
1014,NSE_EQ|INE0CLI01024,RATEGAIN,EQ,NSE,RATEGAIN TRAVEL TECHN LTD,Others,INE0CLI01024,True
2241,NSE_EQ|INE703B01027,RATNAMANI,EQ,NSE,RATNAMANI MET & TUB LTD.,Others,INE703B01027,True
1595,NSE_EQ|INE05CZ01011,RATNAVEER,EQ,NSE,RATNAVEER PRECISION ENG L,Others,INE05CZ01011,True
627,NSE_EQ|INE301A01014,RAYMOND,EQ,NSE,RAYMOND LTD,Others,INE301A01014,True
1328,NSE_EQ|INE02ID01020,RAYMONDLSL,EQ,NSE,RAYMOND LIFESTYLE LIMITED,Others,INE02ID01020,True
1788,NSE_EQ|INE1SY401010,RAYMONDREL,EQ,NSE,RAYMOND REALTY LIMITED,Others,INE1SY401010,True
971,NSE_EQ|INE07T201019,RBA,EQ,NSE,RESTAURANT BRAND ASIA LTD,Others,INE07T201019,True
384,NSE_EQ|INE976G01028,RBLBANK,EQ,NSE,RBL BANK LIMITED,Bank,INE976G01028,True
7365,NSE_EQ|INE0NA301016,RBMINFRA,SM,NSE,RBM INFRACON LIMITED,Others,INE0NA301016,True
3863,NSE_EQ|INE0RJH01010,RBS,ST,NSE,RAMDEVBABA SOLVENT LTD,Others,INE0RJH01010,True
1658,NSE_EQ|INE0PEQ01016,RBZJEWEL,EQ,NSE,RBZ JEWELLERS LIMITED,Others,INE0PEQ01016,True
4574,NSE_EQ|INE0BZQ01011,RCDL,SM,NSE,RAJGOR CASTOR DERIVATI L,Others,INE0BZQ01011,True
1982,NSE_EQ|INE027A01015,RCF,EQ,NSE,RASHTRIYA CHEMICALS & FER,Others,INE027A01015,True
8456,NSE_EQ|INE330H01018,RCOM,BE,NSE,RELIANCE COMMUNICATIONS L,Others,INE330H01018,True
3390,NSE_EQ|INE10QL01011,READYMIX,SM,NSE,READYMIX CONSTRU MACHI L,Others,INE10QL01011,True
385,NSE_EQ|INE020B01018,RECLTD,EQ,NSE,REC LIMITED,Finance,INE020B01018,True
394,NSE_EQ|INE891D01026,REDINGTON,EQ,NSE,REDINGTON LIMITED,Trading,INE891D01026,True
1630,NSE_EQ|INE0LXT01019,REDTAPE,EQ,NSE,REDTAPE LIMITED,Others,INE0LXT01019,True
1920,NSE_EQ|INE056I01025,REFEX,EQ,NSE,REFEX INDUSTRIES LIMITED,Others,INE056I01025,True
4891,NSE_EQ|INE0TNX01015,REFRACTORY,SM,NSE,REFRACTORY SHAPES LIMITED,Others,INE0TNX01015,True
3919,NSE_EQ|INE0MHO01029,REGAAL,BE,NSE,REGAAL RESOURCES LIMITED,Others,INE0MHO01029,True
2301,NSE_EQ|INE277C01012,REGENCERAM,EQ,NSE,REGENCY CERAMICS LTD.,Others,INE277C01012,True
2339,NSE_EQ|INE131B01039,RELAXO,EQ,NSE,RELAXO FOOT LTD.,Others,INE131B01039,True
581,NSE_EQ|INE750D01016,RELCHEMQ,EQ,NSE,RELIANCE CHEMOTEX IND LTD,Others,INE750D01016,True
1293,NSE_EQ|INE375Y01018,RELIABLE,EQ,NSE,RELIABLE DATA SERVICE LTD,Others,INE375Y01018,True
395,NSE_EQ|INE002A01018,RELIANCE,EQ,NSE,RELIANCE INDUSTRIES LTD,Refineries,INE002A01018,True
1313,NSE_EQ|INE621H01010,RELIGARE,EQ,NSE,RELIGARE ENTER. LTD.,Others,INE621H01010,True
4301,NSE_EQ|INE036A01016,RELINFRA,BE,NSE,RELIANCE INFRASTRUCTU LTD,Others,INE036A01016,True
1267,NSE_EQ|INE206N01018,RELTD,EQ,NSE,RAVINDRA ENERGY LIMITED,Others,INE206N01018,True
1246,NSE_EQ|INE474C01023,REMSONSIND,EQ,NSE,REMSONS INDUSTRIES LTD,Others,INE474C01023,True
3695,NSE_EQ|INE0O5T01011,REMUS,SM,NSE,REMUS PHARMACEUTICALS L,Others,INE0O5T01011,True
2215,NSE_EQ|INE087H01022,RENUKA,EQ,NSE,SHREE RENUKA SUGARS LTD,Others,INE087H01022,True
1007,NSE_EQ|INE612J01015,REPCOHOME,EQ,NSE,REPCO HOME FINANCE LTD,Others,INE612J01015,True
2178,NSE_EQ|INE364Z01019,REPL,EQ,NSE,RUDRABHISHEK ENTERP LTD,Others,INE364Z01019,True
774,NSE_EQ|INE461B01014,REPRO,EQ,NSE,REPRO INDIA LIMITED,Others,INE461B01014,True
1278,NSE_EQ|INE688D01026,RESPONIND,EQ,NSE,RESPONSIVE INDUSTRIES LTD,Others,INE688D01026,True
2072,NSE_EQ|INE03DD01011,RETAIL,EQ,NSE,JHS SVENDGAARD RETAIL V L,Others,INE03DD01011,True
7690,NSE_EQ|INE00D001018,REXPIPES,SM,NSE,REX PIPES AND CABLES LTD,Others,INE00D001018,True
7958,NSE_EQ|INE113601012,REXPRO,SM,NSE,REXPRO ENTERPRISES LTD,Others,INE113601012,True
8637,NSE_EQ|INE0V2V01015,RFBL,SM,NSE,RFBL FLEXI PACK LIMITED,Others,INE0V2V01015,True
571,NSE_EQ|INE722H01024,RGL,EQ,NSE,RENAISSANCE GLOBAL LTD,Others,INE722H01024,True
2022,NSE_EQ|INE0KKN01029,RHETAN,EQ,NSE,RHETAN TMT LIMITED,Others,INE0KKN01029,True
7753,NSE_EQ|INE217K01011,RHFL,BZ,NSE,RELIANCE HOME FINANCE LTD,Others,INE217K01011,True
1164,NSE_EQ|INE743M01012,RHIM,EQ,NSE,RHI MAGNESITA INDIA LTD,Others,INE743M01012,True
1357,NSE_EQ|INE508K01013,RHL,EQ,NSE,ROBUST HOTELS LIMITED,Others,INE508K01013,True
7402,NSE_EQ|INE0J1P01015,RICHA,ST,NSE,RICHA INFO SYSTEMS LTD,Others,INE0J1P01015,True
1838,NSE_EQ|INE209B01025,RICOAUTO,EQ,NSE,RICO AUTO INDUSTRIES LTD,Others,INE209B01025,True
1647,NSE_EQ|INE046A01015,RIIL,EQ,NSE,RELIANCE INDUSTRIAL INFRA,Others,INE046A01015,True
7512,NSE_EQ|INE2PB023011,RIIT,IV,NSE,RAAJMARG INFRA INVEST T,Others,INE2PB023011,True
4160,NSE_EQ|INE02OY01016,RILINFRA,SM,NSE,RACHANA INFRA LTD,Others,INE02OY01016,True
1486,NSE_EQ|INE0N2P01017,RISHABH,EQ,NSE,RISHABH INSTRUMENTS LTD,Others,INE0N2P01017,True
1159,NSE_EQ|INE01EG01016,RITCO,EQ,NSE,RITCO LOGISTICS LIMITED,Others,INE01EG01016,True
2149,NSE_EQ|INE320J01015,RITES,EQ,NSE,RITES LIMITED,Others,INE320J01015,True
6630,NSE_EQ|INE0MRA01019,RITEZONE,ST,NSE,RITE ZONE CHEMCON IND LTD,Others,INE0MRA01019,True
1713,NSE_EQ|INE722J01012,RKDL,EQ,NSE,RAVI KUMAR DIST. LTD.,Others,INE722J01012,True
1527,NSE_EQ|INE786W01010,RKEC,EQ,NSE,RKEC PROJECTS LIMITED,Others,INE786W01010,True
1494,NSE_EQ|INE399G01023,RKFORGE,EQ,NSE,RAMKRISHNA FORGINGS LTD,Others,INE399G01023,True
1536,NSE_EQ|INE0NQ801033,RKSWAMY,EQ,NSE,R K SWAMY LIMITED,Others,INE0NQ801033,True
7540,NSE_EQ|INE655V01019,RMC,BE,NSE,RMC SWITCHGEARS LIMITED,Others,INE655V01019,True
2276,NSE_EQ|INE219Y01026,RMDRIP,EQ,NSE,R M DRIP & SPRINK SYS LTD,Others,INE219Y01026,True
870,NSE_EQ|INE050H01012,RML,EQ,NSE,RANE (MADRAS) LIMITED,Others,INE050H01012,True
2461,NSE_EQ|INE012Q01039,RNBDENIMS,EQ,NSE,R&B DENIMS LIMITED,Others,INE012Q01039,True
5865,NSE_EQ|INE0SA001017,RNFI,SM,NSE,RNFI SERVICES LIMITED,Others,INE0SA001017,True
7519,NSE_EQ|INE0VZX01015,RNPL,SM,NSE,RENOL POLYCHEM LIMITED,Others,INE0VZX01015,True
6046,NSE_EQ|INE0JEI23010,ROADSTAR,IV,NSE,ROADSTAR INFRA INVT TRUST,Others,INE0JEI23010,True
5351,NSE_EQ|INE0PTR01012,ROCKINGDCE,SM,NSE,ROCKINGDEALS CIRCU ECO L,Others,INE0PTR01012,True
8727,NSE_EQ|IN90PTR01010,ROCKPP,E1,NSE,ROCKINGDCE RS.5 PPD UP,Others,IN90PTR01010,True
2378,NSE_EQ|INE283H01019,ROHLTD,EQ,NSE,ROYAL ORCHID HOTELS LTD,Others,INE283H01019,True
1653,NSE_EQ|INE645S01024,ROLEXRINGS,EQ,NSE,ROLEX RINGS LIMITED,Others,INE645S01024,True
6187,NSE_EQ|INE927A01040,ROLLT,BE,NSE,ROLLATAINERS LIMITED,Others,INE927A01040,True
1967,NSE_EQ|INE294G01026,ROML,EQ,NSE,RAJ OIL MILLS LIMITED,Others,INE294G01026,True
1190,NSE_EQ|INE02A801020,ROSSARI,EQ,NSE,ROSSARI BIOTECH LIMITED,Others,INE02A801020,True
1939,NSE_EQ|INE847C01020,ROSSELLIND,EQ,NSE,ROSSELL INDIA LIMITED,Others,INE847C01020,True
1538,NSE_EQ|INE0OJW01016,ROSSTECH,EQ,NSE,ROSSELL TECHSYS LIMITED,Others,INE0OJW01016,True
703,NSE_EQ|INE535D01037,ROTO,EQ,NSE,ROTO PUMPS LIMITED,Others,INE535D01037,True
1419,NSE_EQ|INE450U01017,ROUTE,EQ,NSE,ROUTE MOBILE LIMITED,Others,INE450U01017,True
7516,NSE_EQ|INE0PDJ01013,ROXHITECH,ST,NSE,ROX HI TECH LIMITED,Others,INE0PDJ01013,True
8417,NSE_EQ|INE0EO401019,ROYALARC,SM,NSE,ROYAL ARC ELECTRODES LTD,Others,INE0EO401019,True
1578,NSE_EQ|INE912T01018,RPEL,EQ,NSE,RAGHAV PRODUCTIVITY ENH L,Others,INE912T01018,True
2098,NSE_EQ|INE105J01010,RPGLIFE,EQ,NSE,RPG LIFE SCIENCES LTD,Others,INE105J01010,True
1840,NSE_EQ|INE614G01033,RPOWER,EQ,NSE,RELIANCE POWER LTD.,Others,INE614G01033,True
1586,NSE_EQ|INE324L01013,RPPINFRA,EQ,NSE,R.P.P INFRA PROJECTS LTD,Others,INE324L01013,True
1483,NSE_EQ|INE760W01023,RPPL,EQ,NSE,RAJSHREE POLYPACK LTD,Others,INE760W01023,True
613,NSE_EQ|INE425Y01011,RPSGVENT,EQ,NSE,RPSG VENTURES LIMITED,Others,INE425Y01011,True
1264,NSE_EQ|INE0J1F01024,RPTECH,EQ,NSE,RASHI PERIPHERALS LIMITED,Others,INE0J1F01024,True
1661,NSE_EQ|INE951M01037,RRIL,EQ,NSE,R R I L LTD.,Others,INE951M01037,True
793,NSE_EQ|INE777K01022,RRKABEL,EQ,NSE,R R KABEL LIMITED,Others,INE777K01022,True
1711,NSE_EQ|INE616F01022,RSDFIN,EQ,NSE,R S D FINANCE LTD.,Others,INE616F01022,True
2398,NSE_EQ|INE313L01016,RSL,EQ,NSE,RAJPUTANA STAINLESS LTD,Others,INE313L01016,True
2713,NSE_EQ|INE165B01029,RSSOFTWARE,BE,NSE,R. S. SOFTWARE (INDIA) LI,Others,INE165B01029,True
1800,NSE_EQ|INE611A01016,RSWM,EQ,NSE,RSWM LIMITED,Others,INE611A01016,True
2437,NSE_EQ|INE411H01032,RSYSTEMS,EQ,NSE,R SYS INTERNATIONAL LTD,Others,INE411H01032,True
6691,NSE_EQ|INE14W901010,RTL,ST,NSE,RAMA TELECOM LIMITED,Others,INE14W901010,True
1582,NSE_EQ|INE834M01019,RTNINDIA,EQ,NSE,RATTANINDIA ENT LIMITED,Others,INE834M01019,True
1213,NSE_EQ|INE399K01017,RTNPOWER,EQ,NSE,RATTANINDIA POWER LIMITED,Others,INE399K01017,True
1805,NSE_EQ|INE642C01025,RUBFILA,EQ,NSE,RUBFILA INTERNATIONAL LTD,Others,INE642C01025,True
1744,NSE_EQ|INE506V01022,RUBICON,EQ,NSE,RUBICON RESEARCH LIMITED,Others,INE506V01022,True
7515,NSE_EQ|INE301D01026,RUBYMILLS,BE,NSE,THE RUBY MILLS LTD,Others,INE301D01026,True
2171,NSE_EQ|INE413B01023,RUCHINFRA,EQ,NSE,RUCHI INFRASTRUCTURE LTD,Others,INE413B01023,True
867,NSE_EQ|INE803H01014,RUCHIRA,EQ,NSE,RUCHIRA PAPERS LIMITED,Others,INE803H01014,True
7360,NSE_EQ|INE027T01023,RUDRA,BE,NSE,RUDRA GLOBAL INFRA PROD L,Others,INE027T01023,True
2872,NSE_EQ|INE0R7301013,RULKA,SM,NSE,RULKA ELECTRICALS LIMITED,Others,INE0R7301013,True
1861,NSE_EQ|INE895B01021,RUPA,EQ,NSE,RUPA & COMPANY LTD,Others,INE895B01021,True
1902,NSE_EQ|INE573K01025,RUSHIL,EQ,NSE,RUSHIL DECOR LIMITED,Others,INE573K01025,True
1116,NSE_EQ|INE263M01029,RUSTOMJEE,EQ,NSE,KEYSTONE REALTORS LIMITED,Others,INE263M01029,True
2507,NSE_EQ|INE09E501017,RVHL,EQ,NSE,RAVINDER HEIGHTS LIMITED,Others,INE09E501017,True
389,NSE_EQ|INE415G01027,RVNL,EQ,NSE,RAIL VIKAS NIGAM LIMITED,Engineering,INE415G01027,True
1666,NSE_EQ|INE0DAB01012,RVTH,EQ,NSE,REVATHI EQUIPMENT INDIA L,Others,INE0DAB01012,True
4778,NSE_EQ|INE902B01017,S&SPOWER,BE,NSE,S&S POWER SWITCHGEARS,Others,INE902B01017,True
3380,NSE_EQ|INE0PSK01027,SAAKSHI,SM,NSE,SAAKSHI MEDTEC N PANELS L,Others,INE0PSK01027,True
1615,NSE_EQ|INE13B501022,SAATVIKGL,EQ,NSE,SAATVIK GREEN ENERGY LTD,Others,INE13B501022,True
3607,NSE_EQ|INE0DZ101013,SABAR,SM,NSE,SABAR FLEX INDIA LIMITED,Others,INE0DZ101013,True
7824,NSE_EQ|INE860T01019,SABEVENTS,BE,NSE,SAB EVENTS & GOVERNANCE,Others,INE860T01019,True
7981,NSE_EQ|INE1ARD01016,SACHEEROME,SM,NSE,SACHEEROME LIMITED,Others,INE1ARD01016,True
2193,NSE_EQ|INE226H01026,SADBHAV,EQ,NSE,SADBHAV ENGINEERING LTD,Others,INE226H01026,True
5003,NSE_EQ|INE764L01010,SADBHIN,BE,NSE,SADBHAV INFRA PROJ LTD.,Others,INE764L01010,True
5311,NSE_EQ|INE0K5H01010,SADHAV,SM,NSE,SADHAV SHIPPING LIMITED,Others,INE0K5H01010,True
5080,NSE_EQ|INE888C01040,SADHNANIQ,BE,NSE,SADHANA NITROCHEM LIMITED,Others,INE888C01040,True
704,NSE_EQ|INE429E01023,SAFARI,EQ,NSE,SAFARI IND (INDIA) LTD,Others,INE429E01023,True
2820,NSE_EQ|INE17D601016,SAFEENTP,SM,NSE,SAFE ENTER RETAIL FIX LTD,Others,INE17D601016,True
1911,NSE_EQ|INE976T01013,SAGARDEEP,EQ,NSE,SAGARDEEP ALLOYS LIMITED,Others,INE976T01013,True
1208,NSE_EQ|INE229C01021,SAGCEM,EQ,NSE,SAGAR CEMENTS LIMITED,Others,INE229C01021,True
749,NSE_EQ|INE0W2G01015,SAGILITY,EQ,NSE,SAGILITY LIMITED,Others,INE0W2G01015,True
6237,NSE_EQ|INE0P4701011,SAHAJSOLAR,SM,NSE,SAHAJ SOLAR LIMITED,Others,INE0P4701011,True
7815,NSE_EQ|INE0LEX01011,SAHANA,SM,NSE,SAHANA SYSTEM LIMITED,Others,INE0LEX01011,True
7652,NSE_EQ|INE0RBQ01018,SAHASRA,ST,NSE,SAHASRA ELECTRONIC SOLU L,Others,INE0RBQ01018,True
716,NSE_EQ|INE861D01011,SAHLIBHFI,EQ,NSE,SHALIBHADRA FINANCE LTD,Others,INE861D01011,True
729,NSE_EQ|INE280H01015,SAHYADRI,EQ,NSE,SAHYADRI INDUSTRIES LTD,Others,INE280H01015,True
3844,NSE_EQ|INE0PZA01015,SAIFL,SM,NSE,SAMEERA AGRO AND INFRA L,Others,INE0PZA01015,True
426,NSE_EQ|INE114A01011,SAIL,EQ,NSE,STEEL AUTHORITY OF INDIA,Steel & Iron Products,INE114A01011,True
772,NSE_EQ|INE570L01029,SAILIFE,EQ,NSE,SAI LIFE SCIENCES LIMITED,Others,INE570L01029,True
1346,NSE_EQ|INE0H9F01037,SAIPARENT,EQ,NSE,SAI PARENTERALS LIMITED,Others,INE0H9F01037,True
4734,NSE_EQ|INE00MT01022,SAJHOTELS,SM,NSE,SAJ HOTELS LIMITED,Others,INE00MT01022,True
1577,NSE_EQ|INE732S01012,SAKAR,EQ,NSE,SAKAR HEALTHCARE LIMITED,Others,INE732S01012,True
699,NSE_EQ|INE623A01011,SAKHTISUG,EQ,NSE,SAKTHI SUGARS LTD,Others,INE623A01011,True
2214,NSE_EQ|INE667G01023,SAKSOFT,EQ,NSE,SAKSOFT LIMITED,Others,INE667G01023,True
5656,NSE_EQ|INE190H01024,SAKUMA,BE,NSE,SAKUMA EXPORTS LIMITED,Others,INE190H01024,True
2274,NSE_EQ|INE170V01027,SALASAR,EQ,NSE,SALASAR TECHNO ENGG. LTD.,Others,INE170V01027,True
2000,NSE_EQ|INE498E01010,SALONA,EQ,NSE,SALONA COTSPIN LTD.,Others,INE498E01010,True
3031,NSE_EQ|INE658G01014,SALSTEEL,BE,NSE,S.A.L. STEEL LTD.,Others,INE658G01014,True
941,NSE_EQ|INE457F01013,SALZERELEC,EQ,NSE,SALZER ELECTRONICS LTD,Others,INE457F01013,True
7520,NSE_EQ|INE124101010,SAMAY,SM,NSE,SAMAY PROJECT SERVICES L,Others,INE124101010,True
1907,NSE_EQ|INE699B01027,SAMBHAAV,EQ,NSE,SAMBHAAV MEDIA LTD,Others,INE699B01027,True
1914,NSE_EQ|INE12NJ01018,SAMBHV,EQ,NSE,SAMBHV STEEL TUBES LTD,Others,INE12NJ01018,True
1500,NSE_EQ|INE08U801020,SAMHI,EQ,NSE,SAMHI HOTELS LIMITED,Others,INE08U801020,True
1772,NSE_EQ|INE148I01020,SAMMAANCAP,EQ,NSE,SAMMAAN CAPITAL LIMITED,Others,INE148I01020,True
1009,NSE_EQ|INE735M01018,SAMPANN,EQ,NSE,SAMPANN UTPADAN INDIA LTD,Others,INE735M01018,True
1337,NSE_EQ|INE0JPD01013,SANATHAN,EQ,NSE,SANATHAN TEXTILES LIMITED,Others,INE0JPD01013,True
2030,NSE_EQ|INE583B01015,SANDESH,EQ,NSE,SANDESH LTD,Others,INE583B01015,True
1251,NSE_EQ|INE278H01035,SANDHAR,EQ,NSE,SANDHAR TECHNOLOGIES LTD,Others,INE278H01035,True
1709,NSE_EQ|INE149K01016,SANDUMA,EQ,NSE,SANDUR MANG & IRON ORES L,Others,INE149K01016,True
1457,NSE_EQ|INE495C01010,SANGAMIND,EQ,NSE,SANGAM (INDIA) LTD,Others,INE495C01010,True
2785,NSE_EQ|INE0OVI01010,SANGANI,SM,NSE,SANGANI HOSPITALS LIMITED,Others,INE0OVI01010,True
1763,NSE_EQ|INE989A01032,SANGHVIMOV,EQ,NSE,SANGHVI MOVERS LTD,Others,INE989A01032,True
6333,NSE_EQ|INE753W01010,SANGINITA,BE,NSE,SANGINITA CHEMICALS LTD,Others,INE753W01010,True
903,NSE_EQ|INE058A01010,SANOFI,EQ,NSE,SANOFI INDIA LIMITED,Others,INE058A01010,True
647,NSE_EQ|INE0UOS01011,SANOFICONR,EQ,NSE,SANOFI CONS HEALTHC IND L,Others,INE0UOS01011,True
1070,NSE_EQ|INE953O01021,SANSERA,EQ,NSE,SANSERA ENGINEERING LTD,Others,INE953O01021,True
1002,NSE_EQ|INE08NE01025,SANSTAR,EQ,NSE,SANSTAR LIMITED,Others,INE08NE01025,True
2711,NSE_EQ|INE890C01046,SANWARIA,BZ,NSE,SANWARIA CONSUMER LIMITED,Others,INE890C01046,True
1448,NSE_EQ|INE806T01020,SAPPHIRE,EQ,NSE,SAPPHIRE FOODS INDIA LTD,Others,INE806T01020,True
2328,NSE_EQ|INE185C01017,SAPPL,EQ,NSE,SHREE AJIT PULP & PAPER L,Others,INE185C01017,True
711,NSE_EQ|INE385C01021,SARDAEN,EQ,NSE,SARDA ENERGY & MIN LTD,Others,INE385C01021,True
1027,NSE_EQ|INE979A01025,SAREGAMA,EQ,NSE,SAREGAMA INDIA LIMITED,Others,INE979A01025,True
1392,NSE_EQ|INE453D01025,SARLAPOLY,EQ,NSE,SARLA PERF. FIBERS LTD,Others,INE453D01025,True
6259,NSE_EQ|INE0PCL01011,SAROJA,SM,NSE,SAROJA PHARMA INDUS IND L,Others,INE0PCL01011,True
6448,NSE_EQ|INE0PUC01020,SARTELE,SM,NSE,SAR TELEVENTURE LIMITED,Others,INE0PUC01020,True
2756,NSE_EQ|INE324X01026,SARVESHWAR,BE,NSE,SARVESHWAR FOODS LIMITED,Others,INE324X01026,True
2090,NSE_EQ|INE231F01020,SASKEN,EQ,NSE,SASKEN TECHNOLOGIES LTD,Others,INE231F01020,True
6637,NSE_EQ|INE0BSN01013,SATECH,SM,NSE,S A TECH SOFTWARE INDIA L,Others,INE0BSN01013,True
678,NSE_EQ|INE170E01023,SATIA,EQ,NSE,SATIA INDUSTRIES LIMITED,Others,INE170E01023,True
1456,NSE_EQ|INE836B01017,SATIN,EQ,NSE,SATIN CREDIT NET LTD,Others,INE836B01017,True
7212,NSE_EQ|INE0RPM01017,SATIPOLY,SM,NSE,SATI POLY PLAST LIMITED,Others,INE0RPM01017,True
3249,NSE_EQ|INE0NB801022,SATKARTAR,ST,NSE,SAT KARTAR LIFE LIMITED,Others,INE0NB801022,True
5073,NSE_EQ|INE14DW01018,SATTVAENGG,SM,NSE,SATTVA ENGINEERING CSTN L,Others,INE14DW01018,True
2357,NSE_EQ|INE626A01014,SAURASHCEM,EQ,NSE,SAURASHTRA CEMENT LIMITED,Others,INE626A01014,True
5514,NSE_EQ|INE0UCN01017,SAVY,SM,NSE,SAVY INFRA AND LOGI LTD,Others,INE0UCN01017,True
5100,NSE_EQ|INE10VS01016,SAWALIYA,SM,NSE,SAWALIYA FOOD PRODUCTS L,Others,INE10VS01016,True
1701,NSE_EQ|INE318C01014,SAYAJIHOTL,EQ,NSE,SAYAJI HOTELS LTD.,Others,INE318C01014,True
2251,NSE_EQ|INE04AK01028,SBC,EQ,NSE,SBC EXPORTS LIMITED,Others,INE04AK01028,True
2032,NSE_EQ|INE386D01027,SBCL,EQ,NSE,SHIVALIK BIMETAL CON. LTD,Others,INE386D01027,True
398,NSE_EQ|INE423Y01016,SBFC,EQ,NSE,SBFC FINANCE LIMITED,NBFC,INE423Y01016,True
922,NSE_EQ|INE05ST01028,SBGLP,EQ,NSE,SURATWWALA BUS GROUP LTD,Others,INE05ST01028,True
1311,NSE_EQ|INF200KB1712,SBIBPB,EQ,NSE,SBIAMC - SBIBPB,Others,INF200KB1712,True
399,NSE_EQ|INE018E01016,SBICARD,EQ,NSE,SBI CARDS & PAY SER LTD,NBFC,INE018E01016,True
2466,NSE_EQ|INF200KA1X17,SBIETFCON,EQ,NSE,SBIAMC - SBIETFCON,Others,INF200KA1X17,True
2408,NSE_EQ|INF200KA1S14,SBIETFIT,EQ,NSE,SBIAMC - SBIETFIT,Others,INF200KA1S14,True
2411,NSE_EQ|INF200KA1S22,SBIETFPB,EQ,NSE,SBIAMC - SBIETFPB,Others,INF200KA1S22,True
2469,NSE_EQ|INF200KA1WX6,SBIETFQLTY,EQ,NSE,SBIAMC - SBIETFQLTY,Others,INF200KA1WX6,True
400,NSE_EQ|INE123W01016,SBILIFE,EQ,NSE,SBI LIFE INSURANCE CO LTD,Insurance,INE123W01016,True
1072,NSE_EQ|INF200KB1969,SBILIQETF,EQ,NSE,SBIAMC - SBILIQETF,Others,INF200KB1969,True
1145,NSE_EQ|INF200KB1AJ0,SBIMIDMOM,EQ,NSE,SBIAMC - SBIMIDMOM,Others,INF200KB1AJ0,True
425,NSE_EQ|INE062A01020,SBIN,EQ,NSE,STATE BANK OF INDIA,Bank,INE062A01020,True
1272,NSE_EQ|INF200KB1282,SBINEQWETF,EQ,NSE,SBIAMC - SBINEQWETF,Others,INF200KB1282,True
1151,NSE_EQ|INF200KB1AK8,SBINMID150,EQ,NSE,SBIAMC - SBINMID150,Others,INF200KB1AK8,True
1270,NSE_EQ|INF200KB1217,SBISILVER,EQ,NSE,SBIAMC - SBISILVER,Others,INF200KB1217,True
1153,NSE_EQ|INF200KB1AY9,SBISMLETF,EQ,NSE,SBIAMC - SBISMLETF,Others,INF200KB1AY9,True
1155,NSE_EQ|INF200KB1AX1,SBIVALETF,EQ,NSE,SBIAMC - SBIVALETF,Others,INF200KB1AX1,True
974,NSE_EQ|INE099G01011,SCANSTL,EQ,NSE,SCAN STEELS LTD.,Others,INE099G01011,True
411,NSE_EQ|INE513A01022,SCHAEFFLER,EQ,NSE,SCHAEFFLER INDIA LIMITED,Bearings,INE513A01022,True
765,NSE_EQ|INE807K01035,SCHAND,EQ,NSE,S CHAND AND COMPANY LTD,Others,INE807K01035,True
412,NSE_EQ|INE839M01018,SCHNEIDER,EQ,NSE,SCHNEIDER ELECTRIC INFRA,Electric Equipment,INE839M01018,True
1432,NSE_EQ|INE109A01011,SCI,EQ,NSE,SHIPPING CORP OF INDIA LT,Others,INE109A01011,True
1587,NSE_EQ|INE0PB301013,SCILAL,EQ,NSE,SHIPPING CORP OF ILA LTD,Others,INE0PB301013,True
5793,NSE_EQ|INE148I07XW5,SCL010825,NB,NSE,SCL 0% 2028 SR VI,Others,INE148I07XW5,True
5725,NSE_EQ|INE148I07XU9,SCL0182025,NC,NSE,SCL 0% 2028 SR VI,Others,INE148I07XU9,True
5794,NSE_EQ|INE148I07XX3,SCL01825,N6,NSE,SCL 0% 2027 SR III,Others,INE148I07XX3,True
5792,NSE_EQ|INE148I07XV7,SCL1825,N5,NSE,SCL 0% 2027 SR III,Others,INE148I07XV7,True
5662,NSE_EQ|INE148I07WD7,SCL190325,N1,NSE,SCL SR VI,Others,INE148I07WD7,True
5676,NSE_EQ|INE148I07WL0,SCL190325A,N1,NSE,SCL SR VI,Others,INE148I07WL0,True
5665,NSE_EQ|INE148I07WG0,SCL19325,N1,NSE,SCL SR III,Others,INE148I07WG0,True
5660,NSE_EQ|INE148I07WC9,SCL19325A,N1,NSE,SCL SR III,Others,INE148I07WC9,True
5561,NSE_EQ|INE148I07UH2,SCL25924,N1,NSE,SEC RE NCD SR III,Others,INE148I07UH2,True
5556,NSE_EQ|INE148I07UG4,SCL25924A,N1,NSE,SEC RE NCD SR III,Others,INE148I07UG4,True
5558,NSE_EQ|INE148I07UB5,SCL25924C,N1,NSE,SEC RE NCD SR VI,Others,INE148I07UB5,True
5557,NSE_EQ|INE148I07UA7,SCL25924D,N1,NSE,SEC RE NCD SR VI,Others,INE148I07UA7,True
5400,NSE_EQ|INE148I07QA5,SCL26,NA,NSE,SEC RE NCD SR VI,Others,INE148I07QA5,True
5606,NSE_EQ|INE148I07VC1,SCL271224,N1,NSE,SCL 0% 2026 SR III,Others,INE148I07VC1,True
5614,NSE_EQ|INE148I07VN8,SCL271224A,N1,NSE,SCL 0% 2026 SR III,Others,INE148I07VN8,True
5587,NSE_EQ|INE148I07VG2,SCL271224B,N1,NSE,SCL 0% 2027 SR VI,Others,INE148I07VG2,True
5523,NSE_EQ|INE148I07TM4,SCL310524A,ZK,NSE,SEC RE NCD SR VI,Others,INE148I07TM4,True
5092,NSE_EQ|INE148I07GN9,SCLZC26,NB,NSE,SEC RED NCD SR. VII,Others,INE148I07GN9,True
5376,NSE_EQ|INE148I08272,SCLZC26A,NF,NSE,UNS RED NCD SR. X,Others,INE148I08272,True
5361,NSE_EQ|INE148I07OS2,SCLZC26B,AY,NSE,SEC RE NCD SR VI,Others,INE148I07OS2,True
5404,NSE_EQ|INE148I07QB3,SCLZC26C,NB,NSE,SEC RE NCD SR VI,Others,INE148I07QB3,True
5466,NSE_EQ|INE148I07QP3,SCLZC26D,NO,NSE,SEC RE NCD SR VI,Others,INE148I07QP3,True
5459,NSE_EQ|INE148I07QO6,SCLZC26E,NP,NSE,SEC RE NCD SR VI,Others,INE148I07QO6,True
5515,NSE_EQ|INE148I07RY3,SCLZC26F,Y9,NSE,SEC RE NCD SR VI,Others,INE148I07RY3,True
5507,NSE_EQ|INE148I07RL0,SCLZC26G,YA,NSE,SEC RE NCD SR VI,Others,INE148I07RL0,True
9438,NSE_EQ|INE460Q01014,SCML,SM,NSE,SHARP CHUCKS N MACHINES L,Others,INE460Q01014,True
1373,NSE_EQ|INE090501011,SCODATUBES,EQ,NSE,SCODA TUBES LIMITED,Others,INE090501011,True
1174,NSE_EQ|INE501Y01019,SCPL,EQ,NSE,SHEETAL COOL PRODUCTS LTD,Others,INE501Y01019,True
1129,NSE_EQ|INE480C01038,SDBL,EQ,NSE,SOM DIST & BREW LTD,Others,INE480C01038,True
5668,NSE_EQ|INE507T07203,SDIL41,N0,NSE,SDIL RESET 2041,Others,INE507T07203,True
5766,NSE_EQ|INE0X6F01017,SDREAMS,SM,NSE,S D RETAIL LIMITED,Others,INE0X6F01017,True
1541,NSE_EQ|INE497B01018,SEAMECLTD,EQ,NSE,SEAMEC LIMITED,Others,INE497B01018,True
8200,NSE_EQ|INE00Y701026,SECL,ST,NSE,SALASAR EXTERIOR CONT LTD,Others,INE00Y701026,True
892,NSE_EQ|INE0BTM01013,SECMARK,EQ,NSE,SECMARK CONSULTANCY LTD,Others,INE0BTM01013,True
1075,NSE_EQ|INE650K01021,SECURKLOUD,EQ,NSE,SECUREKLOUD TECH LIMITED,Others,INE650K01021,True
1809,NSE_EQ|INE00XB01019,SEDEMAC,EQ,NSE,SEDEMAC MECHATRONICS LTD,Others,INE00XB01019,True
2041,NSE_EQ|INE440T01028,SEIL,EQ,NSE,SHANTI EDU INITIATIVES L,Others,INE440T01028,True
9093,NSE_EQ|INE0R8O23017,SEITINVIT,IV,NSE,SUSTAINABLE ENERGY INFRA,Others,INE0R8O23017,True
2556,NSE_EQ|INE955I01044,SEJALLTD,BE,NSE,SEJAL GLASS LIMITED,Others,INE955I01044,True
9056,NSE_EQ|INE0O3O01017,SEL,ST,NSE,SUNGARNER ENERGIES LTD,Others,INE0O3O01017,True
1180,NSE_EQ|INF769K01ON4,SELECTIPO,EQ,NSE,MIRAEAMC - SELECTIPO,Others,INF769K01ON4,True
4164,NSE_EQ|INE0IJF01013,SELLOWRAP,SM,NSE,SELLOWRAP INDUSTRIES LTD,Others,INE0IJF01013,True
2438,NSE_EQ|INE105I01020,SELMC,EQ,NSE,SEL MANUFACTURING CO LTD,Others,INE105I01020,True
3329,NSE_EQ|INE617A01013,SEMAC,BE,NSE,SEMAC CONSTRUCTION LTD,Others,INE617A01013,True
1672,NSE_EQ|INE602W01027,SENCO,EQ,NSE,SENCO GOLD LIMITED,Others,INE602W01027,True
1438,NSE_EQ|INE0RB801010,SENORES,EQ,NSE,SENORES PHARMACEUTICALS L,Others,INE0RB801010,True
1886,NSE_EQ|INF740KA1SZ6,SENSEXADD,EQ,NSE,DSPAMC - DSPSENXETF,Others,INF740KA1SZ6,True
1277,NSE_EQ|INF789FB1X58,SENSEXBETA,EQ,NSE,UTIAMC-SENSEXBETA,Others,INF789FB1X58,True
1221,NSE_EQ|INF769K01KT9,SENSEXETF,EQ,NSE,MIRAEAMC - SENSEXETF,Others,INF769K01KT9,True
1148,NSE_EQ|INF346A01034,SENSEXIETF,EQ,NSE,ICICI PRUD SENSEX ETF,Others,INF346A01034,True
1600,NSE_EQ|INE964H01014,SEPC,EQ,NSE,SEPC LIMITED,Others,INE964H01014,True
6847,NSE_EQ|INE0P1Q01015,SERVICE,SM,NSE,SERVICE CARE LIMITED,Others,INE0P1Q01015,True
1511,NSE_EQ|INE782X01033,SERVOTECH,EQ,NSE,SERVOTECH REN POW SYS LTD,Others,INE782X01033,True
1601,NSE_EQ|INE630A01024,SESHAPAPER,EQ,NSE,SESHASAYEE PAPER & BOARDS,Others,INE630A01024,True
5919,NSE_EQ|INE878E01021,SETCO,BE,NSE,SETCO AUTOMOTIVE LTD,Others,INE878E01021,True
2106,NSE_EQ|INF200KA1JT1,SETF10GILT,EQ,NSE,SBIAMC - SETF10GILT,Others,INF200KA1JT1,True
2204,NSE_EQ|INF200KA16D8,SETFGOLD,EQ,NSE,SBI-ETF GOLD,Others,INF200KA16D8,True
2096,NSE_EQ|INF200KA1FS1,SETFNIF50,EQ,NSE,SBI-ETF NIFTY 50,Others,INF200KA1FS1,True
2166,NSE_EQ|INF200KA1580,SETFNIFBK,EQ,NSE,SBI-ETF NIFTY BANK,Others,INF200KA1580,True
2167,NSE_EQ|INF200KA1598,SETFNN50,EQ,NSE,SBI-ETF NIFTY NEXT 50,Others,INF200KA1598,True
1987,NSE_EQ|INE0M4D01010,SETL,EQ,NSE,STANDARD ENGNG TCNLGY LTD,Others,INE0M4D01010,True
8462,NSE_EQ|INE023M01027,SETUINFRA,BZ,NSE,SETUBANDHAN INFRA LTD,Others,INE023M01027,True
3720,NSE_EQ|INE573R01012,SEYAIND,BE,NSE,SEYA INDUSTRIES LIMITED,Others,INE573R01012,True
553,NSE_EQ|INE916U01025,SFL,EQ,NSE,SHEELA FOAM LIMITED,Others,INE916U01025,True
8792,NSE_EQ|INE721A07PH3,SFLZC26A,ZC,NSE,SEC RED NCD SR.X,Others,INE721A07PH3,True
4047,NSE_EQ|INE0U6N01014,SFML,SM,NSE,SUPREME FACILITY MGMT LTD,Others,INE0U6N01014,True
8427,NSE_EQ|IN0020200062,SGBAPR28I,GB,NSE,2.50%GOLDBONDS2028SR-I,Others,IN0020200062,True
4898,NSE_EQ|IN0020190107,SGBAUG27,GB,NSE,2.50%GOLDBONDS2027SR-III,Others,IN0020190107,True
8402,NSE_EQ|IN0020200161,SGBAUG28V,GB,NSE,2.50%GOLDBONDS2028SR-V,Others,IN0020200161,True
5009,NSE_EQ|IN0020210129,SGBAUG29V,GB,NSE,2.50%GOLDBONDS2029SR-V,Others,IN0020210129,True
7982,NSE_EQ|IN0020220078,SGBAUG30,GB,NSE,2.50%GOLDBONDS2030SR-II,Others,IN0020220078,True
4254,NSE_EQ|IN0020210228,SGBD29VIII,GB,NSE,2.50%GOLDBONDS2029SR-VIII,Others,IN0020210228,True
4924,NSE_EQ|IN0020190461,SGBDC27VII,GB,NSE,2.50%GOLDBONDS2027SR-VII,Others,IN0020190461,True
7931,NSE_EQ|IN0020220110,SGBDE30III,GB,NSE,2.50%GOLDBONDS2030SR-III,Others,IN0020220110,True
4531,NSE_EQ|IN0020230168,SGBDE31III,GB,NSE,2.50%GOLDBONDS2031SR-III,Others,IN0020230168,True
8327,NSE_EQ|IN0020180389,SGBDEC26,GB,NSE,2.50%GOLDBONDS2026SR-IV,Others,IN0020180389,True
8384,NSE_EQ|IN0020180561,SGBFEB27,GB,NSE,2.50%GOLDBONDS2027SR-VI,Others,IN0020180561,True
4978,NSE_EQ|IN0020190545,SGBFEB28IX,GB,NSE,2.50%GOLDBONDS2028SR-IX,Others,IN0020190545,True
8443,NSE_EQ|IN0020200393,SGBFEB29XI,GB,NSE,2.50%GOLDBONDS2029SR-XI,Others,IN0020200393,True
4534,NSE_EQ|IN0020230184,SGBFEB32IV,GB,NSE,2.50%GOLDBONDS2032SR-IV,Others,IN0020230184,True
4979,NSE_EQ|IN0020190537,SGBJ28VIII,GB,NSE,2.50%GOLDBONDS2028SR-VIII,Others,IN0020190537,True
8303,NSE_EQ|IN0020180462,SGBJAN27,GB,NSE,2.50%GOLDBONDS2027SR-V,Others,IN0020180462,True
8441,NSE_EQ|IN0020200377,SGBJAN29IX,GB,NSE,2.50%GOLDBONDS2029SR-IX,Others,IN0020200377,True
8442,NSE_EQ|IN0020200385,SGBJAN29X,GB,NSE,2.50%GOLDBONDS2029SR-X,Others,IN0020200385,True
4255,NSE_EQ|IN0020210236,SGBJAN30IX,GB,NSE,2.50%GOLDBONDS2030SR-IX,Others,IN0020210236,True
5018,NSE_EQ|IN0020210087,SGBJU29III,GB,NSE,2.5%GOLDBONDS2029SR-III,Others,IN0020210087,True
4848,NSE_EQ|IN0020190081,SGBJUL27,GB,NSE,2.50%GOLDBONDS2027SR-II,Others,IN0020190081,True
8399,NSE_EQ|IN0020200146,SGBJUL28IV,GB,NSE,2.50%GOLDBONDS2028SR-IV,Others,IN0020200146,True
5007,NSE_EQ|IN0020210111,SGBJUL29IV,GB,NSE,2.50%GOLDBONDS2029SR-IV,Others,IN0020210111,True
4847,NSE_EQ|IN0020190073,SGBJUN27,GB,NSE,2.50%GOLDBONDS2027SR-I,Others,IN0020190073,True
8421,NSE_EQ|IN0020200104,SGBJUN28,GB,NSE,2.5%GOLDBONDS2028SR-III,Others,IN0020200104,True
5017,NSE_EQ|IN0020210061,SGBJUN29II,GB,NSE,2.5%GOLDBONDS2029SR-II,Others,IN0020210061,True
7979,NSE_EQ|IN0020220045,SGBJUN30,GB,NSE,2.50%GOLDBONDS2030SR-I,Others,IN0020220045,True
4577,NSE_EQ|IN0020230069,SGBJUN31I,GB,NSE,2.50%GOLDBONDS2031SR-I,Others,IN0020230069,True
4976,NSE_EQ|IN0020190552,SGBMAR28X,GB,NSE,2.50%GOLDBONDS2028SR-X,Others,IN0020190552,True
4245,NSE_EQ|IN0020210319,SGBMAR30X,GB,NSE,2.50%GOLDBONDS2030SR-X,Others,IN0020210319,True
7944,NSE_EQ|IN0020220169,SGBMAR31IV,GB,NSE,2.50%GOLDBONDS2031SR-IV,Others,IN0020220169,True
8430,NSE_EQ|IN0020200088,SGBMAY28,GB,NSE,2.50%GOLDBONDS2028SR-II,Others,IN0020200088,True
5016,NSE_EQ|IN0020210053,SGBMAY29I,GB,NSE,2.5%GOLDBONDS2029SR-I,Others,IN0020210053,True
8469,NSE_EQ|IN0020200427,SGBMR29XII,GB,NSE,2.50%GOLDBONDS2029SR-XII,Others,IN0020200427,True
8451,NSE_EQ|IN0020200286,SGBN28VIII,GB,NSE,2.5%GOLDBONDS2028SR-VIII,Others,IN0020200286,True
8309,NSE_EQ|IN0020180314,SGBNOV26,GB,NSE,2.50%GOLDBONDS2026SR-III,Others,IN0020180314,True
4983,NSE_EQ|IN0020210178,SGBNV29VII,GB,NSE,2.5%GOLDBONDS2029SR-VII,Others,IN0020210178,True
8455,NSE_EQ|IN0020200203,SGBOC28VII,GB,NSE,2.50%GOLDBONDS2028SR-VII,Others,IN0020200203,True
8273,NSE_EQ|IN0020180249,SGBOCT26,GB,NSE,2.50%GOLDBONDS2026SR-II,Others,IN0020180249,True
4959,NSE_EQ|IN0020190370,SGBOCT27,GB,NSE,2.50%GOLDBONDS2027SR-V,Others,IN0020190370,True
4960,NSE_EQ|IN0020190388,SGBOCT27VI,GB,NSE,2.50%GOLDBONDS2027SR-VI,Others,IN0020190388,True
4899,NSE_EQ|IN0020190115,SGBSEP27,GB,NSE,2.50%GOLDBONDS2027SR-IV,Others,IN0020190115,True
8405,NSE_EQ|IN0020200195,SGBSEP28VI,GB,NSE,2.50%GOLDBONDS2028SR-VI,Others,IN0020200195,True
5013,NSE_EQ|IN0020210145,SGBSEP29VI,GB,NSE,2.5%GOLDBONDS2029SR-VI,Others,IN0020210145,True
4579,NSE_EQ|IN0020230093,SGBSEP31II,GB,NSE,2.50%GOLDBONDS2031SR-II,Others,IN0020230093,True
532,NSE_EQ|INE618R01015,SGFIN,EQ,NSE,SG FINSERVE LIMITED,Others,INE618R01015,True
1725,NSE_EQ|INE00QT01015,SGIL,EQ,NSE,SYNERGY GREEN IND. LTD,Others,INE00QT01015,True
541,NSE_EQ|INE353H01010,SGL,EQ,NSE,STL GLOBAL LIMITED,Others,INE353H01010,True
1963,NSE_EQ|INE385F01024,SGMART,EQ,NSE,SG MART LIMITED,Others,INE385F01024,True
1171,NSE_EQ|INE12UN01015,SHADOWFAX,EQ,NSE,SHADOWFAX TECHNOLOGIES L,Others,INE12UN01015,True
2428,NSE_EQ|INE482J01021,SHAH,EQ,NSE,SHAH METACORP LIMITED,Others,INE482J01021,True
8578,NSE_EQ|INE482J20021,SHAH-RE1,BE,NSE,SHAH METACORP LTD,Others,INE482J20021,True
1349,NSE_EQ|INE640C01011,SHAHALLOYS,EQ,NSE,SHAH ALLOYS LIMITED,Others,INE640C01011,True
1834,NSE_EQ|INE151G01028,SHAILY,EQ,NSE,SHAILY ENG PLASTICS LTD,Others,INE151G01028,True
3229,NSE_EQ|INE262S01010,SHAIVAL,ST,NSE,SHAIVAL REALITY LIMITED,Others,INE262S01010,True
1544,NSE_EQ|INE908D01010,SHAKTIPUMP,EQ,NSE,SHAKTI PUMPS (I) LTD,Others,INE908D01010,True
803,NSE_EQ|INE597J01018,SHALBY,EQ,NSE,SHALBY LIMITED,Others,INE597J01018,True
1827,NSE_EQ|INE849C01026,SHALPAINTS,EQ,NSE,SHALIM PAINTS LTD,Others,INE849C01026,True
3262,NSE_EQ|INE274V01019,SHANKARA,BE,NSE,SHANKARA BLDG PRODUCT LTD,Others,INE274V01019,True
4927,NSE_EQ|INE0Q9Q01017,SHANTHALA,SM,NSE,SHANTHALA FMCG PRODUCTS L,Others,INE0Q9Q01017,True
1560,NSE_EQ|INE933X01016,SHANTI,EQ,NSE,SHANTI OVERSEAS INDIA LTD,Others,INE933X01016,True
1085,NSE_EQ|INE631A01022,SHANTIGEAR,EQ,NSE,SHANTHI GEARS LTD,Others,INE631A01022,True
634,NSE_EQ|INE06ZD01017,SHANTIGOLD,EQ,NSE,SHANTI GOLD INTERNATION L,Others,INE06ZD01017,True
1377,NSE_EQ|INE221J01015,SHARDACROP,EQ,NSE,SHARDA CROPCHEM LTD.,Others,INE221J01015,True
2511,NSE_EQ|INE597I01028,SHARDAMOTR,EQ,NSE,SHARDA MOTOR INDS LTD,Others,INE597I01028,True
754,NSE_EQ|INE037B01020,SHARDUL,EQ,NSE,SHARDUL SECURITIES LTD.,Others,INE037B01020,True
539,NSE_EQ|INE932X01026,SHAREINDIA,EQ,NSE,SHARE IND. SECURITIES LTD,Others,INE932X01026,True
695,NSE_EQ|INF732E01128,SHARIABEES,EQ,NSE,NIP IND ETF SHARIAH BEES,Others,INF732E01128,True
622,NSE_EQ|INE402H01015,SHBAJRG,EQ,NSE,SHRI BAJRANG ALLIANCE L,Others,INE402H01015,True
4132,NSE_EQ|INE0YJV01017,SHEEL,SM,NSE,SHEEL BIOTECH LIMITED,Others,INE0YJV01017,True
4310,NSE_EQ|INE04VX01019,SHEETAL,SM,NSE,SHEETAL UNIVERSAL LIMITED,Others,INE04VX01019,True
8775,NSE_EQ|INE268L01046,SHEKHAWATI,BE,NSE,SHEKHAWATI INDUSTRIES LTD,Others,INE268L01046,True
1083,NSE_EQ|INE363M01019,SHEMAROO,EQ,NSE,SHEMAROO ENTER. LTD.,Others,INE363M01019,True
5248,NSE_EQ|INE0MM001019,SHERA,ST,NSE,SHERA ENERGY LIMITED,Others,INE0MM001019,True
8920,NSE_EQ|INE1FL101016,SHETHJI,ST,NSE,SHREEJI GLOBAL FMCG LTD,Others,INE1FL101016,True
4110,NSE_EQ|INE03KJ01013,SHIGAN,SM,NSE,SHIGAN QUANTUM TECH LTD,Others,INE03KJ01013,True
1032,NSE_EQ|INE024F01011,SHILCTECH,EQ,NSE,SHILCHAR TECHNOLOGIES LTD,Others,INE024F01011,True
2395,NSE_EQ|INE790G01031,SHILPAMED,EQ,NSE,SHILPA MEDICARE LTD,Others,INE790G01031,True
1133,NSE_EQ|INE220Z01013,SHINDL,EQ,NSE,SHARAT INDUSTRIES LTD.,Others,INE220Z01013,True
6959,NSE_EQ|INE788J01021,SHIVALIK,BE,NSE,SHIVALIK RASAYAN LIMITED,Others,INE788J01021,True
2844,NSE_EQ|INE637H01024,SHIVAMAUTO,BE,NSE,SHIVAM AUTO.LTD,Others,INE637H01024,True
4295,NSE_EQ|INE644Y01017,SHIVAMILLS,BE,NSE,SHIVA MILLS LIMITED,Others,INE644Y01017,True
9014,NSE_EQ|INE1DLF01018,SHIVASHRIT,SM,NSE,SHIVASHRIT FOODS LIMITED,Others,INE1DLF01018,True
861,NSE_EQ|INE705C01020,SHIVATEX,EQ,NSE,SHIVA TEXYARN LIMITED,Others,INE705C01020,True
1239,NSE_EQ|INE719F01016,SHIVAUM,EQ,NSE,SHIV AUM STEELS LIMITED,Others,INE719F01016,True
643,NSE_EQ|INE500L01026,SHK,EQ,NSE,S H KELKAR AND CO. LTD.,Others,INE500L01026,True
4003,NSE_EQ|INE0NON01025,SHKSIL,SM,NSE,SHRI HARE-KRI SPO IRON L,Others,INE0NON01025,True
2011,NSE_EQ|INE498B01024,SHOPERSTOP,EQ,NSE,SHOPPERS STOP LIMITED,Others,INE498B01024,True
826,NSE_EQ|INE715Y01031,SHRADHA,EQ,NSE,SHRADHA REALTY LIMITED,Others,INE715Y01031,True
1308,NSE_EQ|INE232A01011,SHREDIGCEM,EQ,NSE,SHREE DIGVIJAY CEM CO LTD,Others,INE232A01011,True
414,NSE_EQ|INE070A01015,SHREECEM,EQ,NSE,SHREE CEMENT LIMITED,Construction Materials,INE070A01015,True
1650,NSE_EQ|INE1B6101010,SHREEJISPG,EQ,NSE,SHREEJI SHIPPING GLOBAL L,Others,INE1B6101010,True
8392,NSE_EQ|INE0S4Y01010,SHREEKARNI,SM,NSE,SHREE KARNI FABCOM LTD,Others,INE0S4Y01010,True
7912,NSE_EQ|INE02S501018,SHREEOSFM,SM,NSE,SHREE OSFM E-MOBILITY LTD,Others,INE02S501018,True
1478,NSE_EQ|INE712K01011,SHREEPUSHK,EQ,NSE,SHRE PUSH CHEM & FERT LTD,Others,INE712K01011,True
566,NSE_EQ|INE879A01019,SHREERAMA,EQ,NSE,SHREE RAMA MULTI TECH LTD,Others,INE879A01019,True
7806,NSE_EQ|INE0GTI23014,SHREMINVIT,IV,NSE,SHREM INVIT,Others,INE0GTI23014,True
7156,NSE_EQ|INE632X01030,SHRENIK,BZ,NSE,SHRENIK LIMITED,Others,INE632X01030,True
1435,NSE_EQ|INE231C01019,SHREYANIND,EQ,NSE,SHREYANS INDUSTRIES LTD,Others,INE231C01019,True
5993,NSE_EQ|INE0DM401012,SHRIAHIMSA,ST,NSE,SHRI AHIMSA NATURALS LTD,Others,INE0DM401012,True
5505,NSE_EQ|INE1V4601019,SHRIKANHA,ST,NSE,SHRI KANHA STAINLESS LTD,Others,INE1V4601019,True
1506,NSE_EQ|INE997I01012,SHRIKRISH,EQ,NSE,SHRI KRISHNA DEVCON LTD.,Others,INE997I01012,True
1945,NSE_EQ|INE1B3L01017,SHRINGARMS,EQ,NSE,SHRINGAR HOU OF MANGALS L,Others,INE1B3L01017,True
1583,NSE_EQ|INE526E01018,SHRIPISTON,EQ,NSE,SHRIRAM PIST. & RING LTD,Others,INE526E01018,True
415,NSE_EQ|INE721A01047,SHRIRAMFIN,EQ,NSE,SHRIRAM FINANCE LIMITED,NBFC,INE721A01047,True
2242,NSE_EQ|INE217L01019,SHRIRAMPPS,EQ,NSE,SHRIRAM PROPERTIES LTD,Others,INE217L01019,True
7173,NSE_EQ|INE0OMF01015,SHRITECH,SM,NSE,SHRI TECHTEX LIMITED,Others,INE0OMF01015,True
3376,NSE_EQ|INE01Z401013,SHUBHLAXMI,SM,NSE,SHUBHLAXMI JEWEL ART LTD,Others,INE01Z401013,True
7626,NSE_EQ|INE0UL701015,SHUBHSHREE,SM,NSE,SHUBHSHREE BIOFUELS ENE L,Others,INE0UL701015,True
2205,NSE_EQ|INE979R01011,SHYAMCENT,EQ,NSE,SHYAM CENTURY FERROUS LTD,Others,INE979R01011,True
3430,NSE_EQ|INE1CRP01016,SHYAMDHANI,SM,NSE,SHYAM DHANI INDUSTRIES L,Others,INE1CRP01016,True
1659,NSE_EQ|INE810G01011,SHYAMMETL,EQ,NSE,SHYAM METALICS AND ENGY L,Others,INE810G01011,True
4545,NSE_EQ|INE635A01023,SHYAMTEL,BE,NSE,SHYAM TELECOM LIMITED,Others,INE635A01023,True
1807,NSE_EQ|INE176J01011,SICAGEN,EQ,NSE,SICAGEN INDIA LIMITED,Others,INE176J01011,True
2587,NSE_EQ|INE075B01020,SICALLOG,BE,NSE,SICAL LOGISTICS LIMITED,Others,INE075B01020,True
7449,NSE_EQ|INE535H07CS7,SICCL28,N0,NSE,SICCL MARKET LKD 2028,Others,INE535H07CS7,True
5494,NSE_EQ|INE556F08LE6,SIDBI29,N0,NSE,SIDBI MARKET LINKED 2029,Others,INE556F08LE6,True
6561,NSE_EQ|INE0SVO01019,SIDDHICOTS,SM,NSE,SIDDHI COTSPIN LIMITED,Others,INE0SVO01019,True
6879,NSE_EQ|INE0A1E01018,SIDDHIKA,SM,NSE,SIDDHIKA COATINGS LIMITED,Others,INE0A1E01018,True
418,NSE_EQ|INE003A01024,SIEMENS,EQ,NSE,SIEMENS LTD,Electric Equipment,INE003A01024,True
4052,NSE_EQ|INE0D0K01022,SIGACHI,BE,NSE,SIGACHI INDUSTRIES LTD,Others,INE0D0K01022,True
1179,NSE_EQ|INE529F01035,SIGIND,EQ,NSE,SIGNET INDUSTRIES LIMITED,Others,INE529F01035,True
2490,NSE_EQ|INE0A0S01028,SIGMA,EQ,NSE,SIGMA SOLVE LIMITED,Others,INE0A0S01028,True
8590,NSE_EQ|INE933B01012,SIGMAADV,BE,NSE,SIGMA ADVANCED SYSTEM LTD,Others,INE933B01012,True
604,NSE_EQ|INE903U01023,SIGNATURE,EQ,NSE,SIGNATUREGLOBAL INDIA LTD,Others,INE903U01023,True
3528,NSE_EQ|INE0RDE01010,SIGNORIA,SM,NSE,SIGNORIA CREATION LIMITED,Others,INE0RDE01010,True
564,NSE_EQ|INE0KGZ01021,SIGNPOST,EQ,NSE,SIGNPOST INDIA LIMITED,Others,INE0KGZ01021,True
7334,NSE_EQ|INE213W07301,SIHF27,N0,NSE,SIHF T-BILL LKD 27 SR 28,Others,INE213W07301,True
7313,NSE_EQ|INE213W07368,SIHF29,N0,NSE,SIHF MARKET LINKED 2029,Others,INE213W07368,True
7314,NSE_EQ|INE213W07376,SIHF29A,N0,NSE,SIHF RESET 2029 SR 36,Others,INE213W07376,True
2191,NSE_EQ|INE438E01032,SIKA,EQ,NSE,SIKA INTERPLANT SYSTEMS L,Others,INE438E01032,True
1823,NSE_EQ|INE112X01025,SIKKO,EQ,NSE,SIKKO INDUSTRIES LIMITED,Others,INE112X01025,True
623,NSE_EQ|INE173A01025,SIL,EQ,NSE,STANDARD INDUSTRIES LTD.,Others,INE173A01025,True
947,NSE_EQ|INE01II01013,SILGO,EQ,NSE,SILGO RETAIL LIMITED,Others,INE01II01013,True
1098,NSE_EQ|INE923A01015,SILINV,EQ,NSE,SIL INVESTMENTS LIMITED,Others,INE923A01015,True
6081,NSE_EQ|INE0STN01015,SILKFLEX,ST,NSE,SILKFLEX POLYMERS INDIA L,Others,INE0STN01015,True
4864,NSE_EQ|INE0SN801015,SILKY,SM,NSE,SILKY OVERSEAS LIMITED,Others,INE0SN801015,True
813,NSE_EQ|INE203Y01012,SILLYMONKS,EQ,NSE,SILLY MONKS ENTERTAIN LTD,Others,INE203Y01012,True
1338,NSE_EQ|INF209KB19F6,SILVER,EQ,NSE,BIRLASLAMC - SILVER,Others,INF209KB19F6,True
642,NSE_EQ|INF174KA1ZD3,SILVER1,EQ,NSE,KOTAKMAMC - KOTAKSILVE,Others,INF174KA1ZD3,True
2381,NSE_EQ|INF579M01BC3,SILVER360,EQ,NSE,360ONEAMC - SILVER360,Others,INF579M01BC3,True
1846,NSE_EQ|INF740KA1RE3,SILVERADD,EQ,NSE,DSPAMC - DSPSILVETF,Others,INF740KA1RE3,True
1212,NSE_EQ|INF769K01KG6,SILVERAG,EQ,NSE,MIRAEAMC - MASILVER,Others,INF769K01KG6,True
602,NSE_EQ|INF204KC1402,SILVERBEES,EQ,NSE,NIPPONAMC - NETFSILVER,Others,INF204KC1402,True
996,NSE_EQ|INF789F1AYK6,SILVERBETA,EQ,NSE,UTIAMC-SILVERBETA,Others,INF789F1AYK6,True
884,NSE_EQ|INF194KB1KI9,SILVERBND,EQ,NSE,BANDHANAMC - SILVERBND,Others,INF194KB1KI9,True
908,NSE_EQ|INF0R8F01091,SILVERCASE,EQ,NSE,ZERODHAAMC - SILVERCASE,Others,INF0R8F01091,True
2475,NSE_EQ|INF109KC1Y56,SILVERIETF,EQ,NSE,ICICIPRAMC - ICICISILVE,Others,INF109KC1Y56,True
984,NSE_EQ|INE625X01026,SILVERTUC,EQ,NSE,SILVER TOUCH TECHNO LTD,Others,INE625X01026,True
7714,NSE_EQ|INE748T01016,SIMBHALS,BZ,NSE,SIMBHAOLI SUGARS LTD.,Others,INE748T01016,True
5956,NSE_EQ|INE1K4J01018,SIMCA,SM,NSE,SIMCA ADVERTISING LIMITED,Others,INE1K4J01018,True
2234,NSE_EQ|INE059B01024,SIMPLEXINF,EQ,NSE,SIMPLEX INFRASTRUCTURES L,Others,INE059B01024,True
1446,NSE_EQ|INE985A01022,SINCLAIR,EQ,NSE,SINCLAIRS HOTELS LIMITED,Others,INE985A01022,True
1878,NSE_EQ|INE325D01025,SINDHUTRAD,EQ,NSE,SINDHU TRADE LINKS LTD,Others,INE325D01025,True
929,NSE_EQ|INE638A01035,SINGERIND,EQ,NSE,SINGER INDIA LIMITED,Others,INE638A01035,True
650,NSE_EQ|INE129Z01016,SINTERCOM,EQ,NSE,SINTERCOM INDIA LIMITED,Others,INE129Z01016,True
2304,NSE_EQ|INE792Z01011,SIRCA,EQ,NSE,SIRCA PAINT INDIA LIMITED,Others,INE792Z01011,True
1253,NSE_EQ|INE285J01028,SIS,EQ,NSE,SIS LIMITED,Others,INE285J01028,True
3234,NSE_EQ|INE965H01011,SITINET,BZ,NSE,SITI NETWORKS LIMITED,Others,INE965H01011,True
2059,NSE_EQ|INE076B01028,SIYSIL,EQ,NSE,SIYARAM SILK MILLS LTD,Others,INE076B01028,True
5913,NSE_EQ|INE0F3301020,SJLOGISTIC,SM,NSE,S J LOGISTICS (INDIA) LTD,Others,INE0F3301020,True
2153,NSE_EQ|INE284S01014,SJS,EQ,NSE,SJS ENTERPRISES LIMITED,Others,INE284S01014,True
401,NSE_EQ|INE002L01015,SJVN,EQ,NSE,SJVN LTD,Power,INE002L01015,True
402,NSE_EQ|INE640A01023,SKFINDIA,EQ,NSE,SKF INDIA LTD,Bearings,INE640A01023,True
1505,NSE_EQ|INE2J8701016,SKFINDUS,EQ,NSE,SKF IND (INDUSTRIAL) LTD,Others,INE2J8701016,True
4248,NSE_EQ|INE429F01012,SKIL,BZ,NSE,SKIL INFRASTRUCTURE LTD.,Others,INE429F01012,True
1537,NSE_EQ|INE439E01022,SKIPPER,EQ,NSE,SKIPPER LIMITED,Others,INE439E01022,True
738,NSE_EQ|INE411D01023,SKMEGGPROD,EQ,NSE,SKM EGG PROD EXPORT(I) LT,Others,INE411D01023,True
7081,NSE_EQ|INE0KZA01016,SKP,SM,NSE,SKP BEARING INDUSTRI. LTD,Others,INE0KZA01016,True
1706,NSE_EQ|INE01IU01018,SKYGOLD,EQ,NSE,SKY GOLD AND DIAMONDS LTD,Others,INE01IU01018,True
7399,NSE_EQ|INE0SMA01017,SLONE,SM,NSE,SLONE INFOSYSTEMS LIMITED,Others,INE0SMA01017,True
1187,NSE_EQ|INF769K01PQ4,SMALL250,EQ,NSE,MIRAEAMC - SMALL250,Others,INF769K01PQ4,True
1686,NSE_EQ|INF740KA1WX3,SMALLADD,EQ,NSE,DSPAMC - SMALLADD,Others,INF740KA1WX3,True
1225,NSE_EQ|INF769K01LC3,SMALLCAP,EQ,NSE,MIRAEAMC - SMALLCAP,Others,INF769K01LC3,True
5566,NSE_EQ|INE14GK01016,SMARTEN,SM,NSE,SMARTEN POWER SYSTEMS LTD,Others,INE14GK01016,True
3810,NSE_EQ|INE178C01020,SMARTLINK,BE,NSE,SMARTLINK HOLDINGS LTD,Others,INE178C01020,True
2500,NSE_EQ|INE0NAZ01010,SMARTWORKS,EQ,NSE,SMARTWORKS COWORKING SP L,Others,INE0NAZ01010,True
1490,NSE_EQ|INE103C01036,SMCGLOBAL,EQ,NSE,SMC GLOBAL SECURITIES LTD,Others,INE103C01036,True
914,NSE_EQ|INF0R8F01141,SML100CASE,EQ,NSE,ZERODHAAMC - SML100CASE,Others,INF0R8F01141,True
1247,NSE_EQ|INE294B01019,SMLMAH,EQ,NSE,SML MAHINDRA LIMITED,Others,INE294B01019,True
534,NSE_EQ|INE017W01010,SMLT,EQ,NSE,SARTHAK METALS LIMITED,Others,INE017W01010,True
1764,NSE_EQ|INE812G01025,SMSPHARMA,EQ,NSE,SMS PHARMACEUTICALS LTD.,Others,INE812G01025,True
2915,NSE_EQ|INE702Y01013,SMVD,SM,NSE,SMVD POLY PACK LIMITED,Others,INE702Y01013,True
8492,NSE_EQ|INE1OIC01018,SNEHAA,ST,NSE,SNEHAA ORGANICS LIMITED,Others,INE1OIC01018,True
2235,NSE_EQ|INE734N01019,SNOWMAN,EQ,NSE,SNOWMAN LOGISTICS LTD.,Others,INE734N01019,True
719,NSE_EQ|INF204KC1EZ3,SNXT30BEES,EQ,NSE,NIPPONAMC - SNXT30BEES,Others,INF204KC1EZ3,True
1015,NSE_EQ|INF789F1AUU3,SNXT50BETA,EQ,NSE,UTIAMC-SNXT50BETA,Others,INF789F1AUU3,True
420,NSE_EQ|INE671H01015,SOBHA,EQ,NSE,SOBHA LIMITED,Construction,INE671H01015,True
3345,NSE_EQ|INE0CTB01014,SOCL,ST,NSE,SUNDREX OIL COMPANY LTD,Others,INE0CTB01014,True
5835,NSE_EQ|INE728Z01015,SOFTTECH,BE,NSE,SOFTTECH ENGINEERS LTD,Others,INE728Z01015,True
2452,NSE_EQ|INE624Z01016,SOLARA,EQ,NSE,SOLARA ACTIVE PHA SCI LTD,Others,INE624Z01016,True
421,NSE_EQ|INE343H01029,SOLARINDS,EQ,NSE,SOLAR INDUSTRIES (I) LTD,Chemicals,INE343H01029,True
1010,NSE_EQ|INE0TY101024,SOLARWORLD,EQ,NSE,SOLARWORLD ENERGY SOL LTD,Others,INE0TY101024,True
1462,NSE_EQ|INE880Y01017,SOLEX,EQ,NSE,SOLEX ENERGY LIMITED,Others,INE880Y01017,True
2479,NSE_EQ|INE355A01028,SOMANYCERA,EQ,NSE,SOMANY CERAMICS LIMITED,Others,INE355A01028,True
1491,NSE_EQ|INE314C01013,SOMATEX,EQ,NSE,SOMA TEXTILES & INDUST LT,Others,INE314C01013,True
2004,NSE_EQ|INE323J01019,SOMICONVEY,EQ,NSE,SOMI CONVEYOR BELT. LTD.,Others,INE323J01019,True
422,NSE_EQ|INE073K01018,SONACOMS,EQ,NSE,SONA BLW PRECISION FRGS L,Auto Ancillary,INE073K01018,True
685,NSE_EQ|INE321M01017,SONAL,EQ,NSE,SONAL MERCANTILE LTD.,Others,INE321M01017,True
6189,NSE_EQ|INE0Q6H01012,SONAMAC,ST,NSE,SONA MACHINERY LIMITED,Others,INE0Q6H01012,True
1423,NSE_EQ|INE00LM01029,SONAMLTD,EQ,NSE,SONAM LIMITED,Others,INE00LM01029,True
638,NSE_EQ|INE269A01021,SONATSOFTW,EQ,NSE,SONATA SOFTWARE LTD,Others,INE269A01021,True
3577,NSE_EQ|INE0JZA01018,SONUINFRA,SM,NSE,SONU INFRATECH LIMITED,Others,INE0JZA01018,True
2893,NSE_EQ|INE0O2D01012,SOTAC,SM,NSE,SOTAC PHARMACEUTICALS LTD,Others,INE0O2D01012,True
1430,NSE_EQ|INE035D01020,SOTL,EQ,NSE,SAVITA OIL TECHNOLO. LTD,Others,INE035D01020,True
2055,NSE_EQ|INE683A01023,SOUTHBANK,EQ,NSE,THE SOUTH INDIAN BANK LTD,Others,INE683A01023,True
1959,NSE_EQ|INE980Y01015,SOUTHWEST,EQ,NSE,SOUTH WEST PINNACLE LTD,Others,INE980Y01015,True
1495,NSE_EQ|INE212I01016,SPAL,EQ,NSE,S. P. APPARELS LIMITED,Others,INE212I01016,True
2180,NSE_EQ|INE572J01011,SPANDANA,EQ,NSE,SPANDANA SPHOORTY FIN LTD,Others,INE572J01011,True
836,NSE_EQ|INE232I01014,SPARC,EQ,NSE,SUN PHARMA ADV.RES.CO.LTD,Others,INE232I01014,True
2474,NSE_EQ|INE970N01027,SPCENET,EQ,NSE,SPACENET ENTERS IND LTD,Others,INE970N01027,True
8334,NSE_EQ|INE0T7B01010,SPCL,SM,NSE,SHIVALIC POWER CONTROL L,Others,INE0T7B01010,True
6818,NSE_EQ|INE0TPJ01019,SPCON,SM,NSE,SRINIBAS PRADHAN CONST L,Others,INE0TPJ01019,True
9212,NSE_EQ|INE1CW901027,SPEB,ST,NSE,SPEB ADHESIVES LIMITED,Others,INE1CW901027,True
718,NSE_EQ|INE247M01014,SPECIALITY,EQ,NSE,SPECIALITY REST LTD,Others,INE247M01014,True
723,NSE_EQ|INE01EO01010,SPECTRUM,EQ,NSE,SPECTRUM ELECTRIC IND LTD,Others,INE01EO01010,True
4918,NSE_EQ|INE0OL001018,SPECTSTM,ST,NSE,SPECTRUM TALENT MGMT LTD,Others,INE0OL001018,True
2356,NSE_EQ|INE020801028,SPENCERS,EQ,NSE,SPENCER S RETAIL LIMITED,Others,INE020801028,True
1464,NSE_EQ|INE147A01011,SPIC,EQ,NSE,SPIC LTD,Others,INE147A01011,True
2060,NSE_EQ|INE978G01016,SPLIL,EQ,NSE,SPL INDUSTRIES LIMITED,Others,INE978G01016,True
1422,NSE_EQ|INE663A01033,SPLPETRO,EQ,NSE,SUPREME PETROCHEM LIMITED,Others,INE663A01033,True
2105,NSE_EQ|INE937A01023,SPMLINFRA,EQ,NSE,SPML INFRA LIMITED,Others,INE937A01023,True
1847,NSE_EQ|INE885H01029,SPORTKING,EQ,NSE,SPORTKING INDIA LIMITED,Others,INE885H01029,True
9035,NSE_EQ|INE0QR801013,SPPPOLY,SM,NSE,SPP POLYMER LIMITED,Others,INE0QR801013,True
3377,NSE_EQ|INE0JW501011,SPRL,SM,NSE,SP REFRACTORIES LIMITED,Others,INE0JW501011,True
8478,NSE_EQ|INE19QH01010,SPUNWEB,SM,NSE,SPUNWEB NONWOVEN LIMITED,Others,INE19QH01010,True
786,NSE_EQ|INE01NE01012,SRD,EQ,NSE,SHANKAR LAL RAMPAL LTD,Others,INE01NE01012,True
2110,NSE_EQ|INE099F01013,SREEL,EQ,NSE,SREELEATHERS LIMITED,Others,INE099F01013,True
403,NSE_EQ|INE647A01010,SRF,EQ,NSE,SRF LTD,Chemicals,INE647A01010,True
2099,NSE_EQ|INE559N01010,SRGHFL,EQ,NSE,SRG HOUSING FINANCE L,Others,INE559N01010,True
2184,NSE_EQ|INE917H01012,SRHHYPOLTD,EQ,NSE,SREE RAYALSEEMA HHP LTD.,Others,INE917H01012,True
7499,NSE_EQ|INE0NPI01014,SRIVASAVI,SM,NSE,SRIVASAVI ADHESIVE TAPE L,Others,INE0NPI01014,True
2237,NSE_EQ|INE0R6Z01013,SRM,EQ,NSE,SRM CONTRACTORS LIMITED,Others,INE0R6Z01013,True
8385,NSE_EQ|INE008Z01020,SRPL,BZ,NSE,SHREE RAM PROTEINS LTD.,Others,INE008Z01020,True
2349,NSE_EQ|INE19GK01015,SRTL,EQ,NSE,SHREE RAM TWISTEX LIMITED,Others,INE19GK01015,True
1844,NSE_EQ|INE0PQ101010,SSDL,EQ,NSE,SARASWATI SAREE DEPOT LTD,Others,INE0PQ101010,True
7783,NSE_EQ|INE0RFP01011,SSEGL,SM,NSE,SATHLOKHAR SYN E&C GLOB L,Others,INE0RFP01011,True
8782,NSE_EQ|INE0ON201012,SSFL,ST,NSE,SRIVARI SPICES N FOODS L,Others,INE0ON201012,True
4687,NSE_EQ|IN9572J01019,SSFLPP,E1,NSE,SPANDANA RS.5 PPD UP,Others,IN9572J01019,True
1782,NSE_EQ|INE802C01033,SSWL,EQ,NSE,STEEL STRIPS WHEELS LTD.,Others,INE802C01033,True
1447,NSE_EQ|INE0RYC01010,STALLION,EQ,NSE,STALLION IND FLUOROCHEM L,Others,INE0RYC01010,True
1356,NSE_EQ|INE01A001028,STANLEY,EQ,NSE,STANLEY LIFESTYLES LTD,Others,INE01A001028,True
702,NSE_EQ|INE939A01011,STAR,EQ,NSE,STRIDES PHARMA SCI LTD,Others,INE939A01011,True
2285,NSE_EQ|INE460H01021,STARCEMENT,EQ,NSE,STAR CEMENT LIMITED,Others,INE460H01021,True
424,NSE_EQ|INE575P01011,STARHEALTH,EQ,NSE,STAR HEALTH & AL INS CO L,Insurance,INE575P01011,True
1068,NSE_EQ|INE733A01018,STARPAPER,EQ,NSE,STAR PAPER MILLS LTD,Others,INE733A01018,True
1555,NSE_EQ|INE992I01013,STARTECK,EQ,NSE,STARTECK FINANCE LIMITED,Others,INE992I01013,True
1041,NSE_EQ|INE655A01013,STCINDIA,EQ,NSE,THE STATE TRADING CORPN,Others,INE655A01013,True
2310,NSE_EQ|INE124E01038,STEELCAS,EQ,NSE,STEELCAST LIMITED,Others,INE124E01038,True
1181,NSE_EQ|INE395H01011,STEELCITY,EQ,NSE,STEEL CITY SECURITIES LTD,Others,INE395H01011,True
1981,NSE_EQ|INE503B01021,STEELXIND,EQ,NSE,STEEL EXCHANGE INDIA LTD,Others,INE503B01021,True
688,NSE_EQ|INE577L01016,STEL,EQ,NSE,STEL HOLDINGS LIMITED,Others,INE577L01016,True
1820,NSE_EQ|INE334A01023,STERTOOLS,EQ,NSE,STERLING TOOLS LIMITED,Others,INE334A01023,True
6273,NSE_EQ|INE1VXE01018,STLNETWORK,BE,NSE,STL NETWORKS LIMITED,Others,INE1VXE01018,True
9187,NSE_EQ|INE089C01029,STLTECH,BE,NSE,STERLITE TECHNOLOGIES LTD,Others,INE089C01029,True
2088,NSE_EQ|INE00IN01015,STOVEKRAFT,EQ,NSE,STOVE KRAFT LIMITED,Others,INE00IN01015,True
6364,NSE_EQ|INE1XWN01017,STRIDERS,SM,NSE,STRIDERS IMPEX LIMITED,Others,INE1XWN01017,True
1477,NSE_EQ|INE00Q601028,STUDDS,EQ,NSE,STUDDS ACCESSORIES LTD,Others,INE00Q601028,True
6870,NSE_EQ|INE17VO01028,STUDIOLSD,ST,NSE,STUDIO LSD LIMITED,Others,INE17VO01028,True
2307,NSE_EQ|INE04VU01023,STYL,EQ,NSE,SESHAASAI TECHNOLOGIES L,Others,INE04VU01023,True
1876,NSE_EQ|INE239C01020,STYLAMIND,EQ,NSE,STYLAM INDUSTRIES LIMITED,Others,INE239C01020,True
4980,NSE_EQ|INE01FR01028,STYLEBAAZA,BE,NSE,BAAZAR STYLE RETAIL LTD,Others,INE01FR01028,True
2371,NSE_EQ|INE189B01011,STYRENIX,EQ,NSE,STYRENIX PERFORMANCE LTD,Others,INE189B01011,True
7718,NSE_EQ|INE0RYR01018,SUBAHOTELS,SM,NSE,SUBA HOTELS LIMITED,Others,INE0RYR01018,True
7042,NSE_EQ|INE754A01055,SUBEXLTD,BE,NSE,SUBEX LTD,Others,INE754A01055,True
2265,NSE_EQ|INE287B01021,SUBROS,EQ,NSE,SUBROS LIMITED,Others,INE287B01021,True
1065,NSE_EQ|INE492A01029,SUDARCOLOR,EQ,NSE,SUDARSHAN COLORNT IND LTD,Others,INE492A01029,True
1166,NSE_EQ|INE659A01023,SUDARSCHEM,EQ,NSE,SUDARSHAN CHEMICAL INDS L,Others,INE659A01023,True
1351,NSE_EQ|INE0QPI01025,SUDEEPPHRM,EQ,NSE,SUDEEP PHARMA LIMITED,Others,INE0QPI01025,True
2424,NSE_EQ|INE450E01029,SUKHJITS,EQ,NSE,SUKHJIT STARCH & CHEM LTD,Others,INE450E01029,True
2026,NSE_EQ|INE142Q01026,SULA,EQ,NSE,SULA VINEYARDS LIMITED,Others,INE142Q01026,True
1306,NSE_EQ|INE235C01036,SUMEETINDS,EQ,NSE,SUMEET IND LIMITED,Others,INE235C01036,True
1825,NSE_EQ|INE258G01013,SUMICHEM,EQ,NSE,SUMITOMO CHEM INDIA LTD,Others,INE258G01013,True
9363,NSE_EQ|INE748Z01013,SUMIT,BE,NSE,SUMIT WOODS LIMITED,Others,INE748Z01013,True
1379,NSE_EQ|INE519C01017,SUMMITSEC,EQ,NSE,SUMMIT SECURITIES LTD,Others,INE519C01017,True
858,NSE_EQ|INE0Q3R01026,SUNCLAY,EQ,NSE,SUNDARAM CLAYTON LIMITED,Others,INE0Q3R01026,True
1654,NSE_EQ|INE108E01023,SUNDARAM,EQ,NSE,SUNDARAM MULTI PAP LTD,Others,INE108E01023,True
430,NSE_EQ|INE660A01013,SUNDARMFIN,EQ,NSE,SUNDARAM FINANCE LTD,NBFC,INE660A01013,True
1891,NSE_EQ|INE073D01013,SUNDRMBRAK,EQ,NSE,SUNDARAM BRAK LININGS LTD,Others,INE073D01013,True
431,NSE_EQ|INE387A01021,SUNDRMFAST,EQ,NSE,SUNDRAM FASTENERS LTD,Fasteners,INE387A01021,True
1439,NSE_EQ|INE209A01019,SUNDROP,EQ,NSE,SUNDROP BRANDS LIMITED,Others,INE209A01019,True
785,NSE_EQ|INE947A01014,SUNFLAG,EQ,NSE,SUNFLAG IRON AND STEEL CO,Others,INE947A01014,True
8154,NSE_EQ|INE0U2N01013,SUNLITE,ST,NSE,SUNLITE RECYCLING IND LTD,Others,INE0U2N01013,True
428,NSE_EQ|INE044A01036,SUNPHARMA,EQ,NSE,SUN PHARMACEUTICAL IND L,Pharmaceuticals,INE044A01036,True
6145,NSE_EQ|INE0PLZ01012,SUNREST,SM,NSE,SUNREST LIFESCIENCE LTD,Others,INE0PLZ01012,True
6819,NSE_EQ|INE0SGZ01016,SUNTECH,ST,NSE,SUNTECH INFRA SOLUTIONS L,Others,INE0SGZ01016,True
1137,NSE_EQ|INE805D01034,SUNTECK,EQ,NSE,SUNTECK REALTY LIMITED,Others,INE805D01034,True
429,NSE_EQ|INE424H01027,SUNTV,EQ,NSE,SUN TV NETWORK LIMITED,TV Broadcasting,INE424H01027,True
1896,NSE_EQ|INE712B01010,SUPERHOUSE,EQ,NSE,SUPERHOUSE LIMITED,Others,INE712B01010,True
1890,NSE_EQ|INE662A01027,SUPERSPIN,EQ,NSE,SUPER SPINNING MILLS LTD,Others,INE662A01027,True
1552,NSE_EQ|INE399C01030,SUPRAJIT,EQ,NSE,SUPRAJIT ENGINEERING LTD,Others,INE399C01030,True
1826,NSE_EQ|INE822E01011,SUPREME,EQ,NSE,SUPREME HOLDIN N HOSP I L,Others,INE822E01011,True
2846,NSE_EQ|INE319Z01021,SUPREMEENG,BZ,NSE,SUPREME ENGINEERING LTD,Others,INE319Z01021,True
432,NSE_EQ|INE195A01028,SUPREMEIND,EQ,NSE,SUPREME INDUSTRIES LTD,Plastic Products,INE195A01028,True
1893,NSE_EQ|INE550H01011,SUPREMEINF,EQ,NSE,SUPREME INFRA. LTD.,Others,INE550H01011,True
6726,NSE_EQ|INE0QHG01026,SUPREMEPWR,ST,NSE,SUPREME POWER EQUIPMENT L,Others,INE0QHG01026,True
853,NSE_EQ|INE07RO01027,SUPRIYA,EQ,NSE,SUPRIYA LIFESCIENCE LTD,Others,INE07RO01027,True
1927,NSE_EQ|INE843S01025,SURAJEST,EQ,NSE,SURAJ ESTATE DEVELOPERS L,Others,INE843S01025,True
1339,NSE_EQ|INE713C01016,SURAJLTD,EQ,NSE,SURAJ LIMITED,Others,INE713C01016,True
1503,NSE_EQ|INE877V01027,SURAKSHA,EQ,NSE,SURAKSHA DIAGNOSTIC LTD,Others,INE877V01027,True
2016,NSE_EQ|INE272L01022,SURANASOL,EQ,NSE,SURANA SOLAR LIMITED,Others,INE272L01022,True
1276,NSE_EQ|INE130B01031,SURANAT&P,EQ,NSE,SURANA TELECOM AND POW LT,Others,INE130B01031,True
7829,NSE_EQ|INE01ZJ01015,SURANI,ST,NSE,SURANI STEEL TUBES LTD.,Others,INE01ZJ01015,True
1789,NSE_EQ|INE132C01027,SURYALA,EQ,NSE,SURYALATA SPINNING MILL L,Others,INE132C01027,True
665,NSE_EQ|INE713B01026,SURYALAXMI,EQ,NSE,SURYALAKSHMI COT MIL LTD,Others,INE713B01026,True
850,NSE_EQ|INE335A01020,SURYAROSNI,EQ,NSE,SURYA ROSHNI LTD,Others,INE335A01020,True
966,NSE_EQ|INE428Q01011,SURYODAY,EQ,NSE,SURYODAY SMALL FIN BK LTD,Others,INE428Q01011,True
1242,NSE_EQ|INE645H01027,SUTLEJTEX,EQ,NSE,SUTLEJ TEXT & INDUS LTD,Others,INE645H01027,True
1108,NSE_EQ|INE495B01038,SUVEN,EQ,NSE,SUVEN LIFE SCIENCES LTD,Others,INE495B01038,True
868,NSE_EQ|INE018401013,SUVIDHAA,EQ,NSE,SUVIDHAA INFOSERVE LTD,Others,INE018401013,True
926,NSE_EQ|INE442P01014,SUYOG,EQ,NSE,SUYOG TELEMATICS LIMITED,Others,INE442P01014,True
2294,NSE_EQ|INE040H01021,SUZLON,EQ,NSE,SUZLON ENERGY LIMITED,Others,INE040H01021,True
6867,NSE_EQ|INE00CE01017,SVLL,BE,NSE,SHREE VASU LOGISTICS LTD,Others,INE00CE01017,True
8959,NSE_EQ|INE308E01029,SVPGLOB,BE,NSE,SVP GLOBAL TEXTILES LTD,Others,INE308E01029,True
1372,NSE_EQ|INE665A01038,SWANCORP,EQ,NSE,SWAN CORP LIMITED,Others,INE665A01038,True
3060,NSE_EQ|INE542F01020,SWANDEF,BE,NSE,SWAN DEFENCE N HEVY IND L,Others,INE542F01020,True
6713,NSE_EQ|INE0GMR01016,SWARAJ,SM,NSE,SWARAJ SUITING LIMITED,Others,INE0GMR01016,True
1513,NSE_EQ|INE277A01016,SWARAJENG,EQ,NSE,SWARAJ ENGINES LTD,Others,INE277A01016,True
5607,NSE_EQ|INE0DGC01025,SWASTIK,ST,NSE,SWASTIK PIPE LIMITED,Others,INE0DGC01025,True
2049,NSE_EQ|INE409B01013,SWELECTES,EQ,NSE,SWELECT ENERGY SYS LTD,Others,INE409B01013,True
2040,NSE_EQ|INE00H001014,SWIGGY,EQ,NSE,SWIGGY LIMITED,Others,INE00H001014,True
660,NSE_EQ|INE00M201021,SWSOLAR,EQ,NSE,STRLNG & WIL REN ENE LTD,Others,INE00M201021,True
8056,NSE_EQ|INE01IH01015,SYLVANPLY,SM,NSE,SYLVAN PLYBOARD (INDIA) L,Others,INE01IH01015,True
1343,NSE_EQ|INE225D01027,SYMPHONY,EQ,NSE,SYMPHONY LIMITED,Others,INE225D01027,True
1545,NSE_EQ|INE312C01025,SYNCOMF,EQ,NSE,SYNCOM FORMU (I) LTD,Others,INE312C01025,True
436,NSE_EQ|INE398R01022,SYNGENE,EQ,NSE,SYNGENE INTERNATIONAL LTD,Diversified,INE398R01022,True
3171,NSE_EQ|INE0BTR01012,SYNOPTICS,SM,NSE,SYNOPTICS TECHNOLOGIES L,Others,INE0BTR01012,True
2478,NSE_EQ|INE0DYJ01015,SYRMA,EQ,NSE,SYRMA SGS TECHNOLOGY LTD,Others,INE0DYJ01015,True
8015,NSE_EQ|INE0O7R01011,SYSTANGO,SM,NSE,SYSTANGO TECHNOLOGIES LTD,Others,INE0O7R01011,True
1554,NSE_EQ|INE356B01024,SYSTMTXC,EQ,NSE,SYSTEMATIX CORP SERVICE L,Others,INE356B01024,True
1989,NSE_EQ|INE524T01011,TAALTECH,EQ,NSE,TAAL TECH LTD.,Others,INE524T01011,True
8690,NSE_EQ|INE0SOY01013,TAC,SM,NSE,TAC INFOSEC LIMITED,Others,INE0SOY01013,True
3321,NSE_EQ|INE976I07DE9,TACA29,N0,NSE,TACA TBILL LKD 2029 SR B,Others,INE976I07DE9,True
2402,NSE_EQ|INE123C01018,TAINWALCHM,EQ,NSE,TAINWALA CHEMICAL AND PLA,Others,INE123C01018,True
2002,NSE_EQ|INE586B01026,TAJGVK,EQ,NSE,TAJ GVK HOTELS & RESORTS,Others,INE586B01026,True
5862,NSE_EQ|INE142I01023,TAKE,BE,NSE,TAKE SOLUTIONS LTD,Others,INE142I01023,True
961,NSE_EQ|INE187D01029,TALBROAUTO,EQ,NSE,TALBROS AUTO. COMP. LTD,Others,INE187D01029,True
2417,NSE_EQ|INE864J01012,TAMBOLIIN,EQ,NSE,TAMBOLI INDUSTRIES LTD.,Others,INE864J01012,True
2749,NSE_EQ|INE0Z7N01017,TANKUP,ST,NSE,TANKUP ENGINEERS LIMITED,Others,INE0Z7N01017,True
757,NSE_EQ|INE483C01032,TANLA,EQ,NSE,TANLA PLATFORMS LIMITED,Others,INE483C01032,True
2886,NSE_EQ|INE0M7001010,TAPIFRUIT,SM,NSE,TAPI FRUIT PROCESSING LTD,Others,INE0M7001010,True
1134,NSE_EQ|INE555Z01020,TARACHAND,EQ,NSE,TARA CHAND INFRA SOLN LTD,Others,INE555Z01020,True
952,NSE_EQ|INE747K01017,TARAPUR,EQ,NSE,TARAPUR TRANSFORMERS LTD,Others,INE747K01017,True
1991,NSE_EQ|INE0EK901012,TARC,EQ,NSE,TARC LIMITED,Others,INE0EK901012,True
521,NSE_EQ|INE763I01026,TARIL,EQ,NSE,TRANS & RECTI. LTD,Others,INE763I01026,True
1158,NSE_EQ|INE924H01018,TARMAT,EQ,NSE,TARMAT LIMITED,Others,INE924H01018,True
2347,NSE_EQ|INE144Z01023,TARSONS,EQ,NSE,TARSONS PRODUCTS LIMITED,Others,INE144Z01023,True
1930,NSE_EQ|INE488B01017,TASTYBITE,EQ,NSE,TASTY BITE EATABLES LTD,Others,INE488B01017,True
789,NSE_EQ|INE976I01016,TATACAP,EQ,NSE,TATA CAPITAL LIMITED,Others,INE976I01016,True
440,NSE_EQ|INE092A01019,TATACHEM,EQ,NSE,TATA CHEMICALS LTD,Chemicals,INE092A01019,True
441,NSE_EQ|INE151A01013,TATACOMM,EQ,NSE,TATA COMMUNICATIONS LTD,Telecommunication,INE151A01013,True
442,NSE_EQ|INE192A01025,TATACONSUM,EQ,NSE,TATA CONSUMER PRODUCT LTD,Tea/Coffee,INE192A01025,True
443,NSE_EQ|INE670A01012,TATAELXSI,EQ,NSE,TATA ELXSI LIMITED,IT - Software,INE670A01012,True
2316,NSE_EQ|INF277KA1976,TATAGOLD,EQ,NSE,TATAAML-TATAGOLD,Others,INF277KA1976,True
444,NSE_EQ|INE672A01026,TATAINVEST,EQ,NSE,TATA INVESTMENT CORP LTD,Finance,INE672A01026,True
446,NSE_EQ|INE245A01021,TATAPOWER,EQ,NSE,TATA POWER CO LTD,Power,INE245A01021,True
447,NSE_EQ|INE081A01020,TATASTEEL,EQ,NSE,TATA STEEL LIMITED,Steel & Iron Products,INE081A01020,True
917,NSE_EQ|INE142M01025,TATATECH,EQ,NSE,TATA TECHNOLOGIES LIMITED,Others,INE142M01025,True
2306,NSE_EQ|INF277KA1984,TATSILV,EQ,NSE,TATAAML-TATSILV,Others,INF277KA1984,True
560,NSE_EQ|INE0GK401011,TATVA,EQ,NSE,TATVA CHIN PHARM CHEM LTD,Others,INE0GK401011,True
4984,NSE_EQ|INE0XWS01018,TAURIAN,SM,NSE,TAURIAN MPS LIMITED,Others,INE0XWS01018,True
6629,NSE_EQ|INE0N2D01013,TBI,SM,NSE,TBI CORN LIMITED,Others,INE0N2D01013,True
1643,NSE_EQ|INE673O01025,TBOTEK,EQ,NSE,TBO TEK LIMITED,Others,INE673O01025,True
883,NSE_EQ|INE760L01018,TBZ,EQ,NSE,TRIB BHIMJI ZAVERI LTD,Others,INE760L01018,True
2426,NSE_EQ|INE887D01016,TCC,EQ,NSE,TCC CONCEPT LIMITED,Others,INE887D01016,True
8458,NSE_EQ|INE033L08270,TCHF30,NB,NSE,UN SE RE NCD 8.55% SR.VI,Others,INE033L08270,True
1957,NSE_EQ|INE688A01022,TCI,EQ,NSE,TRANSPORT CORPN OF INDIA,Others,INE688A01022,True
2481,NSE_EQ|INE586V01016,TCIEXP,EQ,NSE,TCI EXPRESS LIMITED,Others,INE586V01016,True
2885,NSE_EQ|INE911B01018,TCIFINANCE,BE,NSE,TCIFINANCELTD-ROLL SETT,Others,INE911B01018,True
6371,NSE_EQ|INE0QJL01014,TCL,SM,NSE,THAAI CASTING LIMITED,Others,INE0QJL01014,True
693,NSE_EQ|INE822C01015,TCPLPACK,EQ,NSE,TCPL PACKAGING LIMITED,Others,INE822C01015,True
501,NSE_EQ|INE467B01029,TCS,EQ,NSE,TATA CONSULTANCY SERV LT,IT - Software,INE467B01029,True
1100,NSE_EQ|INE419M01027,TDPOWERSYS,EQ,NSE,TD POWER SYSTEMS LTD.,Others,INE419M01027,True
822,NSE_EQ|INE289C01025,TEAMGTY,EQ,NSE,TEAM INDIA GUARANTY LTD,Others,INE289C01025,True
965,NSE_EQ|INE985S01024,TEAMLEASE,EQ,NSE,TEAMLEASE SERVICES LTD.,Others,INE985S01024,True
8783,NSE_EQ|INE2OL601013,TEAMTECH,SM,NSE,TEAMTECH FORMWORK SOL LTD,Others,INE2OL601013,True
1104,NSE_EQ|INF209KB11D8,TECH,EQ,NSE,BIRLASLAMC - TECH,Others,INF209KB11D8,True
4536,NSE_EQ|INE0Y5H01014,TECHD,ST,NSE,TECHD CYBERSECURITY LTD,Others,INE0Y5H01014,True
3685,NSE_EQ|INE0JQS01019,TECHERA,SM,NSE,TECHERA ENGINEER (IND) L,Others,INE0JQS01019,True
9324,NSE_EQ|INE0QD201012,TECHLABS,ST,NSE,TRIDENT TECHLABS LIMITED,Others,INE0QD201012,True
450,NSE_EQ|INE669C01036,TECHM,EQ,NSE,TECH MAHINDRA LIMITED,IT - Software,INE669C01036,True
451,NSE_EQ|INE285K01026,TECHNOE,EQ,NSE,TECHNO ELEC & ENG CO. LTD,Engineering,INE285K01026,True
1589,NSE_EQ|INE314H01012,TECHNVISN,EQ,NSE,TECHNVISION VENTURES LTD.,Others,INE314H01012,True
2513,NSE_EQ|INE014B01011,TECILCHEM,EQ,NSE,TECIL CHEMICALS,Others,INE014B01011,True
690,NSE_EQ|INE011K01018,TEGA,EQ,NSE,TEGA INDUSTRIES LIMITED,Others,INE011K01018,True
6964,NSE_EQ|INE17WC01013,TEJASCARGO,SM,NSE,TEJAS CARGO INDIA LIMITED,Others,INE17WC01013,True
1084,NSE_EQ|INE010J01012,TEJASNET,EQ,NSE,TEJAS NETWORKS LIMITED,Others,INE010J01012,True
2362,NSE_EQ|INE869Y01010,TEMBO,EQ,NSE,TEMBO GLOBAL IND LTD,Others,INE869Y01010,True
1644,NSE_EQ|INE19RI01016,TENNIND,EQ,NSE,TENNECO CLEAN AIR INDIA L,Others,INE19RI01016,True
1165,NSE_EQ|INE482B01010,TERASOFT,EQ,NSE,TERA SOFTWARE LIMITED,Others,INE482B01010,True
1787,NSE_EQ|INE435C01024,TEXINFRA,EQ,NSE,TEXMACO INFRA & HOLDG LTD,Others,INE435C01024,True
577,NSE_EQ|INE141K01013,TEXMOPIPES,EQ,NSE,TEXMO PIPE & PRODUCTS LTD,Others,INE141K01013,True
1390,NSE_EQ|INE621L01012,TEXRAIL,EQ,NSE,TEXMACO RAIL & ENG. LTD.,Others,INE621L01012,True
1534,NSE_EQ|INE305A01023,TFCILTD,EQ,NSE,TOURISM FINANCE CORP. OF,Others,INE305A01023,True
2329,NSE_EQ|INE804H01012,TFL,EQ,NSE,TRANSWARRANTY FIN. LTD.,Others,INE804H01012,True
2296,NSE_EQ|INE797H01018,TGBHOTELS,EQ,NSE,TGB BANQUETS&HOTELS LTD,Others,INE797H01018,True
3719,NSE_EQ|INE0K6601012,TGL,SM,NSE,TEERTH GOPICON LIMITED,Others,INE0K6601012,True
4683,NSE_EQ|INE077P01034,THACKER,BE,NSE,THACKER & CO. LTD.,Others,INE077P01034,True
1229,NSE_EQ|INE403F01017,THAKDEV,EQ,NSE,THAKKERS DEVELOPERS LTD.,Others,INE403F01017,True
798,NSE_EQ|INE085J01014,THANGAMAYL,EQ,NSE,THANGAMAYIL JEWELLERY LTD,Others,INE085J01014,True
1818,NSE_EQ|INE924D01017,THEINVEST,EQ,NSE,THE INVEST TRUST OF IND L,Others,INE924D01017,True
744,NSE_EQ|INE121N01019,THEJO,EQ,NSE,THEJO ENGINEERING LIMITED,Others,INE121N01019,True
302,NSE_EQ|INE0AQ201015,THELEELA,EQ,NSE,LEELA PALACES HOTEL LTD,Hotels & Restaurants,INE0AQ201015,True
1263,NSE_EQ|INE083B01024,THEMISMED,EQ,NSE,THEMIS MEDICARE LTD.,Others,INE083B01024,True
455,NSE_EQ|INE152A01029,THERMAX,EQ,NSE,THERMAX LTD,Engineering,INE152A01029,True
6984,NSE_EQ|INE0SHE01019,THESL,SM,NSE,THINKING HATS ENTER SOL L,Others,INE0SHE01019,True
1359,NSE_EQ|INE332A01027,THOMASCOOK,EQ,NSE,THOMAS COOK (INDIA) LTD,Others,INE332A01027,True
1889,NSE_EQ|INE480M01011,THOMASCOTT,EQ,NSE,THOMAS SCOTT (INDIA) LTD,Others,INE480M01011,True
943,NSE_EQ|INE594H01019,THYROCARE,EQ,NSE,THYROCARE TECH LTD,Others,INE594H01019,True
1641,NSE_EQ|INE133E01013,TI,EQ,NSE,TILAKNAGAR INDUSTRIES LTD,Others,INE133E01013,True
1811,NSE_EQ|INE388G01026,TICL,EQ,NSE,TWAMEV CONS AND INFRA LTD,Others,INE388G01026,True
5019,NSE_EQ|INE906O01029,TIGERLOGS,BE,NSE,TIGER LOGISTICS (INDIA) L,Others,INE906O01029,True
580,NSE_EQ|INE545H01011,TIIL,EQ,NSE,TECHNOCRAFT IND LTD,Others,INE545H01011,True
466,NSE_EQ|INE974X01010,TIINDIA,EQ,NSE,TUBE INVEST OF INDIA LTD,Auto Ancillary,INE974X01010,True
727,NSE_EQ|INE440L01017,TIJARIA,EQ,NSE,TIJARIA POLYPIPES LTD,Others,INE440L01017,True
2394,NSE_EQ|INE806C01018,TIL,EQ,NSE,TIL LTD,Others,INE806C01018,True
3624,NSE_EQ|INE0IJY01014,TIMESCAN,SM,NSE,TIMESCAN LOGISTICS IND L,Others,INE0IJY01014,True
1335,NSE_EQ|INE508G01029,TIMETECHNO,EQ,NSE,TIME TECHNOPLAST LTD.,Others,INE508G01029,True
1018,NSE_EQ|INE064A01026,TIMEX,EQ,NSE,TIMEX GROUP INDIA LTD.,Others,INE064A01026,True
456,NSE_EQ|INE325A01013,TIMKEN,EQ,NSE,TIMKEN INDIA LTD.,Bearings,INE325A01013,True
1636,NSE_EQ|INE015C01016,TINNARUBR,EQ,NSE,TINNA RUBBER AND INFR LTD,Others,INE015C01016,True
1594,NSE_EQ|INE0LQS01015,TIPSFILMS,EQ,NSE,TIPS FILMS LIMITED,Others,INE0LQS01015,True
2470,NSE_EQ|INE716B01029,TIPSMUSIC,EQ,NSE,TIPS MUSIC LIMITED,Others,INE716B01029,True
2439,NSE_EQ|INE338A01024,TIRUMALCHM,EQ,NSE,THIRUMALAI CHEMICALS LTD,Others,INE338A01024,True
7851,NSE_EQ|INE238Y01018,TIRUPATI,SM,NSE,SHREE TIRUPATI BALAJEE,Others,INE238Y01018,True
9088,NSE_EQ|INE319Y01024,TIRUPATIFL,BE,NSE,TIRUPATI FORGE LIMITED,Others,INE319Y01024,True
8406,NSE_EQ|INE1JNC07015,TIT45,N0,NSE,TIT RESET 2045,Others,INE1JNC07015,True
1397,NSE_EQ|INE615H01020,TITAGARH,EQ,NSE,TITAGARH RAIL SYSTEMS LTD,Others,INE615H01020,True
458,NSE_EQ|INE280A01028,TITAN,EQ,NSE,TITAN COMPANY LIMITED,Jewellery,INE280A01028,True
815,NSE_EQ|INE668A01016,TMB,EQ,NSE,TAMILNAD MERCA BANK LTD,Others,INE668A01016,True
570,NSE_EQ|INE1TAE01010,TMCV,EQ,NSE,TATA MOTORS LIMITED,Others,INE1TAE01010,True
1816,NSE_EQ|INE155A01022,TMPV,EQ,NSE,TATA MOTORS PASS VEH LTD,Others,INE155A01022,True
1785,NSE_EQ|INF277KA1364,TNIDETF,EQ,NSE,TATAAML - TNIDETF,Others,INF277KA1364,True
2129,NSE_EQ|INE148A01019,TNPETRO,EQ,NSE,TAMILNADU PETROPRODUCTS L,Others,INE148A01019,True
1005,NSE_EQ|INE107A01015,TNPL,EQ,NSE,TAMILNADU NEWSPRT & PAPER,Others,INE107A01015,True
1596,NSE_EQ|INE141D01018,TNTELE,EQ,NSE,TAMILNADU TELECOMMUNICATI,Others,INE141D01018,True
7359,NSE_EQ|INE932C01012,TOKYOPLAST,BE,NSE,TOKYO PLAST  INTL LTD.,Others,INE932C01012,True
1143,NSE_EQ|INE0RWQ01014,TOLINS,EQ,NSE,TOLINS TYRES LIMITED,Others,INE0RWQ01014,True
910,NSE_EQ|INF0R8F01067,TOP100CASE,EQ,NSE,ZERODHAAMC - TOP100CASE,Others,INF0R8F01067,True
1869,NSE_EQ|INF740KA1UR9,TOP10ADD,EQ,NSE,DSPAMC - TOP10ADD,Others,INF740KA1UR9,True
529,NSE_EQ|INF109K1A344,TOP15IETF,EQ,NSE,ICICIPRAMC - TOP15IETF,Others,INF109K1A344,True
1192,NSE_EQ|INF769K01PZ5,TOP20,EQ,NSE,MIRAEAMC - TOP20,Others,INF769K01PZ5,True
459,NSE_EQ|INE685A01028,TORNTPHARM,EQ,NSE,TORRENT PHARMACEUTICALS L,Pharmaceuticals,INE685A01028,True
460,NSE_EQ|INE813H01021,TORNTPOWER,EQ,NSE,TORRENT POWER LTD,Power,INE813H01021,True
1580,NSE_EQ|INE336X01012,TOTAL,EQ,NSE,TOTAL TRANSPORT SYS LTD,Others,INE336X01012,True
1391,NSE_EQ|INE486Y01013,TOUCHWOOD,EQ,NSE,TOUCHWOOD ENTERTAIN LTD.,Others,INE486Y01013,True
1622,NSE_EQ|INE065J01024,TPHQ,EQ,NSE,TEAMO PRODUCTIONS HQ LTD,Others,INE065J01024,True
6686,NSE_EQ|INE725H08147,TPL26,N3,NSE,TPL REPO RATE LINK2026SRL,Others,INE725H08147,True
2077,NSE_EQ|INE413G01022,TPLPLASTEH,EQ,NSE,TPL PLASTECH LIMITED,Others,INE413G01022,True
1057,NSE_EQ|INE0HMF01019,TRACXN,EQ,NSE,TRACXN TECHNOLOGIES LTD,Others,INE0HMF01019,True
563,NSE_EQ|INE687A01016,TRANSPEK,EQ,NSE,TRANSPEK INDUSTRY LTD,Others,INE687A01016,True
1421,NSE_EQ|INE454P01035,TRANSRAILL,EQ,NSE,TRANSRAIL LIGHTING LTD,Others,INE454P01035,True
8810,NSE_EQ|INE0NVI01020,TRANSTEEL,SM,NSE,TRANSTEEL SEATING TECH L,Others,INE0NVI01020,True
6745,NSE_EQ|INE792X01016,TRANSWIND,SM,NSE,TRANSWIND INFRA LIMITED,Others,INE792X01016,True
1868,NSE_EQ|INE757B01015,TRANSWORLD,EQ,NSE,TRANSWORLD SHIP LINES LTD,Others,INE757B01015,True
1519,NSE_EQ|INE103V01028,TRAVELFOOD,EQ,NSE,TRAVEL FOOD SERVICES LTD,Others,INE103V01028,True
2175,NSE_EQ|INE040M01013,TREEHOUSE,EQ,NSE,TREE HOUSE EDU LTD,Others,INE040M01013,True
2063,NSE_EQ|INE00CA01015,TREJHARA,EQ,NSE,TREJHARA SOLUTIONS LTD,Others,INE00CA01015,True
1156,NSE_EQ|INE0O3901029,TREL,EQ,NSE,TRANSINDIA REAL ESTATE L,Others,INE0O3901029,True
462,NSE_EQ|INE849A01020,TRENT,EQ,NSE,TRENT LTD,Retailing,INE849A01020,True
1521,NSE_EQ|INE391D01019,TRF,EQ,NSE,TRF LIMITED,Others,INE391D01019,True
463,NSE_EQ|INE064C01022,TRIDENT,EQ,NSE,TRIDENT LIMITED,Textile,INE064C01022,True
3097,NSE_EQ|INE0LWY01029,TRIDHYA,SM,NSE,TRIDHYA TECH LIMITED,Others,INE0LWY01029,True
2389,NSE_EQ|INE948A01012,TRIGYN,EQ,NSE,TRIGYN TECHNOLOGIES LTD,Others,INE948A01012,True
465,NSE_EQ|INE152M01016,TRITURBINE,EQ,NSE,TRIVENI TURBINE LIMITED,Engineering,INE152M01016,True
1553,NSE_EQ|INE256C01024,TRIVENI,EQ,NSE,TRIVENI ENGG. & INDS. LTD,Others,INE256C01024,True
9406,NSE_EQ|INE0SYV01018,TROM,ST,NSE,TROM INDUSTRIES LIMITED,Others,INE0SYV01018,True
1616,NSE_EQ|INE615R01029,TRU,EQ,NSE,TRUCAP FINANCE LIMITED,Others,INE615R01029,True
2130,NSE_EQ|INE0MWH01014,TRUALT,EQ,NSE,TRUALT BIOENERGY LIMITED,Others,INE0MWH01014,True
8831,NSE_EQ|INE0SWN01019,TRUST,SM,NSE,TRUST FINTECH LIMITED,Others,INE0SWN01019,True
5008,NSE_EQ|INE16VK01010,TSC,SM,NSE,TSC INDIA LIMITED,Others,INE16VK01010,True
2464,NSE_EQ|INE202Z01029,TSFINV,EQ,NSE,TSF INVESTMENTS LIMITED,Others,INE202Z01029,True
2401,NSE_EQ|INE910C01018,TTKHLTCARE,EQ,NSE,TTK HEALTHCARE LIMITED,Others,INE910C01018,True
1492,NSE_EQ|INE690A01028,TTKPRESTIG,EQ,NSE,TTK PRESTIGE LTD,Others,INE690A01028,True
1919,NSE_EQ|INE592B01024,TTL,EQ,NSE,T T LIMITED,Others,INE592B01024,True
705,NSE_EQ|INE517B01013,TTML,EQ,NSE,TATA TELESERV(MAHARASTRA),Others,INE517B01013,True
2898,NSE_EQ|INE0OXV01027,TUNWAL,SM,NSE,TUNWAL E-MOTORS LIMITED,Others,INE0OXV01027,True
2151,NSE_EQ|INE236G01019,TVSELECT,EQ,NSE,TVS ELECTRONICS LTD,Others,INE236G01019,True
1042,NSE_EQ|INE105A01035,TVSHLTD,EQ,NSE,TVS HOLDINGS LIMITED,Others,INE105A01035,True
4428,NSE_EQ|INE1JNC23012,TVSINVIT,IV,NSE,TVS INFRASTRUCTURE TRUST,Others,INE1JNC23012,True
3870,NSE_EQ|INE494B04019,TVSMNCRPS,P1,NSE,TVS MOTOR COMPANY LIMITED,Others,INE494B04019,True
439,NSE_EQ|INE494B01023,TVSMOTOR,EQ,NSE,TVS MOTOR COMPANY  LTD,Automobile,INE494B01023,True
1608,NSE_EQ|INE395N01027,TVSSCS,EQ,NSE,TVS SUPPLY CHAIN SOL L,Others,INE395N01027,True
936,NSE_EQ|INE421C01016,TVSSRICHAK,EQ,NSE,TVS SRICHAKRA LIMITED,Others,INE421C01016,True
1695,NSE_EQ|INE038F01029,TVTODAY,EQ,NSE,TV TODAY NETWORK LTD,Others,INE038F01029,True
2097,NSE_EQ|INE871L01013,TVVISION,EQ,NSE,TV VISION LIMITED,Others,INE871L01013,True
1808,NSE_EQ|INF2F0001370,TWCGOLDETF,EQ,NSE,WEALTH - TWCGOLDETF,Others,INF2F0001370,True
473,NSE_EQ|INE686F01025,UBL,EQ,NSE,UNITED BREWERIES LTD,Breweries,INE686F01025,True
1254,NSE_EQ|INE139B01016,UCAL,EQ,NSE,UCAL LIMITED,Others,INE139B01016,True
6513,NSE_EQ|INE00NI01015,UCL,ST,NSE,USHANTI COLOUR CHEM LTD,Others,INE00NI01015,True
467,NSE_EQ|INE691A01018,UCOBANK,EQ,NSE,UCO BANK,Bank,INE691A01018,True
2028,NSE_EQ|INE851I01011,UDS,EQ,NSE,UPDATER SERVICES LIMITED,Others,INE851I01011,True
747,NSE_EQ|INE899L01030,UEL,EQ,NSE,UJAAS ENERGY LIMITED,Others,INE899L01030,True
1817,NSE_EQ|INE382M01027,UFBL,EQ,NSE,UNITED FOODBRANDS LIMITED,Others,INE382M01027,True
1485,NSE_EQ|INE516A01017,UFLEX,EQ,NSE,UFLEX LIMITED,Others,INE516A01017,True
1802,NSE_EQ|INE527H01019,UFO,EQ,NSE,UFO MOVIEZ INDIA LTD.,Others,INE527H01019,True
1837,NSE_EQ|INE071E01023,UGARSUGAR,EQ,NSE,THE UGAR SUGAR WORKS LTD,Others,INE071E01023,True
1268,NSE_EQ|INE583D01011,UGROCAP,EQ,NSE,UGRO CAPITAL LIMITED,Others,INE583D01011,True
3499,NSE_EQ|INE0SMR01011,UHTL,ST,NSE,UNITED HEAT TRANSFER LTD,Others,INE0SMR01011,True
1543,NSE_EQ|INE551W01018,UJJIVANSFB,EQ,NSE,UJJIVAN SMALL FINANC BANK,Others,INE551W01018,True
471,NSE_EQ|INE481G01011,ULTRACEMCO,EQ,NSE,ULTRATECH CEMENT LIMITED,Construction Materials,INE481G01011,True
1516,NSE_EQ|INE405A01021,ULTRAMAR,EQ,NSE,ULTRAMARINE & PIGMENTS L,Others,INE405A01021,True
3286,NSE_EQ|INE067901012,UMA,SM,NSE,UMA CONVERTER LIMITED,Others,INE067901012,True
3841,NSE_EQ|INE0GIU01018,UMAEXPORTS,BE,NSE,UMA EXPORTS LIMITED,Others,INE0GIU01018,True
8033,NSE_EQ|INE240C01028,UMESLTD,BE,NSE,USHA MARTIN EDU & SOL LTD,Others,INE240C01028,True
2208,NSE_EQ|INE398B01018,UMIYA-MRO,EQ,NSE,UMIYA BUILDCON LIMITED,Others,INE398B01018,True
1572,NSE_EQ|INE351A01035,UNICHEMLAB,EQ,NSE,UNICHEM LABORATORIES LTD,Others,INE351A01035,True
3488,NSE_EQ|INE961D01019,UNIDT,BE,NSE,UNITED DRILLING TOOLS LTD,Others,INE961D01019,True
1023,NSE_EQ|INE00U401027,UNIECOM,EQ,NSE,UNICOMMERCE ESOLUTIONS L,Others,INE00U401027,True
2053,NSE_EQ|INE037A01022,UNIENTER,EQ,NSE,UNIPHOS ENTERPRISES LTD,Others,INE037A01022,True
6639,NSE_EQ|INE0PRF01011,UNIHEALTH,ST,NSE,UNIHEALTH HOSPITALS LTD,Others,INE0PRF01011,True
8144,NSE_EQ|INE481Z01011,UNIINFO,BE,NSE,UNIINFO TELECOM SERVI LTD,Others,INE481Z01011,True
6871,NSE_EQ|INE0B2801011,UNILEX,SM,NSE,UNILEX COLOURS AND CHEM L,Others,INE0B2801011,True
1269,NSE_EQ|INE0U3I01011,UNIMECH,EQ,NSE,UNIMECH AEROSPACE N MFG L,Others,INE0U3I01011,True
472,NSE_EQ|INE692A01016,UNIONBANK,EQ,NSE,UNION BANK OF INDIA,Bank,INE692A01016,True
745,NSE_EQ|INF582M01KS4,UNIONGOLD,EQ,NSE,UNIONAMC - UNIONGOLD,Others,INF582M01KS4,True
2403,NSE_EQ|INE244O01017,UNIPARTS,EQ,NSE,UNIPARTS INDIA LIMITED,Others,INE244O01017,True
1102,NSE_EQ|INE854D01024,UNITDSPR,EQ,NSE,UNITED SPIRITS LIMITED,Others,INE854D01024,True
1938,NSE_EQ|INE694A01020,UNITECH,EQ,NSE,UNITECH LTD,Others,INE694A01020,True
9177,NSE_EQ|INE368U01029,UNITEDPOLY,BE,NSE,UNITED POLYFAB GUJ. LTD.,Others,INE368U01029,True
1670,NSE_EQ|INE458F01011,UNITEDTEA,EQ,NSE,UNITED NILGIRI TEA LTD,Others,INE458F01011,True
4420,NSE_EQ|INE275F01019,UNIVAFOODS,BE,NSE,UNIVA FOODS LIMITED,Others,INE275F01019,True
1125,NSE_EQ|INE562X01013,UNIVASTU,EQ,NSE,UNIVASTU INDIA LIMITED,Others,INE562X01013,True
1097,NSE_EQ|INE279A01012,UNIVCABLES,EQ,NSE,UNIVERSAL CABLES LTD,Others,INE279A01012,True
7198,NSE_EQ|INE03V001013,UNIVPHOTO,BE,NSE,UNIVERSUS IMAGINGS LTD,Others,INE03V001013,True
776,NSE_EQ|INE405E01023,UNOMINDA,EQ,NSE,UNO MINDA LIMITED,Others,INE405E01023,True
469,NSE_EQ|INE628A01036,UPL,EQ,NSE,UPL LIMITED,Agrochemicals,INE628A01036,True
873,NSE_EQ|INE568Z01015,URAVIDEF,EQ,NSE,URAVI DEFENCE &TECH LTD,Others,INE568Z01015,True
4070,NSE_EQ|INE0O0201019,URBAN,SM,NSE,URBAN ENVIRO WASTE MGMT L,Others,INE0O0201019,True
1714,NSE_EQ|INE0CAZ01013,URBANCO,EQ,NSE,URBAN COMPANY LIMITED,Others,INE0CAZ01013,True
1775,NSE_EQ|INE550C01020,URJA,EQ,NSE,URJA GLOBAL LIMITED,Others,INE550C01020,True
5579,NSE_EQ|INE0CBM01019,USASEEDS,SM,NSE,UPSURGE SEEDS OF AGRI LTD,Others,INE0CBM01019,True
5592,NSE_EQ|INE0LS001014,USHAFIN,SM,NSE,USHA FINANCIAL SERVICES L,Others,INE0LS001014,True
475,NSE_EQ|INE228A01035,USHAMART,EQ,NSE,USHA MARTIN LTD.,Steel & Iron Products,INE228A01035,True
603,NSE_EQ|INE0N0Y01013,USK,EQ,NSE,UDAYSHIVAKUMAR INFRA LTD,Others,INE0N0Y01013,True
470,NSE_EQ|INE094J01016,UTIAMC,EQ,NSE,UTI ASSET MNGMT CO LTD,Asset Management,INE094J01016,True
1354,NSE_EQ|INE735W01017,UTKARSHBNK,EQ,NSE,UTKARSH SMALL FIN BANK L,Others,INE735W01017,True
2875,NSE_EQ|INE12UR01024,UTLSOLAR,BE,NSE,FUJIYAMA POWER SYSTEMS L,Others,INE12UR01024,True
9362,NSE_EQ|INE06IJ01010,UTSSAV,ST,NSE,UTSSAV CZ GOLD JEWELS LTD,Others,INE06IJ01010,True
1740,NSE_EQ|INE786F01031,UTTAMSUGAR,EQ,NSE,UTTAM SUGAR MILLS LTD.,Others,INE786F01031,True
4993,NSE_EQ|INE00F301010,UWCSL,SM,NSE,ULTRA WIRING CONN SYS LTD,Others,INE00F301010,True
1076,NSE_EQ|INE152C01025,UYFINCORP,EQ,NSE,U. Y. FINCORP LIMITED,Others,INE152C01025,True
1723,NSE_EQ|INE945H01021,V2RETAIL,EQ,NSE,V2 RETAIL LIMITED,Others,INE945H01021,True
1217,NSE_EQ|INE694D01016,VADILALIND,EQ,NSE,VADILAL INDUSTRIES LTD,Others,INE694D01016,True
1691,NSE_EQ|INE884A01027,VAIBHAVGBL,EQ,NSE,VAIBHAV GLOBAL LIMITED,Others,INE884A01027,True
3346,NSE_EQ|INE972X01022,VAISHALI,BE,NSE,VAISHALI PHARMA LIMITED,Others,INE972X01022,True
1546,NSE_EQ|INE051B01021,VAKRANGEE,EQ,NSE,VAKRANGEE LIMITED,Others,INE051B01021,True
1752,NSE_EQ|INF109KC16X5,VAL30IETF,EQ,NSE,ICICIPRAMC - VAL30IETF,Others,INF109KC16X5,True
4800,NSE_EQ|INE0JWS01017,VALIANTLAB,BE,NSE,VALIANT LABORATORIES LTD,Others,INE0JWS01017,True
1662,NSE_EQ|INE565V01010,VALIANTORG,EQ,NSE,VALIANT ORGANICS LIMITED,Others,INE565V01010,True
1160,NSE_EQ|INF769K01QV2,VALUE,EQ,NSE,MIRAEAMC - VALUE,Others,INF769K01QV2,True
4278,NSE_EQ|INE1E7Y01018,VALUE360,SM,NSE,VALUE 360 COMMUNICATION L,Others,INE1E7Y01018,True
3931,NSE_EQ|INE1CDF01017,VAML,BE,NSE,VEDANTA ALUMINIUM METAL L,Others,INE1CDF01017,True
802,NSE_EQ|INE116G01013,VARDHACRLC,EQ,NSE,VARDHAMAN ACRYLICS LTD,Others,INE116G01013,True
1605,NSE_EQ|INE835A01029,VARDMNPOLY,EQ,NSE,VARDHMAN POLYTEX LTD.,Others,INE835A01029,True
1908,NSE_EQ|INE665L01035,VARROC,EQ,NSE,VARROC ENGINEERING LTD.,Others,INE665L01035,True
7157,NSE_EQ|INE068Z01016,VASA,SM,NSE,VASA RETAIL & OVERSEA LTD,Others,INE068Z01016,True
2891,NSE_EQ|INE893I01013,VASCONEQ,BE,NSE,VASCON ENGINEERS LTD,Others,INE893I01013,True
1778,NSE_EQ|INE590L01019,VASWANI,EQ,NSE,VASWANI IND LTD,Others,INE590L01019,True
479,NSE_EQ|INE200M01039,VBL,EQ,NSE,VARUN BEVERAGES LIMITED,Consumer Food,INE200M01039,True
640,NSE_EQ|INE098201036,VCL,EQ,NSE,VAXTEX COTFAB LIMITED,Others,INE098201036,True
6687,NSE_EQ|INE0U2M01015,VDEAL,SM,NSE,VDEAL SYSTEM LIMITED,Others,INE0U2M01015,True
481,NSE_EQ|INE205A01025,VEDL,EQ,NSE,VEDANTA LIMITED,Metal,INE205A01025,True
2918,NSE_EQ|INE694L01019,VEDPOWER,BE,NSE,VEDANTA POWER LIMITED,Others,INE694L01019,True
1984,NSE_EQ|INE484C01030,VEEDOL,EQ,NSE,VEEDOL CORPORATION LTD,Others,INE484C01030,True
9012,NSE_EQ|INE0KTW01013,VEEKAYEM,ST,NSE,VEEKAYEM FASH & APP LTD,Others,INE0KTW01013,True
575,NSE_EQ|INE232E01013,VELJAN,EQ,NSE,VELJAN DENISON LTD.,Others,INE232E01013,True
6711,NSE_EQ|INE0I3H01019,VELS,SM,NSE,VELS FILM INTERNATIONAL L,Others,INE0I3H01019,True
1703,NSE_EQ|INE398A01010,VENKEYS,EQ,NSE,VENKY S (INDIA) LIMITED,Others,INE398A01010,True
1613,NSE_EQ|INE781S01027,VENTIVE,EQ,NSE,VENTIVE HOSPITALITY LTD,Others,INE781S01027,True
1935,NSE_EQ|INE0JA001018,VENUSPIPES,EQ,NSE,VENUS PIPES & TUBES LTD,Others,INE0JA001018,True
7326,NSE_EQ|INE411B01019,VENUSREM,BE,NSE,VENUS REMEDIES LIMITED,Others,INE411B01019,True
3898,NSE_EQ|INE709Z01015,VERA,SM,NSE,VERA SYNTHETIC LIMITED,Others,INE709Z01015,True
1420,NSE_EQ|INE0IQ001011,VERANDA,EQ,NSE,VERANDA LEARNING SOL LTD,Others,INE0IQ001011,True
2741,NSE_EQ|INE0SRI01019,VERITAAS,SM,NSE,VERITAAS ADVERTISING LTD,Others,INE0SRI01019,True
8370,NSE_EQ|INE0NLB01018,VERTEXPLUS,SM,NSE,VERTEXPLUS TECHNOLOGIES L,Others,INE0NLB01018,True
8415,NSE_EQ|INE0KXY23015,VERTIS,IV,NSE,VERTIS INFRASTRUCTURE TST,Others,INE0KXY23015,True
2569,NSE_EQ|INE188Y01031,VERTOZ,BE,NSE,VERTOZ LIMITED,Others,INE188Y01031,True
814,NSE_EQ|INE386A01023,VESUVIUS,EQ,NSE,VESUVIUS INDIA LTD,Others,INE386A01023,True
1925,NSE_EQ|INE918N01018,VETO,EQ,NSE,VETO SWITCHGEAR CABLE LTD,Others,INE918N01018,True
8996,NSE_EQ|INE0VRH01015,VGINFOTECH,SM,NSE,VIRTUAL GALAXY INFOTECH L,Others,INE0VRH01015,True
2379,NSE_EQ|INE273D01027,VGL,EQ,NSE,VARVEE GLOBAL LIMITED,Others,INE273D01027,True
476,NSE_EQ|INE951I01027,VGUARD,EQ,NSE,V-GUARD IND LTD.,Electric Equipment,INE951I01027,True
1409,NSE_EQ|INE701A01023,VHL,EQ,NSE,VARDHMAN HOLDINGS LIMITED,Others,INE701A01023,True
3452,NSE_EQ|INE048C01025,VHLTD,BE,NSE,VICEROY HOTELS LIMITED,Others,INE048C01025,True
3840,NSE_EQ|INE0MO401019,VIAZ,SM,NSE,VIAZ TYRES LIMITED,Others,INE0MO401019,True
4251,NSE_EQ|INE0F8901022,VICTORYEV,ST,NSE,VICTORY ELEC VEHICL INT L,Others,INE0F8901022,True
939,NSE_EQ|INE632C01026,VIDHIING,EQ,NSE,VIDHI SPCLTY F INGRDNTS L,Others,INE632C01026,True
2181,NSE_EQ|INE14UN01029,VIDYAWIRES,EQ,NSE,VIDYA WIRES LIMITED,Others,INE14UN01029,True
2750,NSE_EQ|INE0TR001017,VIESL,SM,NSE,VISION INFRA EQUIP SOL L,Others,INE0TR001017,True
3704,NSE_EQ|INE1DM601016,VIGOR,ST,NSE,VIGOR PLAST INDIA LIMITED,Others,INE1DM601016,True
483,NSE_EQ|INE043W01024,VIJAYA,EQ,NSE,VIJAYA DIAGNOSTIC CEN LTD,Healthcare Services,INE043W01024,True
7675,NSE_EQ|INE0WL901019,VIJAYPD,ST,NSE,VIJAYPD CEUTICAL LIMITED,Others,INE0WL901019,True
7352,NSE_EQ|INE159N01027,VIJIFIN,BE,NSE,VIJI FINANCE LIMITED,Others,INE159N01027,True
1283,NSE_EQ|INE806A01020,VIKASECO,EQ,NSE,VIKAS ECOTECH LIMITED,Others,INE806A01020,True
2442,NSE_EQ|INE161L01027,VIKASLIFE,EQ,NSE,VIKAS LIFECARE LIMITED,Others,INE161L01027,True
621,NSE_EQ|INE078V01014,VIKRAMSOLR,EQ,NSE,VIKRAM SOLAR LIMITED,Others,INE078V01014,True
2472,NSE_EQ|INE01R501028,VIKRAN,EQ,NSE,VIKRAN ENGINEERING LTD,Others,INE01R501028,True
6834,NSE_EQ|INE0AZY01017,VILAS,SM,NSE,VILAS TRANSCORE LIMITED,Others,INE0AZY01017,True
2914,NSE_EQ|INE0L4V01013,VILINBIO,ST,NSE,VILIN BIO MED LIMITED,Others,INE0L4V01013,True
692,NSE_EQ|INE579C01029,VIMTALABS,EQ,NSE,VIMTA LABS LIMITED,Others,INE579C01029,True
833,NSE_EQ|INE410B01037,VINATIORGA,EQ,NSE,VINATI ORGANICS LTD,Others,INE410B01037,True
919,NSE_EQ|INE498Q01014,VINCOFE,EQ,NSE,VINTAGE COFFEE N BVRGS L,Others,INE498Q01014,True
2414,NSE_EQ|INE707A01012,VINDHYATEL,EQ,NSE,VINDHYA TELELINKS LTD,Others,INE707A01012,True
6793,NSE_EQ|INE505Y01010,VINEETLAB,BE,NSE,VINEET LABORATORIES LTD,Others,INE505Y01010,True
933,NSE_EQ|INE01KI01027,VINNY,EQ,NSE,VINNY OVERSEAS LIMITED,Others,INE01KI01027,True
6385,NSE_EQ|INE0OSJ01014,VINSYS,SM,NSE,VINSYS IT SERVICES IND LT,Others,INE0OSJ01014,True
6628,NSE_EQ|INE0OLS01010,VINYAS,SM,NSE,VINYAS INNOVATIVE TECH L,Others,INE0OLS01010,True
535,NSE_EQ|INE250B01029,VINYLINDIA,EQ,NSE,VINYL CHEMICALS (I) LTD.,Others,INE250B01029,True
4394,NSE_EQ|INE450G01024,VIPCLOTHNG,BE,NSE,VIP CLOTHING LIMITED,Others,INE450G01024,True
2227,NSE_EQ|INE054A01027,VIPIND,EQ,NSE,VIP INDUSTRIES LTD,Others,INE054A01027,True
805,NSE_EQ|INE946H01037,VIPULLTD,EQ,NSE,VIPUL LIMITED,Others,INE946H01037,True
2120,NSE_EQ|INE539B01017,VIRINCHI,EQ,NSE,VIRINCHI LIMITED,Others,INE539B01017,True
6961,NSE_EQ|INE286H01012,VISACHROME,BE,NSE,VISA CHROME LIMITED,Others,INE286H01012,True
1518,NSE_EQ|INE392A01021,VISAKAIND,EQ,NSE,VISAKA INDUSTRIES LIMITED,Others,INE392A01021,True
8702,NSE_EQ|INE0BHK01012,VISAMAN,ST,NSE,VISAMAN GLOBAL SALES LTD,Others,INE0BHK01012,True
893,NSE_EQ|INE270I01022,VISHNU,EQ,NSE,VISHNU CHEMICALS LIMITED,Others,INE270I01022,True
4846,NSE_EQ|INE0PQ001012,VISHNUINFR,SM,NSE,VISHNUSURYA PROJ N INFR L,Others,INE0PQ001012,True
651,NSE_EQ|INE430N01022,VISHWARAJ,EQ,NSE,VISHWARAJ SUGAR IND LTD,Others,INE430N01022,True
4283,NSE_EQ|INE0S2E01016,VISHWAS,SM,NSE,VISHWAS AGRI SEEDS LTD,Others,INE0S2E01016,True
4901,NSE_EQ|INE1CLE01013,VISL,BE,NSE,VEDANTA IRON AND STEEL L,Others,INE1CLE01013,True
8366,NSE_EQ|INE0L4K01016,VITAL,BE,NSE,VITAL CHEMTECH LIMITED,Others,INE0L4K01016,True
6992,NSE_EQ|INE0MEG01014,VIVIANA,BE,NSE,VIVIANA POWER TECH LTD,Others,INE0MEG01014,True
8249,NSE_EQ|INE24H301028,VIVIDEL,ST,NSE,VIVID ELECTROMECH LIMITED,Others,INE24H301028,True
1142,NSE_EQ|INE370E01029,VIVIDHA,EQ,NSE,VISAGAR POLYTEX LTD,Others,INE370E01029,True
8813,NSE_EQ|INE526G01021,VIVIMEDLAB,BE,NSE,VIVIMED LABS LIMITED,Others,INE526G01021,True
8062,NSE_EQ|INE0IA701014,VIVO,SM,NSE,VIVO COLLAB SOLUTIONS LTD,Others,INE0IA701014,True
619,NSE_EQ|INE807F01027,VIYASH,EQ,NSE,VIYASH SCIENTIFIC LIMITED,Others,INE807F01027,True
2548,NSE_EQ|INE03HW01020,VLEGOV,BE,NSE,VL E GOV AND IT SOL LTD,Others,INE03HW01020,True
7555,NSE_EQ|INE0QXL01015,VLINFRA,ST,NSE,V.L.INFRAPROJECTS LIMITED,Others,INE0QXL01015,True
2440,NSE_EQ|INE709A01018,VLSFINANCE,EQ,NSE,VLS FINANCE LTD,Others,INE709A01018,True
5458,NSE_EQ|INE0GXK01018,VMARCIND,SM,NSE,V MARC INDIA LIMITED,Others,INE0GXK01018,True
1177,NSE_EQ|INE665J01013,VMART,EQ,NSE,VMART RETAIL LTD,Others,INE665J01013,True
721,NSE_EQ|INE01EA01019,VMM,EQ,NSE,VISHAL MEGA MART LIMITED,Others,INE01EA01019,True
8460,NSE_EQ|INE0SJA01013,VMSTMT,BE,NSE,VMS TMT LIMITED,Others,INE0SJA01013,True
2927,NSE_EQ|INE704J01044,VOGL,BE,NSE,VEDANTA OIL AND GAS LTD,Others,INE704J01044,True
9027,NSE_EQ|INE241X01014,VOLERCAR,SM,NSE,VOLER CAR LIMITED,Others,INE241X01014,True
1141,NSE_EQ|INE540H01012,VOLTAMP,EQ,NSE,VOLTAMP TRANSFORMERS LTD,Others,INE540H01012,True
486,NSE_EQ|INE226A01021,VOLTAS,EQ,NSE,VOLTAS LTD,Air Conditioners,INE226A01021,True
4334,NSE_EQ|INE0AE001013,VPRPL,BE,NSE,VISHNU PRAKASH R PUNGLI L,Others,INE0AE001013,True
8129,NSE_EQ|INE0QQM01017,VR,SM,NSE,V R INFRASPACE LIMITED,Others,INE0QQM01017,True
945,NSE_EQ|INE0S2V01010,VRAJ,EQ,NSE,VRAJ IRON AND STEEL LTD,Others,INE0S2V01010,True
1416,NSE_EQ|INE366I01010,VRLLOG,EQ,NSE,VRL LOGISTICS LIMITED,Others,INE366I01010,True
3876,NSE_EQ|INE551Q01028,VSCL,ST,NSE,VADIVARHE SPCLTY CHEM LTD,Others,INE551Q01028,True
780,NSE_EQ|INE050M01012,VSSL,EQ,NSE,VARDHMAN SPC STEEL LTD,Others,INE050M01012,True
715,NSE_EQ|INE710A01016,VSTIND,EQ,NSE,VST INDUSTRIES LTD,Others,INE710A01016,True
1039,NSE_EQ|INE0QTF01015,VSTL,EQ,NSE,VIBHOR STEEL TUBES LTD,Others,INE0QTF01015,True
1628,NSE_EQ|INE764D01017,VSTTILLERS,EQ,NSE,VST TILLERS TRACTORS LTD,Others,INE764D01017,True
1186,NSE_EQ|INE825A01020,VTL,EQ,NSE,VARDHMAN TEXTILES LIMITED,Others,INE825A01020,True
1020,NSE_EQ|INE377N01017,WAAREEENER,EQ,NSE,WAAREE ENERGIES LIMITED,Others,INE377N01017,True
1295,NSE_EQ|INE866K01023,WAAREEINDO,EQ,NSE,INDOSOLAR LIMITED,Others,INE866K01023,True
2463,NSE_EQ|INE299N01021,WAAREERTL,EQ,NSE,WAAREE RENEWABLE TECH LTD,Others,INE299N01021,True
731,NSE_EQ|INE956G01038,WABAG,EQ,NSE,VA TECH WABAG LTD,Others,INE956G01038,True
1480,NSE_EQ|INE0E7301029,WAKEFIT,EQ,NSE,WAKEFIT INNOVATIONS LTD,Others,INE0E7301029,True
2454,NSE_EQ|INE711A01022,WALCHANNAG,EQ,NSE,WALCHANDNAGAR INDUSTRIES,Others,INE711A01022,True
5291,NSE_EQ|INE0G2G01015,WALPAR,SM,NSE,WALPAR NUTRITIONS LIMITED,Others,INE0G2G01015,True
978,NSE_EQ|INE107F01022,WANBURY,EQ,NSE,WANBURY LIMITED,Others,INE107F01022,True
1332,NSE_EQ|INE0CJF01024,WCIL,EQ,NSE,WESTERN CARRIERS (IND) L,Others,INE0CJF01024,True
2240,NSE_EQ|INE658T01017,WEALTH,EQ,NSE,WEALTH FRST PORT. MG. LTD,Others,INE658T01017,True
1621,NSE_EQ|INE855C01023,WEBELSOLAR,EQ,NSE,WEBSOL ENERGY SYSTEM LTD,Others,INE855C01023,True
1668,NSE_EQ|INE080A01014,WEIZMANIND,EQ,NSE,WEIZMANN LTD,Others,INE080A01014,True
2093,NSE_EQ|INE02WG01024,WEL,EQ,NSE,WONDER ELECTRICALS LTD,Others,INE02WG01024,True
488,NSE_EQ|INE191B01025,WELCORP,EQ,NSE,WELSPUN CORP LIMITED,Steel & Iron Products,INE191B01025,True
1382,NSE_EQ|INE625G01013,WELENT,EQ,NSE,WELSPUN ENTERPRISES LTD.,Others,INE625G01013,True
9419,NSE_EQ|INE389K01018,WELINV,BE,NSE,WELSPUN INV & COMM LTD,Others,INE389K01018,True
1128,NSE_EQ|INE731F01037,WELSPLSOL,EQ,NSE,WELSPUN SPECIALTY SOL L,Others,INE731F01037,True
489,NSE_EQ|INE192B01031,WELSPUNLIV,EQ,NSE,WELSPUN LIVING LIMITED,Textile,INE192B01031,True
810,NSE_EQ|INE274C01019,WENDT,EQ,NSE,WENDT (INDIA) LIMITED,Others,INE274C01019,True
1556,NSE_EQ|INE274F01020,WESTLIFE,EQ,NSE,WESTLIFE FOODWORLD LTD,Others,INE274F01020,True
5869,NSE_EQ|INE082W01014,WEWIN,BE,NSE,WE WIN LIMITED,Others,INE082W01014,True
1843,NSE_EQ|INE085001019,WEWORK,EQ,NSE,WEWORK INDIA MANAGEMENT L,Others,INE085001019,True
784,NSE_EQ|INE715A01015,WHEELS,EQ,NSE,WHEELS INDIA LTD,Others,INE715A01015,True
490,NSE_EQ|INE716A01013,WHIRLPOOL,EQ,NSE,WHIRLPOOL OF INDIA LTD,Consumer Durables,INE716A01013,True
7183,NSE_EQ|INE0TLP01015,WHITEFORCE,ST,NSE,HAPPY SQUARE OUTSOURC S L,Others,INE0TLP01015,True
1750,NSE_EQ|INE210A01017,WILLAMAGOR,EQ,NSE,WILLIAMSON MAGOR,Others,INE210A01017,True
2061,NSE_EQ|INE0H5O01029,WINDLAS,EQ,NSE,WINDLAS BIOTECH LIMITED,Others,INE0H5O01029,True
2266,NSE_EQ|INE052A01021,WINDMACHIN,EQ,NSE,WINDSOR MACHINES LIMITED,Others,INE052A01021,True
3256,NSE_EQ|INE0S9101013,WINNY,SM,NSE,WINNY IMMIGRA & EDU SER L,Others,INE0S9101013,True
9251,NSE_EQ|INE0S3D01016,WINSOL,SM,NSE,WINSOL ENGINEERS LIMITED,Others,INE0S3D01016,True
7518,NSE_EQ|INE784B01035,WINSOME,BZ,NSE,WINSOME YARNS LIMITED,Others,INE784B01035,True
1830,NSE_EQ|INE215F01023,WIPL,EQ,NSE,THE WESTERN INDIA PLY LTD,Others,INE215F01023,True
491,NSE_EQ|INE075A01022,WIPRO,EQ,NSE,WIPRO LTD,IT - Software,INE075A01022,True
492,NSE_EQ|INE049B01025,WOCKPHARMA,EQ,NSE,WOCKHARDT LIMITED,Pharmaceuticals,INE049B01025,True
4858,NSE_EQ|INE0OO201011,WOL3D,ST,NSE,WOL 3D INDIA LIMITED,Others,INE0OO201011,True
6172,NSE_EQ|INE0Q9601016,WOMANCART,SM,NSE,WOMANCART LIMITED,Others,INE0Q9601016,True
588,NSE_EQ|INE066O01014,WONDERLA,EQ,NSE,WONDERLA HOLIDAYS LTD.,Others,INE066O01014,True
1475,NSE_EQ|INE196Y01018,WORTHPERI,EQ,NSE,WORTH PERIPHERALS LIMITED,Others,INE196Y01018,True
980,NSE_EQ|INE765D01022,WPIL,EQ,NSE,W P I L LTD.,Others,INE765D01022,True
2064,NSE_EQ|INE100D01014,WSI,EQ,NSE,W.S.INDUSTRIES (I) LTD.,Others,INE100D01014,True
1719,NSE_EQ|INE976A01021,WSTCSTPAPR,EQ,NSE,WEST COAST PAPER MILLS LT,Others,INE976A01021,True
3375,NSE_EQ|INE623Y01011,WTICAB,SM,NSE,WISE TRAVEL INDIA LIMITED,Others,INE623Y01011,True
2405,NSE_EQ|INE692G01013,XCHANGING,EQ,NSE,XCHANGING SOLUTIONS LTD,Others,INE692G01013,True
2094,NSE_EQ|INE01P501012,XELPMOC,EQ,NSE,XELPMOC DESIGN & TECH LTD,Others,INE01P501012,True
2468,NSE_EQ|INE445C01015,XPROINDIA,EQ,NSE,XPRO INDIA LIMITED,Others,INE445C01015,True
574,NSE_EQ|INE547B01028,XTGLOBAL,EQ,NSE,XTGLOBAL INFOTECH LIMITED,Others,INE547B01028,True
9261,NSE_EQ|INE0U0J01015,YAAP,ST,NSE,YAAP DIGITAL LIMITED,Others,INE0U0J01015,True
2190,NSE_EQ|INE616Z01012,YASHO,EQ,NSE,YASHO INDUSTRIES LIMITED,Others,INE616Z01012,True
7679,NSE_EQ|INE0TO601017,YASHOPTICS,SM,NSE,YASH OPTICS & LENS LTD,Others,INE0TO601017,True
737,NSE_EQ|INE0JO301016,YATHARTH,EQ,NSE,YATHARTH HOSP & TRA C S L,Others,INE0JO301016,True
1235,NSE_EQ|INE0JR601024,YATRA,EQ,NSE,YATRA ONLINE LIMITED,Others,INE0JR601024,True
9443,NSE_EQ|INE08S201019,YCCL,SM,NSE,YASONS CHEMEX CARE LTD,Others,INE08S201019,True
493,NSE_EQ|INE528G01035,YESBANK,EQ,NSE,YES BANK LIMITED,Bank,INE528G01035,True
2862,NSE_EQ|INE09FA01019,YUDIZ,SM,NSE,YUDIZ SOLUTIONS LIMITED,Others,INE09FA01019,True
1961,NSE_EQ|INE384C01016,YUKEN,EQ,NSE,YUKEN INDIA LIMITED,Others,INE384C01016,True
1184,NSE_EQ|INE07K301024,ZAGGLE,EQ,NSE,ZAGGLE PREPA OCEAN SER L,Others,INE07K301024,True
2817,NSE_EQ|INE0PPS01018,ZEAL,SM,NSE,ZEAL GLOBAL SERVICES LTD,Others,INE0PPS01018,True
495,NSE_EQ|INE256A01028,ZEEL,EQ,NSE,ZEE ENTERTAINMENT ENT LTD,TV Broadcasting,INE256A01028,True
7695,NSE_EQ|INE565L01011,ZEELEARN,BE,NSE,ZEE LEARN LIMITED,Others,INE565L01011,True
1974,NSE_EQ|INE966H01019,ZEEMEDIA,EQ,NSE,ZEE MEDIA CORPORATION LTD,Others,INE966H01019,True
4481,NSE_EQ|INE0QWN01013,ZENITHDRUG,SM,NSE,ZENITH DRUGS LIMITED,Others,INE0QWN01013,True
1350,NSE_EQ|INE058B01018,ZENITHEXPO,EQ,NSE,ZENITH EXPORTS LTD,Others,INE058B01018,True
2232,NSE_EQ|INE318D01020,ZENITHSTL,EQ,NSE,ZENITH STEEL PIP IND LTD,Others,INE318D01020,True
497,NSE_EQ|INE520A01027,ZENSARTECH,EQ,NSE,ZENSAR TECHNOLOGIES  LTD,IT - Software,INE520A01027,True
496,NSE_EQ|INE251B01027,ZENTEC,EQ,NSE,ZEN TECHNOLOGIES LIMITED,IT - Software,INE251B01027,True
1612,NSE_EQ|INE342J01019,ZFCVINDIA,EQ,NSE,ZF COM VE CTR SYS IND LTD,Others,INE342J01019,True
1161,NSE_EQ|INE116C01012,ZFSTEERING,EQ,NSE,Z F STEERING GEAR (I) LTD,Others,INE116C01012,True
4871,NSE_EQ|INE518E01015,ZIMLAB,BE,NSE,ZIM LABORATORIES LIMITED,Others,INE518E01015,True
5255,NSE_EQ|INE761Y01019,ZODIAC,BE,NSE,ZODIAC ENERGY LIMITED,Others,INE761Y01019,True
2147,NSE_EQ|INE206B01013,ZODIACLOTH,EQ,NSE,ZODIAC CLOTHING CO. LTD.,Others,INE206B01013,True
1574,NSE_EQ|INE358U01012,ZOTA,EQ,NSE,ZOTA HEALTH CARE LIMITED,Others,INE358U01012,True
706,NSE_EQ|INE967G01019,ZSARACOM,EQ,NSE,SARASWATI COMM (INDIA) L,Others,INE967G01019,True
6147,NSE_EQ|INE0ISZ01012,ZTECH,SM,NSE,Z-TECH (INDIA) LIMITED,Others,INE0ISZ01012,True
2231,NSE_EQ|INE840M01016,ZUARI,EQ,NSE,ZUARI AGRO CHEMICALS LTD,Others,INE840M01016,True
1667,NSE_EQ|INE217A01012,ZUARIIND,EQ,NSE,ZUARI INDUSTRIES LIMITED,Others,INE217A01012,True
498,NSE_EQ|INE010B01027,ZYDUSLIFE,EQ,NSE,ZYDUS LIFESCIENCES LTD,Pharmaceuticals,INE010B01027,True
1591,NSE_EQ|INE768C01028,ZYDUSWELL,EQ,NSE,ZYDUS WELLNESS LIMITED,Others,INE768C01028,True
