instrument_id,instrument_key,symbol,series,exchange,company_name,sector,isin_code,is_active
1324,NSE_EQ|INE0D0U01013,AAATECH,EQ,NSE,AAA TECHNOLOGIES LIMITED,Others,INE0D0U01013,True
10,NSE_EQ|INE883F01010,AADHARHFC,EQ,NSE,AADHAR HOUSING FINANCE L,Housing Finance,INE883F01010,True
3868,NSE_EQ|INE1GYP01013,AAKAAR,SM,NSE,AAKAAR MEDICAL TECHNO LTD,Others,INE1GYP01013,True
1590,NSE_EQ|INE087Z01024,AAKASH,EQ,NSE,AAKASH EXPLORATION SER L,Others,INE087Z01024,True
4780,NSE_EQ|INE124401014,AARADHYA,SM,NSE,AARADHYA DISPOSAL INDUS L,Others,INE124401014,True
8466,NSE_EQ|INE198H01019,AAREYDRUGS,BE,NSE,AAREY DRUGS & PHARM LTD,Others,INE198H01019,True
679,NSE_EQ|INE750R01016,AARNAV,EQ,NSE,AARNAV FASHIONS LIMITED,Others,INE750R01016,True
1144,NSE_EQ|INE721Z01010,AARON,EQ,NSE,AARON INDUSTRIES LIMITED,Others,INE721Z01010,True
1434,NSE_EQ|INE01C001026,AARTECH,EQ,NSE,AARTECH SOLONICS LIMITED,Others,INE01C001026,True
1729,NSE_EQ|INE767A01016,AARTIDRUGS,EQ,NSE,AARTI DRUGS LTD.,Others,INE767A01016,True
11,NSE_EQ|INE769A01020,AARTIIND,EQ,NSE,AARTI INDUSTRIES LTD,Chemicals,INE769A01020,True
1986,NSE_EQ|INE0LRU01027,AARTIPHARM,EQ,NSE,AARTI PHARMALABS LIMITED,Others,INE0LRU01027,True
8463,NSE_EQ|INE09EO04017,AARTISURF,P1,NSE,AARTI SURFACTANTS LIMITED,Others,INE09EO04017,True
1474,NSE_EQ|INE09EO01013,AARTISURF,EQ,NSE,AARTI SURFACTANTS LIMITED,Others,INE09EO01013,True
1620,NSE_EQ|INE754X01016,AARVI,EQ,NSE,AARVI ENCON LIMITED,Others,INE754X01016,True
3880,NSE_EQ|INE0OB201016,AATMAJ,SM,NSE,AATMAJ HEALTHCARE LIMITED,Others,INE0OB201016,True
12,NSE_EQ|INE216P01012,AAVAS,EQ,NSE,AAVAS FINANCIERS LIMITED,Housing Finance,INE216P01012,True
8444,NSE_EQ|INE421A01028,ABAN,BE,NSE,ABAN OFFSHORE LTD.,Others,INE421A01028,True
3336,NSE_EQ|INE365O01028,ABANSENT,BE,NSE,ABANS ENTERPRISES LTD.,Others,INE365O01028,True
3,NSE_EQ|INE117A01022,ABB,EQ,NSE,ABB INDIA LIMITED,Electric Equipment,INE117A01022,True
13,NSE_EQ|INE358A01014,ABBOTINDIA,EQ,NSE,ABBOTT INDIA LIMITED,Pharmaceuticals,INE358A01014,True
21,NSE_EQ|INE674K01013,ABCAPITAL,EQ,NSE,ADITYA BIRLA CAPITAL LTD.,NBFC,INE674K01013,True
2213,NSE_EQ|INE08PH01015,ABCOTS,EQ,NSE,A B COTSPIN INDIA LIMITED,Others,INE08PH01015,True
1901,NSE_EQ|INE552Z01027,ABDL,EQ,NSE,ALLIED BLEND N DISTILS L,Others,INE552Z01027,True
22,NSE_EQ|INE647O01011,ABFRL,EQ,NSE,ADITYA BIRLA FASHION & RT,Retailing,INE647O01011,True
2222,NSE_EQ|INF209KC1134,ABGSEC,EQ,NSE,BIRLASLAMC - ABGSEC,Others,INF209KC1134,True
3199,NSE_EQ|INE0UYG01015,ABHAPOWER,SM,NSE,ABHA POWER N STEEL LTD,Others,INE0UYG01015,True
1398,NSE_EQ|INE00YB01025,ABINFRA,EQ,NSE,A B INFRABUILD LIMITED,Others,INE00YB01025,True
23,NSE_EQ|INE14LE01019,ABLBL,EQ,NSE,ADITYA BIRLA LIFES BRAN L,DVR,INE14LE01019,True
2455,NSE_EQ|INE251C01025,ABMINTLLTD,EQ,NSE,ABM INTERNATIONAL LTD,Others,INE251C01025,True
1610,NSE_EQ|INE850B01026,ABMKNO,EQ,NSE,A B M KNOWLEDGEWARE LTD.,Others,INE850B01026,True
3855,NSE_EQ|INE982R01015,ABNINT,IT,NSE,A B N INTERCORP LIMITED,Others,INE982R01015,True
24,NSE_EQ|INE055A01016,ABREL,EQ,NSE,ADITYA BIRLA REAL EST LTD,Diversified,INE055A01016,True
25,NSE_EQ|INE404A01024,ABSLAMC,EQ,NSE,ADIT BIRL SUN LIF AMC LTD,Asset Management,INE404A01024,True
1318,NSE_EQ|INF209KB17D5,ABSLBANETF,EQ,NSE,BIRLASLAMC - ABSLBANETF,Others,INF209KB17D5,True
1331,NSE_EQ|INF209KB18T9,ABSLLIQUID,EQ,NSE,BIRLASLAMC - ABSLLIQUID,Others,INF209KB18T9,True
2126,NSE_EQ|INF209KC1662,ABSLMSCIN,EQ,NSE,BIRLASLAMC - ABSLMSCIN,Others,INF209KC1662,True
1326,NSE_EQ|INF209KB19Z4,ABSLPSE,EQ,NSE,BIRLASLAMC-ABSLPSE,Others,INF209KB19Z4,True
5096,NSE_EQ|INE0QRV01016,ABSMARINE,ST,NSE,ABS MARINE SERVICES LTD,Others,INE0QRV01016,True
4,NSE_EQ|INE012A01025,ACC,EQ,NSE,ACC LIMITED,Construction Materials,INE012A01025,True
1285,NSE_EQ|INE793A01012,ACCELYA,EQ,NSE,ACCELYA SOLN INDIA LTD,Others,INE793A01012,True
5540,NSE_EQ|INE0Q5D01013,ACCENTMIC,SM,NSE,ACCENT MICROCELL LIMITED,Others,INE0Q5D01013,True
3561,NSE_EQ|INE113X01015,ACCORD,ST,NSE,ACCORD SYNERGY LIMITED,Others,INE113X01015,True
3445,NSE_EQ|INE0T8T01010,ACCPL,ST,NSE,ACCRETION PHARMA LIMITED,Others,INE0T8T01010,True
2005,NSE_EQ|INE648Z01023,ACCURACY,EQ,NSE,ACCURACY SHIPPING LIMITED,Others,INE648Z01023,True
14,NSE_EQ|INE731H01025,ACE,EQ,NSE,ACTION CONST EQUIP LTD,Engineering,INE731H01025,True
728,NSE_EQ|INE543V01017,ACEINTEG,EQ,NSE,ACE INTEGRATED SOLU. LTD.,Others,INE543V01017,True
8870,NSE_EQ|INE1J6M01010,ACETEC,SM,NSE,ACETECH E-COMMERCE LTD,Others,INE1J6M01010,True
775,NSE_EQ|INE128X01021,ACI,EQ,NSE,ARCHEAN CHEMICAL IND LTD,Others,INE128X01021,True
2188,NSE_EQ|INE666E01020,ACL,EQ,NSE,ANDHRA CEMENTS LIMITED,Others,INE666E01020,True
5,NSE_EQ|INE622W01025,ACMESOLAR,EQ,NSE,ACME SOLAR HOLDINGS LTD,Power,INE622W01025,True
824,NSE_EQ|INE366C01021,ACSTECH,EQ,NSE,A C S TECHNOLOGIES LTD.,Others,INE366C01021,True
6429,NSE_EQ|INE0KLO01025,ACTIVEINFR,SM,NSE,ACTIVE INFRASTRUCTURES L,Others,INE0KLO01025,True
1845,NSE_EQ|INE00FF01025,ACUTAAS,EQ,NSE,ACUTAAS CHEMICALS LIMITED,Others,INE00FF01025,True
15,NSE_EQ|INE931S01010,ADANIENSOL,EQ,NSE,ADANI ENERGY SOLUTION LTD,Power,INE931S01010,True
16,NSE_EQ|INE423A01024,ADANIENT,EQ,NSE,ADANI ENTERPRISES LIMITED,Trading,INE423A01024,True
17,NSE_EQ|INE364U01010,ADANIGREEN,EQ,NSE,ADANI GREEN ENERGY LTD,Power,INE364U01010,True
18,NSE_EQ|INE742F01042,ADANIPORTS,EQ,NSE,ADANI PORT & SEZ LTD,Port,INE742F01042,True
19,NSE_EQ|INE814H01029,ADANIPOWER,EQ,NSE,ADANI POWER LTD,Power Generation & Distribution,INE814H01029,True
8121,NSE_EQ|INE0RDH01021,ADDICTIVE,SM,NSE,ADDICTIVE LEARNING TECH L,Others,INE0RDH01021,True
2350,NSE_EQ|INE982B01027,ADFFOODS,EQ,NSE,ADF FOODS LIMITED,Others,INE982B01027,True
7332,NSE_EQ|INE20PL01012,ADISOFT,SM,NSE,ADISOFT TECHNOLOGIES LTD,Others,INE20PL01012,True
863,NSE_EQ|INE0CHO01012,ADL,EQ,NSE,ARCHIDPLY DECOR LIMITED,Others,INE0CHO01012,True
684,NSE_EQ|INE045A01017,ADOR,EQ,NSE,ADOR WELDING LTD,Others,INE045A01017,True
2207,NSE_EQ|INE737B01033,ADROITINFO,EQ,NSE,ADROIT INFOTECH LIMITED,Others,INE737B01033,True
664,NSE_EQ|INE102I01027,ADSL,EQ,NSE,ALLIED DIGITAL SERV. LTD,Others,INE102I01027,True
1127,NSE_EQ|INE0ALI01010,ADVAIT,EQ,NSE,ADVAIT ENRGY TRANSITION L,Others,INE0ALI01010,True
949,NSE_EQ|INE1B0W01010,ADVANCE,EQ,NSE,ADVANCE AGROLIFE LIMITED,Others,INE1B0W01010,True
1226,NSE_EQ|INE199C01026,ADVANIHOTR,EQ,NSE,ADVANI HOT.& RES.(I) LTD,Others,INE199C01026,True
1096,NSE_EQ|INE28GN01010,ADVENTHTL,EQ,NSE,ADVENT HOTELS INTERNATI L,Others,INE28GN01010,True
1234,NSE_EQ|INE837H01020,ADVENZYMES,EQ,NSE,ADVANCED ENZYME TECH LTD,Others,INE837H01020,True
26,NSE_EQ|INE208C01025,AEGISLOG,EQ,NSE,AEGIS LOGISTICS LIMITED,Logistics,INE208C01025,True
27,NSE_EQ|INE0INX01018,AEGISVOPAK,EQ,NSE,AEGIS VOPAK TERMINALS LTD,Logistics,INE0INX01018,True
1376,NSE_EQ|INE757T01025,AEPL,EQ,NSE,ARTEMIS ELECTRICALS & P L,Others,INE757T01025,True
2314,NSE_EQ|INE947N01017,AEQUS,EQ,NSE,AEQUS LIMITED,Others,INE947N01017,True
1507,NSE_EQ|INE065D01027,AEROENTER,EQ,NSE,AEROFLEX ENTERPRISES LTD,Others,INE065D01027,True
1182,NSE_EQ|INE024001021,AEROFLEX,EQ,NSE,AEROFLEX INDUSTRIES LTD,Others,INE024001021,True
5789,NSE_EQ|INE0WL801011,AERON,SM,NSE,AERON COMPOSITE LIMITED,Others,INE0WL801011,True
2280,NSE_EQ|INE035801013,AERONEU,EQ,NSE,AEROFLEX NEU LIMITED,Others,INE035801013,True
5265,NSE_EQ|INE0TSF01011,AESTHETIK,SM,NSE,AESTHETIK ENGINEERS LTD,Others,INE0TSF01011,True
934,NSE_EQ|INE0BWX01014,AETHER,EQ,NSE,AETHER INDUSTRIES LIMITED,Others,INE0BWX01014,True
28,NSE_EQ|INE101I01011,AFCONS,EQ,NSE,AFCONS INFRASTRUCTURE LTD,Infrastructure Developers & Operators,INE101I01011,True
29,NSE_EQ|INE00WC01027,AFFLE,EQ,NSE,AFFLE 3I LIMITED,BPO/ITeS,INE00WC01027,True
8290,NSE_EQ|INE692Z01013,AFFORDABLE,BE,NSE,AFFORD ROBO & AUTO LTD,Others,INE692Z01013,True
8419,NSE_EQ|INE916Y01027,AFIL,BE,NSE,AKME FINTRADE (INDIA) LTD,Others,INE916Y01027,True
1115,NSE_EQ|INE00ZE01026,AFSL,EQ,NSE,ABANS FINANCIAL SRVCS LTD,Others,INE00ZE01026,True
1550,NSE_EQ|INE204E01012,AGARIND,EQ,NSE,AGARWAL INDS CORP LTD.,Others,INE204E01012,True
147,NSE_EQ|INE943P01029,AGARWALEYE,EQ,NSE,DR AGARWALS HEALTH CARE L,Healthcare,INE943P01029,True
5898,NSE_EQ|INE0MLA01012,AGARWALFT,ST,NSE,AGARWAL FLOAT GLASS I LTD,Others,INE0MLA01012,True
8261,NSE_EQ|INE0P8X01016,AGARWALTUF,SM,NSE,AGARWAL TOUGH GLASS IND L,Others,INE0P8X01016,True
1599,NSE_EQ|INE415A01038,AGI,EQ,NSE,AGI GREENPAC LIMITED,Others,INE415A01038,True
582,NSE_EQ|INE976R01033,AGIIL,EQ,NSE,AGI INFRA LIMITED,Others,INE976R01033,True
6511,NSE_EQ|INE0LF301013,AGNI,SM,NSE,AGNI GREEN POWER LTD,Others,INE0LF301013,True
3725,NSE_EQ|INE449G01018,AGRITECH,BE,NSE,AGRI-TECH (INDIA) LIMITED,Others,INE449G01018,True
1936,NSE_EQ|INE740V01019,AGROPHOS,EQ,NSE,AGRO PHOS INDIA LIMITED,Others,INE740V01019,True
3564,NSE_EQ|INE583L01014,AGSTRA,BZ,NSE,AGS TRANSACT TECH LTD,Others,INE583L01014,True
5090,NSE_EQ|INE0O6N01012,AGUL,SM,NSE,A G UNIVERSAL LIMITED,Others,INE0O6N01012,True
1481,NSE_EQ|INE0Y8W01025,AHCL,EQ,NSE,ANLON HEALTHCARE LIMITED,Others,INE0Y8W01025,True
6747,NSE_EQ|INE136T01014,AHIMSA,ST,NSE,AHIMSA INDUSTRIES LTD.,Others,INE136T01014,True
1176,NSE_EQ|INE00PV01013,AHLADA,EQ,NSE,AHLADA ENGINEERS LIMITED,Others,INE00PV01013,True
921,NSE_EQ|INE926K01017,AHLEAST,EQ,NSE,ASIAN HOTELS (EAST) LTD,Others,INE926K01017,True
1532,NSE_EQ|INE758C01029,AHLUCONT,EQ,NSE,AHLUWALIA CONT IND LTD,Others,INE758C01029,True
5526,NSE_EQ|INE915K01010,AHLWEST,BE,NSE,ASIAN HOTELS (WEST) LTD,Others,INE915K01010,True
6,NSE_EQ|INE212H01026,AIAENG,EQ,NSE,AIA ENGINEERING LIMITED,Engineering,INE212H01026,True
56,NSE_EQ|INE206F01022,AIIL,EQ,NSE,AUTHUM INVEST & INFRA LTD,Investment,INE206F01022,True
4185,NSE_EQ|INE0CAJ01017,AILIMITED,ST,NSE,ABHISHEK INTEGRATIONS LTD,Others,INE0CAJ01017,True
5411,NSE_EQ|INE0RUV01018,AIMTRON,SM,NSE,AIMTRON ELECTRONICS LTD,Others,INE0RUV01018,True
1414,NSE_EQ|INE645W01026,AIRAN,EQ,NSE,AIRAN LIMITED,Others,INE645W01026,True
2377,NSE_EQ|INE801L01010,AIROLAM,EQ,NSE,AIRO LAM LIMITED,Others,INE801L01010,True
7249,NSE_EQ|INE635Y01015,AISL,SM,NSE,ANI INTEGRATED SERV LTD.,Others,INE635Y01015,True
30,NSE_EQ|INE031B01049,AJANTPHARM,EQ,NSE,AJANTA PHARMA LIMITED,Pharmaceuticals,INE031B01049,True
2078,NSE_EQ|INE274Y01021,AJAXENGG,EQ,NSE,AJAX ENGINEERING LIMITED,Others,INE274Y01021,True
2289,NSE_EQ|INE298G01035,AJMERA,EQ,NSE,AJMERA REALTY & INF I LTD,Others,INE298G01035,True
1727,NSE_EQ|INE820Y01021,AJOONI,EQ,NSE,AJOONI BIOTECH LIMITED,Others,INE820Y01021,True
4510,NSE_EQ|INE0PCY01014,AKANKSHA,ST,NSE,AKANKSHA POWER N INFRA L,Others,INE0PCY01014,True
1317,NSE_EQ|INE737W01013,AKASH,EQ,NSE,AKASH INFRA-PROJECTS LTD,Others,INE737W01013,True
2201,NSE_EQ|INE701G01012,AKCAPIT,EQ,NSE,A K CAPITAL SERVICES LTD.,Others,INE701G01012,True
573,NSE_EQ|INE00Y801016,AKG,EQ,NSE,AKG EXIM LIMITED,Others,INE00Y801016,True
1280,NSE_EQ|INE642Z01026,AKI,EQ,NSE,AKI INDIA LIMITED,Others,INE642Z01026,True
4856,NSE_EQ|INE0PMR01017,AKIKO,ST,NSE,AKIKO GLOBAL SERVICES L,Others,INE0PMR01017,True
1236,NSE_EQ|INE256Z01025,AKSHAR,EQ,NSE,AKSHAR SPINTEX LIMITED,Others,INE256Z01025,True
1008,NSE_EQ|INE542B01011,AKSHARCHEM,EQ,NSE,AKSHARCHEM INDIA LIMITED,Others,INE542B01011,True
3605,NSE_EQ|INE523B01011,AKSHOPTFBR,BE,NSE,AKSH OPTIFIBRE  LTD,Others,INE523B01011,True
31,NSE_EQ|INE09XN01023,AKUMS,EQ,NSE,AKUMS DRUGS AND PHARMA L,Pharmaceuticals,INE09XN01023,True
1806,NSE_EQ|INE914E01040,ALANKIT,EQ,NSE,ALANKIT LIMITED,Others,INE914E01040,True
2079,NSE_EQ|INE155C01010,ALBERTDAVD,EQ,NSE,ALBERT DAVID LIMITED,Others,INE155C01010,True
6240,NSE_EQ|INE448V01019,ALCODIS,ST,NSE,ALCOKRAFT DISTILLERIE LTD,Others,INE448V01019,True
1708,NSE_EQ|INE426A01027,ALEMBICLTD,EQ,NSE,ALEMBIC LIMITED,Others,INE426A01027,True
1364,NSE_EQ|INE598D01035,ALGOQUANT,EQ,NSE,ALGOQUANT FINTECH LIMITED,Others,INE598D01035,True
1649,NSE_EQ|INE062D01024,ALICON,EQ,NSE,ALICON CASTALLOY LIMITED,Others,INE062D01024,True
1132,NSE_EQ|INE03Q201024,ALIVUS,EQ,NSE,ALIVUS LIFE SCIENCES LTD,Others,INE03Q201024,True
5664,NSE_EQ|INE773I01017,ALKALI,BE,NSE,ALKALI METALS LTD,Others,INE773I01017,True
34,NSE_EQ|INE540L01014,ALKEM,EQ,NSE,ALKEM LABORATORIES LTD.,Pharmaceuticals,INE540L01014,True
35,NSE_EQ|INE150B01039,ALKYLAMINE,EQ,NSE,ALKYL AMINES CHEM. LTD,Chemicals,INE150B01039,True
2453,NSE_EQ|INE418H01029,ALLCARGO,EQ,NSE,ALLCARGO LOGISTICS LTD,Others,INE418H01029,True
2493,NSE_EQ|INE835G01018,ALLDIGI,EQ,NSE,ALLDIGI TECH LIMITED,Others,INE835G01018,True
7531,NSE_EQ|INE0M2X01012,ALLETEC,ST,NSE,ALL E TECHNOLOGIES LTD,Others,INE0M2X01012,True
2029,NSE_EQ|INE0GV601021,ALLTIME,EQ,NSE,ALL TIME PLASTICS LIMITED,Others,INE0GV601021,True
1784,NSE_EQ|INE326B01035,ALMONDZ,EQ,NSE,ALMONDZ GLOBAL SEC LTD,Others,INE326B01035,True
36,NSE_EQ|INE270A01029,ALOKINDS,EQ,NSE,ALOK INDUSTRIES LIMITED,Textile,INE270A01029,True
1330,NSE_EQ|INE385I01010,ALPA,EQ,NSE,ALPA LABORATORIES LTD,Others,INE385I01010,True
5095,NSE_EQ|INE0R4701017,ALPEXSOLAR,SM,NSE,ALPEX SOLAR LIMITED,Others,INE0R4701017,True
766,NSE_EQ|INF174KA1IA5,ALPHA,EQ,NSE,KOTAKMAMC - KOTAKALPHA,Others,INF174KA1IA5,True
1222,NSE_EQ|INF769K01KU7,ALPHAETF,EQ,NSE,MIRAEAMC - ALPHAETF,Others,INF769K01KU7,True
1401,NSE_EQ|INE137C01018,ALPHAGEO,EQ,NSE,ALPHAGEO (INDIA) LIMITED,Others,INE137C01018,True
3405,NSE_EQ|INE0STM01017,ALUWIND,SM,NSE,ALUWIND INFRA-TECH LTD,Others,INE0STM01017,True
968,NSE_EQ|INE121R01077,AMAGI,EQ,NSE,AMAGI MEDIA LABS LIMITED,Others,INE121R01077,True
2122,NSE_EQ|INE084K01015,AMANTA,EQ,NSE,AMANTA HEALTHCARE LIMITED,Others,INE084K01015,True
6157,NSE_EQ|INE293601014,AMBAAUTO,SM,NSE,AMBA AUTO SALES AND SER L,Others,INE293601014,True
1726,NSE_EQ|INE432A01017,AMBALALSA,EQ,NSE,AMBALAL SARABHAI ENT L,Others,INE432A01017,True
2553,NSE_EQ|INE00C501018,AMBANIORGO,SM,NSE,AMBANI ORGOCHEM LIMITED,Others,INE00C501018,True
38,NSE_EQ|INE371P01015,AMBER,EQ,NSE,AMBER ENTERPRISES (I) LTD,Air Conditioners,INE371P01015,True
2325,NSE_EQ|INE792B01012,AMBICAAGAR,EQ,NSE,AMBICA AGAR & AROMAINDLTD,Others,INE792B01012,True
556,NSE_EQ|INE540G01014,AMBIKCO,EQ,NSE,AMBIKA COTTON MILL LTD.,Others,INE540G01014,True
39,NSE_EQ|INE079A01024,AMBUJACEM,EQ,NSE,AMBUJA CEMENTS LTD,Construction Materials,INE079A01024,True
6780,NSE_EQ|INE0VG001016,AMCL,SM,NSE,ANB METAL CAST LIMITED,Others,INE0VG001016,True
1815,NSE_EQ|INE005I01014,AMDIND,EQ,NSE,AMD INDUSTRIES LIMITED,Others,INE005I01014,True
6843,NSE_EQ|INE0KT901015,AMEYA,SM,NSE,AMEYA PRECISION ENG LTD,Others,INE0KT901015,True
8929,NSE_EQ|INE0MTP01013,AMIABLE,SM,NSE,AMIABLE LOGISTICS (I) LTD,Others,INE0MTP01013,True
1749,NSE_EQ|INE05TO01019,AMIRCHAND,EQ,NSE,AMIR CHAND JAG KUM (E) L,Others,INE05TO01019,True
713,NSE_EQ|INE606A01024,AMJLAND,EQ,NSE,AMJ LAND HOLDINGS LIMITED,Others,INE606A01024,True
2348,NSE_EQ|INE275D01022,AMNPLST,EQ,NSE,AMINES & PLASTICIZERS LTD,Others,INE275D01022,True
1154,NSE_EQ|INE098F01031,AMRUTANJAN,EQ,NSE,AMRUTAJAN HEALTH LTD,Others,INE098F01031,True
40,NSE_EQ|INE463V01026,ANANDRATHI,EQ,NSE,ANAND RATHI WEALTH LTD,Finance,INE463V01026,True
2867,NSE_EQ|INE1UA823019,ANANTAM,IV,NSE,ANANTAM HIGHWAYS TRUST,Others,INE1UA823019,True
41,NSE_EQ|INE242C01024,ANANTRAJ,EQ,NSE,ANANT RAJ LIMITED,Construction,INE242C01024,True
1362,NSE_EQ|INE435A01051,ANDHRAPAP,EQ,NSE,ANDHRA PAPER LIMITED,Others,INE435A01051,True
753,NSE_EQ|INE715B01021,ANDHRSUGAR,EQ,NSE,ANDHRA SUGARS LTD,Others,INE715B01021,True
42,NSE_EQ|INE732I01021,ANGELONE,EQ,NSE,ANGEL ONE LIMITED,Stock/ Commodity Brokers,INE732I01021,True
6699,NSE_EQ|INE087B01017,ANIKINDS,BE,NSE,ANIK INDUSTRIES LTD,Others,INE087B01017,True
5474,NSE_EQ|INE106I01010,ANKITMETAL,BZ,NSE,ANKIT MET & POW LTD,Others,INE106I01010,True
8719,NSE_EQ|INE0LR101013,ANLON,ST,NSE,ANLON TECHNOLOGY SOL LTD,Others,INE0LR101013,True
2467,NSE_EQ|INE02AR01019,ANMOL,EQ,NSE,ANMOL INDIA LIMITED,Others,INE02AR01019,True
4193,NSE_EQ|INE0MGM01017,ANNAPURNA,SM,NSE,ANNAPURNA SWADISHT LTD,Others,INE0MGM01017,True
8409,NSE_EQ|INE0VTV01012,ANONDITA,SM,NSE,ANONDITA MEDICARE LIMITED,Others,INE0VTV01012,True
8960,NSE_EQ|INE436A01026,ANSALAPI,BZ,NSE,ANSAL PROP & INFRA LTD,Others,INE436A01026,True
2516,NSE_EQ|INE818A01017,ANTELOPUS,EQ,NSE,ANTELOPUS SELAN ENRGY LTD,Others,INE818A01017,True
1466,NSE_EQ|INE414B01021,ANTGRAPHIC,EQ,NSE,ANTARCTICA LTD,Others,INE414B01021,True
746,NSE_EQ|INE0CZ201020,ANTHEM,EQ,NSE,ANTHEM BIOSCIENCES LTD,Others,INE0CZ201020,True
1378,NSE_EQ|INE489G01022,ANUHPHR,EQ,NSE,ANUH PHARMA LIMITED,Others,INE489G01022,True
1934,NSE_EQ|INE294Z01018,ANUP,EQ,NSE,THE ANUP ENGINEERING LTD,Others,INE294Z01018,True
752,NSE_EQ|INE930P01018,ANURAS,EQ,NSE,ANUPAM RASAYAN INDIA LTD,Others,INE930P01018,True
2892,NSE_EQ|INE0SI601032,ANYA,SM,NSE,ANYA POLYTECH & FERTI LTD,Others,INE0SI601032,True
3997,NSE_EQ|INE0MIZ23019,ANZEN,IV,NSE,ANZEN IND ENE YLD PLU TRU,Others,INE0MIZ23019,True
897,NSE_EQ|INF1J2R01114,AONEGOLD,EQ,NSE,AONEAMC - AONEGOLD,Others,INF1J2R01114,True
2132,NSE_EQ|INF1J2R01056,AONELIQUID,EQ,NSE,AONEAMC - AONELIQUID,Others,INF1J2R01056,True
2131,NSE_EQ|INF1J2R01064,AONENIFTY,EQ,NSE,AONEAMC - AONENIFTY,Others,INF1J2R01064,True
888,NSE_EQ|INF1J2R01171,AONESILVER,EQ,NSE,AONEAMC - AONESILVER,Others,INF1J2R01171,True
2143,NSE_EQ|INF1J2R01015,AONETOTAL,EQ,NSE,AONEAMC - AONETOTAL,Others,INF1J2R01015,True
43,NSE_EQ|INE372A01015,APARINDS,EQ,NSE,APAR INDUSTRIES LTD.,Electric Equipment,INE372A01015,True
2133,NSE_EQ|INE071F01012,APCL,EQ,NSE,ANJANI PORTLAND CEM LTD,Others,INE071F01012,True
2462,NSE_EQ|INE116A01032,APCOTEXIND,EQ,NSE,APCOTEX INDUSTRIES LIMITE,Others,INE116A01032,True
1758,NSE_EQ|INE346W01013,APEX,EQ,NSE,APEX FROZEN FOODS LIMITED,Others,INE346W01013,True
4403,NSE_EQ|INE0T4V01015,APEXECO,ST,NSE,APEX ECOTECH LIMITED,Others,INE0T4V01015,True
7,NSE_EQ|INE702C01027,APLAPOLLO,EQ,NSE,APL APOLLO TUBES LTD,Steel & Iron Products,INE702C01027,True
33,NSE_EQ|INE901L01018,APLLTD,EQ,NSE,ALEMBIC PHARMA LTD,Pharmaceuticals,INE901L01018,True
2514,NSE_EQ|INE713T01028,APOLLO,EQ,NSE,APOLLO MICRO SYSTEMS LTD,Others,INE713T01028,True
44,NSE_EQ|INE437A01024,APOLLOHOSP,EQ,NSE,APOLLO HOSPITALS ENTER. L,Healthcare Services,INE437A01024,True
891,NSE_EQ|INE126J01016,APOLLOPIPE,EQ,NSE,APOLLO PIPES LIMITED,Others,INE126J01016,True
45,NSE_EQ|INE438A01022,APOLLOTYRE,EQ,NSE,APOLLO TYRES LTD,Tyres & Allied,INE438A01022,True
1736,NSE_EQ|INE451F01024,APOLSINHOT,EQ,NSE,APOLLO SINDOORI HOTEL LTD,Others,INE451F01024,True
2555,NSE_EQ|INE0LQG01010,APRAMEYA,SM,NSE,APRAMEYA ENGINEERING LTD,Others,INE0LQG01010,True
7985,NSE_EQ|INE0P0001010,APS,SM,NSE,AUSTRALIAN PREM SOLAR I L,Others,INE0P0001010,True
7663,NSE_EQ|INE1OOJ01011,APSISAERO,ST,NSE,APSIS AEROCOM LIMITED,Others,INE1OOJ01011,True
1904,NSE_EQ|INE266F01018,APTECHT,EQ,NSE,APTECH LIMITED,Others,INE266F01018,True
46,NSE_EQ|INE852O01025,APTUS,EQ,NSE,APTUS VALUE HSG FIN I LTD,Housing Finance,INE852O01025,True
1088,NSE_EQ|INE416A01051,AQYLON,EQ,NSE,AQYLON NEXUS LIMITED,Others,INE416A01051,True
2868,NSE_EQ|INE08NJ01024,ARABIAN,SM,NSE,ARABIAN PETROLEUM LIMITED,Others,INE08NJ01024,True
1928,NSE_EQ|INE877I01016,ARCHIDPLY,EQ,NSE,ARCHIDPLY IND. LTD,Others,INE877I01016,True
1092,NSE_EQ|INE731A01020,ARCHIES,EQ,NSE,ARCHIES LTD,Others,INE731A01020,True
8274,NSE_EQ|INE0YDV01010,ARCIIL,ST,NSE,ARC INSULATION & INSU LTD,Others,INE0YDV01010,True
37,NSE_EQ|INE885A01032,ARE&M,EQ,NSE,AMARA RAJA ENERGY MOB LTD,Batteries,INE885A01032,True
1921,NSE_EQ|INE610C01014,ARENTERP,EQ,NSE,RAJDARSHAN INDUSTRIES LTD,Others,INE610C01014,True
590,NSE_EQ|INE784R01023,ARFIN,EQ,NSE,ARFIN INDIA LIMITED,Others,INE784R01023,True
6811,NSE_EQ|INE0L2Y01011,ARHAM,SM,NSE,ARHAM TECHNOLOGIES LTD,Others,INE0L2Y01011,True
698,NSE_EQ|INE298I01015,ARIES,EQ,NSE,ARIES AGRO LTD.,Others,INE298I01015,True
864,NSE_EQ|INE413D01011,ARIHANT,EQ,NSE,ARIHANT FOUN & HOU LTD,Others,INE413D01011,True
2895,NSE_EQ|INE0NCC01015,ARIHANTACA,SM,NSE,ARIHANT ACADEMY LIMITED,Others,INE0NCC01015,True
1388,NSE_EQ|INE420B01036,ARIHANTCAP,EQ,NSE,ARIHANT CAPITAL MKTS LTD,Others,INE420B01036,True
2416,NSE_EQ|INE643K01018,ARIHANTSUP,EQ,NSE,ARIHANT SUPERSTRUCT LTD,Others,INE643K01018,True
1334,NSE_EQ|INE0H9P01028,ARIS,EQ,NSE,ARISINFRA SOLUTIONS LTD,Others,INE0H9P01028,True
5415,NSE_EQ|INE082101010,ARISTO,ST,NSE,ARISTO BIO T AND LIFESC L,Others,INE082101010,True
639,NSE_EQ|INE0QRL01017,ARKADE,EQ,NSE,ARKADE DEVELOPERS LIMITED,Others,INE0QRL01017,True
1735,NSE_EQ|INE109C01017,ARMANFIN,EQ,NSE,ARMAN FIN SERV LTD,Others,INE109C01017,True
3723,NSE_EQ|INE0TZX01019,ARMOUR,SM,NSE,ARMOUR SECURITY (INDIA) L,Others,INE0TZX01019,True
990,NSE_EQ|INE210C01013,AROGRANITE,EQ,NSE,ARO GRANITE IND. LTD.,Others,INE210C01013,True
5051,NSE_EQ|INE570D01018,ARROWGREEN,BE,NSE,ARROW GREENTECH LIMITED,Others,INE570D01018,True
3221,NSE_EQ|INE968D01022,ARSHIYA,BZ,NSE,ARSHIYA LIMITED,Others,INE968D01022,True
1090,NSE_EQ|INE549H01021,ARSSBL,EQ,NSE,ANAND RATHI SH N STK BR L,Others,INE549H01021,True
801,NSE_EQ|INE025R01021,ARTEMISMED,EQ,NSE,ARTEMIS MED SERVICE LTD,Others,INE025R01021,True
1915,NSE_EQ|INE738V01013,ARTNIRMAN,EQ,NSE,ART NIRMAN LIMITED,Others,INE738V01013,True
3136,NSE_EQ|INE0TTG01017,ARUNAYA,ST,NSE,ARUNAYA ORGANICS LIMITED,Others,INE0TTG01017,True
2400,NSE_EQ|INE006Z01016,ARVEE,EQ,NSE,ARVEE LABORATORIES I LTD,Others,INE006Z01016,True
1073,NSE_EQ|INE034A01011,ARVIND,EQ,NSE,ARVIND LIMITED,Others,INE034A01011,True
2480,NSE_EQ|INE955V01021,ARVINDFASN,EQ,NSE,ARVIND FASHIONS LIMITED,Others,INE955V01021,True
8344,NSE_EQ|INE0P4T01013,ARVINDPORT,ST,NSE,ARVIND PORT AND INFRA LTD,Others,INE0P4T01013,True
597,NSE_EQ|INE034S01021,ARVSMART,EQ,NSE,ARVIND SMARTSPACES LTD,Others,INE034S01021,True
47,NSE_EQ|INE439A01020,ASAHIINDIA,EQ,NSE,ASAHI INDIA GLASS LIMITED,Glass,INE439A01020,True
673,NSE_EQ|INE228I01012,ASAHISONG,EQ,NSE,ASAHI SONGWON COLOR LTD,Others,INE228I01012,True
1602,NSE_EQ|INE900C01027,ASAL,EQ,NSE,AUTOMOTIVE STAMPINGS & AS,Others,INE900C01027,True
616,NSE_EQ|INE073G01016,ASALCBR,EQ,NSE,ASSO ALCOHOLS & BREW LTD,Others,INE073G01016,True
2703,NSE_EQ|INE08KD01015,ASCOM,ST,NSE,ASCOM LEASIN & INVEST LTD,Others,INE08KD01015,True
8464,NSE_EQ|INE0LAA01017,ASHALOG,SM,NSE,ASHAPURA LOGISTICS LTD,Others,INE0LAA01017,True
787,NSE_EQ|INE348A01023,ASHAPURMIN,EQ,NSE,ASHAPURA MINECHEM LTD,Others,INE348A01023,True
1813,NSE_EQ|INE365D01021,ASHIANA,EQ,NSE,ASHIANA HOUSING LTD,Others,INE365D01021,True
1389,NSE_EQ|INE094B01013,ASHIKA,EQ,NSE,ASHIKA CREDIT CAPITAL L,Others,INE094B01013,True
2101,NSE_EQ|INE440A01010,ASHIMASYN,EQ,NSE,ASHIMA LTD,Others,INE440A01010,True
1066,NSE_EQ|INE442H01029,ASHOKA,EQ,NSE,ASHOKA BUILDCON LTD,Others,INE442H01029,True
2445,NSE_EQ|INE760Y01011,ASHOKAMET,EQ,NSE,ASHOKA METCAST LIMITED,Others,INE760Y01011,True
48,NSE_EQ|INE208A01029,ASHOKLEY,EQ,NSE,ASHOK LEYLAND LTD,Automobile,INE208A01029,True
3995,NSE_EQ|INE1A6Q01010,ASHWINI,SM,NSE,ASHWINI CONTAINER MOVER L,Others,INE1A6Q01010,True
594,NSE_EQ|INE276G01015,ASIANENE,EQ,NSE,ASIAN ENERGY SERVICES LTD,Others,INE276G01015,True
2087,NSE_EQ|INE363A01022,ASIANHOTNR,EQ,NSE,ASIAN HOTELS (NORTH) LTD,Others,INE363A01022,True
49,NSE_EQ|INE021A01026,ASIANPAINT,EQ,NSE,ASIAN PAINTS LIMITED,Paints,INE021A01026,True
1626,NSE_EQ|INE022I01019,ASIANTILES,EQ,NSE,ASIAN GRANITO IND. LTD.,Others,INE022I01019,True
1801,NSE_EQ|INE491J01022,ASKAUTOLTD,EQ,NSE,ASK AUTOMOTIVE LIMITED,Others,INE491J01022,True
1407,NSE_EQ|INE855F01042,ASMS,EQ,NSE,AVIO SMART MRKT STACK LTD,Others,INE855F01042,True
538,NSE_EQ|INE991I01015,ASPINWALL,EQ,NSE,ASPINWALL & CO LTD,Others,INE991I01015,True
4931,NSE_EQ|INE0S7801010,ASPIRE,SM,NSE,ASPIRE & INNOVATIVE ADV L,Others,INE0S7801010,True
2012,NSE_EQ|INE194D01017,ASTAR,EQ,NSE,ASIAN STAR CO. LTD.,Others,INE194D01017,True
589,NSE_EQ|INE563J01010,ASTEC,EQ,NSE,ASTEC LIFESCIENCES LTD,Others,INE563J01010,True
50,NSE_EQ|INE914M01019,ASTERDM,EQ,NSE,ASTER DM HEALTHCARE LTD.,Healthcare Services,INE914M01019,True
52,NSE_EQ|INE006I01046,ASTRAL,EQ,NSE,ASTRAL LIMITED,Plastic Products,INE006I01046,True
1619,NSE_EQ|INE386C01029,ASTRAMICRO,EQ,NSE,ASTRA MICROWAVE LTD,Others,INE386C01029,True
51,NSE_EQ|INE203A01020,ASTRAZEN,EQ,NSE,ASTRAZENECA PHARMA IND LT,Pharmaceuticals,INE203A01020,True
2990,NSE_EQ|INE646X01014,ASTRON,BE,NSE,ASTRON PAPER BORD MIL LTD,Others,INE646X01014,True
1284,NSE_EQ|INE0ALR01029,ATALREAL,EQ,NSE,ATAL REALTECH LIMITED,Others,INE0ALR01029,True
1677,NSE_EQ|INE09KD01013,ATAM,EQ,NSE,ATAM VALVES LIMITED,Others,INE09KD01013,True
6594,NSE_EQ|INE0V0Q01019,ATCENERGY,ST,NSE,ATC ENERGIES SYSTEM LTD,Others,INE0V0Q01019,True
20,NSE_EQ|INE399L01023,ATGL,EQ,NSE,ADANI TOTAL GAS LIMITED,Gas Transmission,INE399L01023,True
53,NSE_EQ|INE0LEZ01016,ATHERENERG,EQ,NSE,ATHER ENERGY LIMITED,Automobile,INE0LEZ01016,True
1597,NSE_EQ|INE0NN701020,ATL,EQ,NSE,ALLCARGO TERMINALS LTD,Others,INE0NN701020,True
808,NSE_EQ|INE285H01022,ATLANTAA,EQ,NSE,ATLANTAA LIMITED,Others,INE285H01022,True
8187,NSE_EQ|INE0Z4F01028,ATLANTAELE,BE,NSE,ATLANTA ELECTRICALS LTD,Others,INE0Z4F01028,True
956,NSE_EQ|INE446A01025,ATLASCYCLE,EQ,NSE,ATLAS CYCLE (HARYANA) LTD,Others,INE446A01025,True
5821,NSE_EQ|IN90NN701011,ATLPP,E1,NSE,ATL RE.0.50 PPD UP,Others,IN90NN701011,True
4946,NSE_EQ|INE05DH01017,ATMASTCO,ST,NSE,ATMASTCO LIMITED,Others,INE05DH01017,True
54,NSE_EQ|INE100A01010,ATUL,EQ,NSE,ATUL LTD,Chemicals,INE100A01010,True
2434,NSE_EQ|INE951D01028,ATULAUTO,EQ,NSE,ATUL AUTO LIMITED,Others,INE951D01028,True
8,NSE_EQ|INE949L01017,AUBANK,EQ,NSE,AU SMALL FINANCE BANK LTD,Bank,INE949L01017,True
1652,NSE_EQ|INE925Y01036,AURIGROW,EQ,NSE,AURI GROW INDIA LIMITED,Others,INE925Y01036,True
2163,NSE_EQ|INE132H01018,AURIONPRO,EQ,NSE,AURIONPRO SOLN LTD,Others,INE132H01018,True
8107,NSE_EQ|INE0NUL01018,AUROIMPEX,SM,NSE,AURO IMPEX & CHEMICALS L,Others,INE0NUL01018,True
55,NSE_EQ|INE406A01037,AUROPHARMA,EQ,NSE,AUROBINDO PHARMA LTD,Pharmaceuticals,INE406A01037,True
2509,NSE_EQ|INE898S01029,AURUM,EQ,NSE,AURUM PROPTECH LIMITED,Others,INE898S01029,True
7770,NSE_EQ|INE01YQ01013,AUSL,SM,NSE,ADITYA ULTRA STEEL LTD,Others,INE01YQ01013,True
6359,NSE_EQ|INE218C01016,AUSOMENT,BE,NSE,AUSOM ENTERPRISE LIMITED,Others,INE218C01016,True
2448,NSE_EQ|INE449A01011,AUTOAXLES,EQ,NSE,AUTOMOTIVE AXLES LIMITED,Others,INE449A01011,True
611,NSE_EQ|INF204KC1337,AUTOBEES,EQ,NSE,NIPPONAMC - NETFAUTO,Others,INF204KC1337,True
1769,NSE_EQ|INF109KC10V2,AUTOIETF,EQ,NSE,ICICIPRAMC - ICICIAUTO,Others,INF109KC10V2,True
4171,NSE_EQ|INE718H01014,AUTOIND,BE,NSE,AUTOLINE INDUSTRIES LTD,Others,INE718H01014,True
4456,NSE_EQ|INE349W01017,AVADHSUGAR,BE,NSE,AVADH SUG & ENERGY LTD,Others,INE349W01017,True
1122,NSE_EQ|INE0LCL01028,AVALON,EQ,NSE,AVALON TECHNOLOGIES LTD,Others,INE0LCL01028,True
7058,NSE_EQ|INE1KU201016,AVANA,ST,NSE,AVANA ELECTROSYSTEMS LTD,Others,INE1KU201016,True
799,NSE_EQ|INE005B01027,AVANTEL,EQ,NSE,AVANTEL LIMITED,Others,INE005B01027,True
816,NSE_EQ|INE871C01038,AVANTIFEED,EQ,NSE,AVANTI FEEDS LIMITED,Others,INE871C01038,True
7122,NSE_EQ|INE617I01024,AVATAR,ST,NSE,AVATAR INDUSTRIES LIMITED,Others,INE617I01024,True
1121,NSE_EQ|INE680Z01018,AVG,EQ,NSE,AVG LOGISTICS LIMITED,Others,INE680Z01018,True
3690,NSE_EQ|INE0TFB01017,AVIANSH,SM,NSE,AVI ANSH TEXTILE LIMITED,Others,INE0TFB01017,True
1080,NSE_EQ|INE679V01027,AVL,EQ,NSE,ADITYA VISION LIMITED,Others,INE679V01027,True
2332,NSE_EQ|INE323B01024,AVONMORE,EQ,NSE,AVONMORE CAP&MGT SERV LTD,Others,INE323B01024,True
4940,NSE_EQ|INE0R9401019,AVPINFRA,SM,NSE,AVP INFRACON LIMITED,Others,INE0R9401019,True
1944,NSE_EQ|INE652Z01025,AVROIND,EQ,NSE,AVRO INDIA LIMITED,Others,INE652Z01025,True
8108,NSE_EQ|INE522V01011,AVSL,ST,NSE,AVSL INDUSTRIES LIMITED,Others,INE522V01011,True
730,NSE_EQ|INE488D01021,AVTNPL,EQ,NSE,AVT NATURAL PRODUCTS LTD,Others,INE488D01021,True
907,NSE_EQ|INE108V01019,AWFIS,EQ,NSE,AWFIS SPACE SOLUTIONS LTD,Others,INE108V01019,True
1905,NSE_EQ|INE01BK01022,AWHCL,EQ,NSE,ANTONY WASTE HDG CELL LTD,Others,INE01BK01022,True
9,NSE_EQ|INE699H01024,AWL,EQ,NSE,AWL AGRI BUSINESS LIMITED,FMCG,INE699H01024,True
58,NSE_EQ|INE238A01034,AXISBANK,EQ,NSE,AXIS BANK LIMITED,Bank,INE238A01034,True
701,NSE_EQ|INF846K01X63,AXISBNKETF,EQ,NSE,AXISAMC - AXISBNKETF,Others,INF846K01X63,True
962,NSE_EQ|INE555B01013,AXISCADES,EQ,NSE,AXISCADES TECH LTD,Others,INE555B01013,True
979,NSE_EQ|INF846K016C7,AXISCETF,EQ,NSE,AXISAMC - AXISCETF,Others,INF846K016C7,True
584,NSE_EQ|INF846K01W80,AXISGOLD,EQ,NSE,AXIS MF - AXIS GOLD ETF,Others,INF846K01W80,True
696,NSE_EQ|INF846K01Z12,AXISHCETF,EQ,NSE,AXISAMC - AXISHCETF,Others,INF846K01Z12,True
865,NSE_EQ|INF846K011K1,AXISILVER,EQ,NSE,AXISAMC - AXISILVER,Others,INF846K011K1,True
585,NSE_EQ|INF846K01W98,AXISNIFTY,EQ,NSE,AXISAMC - AXISNIFTY,Others,INF846K01W98,True
697,NSE_EQ|INF846K01Y96,AXISTECETF,EQ,NSE,AXISAMC - AXISTECETF,Others,INF846K01Y96,True
2080,NSE_EQ|INF846KA1119,AXISVALUE,EQ,NSE,AXISAMC - AXISVALUE,Others,INF846KA1119,True
2230,NSE_EQ|INE02EZ01022,AXITA,EQ,NSE,AXITA COTTON LIMITED,Others,INE02EZ01022,True
880,NSE_EQ|INF846K010Q0,AXSENSEX,EQ,NSE,AXISAMC - AXSENSEX,Others,INF846K010Q0,True
946,NSE_EQ|INE501X01029,AYE,EQ,NSE,AYE FINANCE LIMITED,Others,INE501X01029,True
2382,NSE_EQ|INE193B01039,AYMSYNTEX,EQ,NSE,AYM SYNTEX LIMITED,Others,INE193B01039,True
1704,NSE_EQ|INE02IJ01035,AZAD,EQ,NSE,AZAD ENGINEERING LIMITED,Others,INE02IJ01035,True
2818,NSE_EQ|INE0QW501012,BABAFP,SM,NSE,BABA FOOD PROCESSING,Others,INE0QW501012,True
4773,NSE_EQ|INE878I01022,BAFNAPH,BE,NSE,BAFNA PHARMACEUTICALS LTD,Others,INE878I01022,True
5639,NSE_EQ|INE17CQ01015,BAGDIGITAL,SM,NSE,B.A.G.CONVERGENCE LIMITED,Others,INE17CQ01015,True
1738,NSE_EQ|INE116D01028,BAGFILMS,EQ,NSE,B.A.G FILMS AND MEDIA LTD,Others,INE116D01028,True
7854,NSE_EQ|INE2OVN25015,BAGMANE,RR,NSE,BAGMANE PRIME OFFICE REIT,Others,INE2OVN25015,True
3018,NSE_EQ|INE029Q01017,BAHETI,SM,NSE,BAHETI RECYCLING IND LTD,Others,INE029Q01017,True
1320,NSE_EQ|INE020D01022,BAIDFIN,EQ,NSE,BAID FINSERV LIMITED,Others,INE020D01022,True
63,NSE_EQ|INE917I01010,BAJAJ-AUTO,EQ,NSE,BAJAJ AUTO LIMITED,Automobile,INE917I01010,True
2238,NSE_EQ|INE933K01021,BAJAJCON,EQ,NSE,BAJAJ CONSUMER CARE LTD,Others,INE933K01021,True
1167,NSE_EQ|INE193E01025,BAJAJELEC,EQ,NSE,BAJAJ ELECT.LTD,Others,INE193E01025,True
65,NSE_EQ|INE918I01026,BAJAJFINSV,EQ,NSE,BAJAJ FINSERV LTD.,Investment,INE918I01026,True
1968,NSE_EQ|INE411U01027,BAJAJHCARE,EQ,NSE,BAJAJ HEALTHCARE LIMITED,Others,INE411U01027,True
67,NSE_EQ|INE377Y01014,BAJAJHFL,EQ,NSE,BAJAJ HOUSING FINANCE LTD,Housing Finance,INE377Y01014,True
2217,NSE_EQ|INE306A01021,BAJAJHIND,EQ,NSE,BAJAJ HINDUSTHAN SUGAR LT,Others,INE306A01021,True
66,NSE_EQ|INE118A01012,BAJAJHLDNG,EQ,NSE,BAJAJ HOLDINGS & INVS LTD,NBFC,INE118A01012,True
1512,NSE_EQ|INE0O9T01021,BAJAJINDEF,EQ,NSE,INDEF MANUFACTURING LTD,Others,INE0O9T01021,True
1441,NSE_EQ|INE704G01024,BAJAJST,EQ,NSE,BAJAJ STEEL INDS. LTD.,Others,INE704G01024,True
1502,NSE_EQ|INE0KQN01018,BAJEL,EQ,NSE,BAJEL PROJECTS LIMITED,Others,INE0KQN01018,True
64,NSE_EQ|INE296A01032,BAJFINANCE,EQ,NSE,BAJAJ FINANCE LIMITED,Finance,INE296A01032,True
2341,NSE_EQ|INE0S2G01011,BALAJEE,EQ,NSE,SHREE TIRUPATI BALAJEE L,Others,INE0S2G01011,True
6852,NSE_EQ|INE0PQ601019,BALAJIPHOS,SM,NSE,BALAJI PHOSPHATES LIMITED,Others,INE0PQ601019,True
913,NSE_EQ|INE794B01026,BALAJITELE,EQ,NSE,BALAJI TELEFILMS LIMITED.,Others,INE794B01026,True
1473,NSE_EQ|INE050E01027,BALAMINES,EQ,NSE,BALAJI AMINES LIMITED,Others,INE050E01027,True
5952,NSE_EQ|INE618N01022,BALAXI,BE,NSE,BALAXI PHARMA LTD,Others,INE618N01022,True
8560,NSE_EQ|INE0U0201016,BALCO,ST,NSE,SOLVE PLASTIC PRODUCTS L,Others,INE0U0201016,True
1219,NSE_EQ|INE875R01011,BALKRISHNA,EQ,NSE,BALKRISHNA PAPER MILLS L,Others,INE875R01011,True
68,NSE_EQ|INE787D01026,BALKRISIND,EQ,NSE,BALKRISHNA IND. LTD,Tyres & Allied,INE787D01026,True
1529,NSE_EQ|INE164A01016,BALMLAWRIE,EQ,NSE,BALMER LAWRIE & CO LTD,Others,INE164A01016,True
2343,NSE_EQ|INE083D01012,BALPHARMA,EQ,NSE,BAL PHARMA LTD.,Others,INE083D01012,True
69,NSE_EQ|INE119A01028,BALRAMCHIN,EQ,NSE,BALRAMPUR CHINI MILLS LTD,Sugar,INE119A01028,True
2113,NSE_EQ|INE011E01029,BALUFORGE,EQ,NSE,BALU FORGE INDUSTRIES LTD,Others,INE011E01029,True
1384,NSE_EQ|INE655B01011,BANARBEADS,EQ,NSE,BANARAS BEADS LTD,Others,INE655B01011,True
598,NSE_EQ|INE459A01010,BANARISUG,EQ,NSE,BANNARI AMMAN SUGARS LTD,Others,INE459A01010,True
2209,NSE_EQ|INE213C01025,BANCOINDIA,EQ,NSE,BANCO PRODUCTS (I) LTD,Others,INE213C01025,True
70,NSE_EQ|INE545U01014,BANDHANBNK,EQ,NSE,BANDHAN BANK LIMITED,Bank,INE545U01014,True
720,NSE_EQ|INE863I01016,BANG,EQ,NSE,BANG OVERSEAS LTD.,Others,INE863I01016,True
506,NSE_INDEX|Nifty Bank,BANK NIFTY,INDEX,NSE,Nifty Bank Index,INDEX,IN9999999999,True
3722,NSE_EQ|INE862Y01015,BANKA,BE,NSE,BANKA BIOLOO LIMITED,Others,INE862Y01015,True
1835,NSE_EQ|INF740KA1RX3,BANKADD,EQ,NSE,DSPAMC - DSPBANK,Others,INF740KA1RX3,True
71,NSE_EQ|INE028A01039,BANKBARODA,EQ,NSE,BANK OF BARODA,Bank,INE028A01039,True
1645,NSE_EQ|INF204KB15I9,BANKBEES,EQ,NSE,NIP IND ETF BANK BEES,Others,INF204KB15I9,True
1012,NSE_EQ|INF789F1AUV1,BANKBETA,EQ,NSE,UTIAMC-BANKBETA,Others,INF789F1AUV1,True
1734,NSE_EQ|INF0QA701714,BANKBETF,EQ,NSE,BFAM - BANKBETF,Others,INF0QA701714,True
1218,NSE_EQ|INF769K01KR3,BANKETF,EQ,NSE,MIRAEAMC - BANKETF,Others,INF769K01KR3,True
1732,NSE_EQ|INF109KC15I8,BANKIETF,EQ,NSE,ICICIPRAMC - IPRU5008,Others,INF109KC15I8,True
72,NSE_EQ|INE084A01016,BANKINDIA,EQ,NSE,BANK OF INDIA,Bank,INE084A01016,True
1233,NSE_EQ|INF769K01LZ4,BANKPSU,EQ,NSE,MIRAEAMC - BANKPSU,Others,INF769K01LZ4,True
1651,NSE_EQ|INE0B9K01025,BANSALWIRE,EQ,NSE,BANSAL WIRE INDUSTRIES L,Others,INE0B9K01025,True
549,NSE_EQ|INE629D01020,BANSWRAS,EQ,NSE,BANSWARA SYNTEX LIMITED,Others,INE629D01020,True
4941,NSE_EQ|INE0QX401014,BARFLEX,SM,NSE,BARFLEX POLYFILMS LIMITED,Others,INE0QX401014,True
59,NSE_EQ|INE373A01013,BASF,EQ,NSE,BASF INDIA LTD,Agrochemicals,INE373A01013,True
5298,NSE_EQ|INE0OCC01013,BASILIC,SM,NSE,BASILIC FLY STUDIO LTD,Others,INE0OCC01013,True
1525,NSE_EQ|INE186H01022,BASML,EQ,NSE,BANNARI AM SPIN MILL LTD.,Others,INE186H01022,True
74,NSE_EQ|INE176A01028,BATAINDIA,EQ,NSE,BATA INDIA LTD,Footwear,INE176A01028,True
1705,NSE_EQ|INE177C01022,BATLIBOI,EQ,NSE,BATLIBOI LTD.,Others,INE177C01022,True
8919,NSE_EQ|INE0JFJ01011,BAWEJA,ST,NSE,BAWEJA STUDIOS LIMITED,Others,INE0JFJ01011,True
75,NSE_EQ|INE462A01022,BAYERCROP,EQ,NSE,BAYER CROPSCIENCE LTD,Agrochemicals,INE462A01022,True
1898,NSE_EQ|INE464A01036,BBL,EQ,NSE,BHARAT BIJLEE LTD,Others,INE464A01036,True
840,NSE_EQ|INF251K01TL6,BBNPNBETF,EQ,NSE,BARODABNP - BBNPNBETF,Others,INF251K01TL6,True
807,NSE_EQ|INF251K01SU9,BBNPPGOLD,EQ,NSE,BARODABNP - BBNPPGOLD,Others,INF251K01SU9,True
662,NSE_EQ|INE676A01027,BBOX,EQ,NSE,BLACK BOX LIMITED,Others,INE676A01027,True
90,NSE_EQ|INE050A01025,BBTC,EQ,NSE,BOMBAY BURMAH TRADING COR,Agriculture,INE050A01025,True
1050,NSE_EQ|INE01EE01011,BBTCL,EQ,NSE,B&B TRIPLEWALL CONT LTD,Others,INE01EE01011,True
779,NSE_EQ|INE425B01027,BCG,EQ,NSE,BRIGHTCOM GROUP LIMITED,Others,INE425B01027,True
1300,NSE_EQ|INE412G01024,BCLIND,EQ,NSE,BCL INDUSTRIES LIMITED,Others,INE412G01024,True
530,NSE_EQ|INE977Y01011,BCONCEPTS,EQ,NSE,BRAND CONCEPTS LIMITED,Others,INE977Y01011,True
1099,NSE_EQ|INE00SW01015,BCPL,EQ,NSE,BCPL RAILWAY INFRA LTD,Others,INE00SW01015,True
77,NSE_EQ|INE171Z01026,BDL,EQ,NSE,BHARAT DYNAMICS LIMITED,Defence,INE171Z01026,True
4832,NSE_EQ|INE766Q01014,BDR,IT,NSE,BDR BUILDCON LIMITED,Others,INE766Q01014,True
7206,NSE_EQ|INE639X01027,BEACON,ST,NSE,BEACON TRUSTEESHIP LTD,Others,INE639X01027,True
2505,NSE_EQ|INE520H01022,BEARDSELL,EQ,NSE,BEARDSELL LIMITED,Others,INE520H01022,True
1017,NSE_EQ|INE495P01020,BECTORFOOD,EQ,NSE,MRS BECTORS FOOD SPE LTD,Others,INE495P01020,True
1557,NSE_EQ|INE844K01012,BEDMUTHA,EQ,NSE,BEDMUTHA INDUST LTD,Others,INE844K01012,True
2369,NSE_EQ|INE213D01015,BEEKAY,EQ,NSE,BEEKAY STEEL INDS. LTD.,Others,INE213D01015,True
78,NSE_EQ|INE263A01024,BEL,EQ,NSE,BHARAT ELECTRONICS LTD,Engineering,INE263A01024,True
2449,NSE_EQ|INE344T01014,BELLACASA,EQ,NSE,BELLA CASA FASH AND RET L,Others,INE344T01014,True
1139,NSE_EQ|INE894V01022,BELRISE,EQ,NSE,BELRISE INDUSTRIES LTD,Others,INE894V01022,True
60,NSE_EQ|INE258A01024,BEML,EQ,NSE,BEML LIMITED,Aerospace & Defence,INE258A01024,True
1227,NSE_EQ|INE083K01017,BENGALASM,EQ,NSE,BENGAL & ASSAM CO. LTD.,Others,INE083K01017,True
2459,NSE_EQ|INE922A01025,BEPL,EQ,NSE,BHANSALI ENG. POLYMERS LT,Others,INE922A01025,True
76,NSE_EQ|INE463A01038,BERGEPAINT,EQ,NSE,BERGER PAINTS (I) LTD,Paints,INE463A01038,True
2277,NSE_EQ|INE052T01021,BESTAGRO,EQ,NSE,BEST AGROLIFE LIMITED,Others,INE052T01021,True
1707,NSE_EQ|INE351Y01019,BETA,EQ,NSE,BETA DRUGS LIMITED,Others,INE351Y01019,True
5916,NSE_EQ|INE0HQI01014,BEWLTD,SM,NSE,BEW ENGINEERING LIMITED,Others,INE0HQI01014,True
1979,NSE_EQ|INE878K01010,BFINVEST,EQ,NSE,BF INVESTMENT LIMITED,Others,INE878K01010,True
1259,NSE_EQ|INF769K01HI8,BFSI,EQ,NSE,MIRAEAMC - MAFSETF,Others,INF769K01HI8,True
2021,NSE_EQ|INE243D01012,BFUTILITIE,EQ,NSE,BF UTILITIES LIMITED,Others,INE243D01012,True
9436,NSE_EQ|INE224M01013,BGLOBAL,BZ,NSE,BHARATIYA GLOBAL INFO LTD,Others,INE224M01013,True
7987,NSE_EQ|INE661I01014,BGRENERGY,BE,NSE,BGR ENERGY SYSTEMS LTD,Others,INE661I01014,True
8688,NSE_EQ|INE0ZRC01017,BHADORA,SM,NSE,BHADORA INDUSTRIES LTD,Others,INE0ZRC01017,True
2392,NSE_EQ|INE414D01027,BHAGCHEM,EQ,NSE,BHAGIRADHA CHEM & INDS L,Others,INE414D01027,True
1640,NSE_EQ|INE354C01027,BHAGERIA,EQ,NSE,BHAGERIA INDUSTRIES LTD,Others,INE354C01027,True
8051,NSE_EQ|INE458B01036,BHAGYANGR,BE,NSE,BHAGYANAGAR INDIA LIMITED,Others,INE458B01036,True
7671,NSE_EQ|INE474E01029,BHANDARI,BE,NSE,BHANDARI HOSIERY EXP LTD,Others,INE474E01029,True
1875,NSE_EQ|INE05XR01022,BHARATCOAL,EQ,NSE,BHARAT COKING COAL LTD,Others,INE05XR01022,True
79,NSE_EQ|INE465A01025,BHARATFORG,EQ,NSE,BHARAT FORGE LTD,Forgings,INE465A01025,True
1329,NSE_EQ|INE561C01019,BHARATGEAR,EQ,NSE,BHARAT GEARS LTD.,Others,INE561C01019,True
1998,NSE_EQ|INE838B01021,BHARATRAS,EQ,NSE,BHARAT RASAYAN LTD,Others,INE838B01021,True
1426,NSE_EQ|INE415D01024,BHARATSE,EQ,NSE,BHARAT SEATS LIMITED,Others,INE415D01024,True
1301,NSE_EQ|INE316L01019,BHARATWIRE,EQ,NSE,BHARAT WIRE ROPES LTD.,Others,INE316L01019,True
82,NSE_EQ|INE397D01024,BHARTIARTL,EQ,NSE,BHARTI AIRTEL LIMITED,Telecommunication,INE397D01024,True
83,NSE_EQ|INE343G01021,BHARTIHEXA,EQ,NSE,BHARTI HEXACOM LIMITED,Telecom-Service,INE343G01021,True
80,NSE_EQ|INE257A01026,BHEL,EQ,NSE,BHEL,Engineering,INE257A01026,True
2355,NSE_EQ|INE986A01012,BI,EQ,NSE,BILCARE LTD.,Others,INE986A01012,True
1266,NSE_EQ|INE412U01025,BIGBLOC,EQ,NSE,BIGBLOC CONSTRUCTION LTD,Others,INE412U01025,True
84,NSE_EQ|INE00E101023,BIKAJI,EQ,NSE,BIKAJI FOODS INTERN LTD,Consumer Food,INE00E101023,True
4756,NSE_EQ|INE0SQH01013,BIKEWO,SM,NSE,BIKEWO GREEN TECH LIMITED,Others,INE0SQH01013,True
687,NSE_EQ|INE828A01016,BIL,EQ,NSE,BHARTIYA INTERNATIONAL,Others,INE828A01016,True
7899,NSE_EQ|INE071A01013,BILVYAPAR,BE,NSE,BIL VYAPAR LIMITED,Others,INE071A01013,True
1119,NSE_EQ|INE469A01019,BIMETAL,EQ,NSE,BIMETAL BEARINGS LTD.,Others,INE469A01019,True
85,NSE_EQ|INE376G01013,BIOCON,EQ,NSE,BIOCON LIMITED.,Pharmaceuticals,INE376G01013,True
1996,NSE_EQ|INE829A01014,BIOFILCHEM,EQ,NSE,BIOFIL CHEM & PHARMA LTD,Others,INE829A01014,True
2748,NSE_EQ|INE0XW001014,BIOPOL,SM,NSE,BIOPOL CHEMICALS LIMITED,Others,INE0XW001014,True
4253,NSE_EQ|INE0PC901019,BIRDYS,ST,NSE,GRILL SPLENDOUR SER LTD,Others,INE0PC901019,True
6693,NSE_EQ|INE0FDU25010,BIRET,RR,NSE,BROOKFIELD INDIA RET,Others,INE0FDU25010,True
3460,NSE_EQ|INE800A01015,BIRLACABLE,BE,NSE,BIRLA CABLE LIMITED,Others,INE800A01015,True
1894,NSE_EQ|INE340A01012,BIRLACORPN,EQ,NSE,BIRLA CORPORATION LTD,Others,INE340A01012,True
593,NSE_EQ|INE865C01022,BIRLAMONEY,EQ,NSE,ADITYA BIRLA MONEY LTD,Others,INE865C01022,True
596,NSE_EQ|INE557A01011,BIRLANU,EQ,NSE,BIRLANU LIMITED,Others,INE557A01011,True
1569,NSE_EQ|INE372E01025,BIRLAPREC,EQ,NSE,BIRLA PRECISION TECH L,Others,INE372E01025,True
1241,NSE_EQ|INE0UIZ01018,BLACKBUCK,EQ,NSE,BLACKBUCK LIMITED,Others,INE0UIZ01018,True
1913,NSE_EQ|INE761G01016,BLACKROSE,EQ,NSE,BLACK ROSE INDS. LTD.,Others,INE761G01016,True
1958,NSE_EQ|INE0N7W01012,BLAL,EQ,NSE,BEML LAND ASSETS LIMITED,Others,INE0N7W01012,True
790,NSE_EQ|INE791A01024,BLBLIMITED,EQ,NSE,BLB LIMITED,Others,INE791A01024,True
767,NSE_EQ|INE525F01025,BLIL,EQ,NSE,BALMER LAWRIE INVSTS. L,Others,INE525F01025,True
2321,NSE_EQ|INE416D01022,BLISSGVS,EQ,NSE,BLISS GVS PHARMA LTD,Others,INE416D01022,True
1126,NSE_EQ|INE350H01032,BLKASHYAP,EQ,NSE,B.L.KASHYAP & SON LTD,Others,INE350H01032,True
61,NSE_EQ|INE153T01027,BLS,EQ,NSE,BLS INTL SERVS LTD,Miscellaneous,INE153T01027,True
1851,NSE_EQ|INE0NLT01010,BLSE,EQ,NSE,BLS E-SERVICES LIMITED,Others,INE0NLT01010,True
5344,NSE_EQ|INE657B01025,BLUECHIP,BE,NSE,BLUE CHIP INDIA LIMITED,Others,INE657B01025,True
8341,NSE_EQ|INE472B01011,BLUECOAST,BE,NSE,BLUE COAST HOTELS LIMITED,Others,INE472B01011,True
87,NSE_EQ|INE233B01017,BLUEDART,EQ,NSE,BLUE DART EXPRESS LTD,Courier Services,INE233B01017,True
88,NSE_EQ|INE0KBH01020,BLUEJET,EQ,NSE,BLUE JET HEALTHCARE LTD,Pharmaceuticals,INE0KBH01020,True
3991,NSE_EQ|INE0SAK01011,BLUEPEBBLE,SM,NSE,BLUE PEBBLE LIMITED,Others,INE0SAK01011,True
89,NSE_EQ|INE472A01039,BLUESTARCO,EQ,NSE,BLUE STAR LIMITED,Air Conditioners,INE472A01039,True
1200,NSE_EQ|INE304W01038,BLUESTONE,EQ,NSE,BLUESTONE JEWEL LFSTL LTD,Others,INE304W01038,True
3502,NSE_EQ|INE0X3M01010,BLUEWATER,ST,NSE,BLUE WATER LOGISTICS LTD,Others,INE0X3M01010,True
2118,NSE_EQ|INE0U4101014,BLUSPRING,EQ,NSE,BLUSPRING ENTERPRISES LTD,Others,INE0U4101014,True
4455,NSE_EQ|INE0I3Y01014,BMETRICS,SM,NSE,BOMBAY METRICS S C LTD,Others,INE0I3Y01014,True
6331,NSE_EQ|INE1BKA01015,BMLL,SM,NSE,BIO MEDICA LABORATORIES L,Others,INE1BKA01015,True
1395,NSE_EQ|INE965W01036,BMWVENTLTD,EQ,NSE,BMW VENTURES LIMITED,Others,INE965W01036,True
8294,NSE_EQ|INE00HZ01011,BNAGROCHEM,BE,NSE,BN AGROCHEM LTD.,Others,INE00HZ01011,True
1999,NSE_EQ|INE489D01011,BNALTD,EQ,NSE,B & A LTD.,Others,INE489D01011,True
4845,NSE_EQ|INE338D01028,BODALCHEM,BE,NSE,BODAL CHEMICALS LTD,Others,INE338D01028,True
2024,NSE_EQ|INE802W01023,BOHRAIND,EQ,NSE,BOHRA INDUSTRIES LIMITED,Others,INE802W01023,True
540,NSE_EQ|INE032A01023,BOMDYEING,EQ,NSE,BOMBAY DYEING & MFG. CO L,Others,INE032A01023,True
1428,NSE_EQ|INE0B9A01018,BONLON,EQ,NSE,BONLON INDUSTRIES LIMITED,Others,INE0B9A01018,True
1953,NSE_EQ|INE16SF01016,BORANA,EQ,NSE,BORANA WEAVES LIMITED,Others,INE16SF01016,True
1743,NSE_EQ|INE02PY01013,BOROLTD,EQ,NSE,BOROSIL LIMITED,Others,INE02PY01013,True
1575,NSE_EQ|INE666D01022,BORORENEW,EQ,NSE,BOROSIL RENEWABLES LTD,Others,INE666D01022,True
2391,NSE_EQ|INE02L001032,BOROSCI,EQ,NSE,BOROSIL SCIENTIFIC LTD,Others,INE02L001032,True
1230,NSE_EQ|INE782A01015,BOSCH-HCIL,EQ,NSE,BOSCH HOME COMFRT IND LTD,Others,INE782A01015,True
91,NSE_EQ|INE323A01026,BOSCHLTD,EQ,NSE,BOSCH LIMITED,Auto Ancillary,INE323A01026,True
5098,NSE_EQ|INE0QNI01012,BOSS,SM,NSE,BOSS PACKAGING SOLU LTD,Others,INE0QNI01012,True
81,NSE_EQ|INE029A01011,BPCL,EQ,NSE,BHARAT PETROLEUM CORP  LT,Refineries,INE029A01011,True
1673,NSE_EQ|INE110A01019,BPL,EQ,NSE,BPL LTD,Others,INE110A01019,True
6710,NSE_EQ|INE0R4Z01018,BRACEPORT,SM,NSE,BRACE PORT LOGISTICS LTD,Others,INE0R4Z01018,True
2861,NSE_EQ|INE0XUD01014,BRANDMAN,ST,NSE,BRANDMAN RETAIL LIMITED,Others,INE0XUD01014,True
93,NSE_EQ|INE791I01019,BRIGADE,EQ,NSE,BRIGADE ENTER. LTD,Construction,INE791I01019,True
916,NSE_EQ|INE03NU01014,BRIGHOTEL,EQ,NSE,BRIGADE HOTEL VENTURE LTD,Others,INE03NU01014,True
94,NSE_EQ|INE216A01030,BRITANNIA,EQ,NSE,BRITANNIA INDUSTRIES LTD,Consumer Food,INE216A01030,True
763,NSE_EQ|INE727S01012,BRNL,EQ,NSE,BHARAT ROAD NETWORK LTD,Others,INE727S01012,True
7495,NSE_EQ|INE650L01011,BROOKS,BE,NSE,BROOKS LAB LIMITED,Others,INE650L01011,True
62,NSE_EQ|INE118H01025,BSE,EQ,NSE,BSE LIMITED,Finance,INE118H01025,True
4682,NSE_EQ|INE032Z01020,BSHSL,BE,NSE,BOMBAY SUPER HYBRID SEEDS,Others,INE032Z01020,True
2119,NSE_EQ|INE594B01012,BSL,EQ,NSE,BSL LTD,Others,INE594B01012,True
1309,NSE_EQ|INF209KB18D3,BSLGOLDETF,EQ,NSE,ADITYBIRLA SL GOLD ETF-GR,Others,INF209KB18D3,True
1340,NSE_EQ|INF209KB19D1,BSLNIFTY,EQ,NSE,ADITYBIRLA SL NIF ETF-GR,Others,INF209KB19D1,True
1113,NSE_EQ|INF209KB10E8,BSLSENETFG,EQ,NSE,BIRLASLAMC - BSLSENETFG,Others,INF209KB10E8,True
86,NSE_EQ|INE836A01035,BSOFT,EQ,NSE,BIRLASOFT LIMITED,IT - Software,INE836A01035,True
2446,NSE_EQ|INE0EEJ01023,BTML,EQ,NSE,BODHI TREE MULTIMEDIA LTD,Others,INE0EEJ01023,True
2427,NSE_EQ|INE274K01012,BTTL,EQ,NSE,BHILWARA TECHNICAL TEXT L,Others,INE274K01012,True
2134,NSE_EQ|INE24OJ01011,BUILDPRO,EQ,NSE,SHANKARA BUILDPRO LIMITED,Others,INE24OJ01011,True
8380,NSE_EQ|INE0SZ301012,BULKCORP,SM,NSE,BULKCORP INTERNATIONAL L,Others,INE0SZ301012,True
2212,NSE_EQ|INE295F01017,BUTTERFLY,EQ,NSE,BTRFLY GANDHI APPL LTD,Others,INE295F01017,True
2137,NSE_EQ|INE139I01011,BVCL,EQ,NSE,BARAK VALLEY CEM. LTD.,Others,INE139I01011,True
520,NSE_EQ|INE319B01014,BYKE,EQ,NSE,THE BYKE HOSPITALITY LTD,Others,INE319B01014,True
8459,NSE_EQ|INE090Y01013,CADSYS,ST,NSE,CADSYS (INDIA) LIMITED,Others,INE090Y01013,True
8471,NSE_EQ|INE526B01014,CALSOFT,BE,NSE,CALIFORNIA SOFTWARE CO LT,Others,INE526B01014,True
1215,NSE_EQ|INE052I01032,CAMLINFINE,EQ,NSE,CAMLIN FINE SCIENCES LTD,Others,INE052I01032,True
100,NSE_EQ|INE278Y01022,CAMPUS,EQ,NSE,CAMPUS ACTIVEWEAR LIMITED,Footwear,INE278Y01022,True
126,NSE_EQ|INE596I01020,CAMS,EQ,NSE,COMPUTER AGE MNGT SER LTD,Financial Services,INE596I01020,True
7586,NSE_EQ|INE0QG301017,CANARYS,SM,NSE,CANARYS AUTOMATIONS LTD,Others,INE0QG301017,True
102,NSE_EQ|INE476A01022,CANBK,EQ,NSE,CANARA BANK,Bank,INE476A01022,True
101,NSE_EQ|INE477A01020,CANFINHOME,EQ,NSE,CAN FIN HOMES LTD,Housing Finance,INE477A01020,True
1829,NSE_EQ|INE01TY01017,CANHLIFE,EQ,NSE,CANARA HSBC LIFE INS CO L,Others,INE01TY01017,True
1849,NSE_EQ|INE068L01024,CANTABIL,EQ,NSE,CANTABIL RETAIL LTD,Others,INE068L01024,True
1059,NSE_EQ|INE264T01014,CAPACITE,EQ,NSE,CAPACITE INFRAPROJECT LTD,Others,INE264T01014,True
1780,NSE_EQ|INE0ILV01024,CAPILLARY,EQ,NSE,CAPILLARY TECHNO INDIA L,Others,INE0ILV01024,True
7573,NSE_EQ|INE0Z8Z23013,CAPINVIT,IV,NSE,CAPITAL INFRA TRUST,Others,INE0Z8Z23013,True
2100,NSE_EQ|INE646H01017,CAPITALSFB,EQ,NSE,CAPITAL SMALL FIN BANK L,Others,INE646H01017,True
103,NSE_EQ|INE475E01026,CAPLIPOINT,EQ,NSE,CAPLIN POINT LAB LTD.,Pharmaceuticals,INE475E01026,True
5120,NSE_EQ|INE707C01018,CAPTRUST,BE,NSE,CAPITAL TRUST LIMITED,Others,INE707C01018,True
105,NSE_EQ|INE120A01034,CARBORUNIV,EQ,NSE,CARBORUNDUM UNIVERSAL LTD,Abrasives,INE120A01034,True
839,NSE_EQ|INE752H01013,CARERATING,EQ,NSE,CARE RATINGS LIMITED,Others,INE752H01013,True
2258,NSE_EQ|INE0V7W01012,CARRARO,EQ,NSE,CARRARO INDIA LIMITED,Others,INE0V7W01012,True
2199,NSE_EQ|INE290S01011,CARTRADE,EQ,NSE,CARTRADE TECH LIMITED,Others,INE290S01011,True
1897,NSE_EQ|INE482D01024,CARYSIL,EQ,NSE,CARYSIL LIMITED,Others,INE482D01024,True
1030,NSE_EQ|INF109K1A021,CASHIETF,EQ,NSE,ICICIPRAMC - CASHIETF,Others,INF109K1A021,True
106,NSE_EQ|INE172A01027,CASTROLIND,EQ,NSE,CASTROL INDIA LIMITED,Lubricants,INE172A01027,True
4926,NSE_EQ|INE518X01015,CBAZAAR,SM,NSE,NET AVENUE TECHNOLOGIES L,Others,INE518X01015,True
1405,NSE_EQ|INE483S01020,CCAVENUE,EQ,NSE,AVENUESAI LIMITED,Others,INE483S01020,True
2245,NSE_EQ|INE429I01024,CCCL,EQ,NSE,CONS. CONST. CONSORT LTD,Others,INE429I01024,True
1523,NSE_EQ|INE652F01027,CCHHL,EQ,NSE,COUNTRY CLUB HOSP HOL LTD,Others,INE652F01027,True
96,NSE_EQ|INE421D01022,CCL,EQ,NSE,CCL PRODUCTS (I) LTD,Tea/Coffee,INE421D01022,True
109,NSE_EQ|INE736A01011,CDSL,EQ,NSE,CENTRAL DEPO SER (I) LTD,NBFC,INE736A01011,True
107,NSE_EQ|INE482A01020,CEATLTD,EQ,NSE,CEAT LIMITED,Tyres & Allied,INE482A01020,True
7087,NSE_EQ|INE11J101017,CEDAAR,SM,NSE,CEDAAR TEXTILE LIMITED,Others,INE11J101017,True
1366,NSE_EQ|INE0AG901020,CEIGALL,EQ,NSE,CEIGALL INDIA LIMITED,Others,INE0AG901020,True
544,NSE_EQ|INE016Q01014,CEINSYS,EQ,NSE,CEINSYS TECH LIMITED,Others,INE016Q01014,True
2337,NSE_EQ|INE185H01016,CELEBRITY,EQ,NSE,CELEBRITY FASHIONS LTD,Others,INE185H01016,True
4981,NSE_EQ|INE0OMO01025,CELLECOR,ST,NSE,CELLECOR GADGETS LIMITED,Others,INE0OMO01025,True
725,NSE_EQ|INE0LMW01024,CELLO,EQ,NSE,CELLO WORLD LIMITED,Others,INE0LMW01024,True
6676,NSE_EQ|INE0O0001013,CELLPOINT,SM,NSE,CELL POINT (INDIA) LTD,Others,INE0O0001013,True
1588,NSE_EQ|INE686A01026,CEMPRO,EQ,NSE,CEMINDIA PROJECTS LIMITED,Others,INE686A01026,True
2370,NSE_EQ|INE485A01015,CENTENKA,EQ,NSE,CENTURY ENKA LTD,Others,INE485A01015,True
1344,NSE_EQ|INE281A01026,CENTEXT,EQ,NSE,CENTURY EXTRUSIONS LTD,Others,INE281A01026,True
108,NSE_EQ|INE483A01010,CENTRALBK,EQ,NSE,CENTRAL BANK OF INDIA,Bank,INE483A01010,True
537,NSE_EQ|INE660C01027,CENTRUM,EQ,NSE,CENTRUM CAPITAL LIMITED,Others,INE660C01027,True
1394,NSE_EQ|INE320B01020,CENTUM,EQ,NSE,CENTUM ELECTRONICS LTD,Others,INE320B01020,True
110,NSE_EQ|INE348B01021,CENTURYPLY,EQ,NSE,CENTURY PLYBOARDS (I) LTD,wood Products,INE348B01021,True
111,NSE_EQ|INE739E01017,CERA,EQ,NSE,CERA SANITARYWARE LTD,Ceramics,INE739E01017,True
6516,NSE_EQ|INE345B01019,CEREBRAINT,BZ,NSE,CEREBRA INT TECH LTD,Others,INE345B01019,True
97,NSE_EQ|INE486A01021,CESC,EQ,NSE,CESC LTD,Power,INE486A01021,True
1522,NSE_EQ|INE037Z01029,CEWATER,EQ,NSE,CONCORD ENVIRO SYSTEMS L,Others,INE037Z01029,True
104,NSE_EQ|INE180C01042,CGCL,EQ,NSE,CAPRI GLOBAL CAPITAL LTD,Investment,INE180C01042,True
98,NSE_EQ|INE067A01029,CGPOWER,EQ,NSE,CG POWER AND IND SOL LTD,Electric Equipment,INE067A01029,True
4268,NSE_EQ|INE0R7401011,CGRAPHICS,SM,NSE,CREATIVE GRAPHICS S IND L,Others,INE0R7401011,True
112,NSE_EQ|INE427F01016,CHALET,EQ,NSE,CHALET HOTELS LIMITED,Hotel,INE427F01016,True
113,NSE_EQ|INE085A01013,CHAMBLFERT,EQ,NSE,CHAMBAL FERTILIZERS LTD,Fertilizers,INE085A01013,True
4056,NSE_EQ|INE11HG01018,CHAMUNDA,SM,NSE,CHAMUNDA ELECTRICAL LTD,Others,INE11HG01018,True
5478,NSE_EQ|INE0B2N01016,CHANDAN,SM,NSE,CHANDAN HEALTHCARE LTD,Others,INE0B2N01016,True
4982,NSE_EQ|INE0PT101017,CHAVDA,SM,NSE,CHAVDA INFRA LIMITED,Others,INE0PT101017,True
4054,NSE_EQ|INE995D01025,CHEMBOND,BE,NSE,CHEMBOND MATERIALTECH LTD,Others,INE995D01025,True
4807,NSE_EQ|INE0TGX01019,CHEMBONDCH,BE,NSE,CHEMBOND CHEMICAL LIMITED,Others,INE0TGX01019,True
1196,NSE_EQ|INE03YM01018,CHEMCON,EQ,NSE,CHEMCON SPECIAL CHEM LTD,Others,INE03YM01018,True
8407,NSE_EQ|INE783X01023,CHEMFAB,BE,NSE,CHEMFAB ALKALIS LIMITED,Others,INE783X01023,True
525,NSE_EQ|INF174KA1XV0,CHEMICAL,EQ,NSE,KOTAKMAMC - CHEMICAL,Others,INF174KA1XV0,True
1501,NSE_EQ|INE488A01050,CHEMPLASTS,EQ,NSE,CHEMPLAST SANMAR LIMITED,Others,INE488A01050,True
114,NSE_EQ|INE178A01016,CHENNPETRO,EQ,NSE,CHENNAI PETROLEUM CORP LT,Refineries,INE178A01016,True
7727,NSE_EQ|INE0U1T01012,CHETANA,ST,NSE,CHETANA EDUCATION LIMITED,Others,INE0U1T01012,True
1724,NSE_EQ|INE974B01016,CHEVIOT,EQ,NSE,CHEVIOT COMPANY LIMITED,Others,INE974B01016,True
832,NSE_EQ|INF2KCX01012,CHOICEGOLD,EQ,NSE,CHOICEAMC - CHOICEGOLD,Others,INF2KCX01012,True
115,NSE_EQ|INE102B01014,CHOICEIN,EQ,NSE,CHOICE INTERNATIONAL LTD,Stock Broking,INE102B01014,True
5830,NSE_EQ|INE121A08PJ0,CHOLAFIN,D1,NSE,CHOLAMANDALAM IN & FIN CO,Others,INE121A08PJ0,True
117,NSE_EQ|INE121A01024,CHOLAFIN,EQ,NSE,CHOLAMANDALAM IN & FIN CO,NBFC,INE121A01024,True
116,NSE_EQ|INE149A01033,CHOLAHLDNG,EQ,NSE,CHOLAMANDALAM FIN HOL LTD,Investment,INE149A01033,True
1170,NSE_EQ|INE536H01010,CIEINDIA,EQ,NSE,CIE AUTOMOTIVE INDIA LTD,Others,INE536H01010,True
2117,NSE_EQ|INE345H01024,CIFL,EQ,NSE,CAPITAL INDIA FINANCE LTD,Others,INE345H01024,True
1831,NSE_EQ|INE704H01022,CINELINE,EQ,NSE,CINELINE INDIA LIMITED,Others,INE704H01022,True
1061,NSE_EQ|INE039B01026,CINEVISTA,EQ,NSE,CINEVISTA LIMITED,Others,INE039B01026,True
118,NSE_EQ|INE059A01026,CIPLA,EQ,NSE,CIPLA LTD,Pharmaceuticals,INE059A01026,True
5021,NSE_EQ|INE2Q7823014,CITIUSINVT,IV,NSE,CITIUS TRANSNET INV TRUST,Others,INE2Q7823014,True
6895,NSE_EQ|INE0SMX01019,CKKRETAIL,SM,NSE,C K K RETAIL MART LIMITED,Others,INE0SMX01019,True
3094,NSE_EQ|INE0UQ601012,CLASSICEIL,ST,NSE,CLASSIC ELECTRODE (IND) L,Others,INE0UQ601012,True
5575,NSE_EQ|INE376C01038,CLCIND,BE,NSE,CLC INDUSTRIES LIMITED,Others,INE376C01038,True
120,NSE_EQ|INE227W01023,CLEAN,EQ,NSE,CLEAN SCIENCE & TECH LTD,Chemicals,INE227W01023,True
669,NSE_EQ|INE647U01026,CLEANMAX,EQ,NSE,CLEAN MAX ENVIRO EN SOL L,Others,INE647U01026,True
5023,NSE_EQ|INE201M01029,CLEDUCATE,BE,NSE,CL EDUCATE LIMITED,Others,INE201M01029,True
1804,NSE_EQ|INE419D01026,CLSEL,EQ,NSE,CHAMAN LAL SETIA EXP LTD,Others,INE419D01026,True
5754,NSE_EQ|INE00NH01017,CLSL,SM,NSE,CROP LIFE SCIENCE LIMITED,Others,INE00NH01017,True
5834,NSE_EQ|INE981B01011,CMICABLES,BZ,NSE,CMI LIMITED,Others,INE981B01011,True
3698,NSE_EQ|INE06PV01010,CMNL,SM,NSE,CHAMAN METALLICS LIMITED,Others,INE06PV01010,True
1479,NSE_EQ|INE05HV01027,CMPDI,EQ,NSE,CENTRAL MINE P N D INST L,Others,INE05HV01027,True
1468,NSE_EQ|INE00WV01027,CMRGREEN,EQ,NSE,CMR GREEN TECHNOLOGIES L,Others,INE00WV01027,True
4422,NSE_EQ|INE075Z01011,CMRSL,SM,NSE,CYBER MEDIA RES & SER LTD,Others,INE075Z01011,True
935,NSE_EQ|INE925R01014,CMSINFO,EQ,NSE,CMS INFO SYSTEMS LIMITED,Others,INE925R01014,True
2221,NSE_EQ|INE985W01018,CNL,EQ,NSE,CREATIVE NEWTECH LIMITED,Others,INE985W01018,True
121,NSE_EQ|INE522F01014,COALINDIA,EQ,NSE,COAL INDIA LTD,Minerals,INE522F01014,True
1101,NSE_EQ|INE377E01024,COASTCORP,EQ,NSE,COASTAL CORPORATION LTD,Others,INE377E01024,True
122,NSE_EQ|INE704P01025,COCHINSHIP,EQ,NSE,COCHIN SHIPYARD LIMITED,Ship Building,INE704P01025,True
2172,NSE_EQ|INE515A01019,COCKERILL,EQ,NSE,JOHN COCKERILL INDIA LTD.,Others,INE515A01019,True
4236,NSE_EQ|INE335K01011,COFFEEDAY,BE,NSE,COFFEE DAY ENTERPRISE LTD,Others,INE335K01011,True
123,NSE_EQ|INE591G01025,COFORGE,EQ,NSE,COFORGE LIMITED,DVR,INE591G01025,True
124,NSE_EQ|INE03QK01018,COHANCE,EQ,NSE,COHANCE LIFESCIENCES LTD,Pharmaceuticals,INE03QK01018,True
125,NSE_EQ|INE259A01022,COLPAL,EQ,NSE,COLGATE PALMOLIVE LTD.,Household Products,INE259A01022,True
1303,NSE_EQ|INE819A01049,COMFINTE,EQ,NSE,COMFORT INTECH LTD.,Others,INE819A01049,True
6913,NSE_EQ|INE597Z01014,COMMITTED,ST,NSE,COMMITTED CARGO CARE LTD,Others,INE597Z01014,True
2309,NSE_EQ|INF109KC19O8,COMMOIETF,EQ,NSE,ICICIPRAMC - ICICICOMMO,Others,INF109KC19O8,True
6692,NSE_EQ|INE070C01037,COMPINFO,BZ,NSE,COMPUAGE INFOCOM LTD,Others,INE070C01037,True
2425,NSE_EQ|INE453B01029,COMPUSOFT,EQ,NSE,COMPUCOM SOFTWARE LTD,Others,INE453B01029,True
1482,NSE_EQ|INE073V01015,COMSYN,EQ,NSE,COMMERCIAL SYN BAGS LTD,Others,INE073V01015,True
128,NSE_EQ|INE111A01025,CONCOR,EQ,NSE,CONTAINER CORP OF IND LTD,Logistics,INE111A01025,True
127,NSE_EQ|INE338H01029,CONCORDBIO,EQ,NSE,CONCORD BIOTECH LIMITED,Pharmaceuticals,INE338H01029,True
2375,NSE_EQ|INE552D01024,CONFIPET,EQ,NSE,CONFIDENCE PETRO IND LTD.,Others,INE552D01024,True
7461,NSE_EQ|INE0EAS01014,CONNPLEX,SM,NSE,CONNPLEX CINEMAS LIMITED,Others,INE0EAS01014,True
645,NSE_EQ|INF174KA1ZF8,CONS,EQ,NSE,KOTAKMAMC - KOTAKCONS,Others,INF174KA1ZF8,True
1903,NSE_EQ|INE025A01027,CONSOFINVT,EQ,NSE,CONSO. FIN. & HOLD. LTD.,Others,INE025A01027,True
770,NSE_EQ|INF204KA1LD7,CONSUMBEES,EQ,NSE,NIP IND ETF CONSUMPTION,Others,INF204KA1LD7,True
1209,NSE_EQ|INF769K01NS5,CONSUMER,EQ,NSE,MIRAEAMC - CONSUMER,Others,INF769K01NS5,True
2510,NSE_EQ|INF109KC1V42,CONSUMIETF,EQ,NSE,ICICIPRAMC - ICICICONSU,Others,INF109KC1V42,True
8488,NSE_EQ|INE340Z01019,CONTI,SM,NSE,CONTINENTAL SEED CHEM LTD,Others,INE340Z01019,True
1206,NSE_EQ|INE663B01015,CONTROLPR,EQ,NSE,CONTROL PRINT LIMITED,Others,INE663B01015,True
3077,NSE_EQ|INE0HS001028,COOLCAPS,ST,NSE,COOL CAPS INDUSTRIES LTD,Others,INE0HS001028,True
1387,NSE_EQ|INE558D01021,CORALFINAC,EQ,NSE,CORAL INDIA FIN & HOUS LT,Others,INE558D01021,True
5708,NSE_EQ|INE792I01017,CORDSCABLE,BE,NSE,CORDS CABLE INDUS LTD.,Others,INE792I01017,True
129,NSE_EQ|INE169A01031,COROMANDEL,EQ,NSE,COROMANDEL INTERNTL. LTD,Fertilizers,INE169A01031,True
1943,NSE_EQ|INE02ZQ01018,CORONA,EQ,NSE,CORONA REMEDIES LIMITED,Others,INE02ZQ01018,True
1393,NSE_EQ|INE757A01017,COSMOFIRST,EQ,NSE,COSMO FIRST LIMITED,Others,INE757A01017,True
1399,NSE_EQ|INE695B01025,COUNCODOS,EQ,NSE,COUNTRY CONDO S LIMITED,Others,INE695B01025,True
7785,NSE_EQ|INE521J01018,CPCAP,BE,NSE,CP CAPITAL LIMITED,Others,INE521J01018,True
547,NSE_EQ|INE0P6P01016,CPEDU,EQ,NSE,CAREER POINT EDUTECH LTD,Others,INE0P6P01016,True
2048,NSE_EQ|INE819V01029,CPPLUS,EQ,NSE,ADITYA INFOTECH LIMITED,Others,INE819V01029,True
3864,NSE_EQ|INE0QBU01012,CPS,SM,NSE,C P S SHAPERS LIMITED,Others,INE0QBU01012,True
2177,NSE_EQ|INF457M01133,CPSEETF,EQ,NSE,CPSE ETF,Others,INF457M01133,True
130,NSE_EQ|INE00LO01017,CRAFTSMAN,EQ,NSE,CRAFTSMAN AUTOMATION LTD,Auto Ancillary,INE00LO01017,True
2007,NSE_EQ|INE218I01013,CRAMC,EQ,NSE,CANARA ROBECO AMC LIMITED,Others,INE218I01013,True
7760,NSE_EQ|INE0OFK01019,CRAYONS,SM,NSE,CRAYONS ADVERTISING LTD,Others,INE0OFK01019,True
1361,NSE_EQ|INE230B01021,CREATIVEYE,EQ,NSE,CREATIVE EYE LIMITED,Others,INE230B01021,True
131,NSE_EQ|INE741K01010,CREDITACC,EQ,NSE,CREDITACCESS GRAMEEN LTD,NBFC,INE741K01010,True
2267,NSE_EQ|INE559D01011,CREST,EQ,NSE,CREST VENTURES LIMITED,Others,INE559D01011,True
99,NSE_EQ|INE007A01025,CRISIL,EQ,NSE,CRISIL LTD,Ratings,INE007A01025,True
1103,NSE_EQ|INE0S4R01014,CRIZAC,EQ,NSE,CRIZAC LIMITED,Others,INE0S4R01014,True
132,NSE_EQ|INE299U01018,CROMPTON,EQ,NSE,CROMPT GREA CON ELEC LTD,Consumer Durables,INE299U01018,True
1302,NSE_EQ|INE491V01019,CROWN,EQ,NSE,CROWN LIFTERS LIMITED,Others,INE491V01019,True
2443,NSE_EQ|INE679A01013,CSBBANK,EQ,NSE,CSB BANK LIMITED,Others,INE679A01013,True
2116,NSE_EQ|INE718F01018,CSLFINANCE,EQ,NSE,CSL FINANCE LIMITED,Others,INE718F01018,True
9437,NSE_EQ|INE1EF801010,CSSL,SM,NSE,CLEAR SECURED SERVICES L,Others,INE1EF801010,True
2436,NSE_EQ|INE627H01017,CTE,EQ,NSE,CAMBRIDGE TECH ENTER LTD,Others,INE627H01017,True
119,NSE_EQ|INE491A01021,CUB,EQ,NSE,CITY UNION BANK LTD,Bank,INE491A01021,True
8800,NSE_EQ|INE0NR623014,CUBEINVIT,IV,NSE,CUBE HIGHWAYS TRUST,Others,INE0NR623014,True
1286,NSE_EQ|INE144D01012,CUBEXTUB,EQ,NSE,CUBEX TUBINGS LTD,Others,INE144D01012,True
3843,NSE_EQ|INE0WL201014,CUDML,ST,NSE,CASH UR DRIVE MARKETING L,Others,INE0WL201014,True
133,NSE_EQ|INE298A01020,CUMMINSIND,EQ,NSE,CUMMINS INDIA LTD,Diesel Engines,INE298A01020,True
2431,NSE_EQ|INE509F01029,CUPID,EQ,NSE,CUPID LIMITED,Others,INE509F01029,True
1664,NSE_EQ|INE117B01020,CURAA,EQ,NSE,CURA TECHNOLOGIES LIMITED,Others,INE117B01020,True
8952,NSE_EQ|INE1BZN01016,CURIS,SM,NSE,CURIS LIFESCIENCES LTD,Others,INE1BZN01016,True
3208,NSE_EQ|INE1CRQ01014,CURRENT,SM,NSE,CURRENT INFRAPROJECTS LTD,Others,INE1CRQ01014,True
3282,NSE_EQ|INE278G01037,CYBERMEDIA,BE,NSE,CYBER MEDIA (INDIA) LTD.,Others,INE278G01037,True
2429,NSE_EQ|INE214A01019,CYBERTECH,EQ,NSE,CYBERTECH SYSTEMS & SOFTW,Others,INE214A01019,True
134,NSE_EQ|INE136B01020,CYIENT,EQ,NSE,CYIENT LIMITED,IT - Software,INE136B01020,True
876,NSE_EQ|INE055S01018,CYIENTDLM,EQ,NSE,CYIENT DLM LIMITED,Others,INE055S01018,True
138,NSE_EQ|INE016A01026,DABUR,EQ,NSE,DABUR INDIA LTD,Household Products,INE016A01026,True
1680,NSE_EQ|INE928C01010,DAICHI,EQ,NSE,DAI-ICHI KARKARIA LTD.,Others,INE928C01010,True
139,NSE_EQ|INE00R701025,DALBHARAT,EQ,NSE,DALMIA BHARAT LIMITED,Construction Materials,INE00R701025,True
630,NSE_EQ|INE495A01022,DALMIASUG,EQ,NSE,DALMIA BHARAT SUG IN LTD,Others,INE495A01022,True
1437,NSE_EQ|INE284H01025,DAMCAPITAL,EQ,NSE,DAM CAPITAL ADVISORS LTD,Others,INE284H01025,True
2346,NSE_EQ|INE497D01022,DAMODARIND,EQ,NSE,DAMODAR INDUSTRIES LTD,Others,INE497D01022,True
1783,NSE_EQ|INE688Y01022,DANGEE,EQ,NSE,DANGEE DUMS LIMITED,Others,INE688Y01022,True
4046,NSE_EQ|INE0YU901016,DANISH,SM,NSE,DANISH POWER LIMITED,Others,INE0YU901016,True
1199,NSE_EQ|INE365B01017,DATAMATICS,EQ,NSE,DATAMATICS GLOBAL SER LTD,Others,INE365B01017,True
140,NSE_EQ|INE0IX101010,DATAPATTNS,EQ,NSE,DATA PATTERNS INDIA LTD,Electronics,INE0IX101010,True
1965,NSE_EQ|INE179G01029,DAVANGERE,EQ,NSE,DAVANGERE SUGAR COMPANY L,Others,INE179G01029,True
1130,NSE_EQ|INE950I01011,DBCORP,EQ,NSE,D.B.CORP LTD,Others,INE950I01011,True
3817,NSE_EQ|INE0OPA01019,DBEIL,BE,NSE,DEEPAK BUILDERS & ENG I L,Others,INE0OPA01019,True
2368,NSE_EQ|INE917M01012,DBL,EQ,NSE,DILIP BUILDCON LIMITED,Others,INE917M01012,True
4277,NSE_EQ|INE0I3401014,DBOL,BE,NSE,DHAMPUR BIO ORGANICS LTD,Others,INE0I3401014,True
8220,NSE_EQ|INE879I01012,DBREALTY,BE,NSE,VALOR ESTATE LIMITED,Others,INE879I01012,True
1716,NSE_EQ|INE921B01025,DBSTOCKBRO,EQ,NSE,DB (INT) STOCK BROKERS,Others,INE921B01025,True
1292,NSE_EQ|INE385W01011,DCAL,EQ,NSE,DISHMAN CARBO AMCIS LTD,Others,INE385W01011,True
1082,NSE_EQ|INE503A01015,DCBBANK,EQ,NSE,DCB BANK LIMITED,Others,INE503A01015,True
2900,NSE_EQ|INE04Q901010,DCCL,SM,NSE,DAR CREDIT & CAPITAL LTD,Others,INE04Q901010,True
3252,NSE_EQ|INE0S8401018,DCG,SM,NSE,DCG CABLES & WIRES LTD,Others,INE0S8401018,True
4987,NSE_EQ|INE0A1101019,DCI,BE,NSE,DC INFOTECH AND COMUN LTD,Others,INE0A1101019,True
6786,NSE_EQ|INE498A01018,DCM,BE,NSE,DCM LIMITED,Others,INE498A01018,True
4757,NSE_EQ|INE891B01012,DCMFINSERV,BE,NSE,DCM FINANCIAL SERVICES LT,Others,INE891B01012,True
7871,NSE_EQ|INE08KP01019,DCMNVL,BE,NSE,DCM NOUVELLE LIMITED,Others,INE08KP01019,True
135,NSE_EQ|INE499A01024,DCMSHRIRAM,EQ,NSE,DCM SHRIRAM LIMITED,Diversified,INE499A01024,True
8185,NSE_EQ|INE0OU201013,DCMSIL,BE,NSE,DCM SHRIRAM INTERNATNL L,Others,INE0OU201013,True
1946,NSE_EQ|INE843D01027,DCMSRIND,EQ,NSE,DCM SHRIRAM IND LTD,Others,INE843D01027,True
1604,NSE_EQ|INE500A01029,DCW,EQ,NSE,DCW LTD,Others,INE500A01029,True
2260,NSE_EQ|INE0KL801015,DCXINDIA,EQ,NSE,DCX SYSTEMS LIMITED,Others,INE0KL801015,True
2364,NSE_EQ|INE0HR601026,DDEVPLSTIK,EQ,NSE,DDEV PLASTIKS IND LTD,Others,INE0HR601026,True
671,NSE_EQ|INE583C01021,DECCANCE,EQ,NSE,DECCAN CEMENTS LIMITED,Others,INE583C01021,True
9372,NSE_EQ|INE0S7C01019,DECCANTRAN,SM,NSE,DECCAN TRANSCON LEASING L,Others,INE0S7C01019,True
886,NSE_EQ|INE945F01025,DECNGOLD,EQ,NSE,DECCAN GOLD MINES LTD.,Others,INE945F01025,True
3842,NSE_EQ|INE841L01016,DEEDEV,BE,NSE,DEE DEVELOPMENT ENG LTD,Others,INE841L01016,True
4291,NSE_EQ|INE586O01011,DEEM,SM,NSE,DEEM ROLL TECH LIMITED,Others,INE586O01011,True
141,NSE_EQ|INE501A01019,DEEPAKFERT,EQ,NSE,DEEPAK FERTILIZERS & PETR,Chemicals,INE501A01019,True
142,NSE_EQ|INE288B01029,DEEPAKNTR,EQ,NSE,DEEPAK NITRITE LTD,Chemicals,INE288B01029,True
2121,NSE_EQ|INE0FHS01024,DEEPINDS,EQ,NSE,DEEP INDUSTRIES LIMITED,Others,INE0FHS01024,True
1194,NSE_EQ|INF769K01QC2,DEFENCE,EQ,NSE,MIRAEAMC - DEFENCE,Others,INF769K01QC2,True
7182,NSE_EQ|INE0SK801018,DELAPLEX,SM,NSE,DELAPLEX LIMITED,Others,INE0SK801018,True
143,NSE_EQ|INE148O01028,DELHIVERY,EQ,NSE,DELHIVERY LIMITED,Courier Services,INE148O01028,True
788,NSE_EQ|INE726L01027,DELPHIFX,EQ,NSE,DELPHI WORLD MONEY LTD,Others,INE726L01027,True
1123,NSE_EQ|INE124G01033,DELTACORP,EQ,NSE,DELTA CORP LIMITED,Others,INE124G01033,True
2159,NSE_EQ|INE393A01011,DELTAMAGNT,EQ,NSE,DELTA MANUFACTURING LTD,Others,INE393A01011,True
7653,NSE_EQ|INE0XRN01019,DELTIC,ST,NSE,DELTA AUTOCORP LIMITED,Others,INE0XRN01019,True
1048,NSE_EQ|INE947J01015,DEN,EQ,NSE,DEN NETWORKS LTD,Others,INE947J01015,True
3845,NSE_EQ|INE0JWV01011,DENEERS,SM,NSE,DE NEERS TOOLS LIMITED,Others,INE0JWV01011,True
2246,NSE_EQ|INE244A01016,DENORA,EQ,NSE,DE NORA INDIA LIMITED,Others,INE244A01016,True
1623,NSE_EQ|INE0R4L01018,DENTA,EQ,NSE,DENTA WATER N INFRA SOL L,Others,INE0R4L01018,True
8994,NSE_EQ|INE0N5801013,DENTALKART,SM,NSE,VASA DENTICITY LIMITED,Others,INE0N5801013,True
4820,NSE_EQ|INE0IGO01011,DESTINY,SM,NSE,DESTINY LOGISTICS & I LTD,Others,INE0IGO01011,True
2268,NSE_EQ|INE060X01034,DEVIT,EQ,NSE,DEV INFO TECHNOLOGY LTD,Others,INE060X01034,True
655,NSE_EQ|INE0VOV01021,DEVX,EQ,NSE,DEV ACCELERATOR LIMITED,Others,INE0VOV01021,True
144,NSE_EQ|INE872J01023,DEVYANI,EQ,NSE,DEVYANI INTERNATIONAL LTD,Consumer Food,INE872J01023,True
1445,NSE_EQ|INE03JI01017,DGCONTENT,EQ,NSE,DIGICONTENT LIMITED,Others,INE03JI01017,True
2138,NSE_EQ|INE041A01016,DHAMPURSUG,EQ,NSE,DHAMPUR SUGAR MILLS LTD.,Others,INE041A01016,True
714,NSE_EQ|INE680A01011,DHANBANK,EQ,NSE,DHANLAXMI BANK LIMITED,Others,INE680A01011,True
8970,NSE_EQ|INE0V9V01010,DHANLAXMI,SM,NSE,DHANLAXMI CROP SCIENCE L,Others,INE0V9V01010,True
3858,NSE_EQ|INE0M3I01029,DHANSA,ST,NSE,DHANSA LABS LIMITED,Others,INE0M3I01029,True
1790,NSE_EQ|INE435G01025,DHANUKA,EQ,NSE,DHANUKA AGRITECH LTD,Others,INE435G01025,True
7517,NSE_EQ|INE278R01034,DHARAN,BZ,NSE,DHARAN INFRA-EPC LIMITED,Others,INE278R01034,True
4958,NSE_EQ|INE2HJL01019,DHARARAIL,SM,NSE,DHARA RAIL PROJECTS LTD,Others,INE2HJL01019,True
8031,NSE_EQ|INE0YRN01025,DHARIWAL,SM,NSE,DHARIWALCORP LIMITED,Others,INE0YRN01025,True
2485,NSE_EQ|INE00OQ01016,DHARMAJ,EQ,NSE,DHARMAJ CROP GUARD LTD,Others,INE00OQ01016,True
4271,NSE_EQ|INE506Z01015,DHRUV,BE,NSE,DHRUV CONSULTANCY SER LTD,Others,INE506Z01015,True
5996,NSE_EQ|INE0OGG01015,DHTL,SM,NSE,DOCMODE HEALTH TECH LTD,Others,INE0OGG01015,True
1087,NSE_EQ|INE320L01011,DHUNINV,EQ,NSE,DHUNSERI INVESTMENTS LTD,Others,INE320L01011,True
2344,NSE_EQ|INE989C01038,DIACABS,EQ,NSE,DIAMOND POWER INFRA LTD,Others,INE989C01038,True
1929,NSE_EQ|INE591D01014,DIAMINESQ,EQ,NSE,DIAMINES & CHEMICALS LTD,Others,INE591D01014,True
2418,NSE_EQ|INE393P01035,DIAMONDYD,EQ,NSE,PRATAAP SNACKS LIMITED,Others,INE393P01035,True
928,NSE_EQ|INE303A01010,DICIND,EQ,NSE,DIC INDIA LIMITED,Others,INE303A01010,True
2271,NSE_EQ|INE184O01015,DIFFNKG,EQ,NSE,DIFFUSION ENGINEERS LTD,Others,INE184O01015,True
1674,NSE_EQ|INE0PSC01024,DIGIDRIVE,EQ,NSE,DIGIDRIVE DISTRIBUTORS L,Others,INE0PSC01024,True
6848,NSE_EQ|INE0QJ901011,DIGIKORE,SM,NSE,DIGIKORE STUDIOS LIMITED,Others,INE0QJ901011,True
3885,NSE_EQ|INE927C01020,DIGISPICE,BE,NSE,DIGISPICE TECHNOLOGIES LT,Others,INE927C01020,True
755,NSE_EQ|INE0U4701011,DIGITIDE,EQ,NSE,DIGITIDE SOLUTIONS LTD,Others,INE0U4701011,True
1932,NSE_EQ|INE731U01028,DIGJAMLMTD,EQ,NSE,DIGJAM LTD,Others,INE731U01028,True
6300,NSE_EQ|INE411Y01011,DIL,BZ,NSE,DEBOCK INDUSTRIES LIMITED,Others,INE411Y01011,True
6842,NSE_EQ|INE704V01015,DIRL,SM,NSE,DHANUKA INFRA REALTY LTD,Others,INE704V01015,True
782,NSE_EQ|INE131C01011,DISAQ,EQ,NSE,DISA INDIA LTD.,Others,INE131C01011,True
4937,NSE_EQ|INE836F01026,DISHTV,BE,NSE,DISH TV INDIA LTD.,Others,INE836F01026,True
1469,NSE_EQ|INE753U01022,DIVGIITTS,EQ,NSE,DIVGI TORQTRANSFER SYST L,Others,INE753U01022,True
1191,NSE_EQ|INF769K01PY8,DIVIDEND,EQ,NSE,MIRAEAMC - DIVIDEND,Others,INF769K01PY8,True
7867,NSE_EQ|INE0NA501011,DIVINEHIRA,ST,NSE,DIVINE HIRA JEWELLERS LTD,Others,INE0NA501011,True
145,NSE_EQ|INE361B01024,DIVISLAB,EQ,NSE,DIVI S LABORATORIES LTD,Pharmaceuticals,INE361B01024,True
750,NSE_EQ|INF204KA1MS3,DIVOPPBEES,EQ,NSE,NIP IND ETF DIV OPP,Others,INF204KA1MS3,True
5661,NSE_EQ|INE0QYI01019,DIVYADHAN,ST,NSE,DIVYADHAN RECYCLING IND L,Others,INE0QYI01019,True
146,NSE_EQ|INE935N01020,DIXON,EQ,NSE,DIXON TECHNO (INDIA) LTD,Consumer Durables,INE935N01020,True
591,NSE_EQ|INE0B1K01014,DJML,EQ,NSE,DJ MEDIAPRINT & LOG LTD,Others,INE0B1K01014,True
5268,NSE_EQ|INE0GN101014,DKEGL,SM,NSE,D K ENTERPRISES GLOBAL L,Others,INE0GN101014,True
136,NSE_EQ|INE271C01023,DLF,EQ,NSE,DLF LIMITED,Construction,INE271C01023,True
2365,NSE_EQ|INE250K01012,DLINKINDIA,EQ,NSE,D-LINK INDIA LTD,Others,INE250K01012,True
57,NSE_EQ|INE192R01011,DMART,EQ,NSE,AVENUE SUPERMARTS LIMITED,Retailing,INE192R01011,True
1576,NSE_EQ|INE505A01010,DMCC,EQ,NSE,DMCC SPECIALITY CHEMICALS,Others,INE505A01010,True
1450,NSE_EQ|INE016M01021,DNAMEDIA,EQ,NSE,DILIGENT MEDIA CORP LTD.,Others,INE016M01021,True
1093,NSE_EQ|INE021O01019,DODLA,EQ,NSE,DODLA DAIRY LIMITED,Others,INE021O01019,True
1531,NSE_EQ|INE966A01022,DOLATALGO,EQ,NSE,DOLAT ALGOTECH LIMITED,Others,INE966A01022,True
1352,NSE_EQ|INE325C01035,DOLLAR,EQ,NSE,DOLLAR INDUSTRIES LIMITED,Others,INE325C01035,True
6281,NSE_EQ|INE0JHH01011,DOLLEX,SM,NSE,DOLLEX AGROTECH LIMITED,Others,INE0JHH01011,True
1926,NSE_EQ|INE920A01037,DOLPHIN,EQ,NSE,DOLPHIN OFF ENT (IND) L,Others,INE920A01037,True
137,NSE_EQ|INE321T01012,DOMS,EQ,NSE,DOMS INDUSTRIES LIMITED,Stationery,INE321T01012,True
1760,NSE_EQ|INE668D01028,DONEAR,EQ,NSE,DONEAR IND. LIMITED,Others,INE668D01028,True
1682,NSE_EQ|INE266Y01019,DPABHUSHAN,EQ,NSE,D. P. ABHUSHAN LIMITED,Others,INE266Y01019,True
2934,NSE_EQ|INE0SCO01019,DPEL,SM,NSE,DIVINE POWER ENERGY LTD,Others,INE0SCO01019,True
7007,NSE_EQ|INE360C01024,DPSCLTD,BE,NSE,DPSC LIMITED,Others,INE360C01024,True
2386,NSE_EQ|INE864X01013,DPWIRES,EQ,NSE,D P WIRES LIMITED,Others,INE864X01013,True
1832,NSE_EQ|INE934C01018,DRAGARWQ,EQ,NSE,DR. AGARWAL'S EYE HOSP L,Others,INE934C01018,True
2082,NSE_EQ|INE03RS01027,DRCSYSTEMS,EQ,NSE,DRC SYSTEMS INDIA LIMITED,Others,INE03RS01027,True
2038,NSE_EQ|INE0JS101016,DREAMFOLKS,EQ,NSE,DREAMFOLKS SERVICES LTD,Others,INE0JS101016,True
758,NSE_EQ|INE506A01018,DREDGECORP,EQ,NSE,DREDGING CORP OF INDIA,Others,INE506A01018,True
4791,NSE_EQ|INE0P7201019,DRONE,ST,NSE,DRONE DESTINATION LIMITED,Others,INE0P7201019,True
149,NSE_EQ|INE089A01031,DRREDDY,EQ,NSE,DR. REDDY S LABORATORIES,Pharmaceuticals,INE089A01031,True
8038,NSE_EQ|INE0QZM01018,DRSCARGO,SM,NSE,DRS CARGO MOVERS LIMITED,Others,INE0QZM01018,True
9013,NSE_EQ|INE02CV01017,DRSDILIP,SM,NSE,DRS DILIP ROADLINES LTD.,Others,INE02CV01017,True
609,NSE_EQ|INE0OFM01015,DSFCL,EQ,NSE,DCM SHRIRAM FINE CHEM LTD,Others,INE0OFM01015,True
683,NSE_EQ|INE417B01040,DSSL,EQ,NSE,DYNACONS SYS & SOLN LTD,Others,INE417B01040,True
2327,NSE_EQ|INE341R01014,DTIL,EQ,NSE,DHUNSERI TEA & IND. LTD.,Others,INE341R01014,True
4454,NSE_EQ|INE0JRD01019,DTL,SM,NSE,DIENSTEN TECH LIMITED,Others,INE0JRD01019,True
7937,NSE_EQ|INE0LZO01015,DUCOL,SM,NSE,DUCOL ORGS AND COLOURS LT,Others,INE0LZO01015,True
9415,NSE_EQ|INE741L01018,DUCON,BE,NSE,DUCON INFRATECHNOLOGIES L,Others,INE741L01018,True
3013,NSE_EQ|INE0HPK01020,DUGLOBAL,ST,NSE,DUDIGITAL GLOBAL LIMITED,Others,INE0HPK01020,True
6426,NSE_EQ|INE0OUW01013,DURLAX,ST,NSE,DURLAX TOP SURFACE LTD,Others,INE0OUW01013,True
2308,NSE_EQ|INE477B01010,DVL,EQ,NSE,DHUNSERI VENTURES LIMITED,Others,INE477B01010,True
1972,NSE_EQ|INE366A01041,DWARKESH,EQ,NSE,DWARIKESH SUGAR IND LTD,Others,INE366A01041,True
2084,NSE_EQ|INE600Y01019,DYCL,EQ,NSE,DYNAMIC CABLES LIMITED,Others,INE600Y01019,True
2136,NSE_EQ|INE221B01012,DYNAMATECH,EQ,NSE,DYNAMATIC TECHNOLOGIES,Others,INE221B01012,True
5401,NSE_EQ|INE0DZ701010,DYNAMIC,SM,NSE,DYNAMIC SRVCS & SEC LTD,Others,INE0DZ701010,True
1694,NSE_EQ|INE256H01015,DYNPRO,EQ,NSE,DYNEMIC PRODUCTS LIMITED,Others,INE256H01015,True
2248,NSE_EQ|INE07O001026,EASEMYTRIP,EQ,NSE,EASY TRIP PLANNERS LTD,Others,INE07O001026,True
6134,NSE_EQ|INE962C01035,EASTSILK,BE,NSE,EASTERN SILK INDUSTRIES L,Others,INE962C01035,True
1035,NSE_EQ|INF754K01TE4,EBANKNIFTY,EQ,NSE,EDELAMC - EBANKNIFTY,Others,INF754K01TE4,True
1086,NSE_EQ|INE18JU01028,EBGNG,EQ,NSE,GNG ELECTRONICS LIMITED,Others,INE18JU01028,True
1038,NSE_EQ|INF754K01TX4,ECAPINSURE,EQ,NSE,EDELAMC - ECAPINSURE,Others,INF754K01TX4,True
2482,NSE_EQ|INE738I01010,ECLERX,EQ,NSE,ECLERX SERVICES LTD,Others,INE738I01010,True
3497,NSE_EQ|INE0VBS01016,ECOLINE,SM,NSE,ECOLINE EXIM LIMITED,Others,INE0VBS01016,True
3175,NSE_EQ|INE06HJ01020,ECOSMOBLTY,BE,NSE,ECOS (INDIA) MOB & HOSP L,Others,INE06HJ01020,True
2363,NSE_EQ|INE532F01054,EDELWEISS,EQ,NSE,EDELWEISS FIN SERV LTD,Others,INE532F01054,True
7624,NSE_EQ|INE216H01027,EDUCOMP,BZ,NSE,EDUCOMP SOLUTIONS LTD,Others,INE216H01027,True
2654,NSE_EQ|INE11HF01010,EEPL,SM,NSE,EPPELTONE ENGINEERS LTD,Others,INE11HF01010,True
4873,NSE_EQ|INE0KFF01017,EFACTOR,SM,NSE,E FACTOR EXPERIENCES LTD,Others,INE0KFF01017,True
1452,NSE_EQ|INE886D01026,EFCIL,EQ,NSE,EFC (I) LIMITED,Others,INE886D01026,True
6771,NSE_EQ|INE0U9101019,EFFWA,ST,NSE,EFFWA INFRA & RESEARCH L,Others,INE0U9101019,True
3438,NSE_EQ|INE0Q1W01012,EFORCE,SM,NSE,ELECTRO FORCE (INDIA) LTD,Others,INE0Q1W01012,True
1029,NSE_EQ|INF754K01SE6,EGOLD,EQ,NSE,EDELAMC - EGOLD,Others,INF754K01SE6,True
153,NSE_EQ|INE066A01021,EICHERMOT,EQ,NSE,EICHER MOTORS LTD,Automobile,INE066A01021,True
151,NSE_EQ|INE126A01031,EIDPARRY,EQ,NSE,EID PARRY INDIA LTD,Sugar,INE126A01031,True
519,NSE_EQ|INE0LLY01014,EIEL,EQ,NSE,ENVIRO INFRA ENGINEERS L,Others,INE0LLY01014,True
1665,NSE_EQ|INE546V01010,EIFFL,EQ,NSE,EURO (I) FRESH FOODS LTD,Others,INE546V01010,True
904,NSE_EQ|INE276C01014,EIHAHOTELS,EQ,NSE,EIH ASSOCIATED HOTELS LTD,Others,INE276C01014,True
152,NSE_EQ|INE230A01023,EIHOTEL,EQ,NSE,EIH LIMITED,Hotel,INE230A01023,True
1517,NSE_EQ|INE158B01016,EIMCOELECO,EQ,NSE,EIMCO ELECON (INDIA) LTD,Others,INE158B01016,True
1418,NSE_EQ|INE184H01027,EKC,EQ,NSE,EVEREST KANTO CYLINDERLTD,Others,INE184H01027,True
2152,NSE_EQ|INE280B01018,ELANTAS,EQ,NSE,ELANTAS BECK INDIA LTD.,Others,INE280B01018,True
1865,NSE_EQ|INE927X01018,ELCIDIN,EQ,NSE,ELCID INVESTMENTS LTD.,Others,INE927X01018,True
1547,NSE_EQ|INE668G01021,ELDEHSG,EQ,NSE,ELDECO HSG & IND LTD.,Others,INE668G01021,True
154,NSE_EQ|INE205B01031,ELECON,EQ,NSE,ELECON ENG. CO. LTD,Engineering,INE205B01031,True
6274,NSE_EQ|INE086A13016,ELECTCAST,W1,NSE,ELECTCAST WARRANTS,Others,INE086A13016,True
2044,NSE_EQ|INE086A01029,ELECTCAST,EQ,NSE,ELECTROSTEEL CASTINGS LTD,Others,INE086A01029,True
1021,NSE_EQ|INE822G01016,ELECTHERM,EQ,NSE,ELECTROTHERM (I) LTD.,Others,INE822G01016,True
155,NSE_EQ|INE285A01027,ELGIEQUIP,EQ,NSE,ELGI EQUIPMENTS LTD,Compressors,INE285A01027,True
1853,NSE_EQ|INE819L01012,ELGIRUBCO,EQ,NSE,ELGI RUBBER CO. LTD,Others,INE819L01012,True
8705,NSE_EQ|INE0R9101015,ELGNZ,SM,NSE,ELEGANZ INTERIORS LIMITED,Others,INE0R9101015,True
2330,NSE_EQ|INE050401020,ELIN,EQ,NSE,ELIN ELECTRONICS LIMITED,Others,INE050401020,True
1077,NSE_EQ|INF754K01VW2,ELIQUID,EQ,NSE,EDELAMC - ELIQUID,Others,INF754K01VW2,True
614,NSE_EQ|INE669R01026,ELITECON,EQ,NSE,ELITECON INTERNATIONAL L,Others,INE669R01026,True
1261,NSE_EQ|INE236E01022,ELLEN,EQ,NSE,ELLENBARRIE INDUS GASES L,Others,INE236E01022,True
915,NSE_EQ|INE579B01039,ELPROINTL,EQ,NSE,ELPRO INTERNATIONAL LTD,Others,INE579B01039,True
156,NSE_EQ|INE548C01032,EMAMILTD,EQ,NSE,EMAMI LIMITED,Household Products,INE548C01032,True
1380,NSE_EQ|INE830C01026,EMAMIPAP,EQ,NSE,EMAMI PAPER MILLS LIMITED,Others,INE830C01026,True
7781,NSE_EQ|INE778K01012,EMAMIREAL,BE,NSE,EMAMI REALTY LIMITED,Others,INE778K01012,True
2686,NSE_EQ|INE0ZOL01023,EMAPARTNER,SM,NSE,EMA PARTNERS INDIA LTD,Others,INE0ZOL01023,True
8720,NSE_EQ|INE041025011,EMBASSY,RR,NSE,EMBASSY OFFICE PARKS REIT,Others,INE041025011,True
1970,NSE_EQ|INE069I01010,EMBDL,EQ,NSE,EMBASSY DEVELOPMENTS LTD,Others,INE069I01010,True
157,NSE_EQ|INE168P01015,EMCURE,EQ,NSE,EMCURE PHARMACEUTICALS L,Pharmaceuticals,INE168P01015,True
796,NSE_EQ|INE02YR01019,EMIL,EQ,NSE,ELECTRONICS MART IND LTD,Others,INE02YR01019,True
2128,NSE_EQ|INE296H01011,EMKAY,EQ,NSE,EMKAY GLOBAL FIN SERV LTD,Others,INE296H01011,True
5369,NSE_EQ|INE332S01011,EMKAYTOOLS,SM,NSE,EMKAY TAP & CUT. TOOL LTD,Others,INE332S01011,True
576,NSE_EQ|INE753K01015,EMMBI,EQ,NSE,EMMBI INDUSTRIES LIMITED,Others,INE753K01015,True
6060,NSE_EQ|INE0S1L01013,EMMIL,SM,NSE,ENERGY MISSION MACH IND L,Others,INE0S1L01013,True
618,NSE_EQ|INE1C6T01020,EMMVEE,EQ,NSE,EMMVEE PHOTOVOLTAIC PWR L,Others,INE1C6T01020,True
7368,NSE_EQ|INE507F01023,EMPOWER,BE,NSE,EMPOWER INDIA LTD.,Others,INE507F01023,True
969,NSE_EQ|INE0OV601013,EMSLIMITED,EQ,NSE,EMS LIMITED,Others,INE0OV601013,True
1465,NSE_EQ|INE01QM01018,EMUDHRA,EQ,NSE,EMUDHRA LIMITED,Others,INE01QM01018,True
1036,NSE_EQ|INF754K01TF1,EMULTIMQ,EQ,NSE,EDELAMC - EMULTIMQ,Others,INF754K01TF1,True
3950,NSE_EQ|INE433T01015,ENCOMPAS,SM,NSE,ENCOMPASS DESIGN INDIA L,Others,INE433T01015,True
158,NSE_EQ|INE913H01037,ENDURANCE,EQ,NSE,ENDURANCE TECHNO. LTD.,Auto Ancillary,INE913H01037,True
1188,NSE_EQ|INF769K01PR2,ENERGY,EQ,NSE,MIRAEAMC - ENERGY,Others,INF769K01PR2,True
1054,NSE_EQ|INE306C01019,ENERGYDEV,EQ,NSE,ENERGY DEVE. CO.LTD,Others,INE306C01019,True
2698,NSE_EQ|INE0S3X01014,ENFUSE,SM,NSE,ENFUSE SOLUTIONS LIMITED,Others,INE0S3X01014,True
159,NSE_EQ|INE510A01028,ENGINERSIN,EQ,NSE,ENGINEERS INDIA LTD,Engineering,INE510A01028,True
1081,NSE_EQ|INF754K01VX0,ENIFTY,EQ,NSE,EDELAMC - ENIFTY,Others,INF754K01VX0,True
940,NSE_EQ|INE265F01028,ENIL,EQ,NSE,ENTERTAIN NET. IND. LTD.,Others,INE265F01028,True
559,NSE_EQ|INE1NPP01017,ENRIN,EQ,NSE,SIEMENS ENERGY INDIA LTD,Others,INE1NPP01017,True
8275,NSE_EQ|INE0R9I01021,ENSER,ST,NSE,ENSER COMMUNICATIONS LTD,Others,INE0R9I01021,True
1045,NSE_EQ|INE010601016,ENTERO,EQ,NSE,ENTERO HEALTHCARE SOLU L,Others,INE010601016,True
7188,NSE_EQ|INE0SUH01015,ENVIRO,SM,NSE,ENVIROTECH SYSTEMS LTD,Others,INE0SUH01015,True
668,NSE_EQ|INE0G5901015,EPACK,EQ,NSE,EPACK DURABLE LIMITED,Others,INE0G5901015,True
667,NSE_EQ|INE0MLS01022,EPACKPEB,EQ,NSE,EPACK PREFAB TECHN LTD,Others,INE0MLS01022,True
1592,NSE_EQ|INE071N01016,EPIGRAL,EQ,NSE,EPIGRAL LIMITED,Others,INE071N01016,True
1916,NSE_EQ|INE255A01020,EPL,EQ,NSE,EPL LIMITED,Others,INE255A01020,True
5109,NSE_EQ|INE1KEC01023,EPWINDIA,ST,NSE,EPW INDIA LIMITED,Others,INE1KEC01023,True
8330,NSE_EQ|INE217G01035,EQUIPPP,BE,NSE,EQUIPPP SOC IMP TECH LTD,Others,INE217G01035,True
2195,NSE_EQ|INE063P01018,EQUITASBNK,EQ,NSE,EQUITAS SMALL FIN BNK LTD,Others,INE063P01018,True
160,NSE_EQ|INE406M01024,ERIS,EQ,NSE,ERIS LIFESCIENCES LIMITED,Pharmaceuticals,INE406M01024,True
2373,NSE_EQ|INE284A01012,ESABINDIA,EQ,NSE,ESAB INDIA LTD,Others,INE284A01012,True
1120,NSE_EQ|INE818W01011,ESAFSFB,EQ,NSE,ESAF SMALL FINANCE BANK L,Others,INE818W01011,True
8726,NSE_EQ|INE0RQZ01017,ESCONET,ST,NSE,ESCONET TECHNOLOGIES LTD,Others,INE0RQZ01017,True
161,NSE_EQ|INE042A01014,ESCORTS,EQ,NSE,ESCORTS KUBOTA LIMITED,Automobile,INE042A01014,True
1079,NSE_EQ|INF754K01VY8,ESENSEX,EQ,NSE,EDELAMC - ESENSEX,Others,INF754K01VY8,True
6976,NSE_EQ|INE0ITO01014,ESFL,ST,NSE,ESSEN SPECIALITY FILMS L,Others,INE0ITO01014,True
1257,NSE_EQ|INF769K01GS9,ESG,EQ,NSE,MIRAEAMC - MAESGETF,Others,INF769K01GS9,True
1031,NSE_EQ|INF754K01SF3,ESILVER,EQ,NSE,EDELAMC - ESILVER,Others,INF754K01SF3,True
7195,NSE_EQ|INE0SBP01018,ESPRIT,SM,NSE,ESPRIT STONES LIMITED,Others,INE0SBP01018,True
1940,NSE_EQ|INE122M01019,ESSARSHPNG,EQ,NSE,ESSAR SHIPPING LTD,Others,INE122M01019,True
4079,NSE_EQ|INE418N01035,ESSENTIA,BE,NSE,INTEGRA ESSENTIA LIMITED,Others,INE418N01035,True
1570,NSE_EQ|INE778B01029,ESTER,EQ,NSE,ESTER INDUSTRIES LTD,Others,INE778B01029,True
162,NSE_EQ|INE758T01015,ETERNAL,EQ,NSE,ETERNAL LIMITED,e-Commerce,INE758T01015,True
1864,NSE_EQ|INE04TZ01018,ETHOSLTD,EQ,NSE,ETHOS LIMITED,Others,INE04TZ01018,True
4381,NSE_EQ|INE0PXC01024,ETL,SM,NSE,EMKAY TOOLS LIMITED,Others,INE0PXC01024,True
2793,NSE_EQ|INE0RHD01013,ETML,SM,NSE,EMERALD TYRE MANUF LTD,Others,INE0RHD01013,True
1648,NSE_EQ|INE0KCE01017,EUREKAFORB,EQ,NSE,EUREKA FORBES LIMITED,Others,INE0KCE01017,True
2460,NSE_EQ|INE505V01016,EUROBOND,EQ,NSE,EURO PANEL PRODUCTS LTD,Others,INE505V01016,True
2284,NSE_EQ|INE198501012,EUROPRATIK,EQ,NSE,EURO PRATIK SALES LIMITED,Others,INE198501012,True
4879,NSE_EQ|INE022C01012,EUROTEXIND,BE,NSE,EUROTEX IND & EXPORTS LTD,Others,INE022C01012,True
1333,NSE_EQ|INE128A01029,EVEREADY,EQ,NSE,EVEREADY INDS. IND.  LTD.,Others,INE128A01029,True
2393,NSE_EQ|INE295A01018,EVERESTIND,EQ,NSE,EVEREST INDUSTRIES LTD,Others,INE295A01018,True
551,NSE_EQ|INF109K1A153,EVIETF,EQ,NSE,ICICIPRAMC - EVIETF,Others,INF109K1A153,True
1231,NSE_EQ|INF769K01LQ3,EVINDIA,EQ,NSE,MIRAEAMC - EVINDIA,Others,INF769K01LQ3,True
1064,NSE_EQ|INE369A01029,EXCELINDUS,EQ,NSE,EXCEL INDUSTRIES LTD,Others,INE369A01029,True
7293,NSE_EQ|INE0Y4801011,EXCELLENT,ST,NSE,EXCELLENT WIRES N PACK L,Others,INE0Y4801011,True
2160,NSE_EQ|INE606N01019,EXCELSOFT,EQ,NSE,EXCELSOFT TECHNOLOGIES L,Others,INE606N01019,True
2354,NSE_EQ|INE777F01014,EXICOM,EQ,NSE,EXICOM TELE SYSTEMS LTD,Others,INE777F01014,True
163,NSE_EQ|INE302A01020,EXIDEIND,EQ,NSE,EXIDE INDUSTRIES LTD,Batteries,INE302A01020,True
5032,NSE_EQ|INE19I001020,EXIMROUTES,SM,NSE,EXIM ROUTES LIMITED,Others,INE19I001020,True
951,NSE_EQ|INE201K01015,EXPLEOSOL,EQ,NSE,EXPLEO SOLUTIONS LIMITED,Others,INE201K01015,True
626,NSE_EQ|INE0GFE01026,EXXARO,EQ,NSE,EXXARO TILES LIMITED,Others,INE0GFE01026,True
1106,NSE_EQ|INE0HF201011,FABTECH,EQ,NSE,FABTECH TECHNOLOGIES LTD,Others,INE0HF201011,True
166,NSE_EQ|INE188A01015,FACT,EQ,NSE,FACT LTD,Fertilizers,INE188A01015,True
1250,NSE_EQ|INE0DNW01011,FAIRCHEMOR,EQ,NSE,FAIRCHEM ORGANICS LIMITED,Others,INE0DNW01011,True
3470,NSE_EQ|INE0PQK01013,FALCONTECH,SM,NSE,FALCON TECHNOPROJ IND LTD,Others,INE0PQK01013,True
1049,NSE_EQ|INE045J01034,FCL,EQ,NSE,FINEOTEX CHEMICAL LIMITED,Others,INE045J01034,True
8825,NSE_EQ|INE220J01025,FCONSUMER,BZ,NSE,FUTURE CONSUMER LIMITED,Others,INE220J01025,True
5101,NSE_EQ|INE512B01022,FCSSOFT,BE,NSE,FCS SOFTWARE SOLN. LTD.,Others,INE512B01022,True
1923,NSE_EQ|INE258B01022,FDC,EQ,NSE,FDC LIMITED,Others,INE258B01022,True
1369,NSE_EQ|INE417D01020,FEDDERSHOL,EQ,NSE,FEDDERS HOLDING LTD.,Others,INE417D01020,True
165,NSE_EQ|INE171A01029,FEDERALBNK,EQ,NSE,FEDERAL BANK LTD,Bank,INE171A01029,True
2494,NSE_EQ|INE007N01010,FEDFINA,EQ,NSE,FEDBANK FINANCIAL SER L,Others,INE007N01010,True
4586,NSE_EQ|INE623B01027,FEL,BZ,NSE,FUTURE ENTERPRISES LTD,Others,INE623B01027,True
8467,NSE_EQ|IN9623B01058,FELDVR,BZ,NSE,FUTURE ENTERPRISES LTD,Others,IN9623B01058,True
7619,NSE_EQ|INE901X01013,FELIX,SM,NSE,FELIX INDUSTRIES LTD.,Others,INE901X01013,True
2486,NSE_EQ|INE225B01021,FERMENTA,EQ,NSE,FERMENTA BIOTECH LTD.,Others,INE225B01021,True
2046,NSE_EQ|INE296C01020,FIBERWEB,EQ,NSE,FIBERWEB INDIA LIMITED,Others,INE296C01020,True
3571,NSE_EQ|INE0LQQ01019,FIDEL,SM,NSE,FIDEL SOFTECH LIMITED,Others,INE0LQQ01019,True
552,NSE_EQ|INE737H01014,FIEMIND,EQ,NSE,FIEM INDUSTRIES LIMITED,Others,INE737H01014,True
2492,NSE_EQ|INE816B01035,FILATEX,EQ,NSE,FILATEX INDIA LTD,Others,INE816B01035,True
5936,NSE_EQ|INE185E01021,FILATFASH,BE,NSE,FILATEX FASHIONS LIMITED,Others,INE185E01021,True
6241,NSE_EQ|INE0EDU01014,FINBUD,SM,NSE,FINBUD FINANCIAL SERV LTD,Others,INE0EDU01014,True
167,NSE_EQ|INE235A01022,FINCABLES,EQ,NSE,FINOLEX CABLES LTD,Cable,INE235A01022,True
1696,NSE_EQ|INE686Y01026,FINEORG,EQ,NSE,FINE ORGANIC IND. LTD.,Others,INE686Y01026,True
1756,NSE_EQ|INF109KC17L8,FINIETF,EQ,NSE,ICICIPRAMC-ICICIFIN,Others,INF109KC17L8,True
1873,NSE_EQ|INE734I01027,FINKURVE,EQ,NSE,FINKURVE FINANCIAL SERV L,Others,INE734I01027,True
2300,NSE_EQ|INE02NC01014,FINOPB,EQ,NSE,FINO PAYMENTS BANK LTD,Others,INE02NC01014,True
168,NSE_EQ|INE183A01024,FINPIPE,EQ,NSE,FINOLEX INDUSTRIES LTD,Plastic Products,INE183A01024,True
92,NSE_EQ|INE02RE01045,FIRSTCRY,EQ,NSE,BRAINBEES SOLUTIONS LTD,DVR,INE02RE01045,True
1700,NSE_EQ|INE771F01041,FISCHER,EQ,NSE,FISCHER MEDICAL VENTURE L,Others,INE771F01041,True
170,NSE_EQ|INE128S01021,FIVESTAR,EQ,NSE,FIVE-STAR BUS FIN LTD,NBFC,INE128S01021,True
2497,NSE_EQ|INE00Y201027,FLAIR,EQ,NSE,FLAIR WRITING INDUST LTD,Others,INE00Y201027,True
1866,NSE_EQ|INF740KA1WU9,FLEXIADD,EQ,NSE,DSPAMC - FLEXIADD,Others,INF740KA1WU9,True
2496,NSE_EQ|INE060J01017,FLEXITUFF,EQ,NSE,FLEXITUFF VENTURES INT L,Others,INE060J01017,True
3063,NSE_EQ|INE452O01016,FLFL,BZ,NSE,FUT LIFESTYLE FASH LTD,Others,INE452O01016,True
195,NSE_EQ|INE09N301011,FLUOROCHEM,EQ,NSE,GUJARAT FLUOROCHEM LTD,Chemicals,INE09N301011,True
3697,NSE_EQ|INE0VCK01011,FLYSBS,SM,NSE,FLYSBS AVIATION LIMITED,Others,INE0VCK01011,True
1669,NSE_EQ|INF740KA1ZA4,FMCGADD,EQ,NSE,DSPAMC - FMCGADD,Others,INF740KA1ZA4,True
2311,NSE_EQ|INF109KC19V3,FMCGIETF,EQ,NSE,ICICIPRAMC - ICICIFMCG,Others,INF109KC19V3,True
1509,NSE_EQ|INE529A01010,FMGOETZE,EQ,NSE,FEDERAL-MOGUL GOETZE (IND,Others,INE529A01010,True
6179,NSE_EQ|INE360L01017,FMNL,BE,NSE,FUTURE MKT NETWORKS LTD,Others,INE360L01017,True
4192,NSE_EQ|INE0I7D01019,FOCE,SM,NSE,FOCE INDIA LIMITED,Others,INE0I7D01019,True
1858,NSE_EQ|INE593W01028,FOCUS,EQ,NSE,FOCUS LIGHTG & FIXTRS LTD,Others,INE593W01028,True
8895,NSE_EQ|INE0Q4701019,FONEBOX,SM,NSE,FONEBOX RETAIL LIMITED,Others,INE0Q4701019,True
1539,NSE_EQ|INE976E01023,FOODSIN,EQ,NSE,FOODS & INNS LIMITED,Others,INE976E01023,True
7726,NSE_EQ|INE0U2501017,FORCAS,SM,NSE,FORCAS STUDIO LIMITED,Others,INE0U2501017,True
171,NSE_EQ|INE451A01017,FORCEMOT,EQ,NSE,FORCE MOTORS LIMITED,Automobile,INE451A01017,True
8880,NSE_EQ|INE0YKW01013,FORGEAUTO,SM,NSE,FORGE AUTO INTERNATION L,Others,INE0YKW01013,True
172,NSE_EQ|INE061F01013,FORTIS,EQ,NSE,FORTIS HEALTHCARE LTD,Healthcare Services,INE061F01013,True
707,NSE_EQ|INE519A01011,FOSECOIND,EQ,NSE,FOSECO INDIA LTD,Others,INE519A01011,True
1660,NSE_EQ|INE212S01015,FRACTAL,EQ,NSE,FRACTAL ANALYTICS LIMITED,Others,INE212S01015,True
4973,NSE_EQ|INE0SFW01015,FRESHARA,SM,NSE,FRESHARA AGRO EXPORTS LTD,Others,INE0SFW01015,True
6712,NSE_EQ|INE385O01018,FROG,ST,NSE,FROG INNOVATIONS LIMITED,Others,INE385O01018,True
1718,NSE_EQ|INE572D01014,FRONTSP,EQ,NSE,FRONTIER SPRINGS LTD.,Others,INE572D01014,True
169,NSE_EQ|INE684F01012,FSL,EQ,NSE,FIRSTSOURCE SOLU. LTD.,BPO/ITeS,INE684F01012,True
2508,NSE_EQ|INE139R01012,FUSION,EQ,NSE,FUSION FINANCE LIMITED,Others,INE139R01012,True
4080,NSE_EQ|INE0SQZ01015,FWSTC,SM,NSE,FLYWINGS SIMULAT T C LTD,Others,INE0SQZ01015,True
1797,NSE_EQ|INE524A01029,GABRIEL,EQ,NSE,GABRIEL INDIA LTD,Others,INE524A01029,True
1955,NSE_EQ|INE036B01030,GAEL,EQ,NSE,GUJARAT AMBUJA EXPORTS LT,Others,INE036B01030,True
173,NSE_EQ|INE129A01019,GAIL,EQ,NSE,GAIL (INDIA) LTD,Gases & Fuels,INE129A01019,True
9019,NSE_EQ|INE0QTE01018,GAJANAND,SM,NSE,GAJANAND INTERNATIONAL L,Others,INE0QTE01018,True
1185,NSE_EQ|INE0RE001014,GALAPREC,EQ,NSE,GALA PRECISION ENG LTD,Others,INE0RE001014,True
2179,NSE_EQ|INE600K01018,GALAXYSURF,EQ,NSE,GALAXY SURFACTANTS LTD,Others,INE600K01018,True
1484,NSE_EQ|INE297H01019,GALLANTT,EQ,NSE,GALLANTT ISPAT LIMITED,Others,INE297H01019,True
2031,NSE_EQ|INE717W01049,GANDHAR,EQ,NSE,GANDHAR OIL REFINE IND L,Others,INE717W01049,True
2342,NSE_EQ|INE524B01027,GANDHITUBE,EQ,NSE,GANDHI SPL. TUBES LTD,Others,INE524B01027,True
1994,NSE_EQ|INE845D01014,GANECOS,EQ,NSE,GANESHA ECOSPHERE LIMITED,Others,INE845D01014,True
1548,NSE_EQ|INE388A01029,GANESHBE,EQ,NSE,GANESH BENZOPLAST LIMITED,Others,INE388A01029,True
2127,NSE_EQ|INE652V01016,GANESHCP,EQ,NSE,GANESH CONSUMER PRODUCT L,Others,INE652V01016,True
2476,NSE_EQ|INE460C01014,GANESHHOU,EQ,NSE,GANESH HOUSING LIMITED,Others,INE460C01014,True
8316,NSE_EQ|INE0TVT01024,GANESHIN,ST,NSE,GANESH INFRAWORLD LIMITED,Others,INE0TVT01024,True
3215,NSE_EQ|INE0ZI101018,GANGABATH,SM,NSE,GANGA BATH FITTINGS LTD,Others,INE0ZI101018,True
1496,NSE_EQ|INE691Z01023,GANGAFORGE,EQ,NSE,GANGA FORGING LIMITED,Others,INE691Z01023,True
2220,NSE_EQ|INE335W01016,GANGESSECU,EQ,NSE,GANGES SECURITIES LIMITED,Others,INE335W01016,True
2196,NSE_EQ|INE276A01018,GARFIBRES,EQ,NSE,GARWARE TECH FIBRES LTD,Others,INE276A01018,True
2210,NSE_EQ|INE0JVO01026,GARUDA,EQ,NSE,GARUDA CONSTRUCT N ENG L,Others,INE0JVO01026,True
964,NSE_EQ|INE224E01028,GATECH,EQ,NSE,GACM TECHNOLOGIES LIMITED,Others,INE224E01028,True
963,NSE_EQ|INE224E01036,GATECHDVR,EQ,NSE,GACM TECHNOLOGIES LIMITED,Others,INE224E01036,True
768,NSE_EQ|INE079J01017,GATEWAY,EQ,NSE,GATEWAY DISTRIPARKS LTD,Others,INE079J01017,True
5534,NSE_EQ|INE0P8B01020,GAUDIUMIVF,BE,NSE,GAUDIUM IVF N WOMEN H L,Others,INE0P8B01020,True
2451,NSE_EQ|INE287Z01012,GAYAHWS,EQ,NSE,GAYATRI HIGHWAYS LIMITED,Others,INE287Z01012,True
3437,NSE_EQ|INE336H01023,GAYAPROJ,BE,NSE,GAYATRI PROJECTS LTD,Others,INE336H01023,True
6549,NSE_EQ|INE12E301017,GCHOTELS,SM,NSE,GRAND CONTINENT HOTELS L,Others,INE12E301017,True
625,NSE_EQ|INE199P01028,GCSL,EQ,NSE,GRETEX CORPORATE SERVICES,Others,INE199P01028,True
923,NSE_EQ|INE916G01016,GEECEE,EQ,NSE,GEECEE VENTURES LIMITED,Others,INE916G01016,True
1526,NSE_EQ|INE669X01032,GEEKAYWIRE,EQ,NSE,GEEKAY WIRES LIMITED,Others,INE669X01032,True
1933,NSE_EQ|INE06XZ01023,GEMAROMA,EQ,NSE,GEM AROMATICS LIMITED,Others,INE06XZ01023,True
1794,NSE_EQ|INE854S01022,GENCON,EQ,NSE,GENERIC ENG CONS PROJ LTD,Others,INE854S01022,True
1947,NSE_EQ|INE727B01026,GENESYS,EQ,NSE,GENESYS INTL CORPN LTD,Others,INE727B01026,True
4209,NSE_EQ|INE06H201014,GENSOL,BZ,NSE,GENSOL ENGINEERING LTD,Others,INE06H201014,True
1978,NSE_EQ|INE949P01018,GENUSPAPER,EQ,NSE,GENUS P&B LIMITED,Others,INE949P01018,True
670,NSE_EQ|INE955D01029,GENUSPOWER,EQ,NSE,GENUS POWER INFRASTRU LTD,Others,INE955D01029,True
4953,NSE_EQ|INE1W0N01014,GENXAI,ST,NSE,GENXAI ANALYTICS LIMITED,Others,INE1W0N01014,True
1402,NSE_EQ|INE007B01023,GEOJITFSL,EQ,NSE,GEOJIT FINANCIAL SER L,Others,INE007B01023,True
194,NSE_EQ|INE017A01032,GESHIP,EQ,NSE,THE GE SHPG.LTD,Shipping,INE017A01032,True
817,NSE_EQ|INE538A01037,GFLLIMITED,EQ,NSE,GFL LIMITED,Others,INE538A01037,True
8389,NSE_EQ|INE534A01028,GFSTEELS,BE,NSE,GRAND FOUNDRY LTD,Others,INE534A01028,True
3563,NSE_EQ|INE0R8C01018,GGBL,SM,NSE,GANESH GREEN BHARAT LTD,Others,INE0R8C01018,True
1759,NSE_EQ|INE539A01019,GHCL,EQ,NSE,GHCL LIMITED,Others,INE539A01019,True
605,NSE_EQ|INE0PA801013,GHCLTEXTIL,EQ,NSE,GHCL TEXTILES LIMITED,Others,INE0PA801013,True
2384,NSE_EQ|INE289B01019,GICHSGFIN,EQ,NSE,GIC HOUSING FINANCE LTD,Others,INE289B01019,True
1342,NSE_EQ|INE947T01022,GICL,EQ,NSE,GLOBE INTL CARRIERS LTD,Others,INE947T01022,True
177,NSE_EQ|INE481Y01014,GICRE,EQ,NSE,GENERAL INS CORP OF INDIA,Insurance,INE481Y01014,True
1470,NSE_EQ|INE047B01011,GILLANDERS,EQ,NSE,GILLANDERS ARBUTHNOT LTD,Others,INE047B01011,True
178,NSE_EQ|INE322A01010,GILLETTE,EQ,NSE,GILLETTE INDIA LTD,Household Products,INE322A01010,True
2229,NSE_EQ|INE424C01010,GINNIFILA,EQ,NSE,GINNI FILAMENTS LTD,Others,INE424C01010,True
615,NSE_EQ|INE162A01010,GIPCL,EQ,NSE,GUJ IND POW CO. LTD,Others,INE162A01010,True
6804,NSE_EQ|INE614Z01017,GIRIRAJ,SM,NSE,GIRIRAJ CIVIL DEVP LTD,Others,INE614Z01017,True
9242,NSE_EQ|INE1TY801010,GJL,ST,NSE,GROVER JEWELLS LIMITED,Others,INE1TY801010,True
841,NSE_EQ|INE1AG301022,GKENERGY,EQ,NSE,GK ENERGY LIMITED,Others,INE1AG301022,True
2164,NSE_EQ|INE0V0W01025,GKSL,EQ,NSE,GUJARAT KIDNEY N SUP SP L,Others,INE0V0W01025,True
2183,NSE_EQ|INE528A01020,GKWLIMITED,EQ,NSE,GKW LIMITED,Others,INE528A01020,True
179,NSE_EQ|INE068V01023,GLAND,EQ,NSE,GLAND PHARMA LIMITED,Pharmaceuticals,INE068V01023,True
180,NSE_EQ|INE159A01016,GLAXO,EQ,NSE,GLAXOSMITHKLINE PHARMA LT,Pharmaceuticals,INE159A01016,True
181,NSE_EQ|INE935A01035,GLENMARK,EQ,NSE,GLENMARK PHARMACEUTICALS,Pharmaceuticals,INE935A01035,True
7868,NSE_EQ|INE540A01017,GLFL,BE,NSE,GUJARAT LEASE FINANCING L,Others,INE540A01017,True
1204,NSE_EQ|INE291W01037,GLOBAL,EQ,NSE,GLOBAL EDUCATION LIMITED,Others,INE291W01037,True
3706,NSE_EQ|INE0URU01010,GLOBALE,BE,NSE,GLOBALE TESSILE LIMITED,Others,INE0URU01010,True
6908,NSE_EQ|INE0PS501019,GLOBALPET,ST,NSE,GLOBAL PET INDUSTRIES LTD,Others,INE0PS501019,True
1028,NSE_EQ|INE792H01019,GLOBALVECT,EQ,NSE,GLOBAL VEC HELICORP LTD,Others,INE792H01019,True
1274,NSE_EQ|INE581X01021,GLOBE,EQ,NSE,GLOBE ENTERPRISE (I) LTD,Others,INE581X01021,True
3705,NSE_EQ|INE0V3U01015,GLOBECIVIL,BE,NSE,GLOBE CIVIL PROJECTS LTD,Others,INE0V3U01015,True
1774,NSE_EQ|INE615I01010,GLOBUSSPR,EQ,NSE,GLOBUS SPIRITS LTD,Others,INE615I01010,True
1058,NSE_EQ|INE350Z01018,GLOSTERLTD,EQ,NSE,GLOSTER LIMITED,Others,INE350Z01018,True
3399,NSE_EQ|INE0TQE01026,GLOTTIS,BE,NSE,GLOTTIS LIMITED,Others,INE0TQE01026,True
1720,NSE_EQ|INE075D01018,GMBREW,EQ,NSE,G M BREWERIES LTD,Others,INE075D01018,True
197,NSE_EQ|INE131A01031,GMDCLTD,EQ,NSE,GUJARAT MINERAL DEV CORP,Minerals,INE131A01031,True
5434,NSE_EQ|INE09A801015,GML,SM,NSE,GALAXY MEDICARE LIMITED,Others,INE09A801015,True
1111,NSE_EQ|INE541A01023,GMMPFAUDLR,EQ,NSE,GMM PFAUDLER LIMITED,Others,INE541A01023,True
175,NSE_EQ|INE776C01039,GMRAIRPORT,EQ,NSE,GMR AIRPORTS LIMITED,Infrastructure,INE776C01039,True
601,NSE_EQ|INE0CU601026,GMRP&UI,EQ,NSE,GMR POW AND URBAN INFRA L,Others,INE0CU601026,True
620,NSE_EQ|INE934S01014,GNA,EQ,NSE,GNA AXLES LIMITED,Others,INE934S01014,True
1440,NSE_EQ|INE113A01013,GNFC,EQ,NSE,GUJ NAR VAL FER & CHEM L,Others,INE113A01013,True
2450,NSE_EQ|INE207H01018,GNRL,EQ,NSE,GUJARAT NATURAL RES L,Others,INE207H01018,True
938,NSE_EQ|INE426D01013,GOACARBON,EQ,NSE,GOA CARBON LIMITED,Others,INE426D01013,True
825,NSE_EQ|INE077F01035,GOCLCORP,EQ,NSE,GOCL CORPORATION LIMITED,Others,INE077F01035,True
2498,NSE_EQ|INE0BJS01011,GOCOLORS,EQ,NSE,GO FASHION INDIA LTD,Others,INE0BJS01011,True
2239,NSE_EQ|INE497S01012,GODAVARIB,EQ,NSE,GODAVARI BIOREFINERIES L,Others,INE497S01012,True
185,NSE_EQ|INE260B01028,GODFRYPHLP,EQ,NSE,GODFREY PHILLIPS INDIA LT,Tobacco,INE260B01028,True
183,NSE_EQ|INE03JT01014,GODIGIT,EQ,NSE,GO DIGIT GENERAL INS LTD,Insurance,INE03JT01014,True
186,NSE_EQ|INE850D01014,GODREJAGRO,EQ,NSE,GODREJ AGROVET LIMITED,Consumer Food,INE850D01014,True
187,NSE_EQ|INE102D01028,GODREJCP,EQ,NSE,GODREJ CONSUMER PRODUCTS,Household Products,INE102D01028,True
188,NSE_EQ|INE233A01035,GODREJIND,EQ,NSE,GODREJ INDUSTRIES LTD,Chemicals,INE233A01035,True
189,NSE_EQ|INE484J01027,GODREJPROP,EQ,NSE,GODREJ PROPERTIES LTD,Construction,INE484J01027,True
1634,NSE_EQ|INE887G01027,GOKEX,EQ,NSE,GOKALDAS EXPORTS LTD.,Others,INE887G01027,True
1702,NSE_EQ|INE020J01029,GOKUL,EQ,NSE,GOKUL REFOILS & SOLV LTD,Others,INE020J01029,True
524,NSE_EQ|INE314T01033,GOKULAGRO,EQ,NSE,GOKUL AGRO RESOURCES LTD,Others,INE314T01033,True
1882,NSE_EQ|INF740KA1SW3,GOLDADD,EQ,NSE,DSPAMC - DSPGOLD,Others,INF740KA1SW3,True
1632,NSE_EQ|INF204KB17I5,GOLDBEES,EQ,NSE,NIP IND ETF GOLD BEES,Others,INF204KB17I5,True
1011,NSE_EQ|INF789F1AUX7,GOLDBETA,EQ,NSE,UTIAMC-UTIGOLDBETA,Others,INF789F1AUX7,True
885,NSE_EQ|INF194KB1KJ7,GOLDBND,EQ,NSE,BANDHANAMC - GOLDBND,Others,INF194KB1KJ7,True
902,NSE_EQ|INF0R8F01042,GOLDCASE,EQ,NSE,ZERODHAAMC - GOLDCASE,Others,INF0R8F01042,True
8289,NSE_EQ|INE973A01010,GOLDENTOBC,BZ,NSE,GOLDEN TOBACCO LIMITED,Others,INE973A01010,True
1248,NSE_EQ|INF769K01JP9,GOLDETF,EQ,NSE,MIRAEAMC - MAGOLDETF,Others,INF769K01JP9,True
2457,NSE_EQ|INE025B01025,GOLDIAM,EQ,NSE,GOLDIAM INTERNATIONAL LTD,Others,INE025B01025,True
2407,NSE_EQ|INF109KC1NT3,GOLDIETF,EQ,NSE,ICICI PRUDENTIAL GOLD ETF,Others,INF109KC1NT3,True
7744,NSE_EQ|INE06MH01016,GOLDKART,SM,NSE,GOLDKART JEWELS LIMITED,Others,INE06MH01016,True
4977,NSE_EQ|INE405Y01021,GOLDSTAR,SM,NSE,GOLDSTAR POWER LIMITED,Others,INE405Y01021,True
2297,NSE_EQ|INE805A01014,GOLDTECH,EQ,NSE,AION-TECH SOLUTIONS LTD,Others,INE805A01014,True
1117,NSE_EQ|INE127I01024,GOODLUCK,EQ,NSE,GOODLUCK INDIA LIMITED,Others,INE127I01024,True
1467,NSE_EQ|INE533A01012,GOODYEAR,EQ,NSE,GOODYEAR INDIA LIMITED,Others,INE533A01012,True
759,NSE_EQ|INE0L9R01028,GOPAL,EQ,NSE,GOPAL SNACKS LIMITED,Others,INE0L9R01028,True
1567,NSE_EQ|INE705X01026,GOYALALUM,EQ,NSE,GOYAL ALUMINIUMS LIMITED,Others,INE705X01026,True
9321,NSE_EQ|INE0QFE01017,GOYALSALT,SM,NSE,GOYAL SALT LIMITED,Others,INE0QFE01017,True
2763,NSE_EQ|INE0S7E01015,GPECO,ST,NSE,GP ECO SOLUTIONS INDIA L,Others,INE0S7E01015,True
184,NSE_EQ|INE177H01039,GPIL,EQ,NSE,GODAWARI POW & ISP LTD,Steel & Iron Products,INE177H01039,True
2019,NSE_EQ|INE517F01014,GPPL,EQ,NSE,GUJARAT PIPAVAV PORT LTD,Others,INE517F01014,True
2324,NSE_EQ|INE486R01017,GPTHEALTH,EQ,NSE,GPT HEALTHCARE LIMITED,Others,INE486R01017,True
1149,NSE_EQ|INE390G01014,GPTINFRA,EQ,NSE,GPT INFRAPROJECTS LTD,Others,INE390G01014,True
2141,NSE_EQ|INE361K01017,GRADIENTE,EQ,NSE,GRADIENTE INFOTAINMENT L,Others,INE361K01017,True
1299,NSE_EQ|INE926B01016,GRANDOAK,EQ,NSE,GRAND OAK CANYONS DIST L,Others,INE926B01016,True
190,NSE_EQ|INE101D01020,GRANULES,EQ,NSE,GRANULES INDIA LIMITED,Pharmaceuticals,INE101D01020,True
3856,NSE_EQ|INE0POU01017,GRAPHISAD,SM,NSE,GRAPHISADS LIMITED,Others,INE0POU01017,True
191,NSE_EQ|INE371A01025,GRAPHITE,EQ,NSE,GRAPHITE INDIA LTD,Welding Equipment,INE371A01025,True
192,NSE_EQ|INE047A01021,GRASIM,EQ,NSE,GRASIM INDUSTRIES LTD,Diversified,INE047A01021,True
762,NSE_EQ|INE266D01021,GRAUWEIL,EQ,NSE,GRAUER & WEIL IND LTD,Others,INE266D01021,True
2206,NSE_EQ|INE214F01026,GRAVISSHO,EQ,NSE,GRAVISS HOSPITALITY LTD.,Others,INE214F01026,True
193,NSE_EQ|INE024L01027,GRAVITA,EQ,NSE,GRAVITA INDIA LIMITED,Metal,INE024L01027,True
4172,NSE_EQ|INE0LVM01018,GRCL,ST,NSE,GAYATRI RUBB AND CHEM LTD,Others,INE0LVM01018,True
648,NSE_EQ|INE224A01026,GREAVESCOT,EQ,NSE,GREAVES COTTON LTD.,Others,INE224A01026,True
4770,NSE_EQ|INE0O7P01015,GREENCHEF,SM,NSE,GREENCHEF APPLIANCES LTD,Others,INE0O7P01015,True
1753,NSE_EQ|INE544R01021,GREENLAM,EQ,NSE,GREENLAM INDUSTRIES LTD.,Others,INE544R01021,True
2946,NSE_EQ|INE0PLX01017,GREENLEAF,SM,NSE,GREENLEAF ENVIROTECH LTD,Others,INE0PLX01017,True
1514,NSE_EQ|INE08ZM01014,GREENPANEL,EQ,NSE,GREENPANEL INDUSTRIES LTD,Others,INE08ZM01014,True
1321,NSE_EQ|INE461C01038,GREENPLY,EQ,NSE,GREENPLY INDUSTRIES LTD,Others,INE461C01038,True
2170,NSE_EQ|INE999K01014,GREENPOWER,EQ,NSE,ORIENT GREEN POWER CO LTD,Others,INE999K01014,True
4945,NSE_EQ|INE985P01012,GRETEX,ST,NSE,GRETEX INDUSTRIES LTD.,Others,INE985P01012,True
2396,NSE_EQ|INE536A01023,GRINDWELL,EQ,NSE,GRINDWELL NORTON LIMITED,Others,INE536A01023,True
558,NSE_EQ|INE201P01022,GRINFRA,EQ,NSE,G R INFRAPROJECTS LIMITED,Others,INE201P01022,True
1918,NSE_EQ|INE192H01020,GRMOVER,EQ,NSE,GRM OVERSEAS LIMITED,Others,INE192H01020,True
2189,NSE_EQ|INE646C01018,GROBTEA,EQ,NSE,THE GROB TEA COMPANY LTD,Others,INE646C01018,True
2504,NSE_EQ|INE0HOQ01053,GROWW,EQ,NSE,BILLIONBRAINS GARAGE VN L,Others,INE0HOQ01053,True
2247,NSE_EQ|INF666M01MM4,GROWWCAPM,EQ,NSE,GROWWAMC - GROWWCAPM,Others,INF666M01MM4,True
2257,NSE_EQ|INF666M01NP5,GROWWCHEM,EQ,NSE,GROWWAMC - GROWWCHEM,Others,INF666M01NP5,True
2488,NSE_EQ|INF666M01IO8,GROWWDEFNC,EQ,NSE,GROWWAMC - GROWWDEFNC,Others,INF666M01IO8,True
2484,NSE_EQ|INF666M01IH2,GROWWEV,EQ,NSE,GROWWAMC - GROWWEV,Others,INF666M01IH2,True
2263,NSE_EQ|INF666M01OE7,GROWWGOLD,EQ,NSE,GROWWAMC - GROWWGOLD,Others,INF666M01OE7,True
2264,NSE_EQ|INF666M01OD9,GROWWHOSPI,EQ,NSE,GROWWAMC - GROWWHOSPI,Others,INF666M01OD9,True
2487,NSE_EQ|INF666M01IP5,GROWWLIQID,EQ,NSE,GROWWAMC - GROWWLIQID,Others,INF666M01IP5,True
2283,NSE_EQ|INF666M01LB9,GROWWLOVOL,EQ,NSE,GROWWAMC - GROWWLOVOL,Others,INF666M01LB9,True
2252,NSE_EQ|INF666M01NI0,GROWWMETAL,EQ,NSE,GROWWAMC - GROWWMETAL,Others,INF666M01NI0,True
2288,NSE_EQ|INF666M01LI4,GROWWNET,EQ,NSE,GROWWAMC - GROWWNET,Others,INF666M01LI4,True
2287,NSE_EQ|INF666M01LL8,GROWWNIFTY,EQ,NSE,GROWWAMC - GROWWNIFTY,Others,INF666M01LL8,True
2286,NSE_EQ|INF666M01LM6,GROWWPOWER,EQ,NSE,GROWWAMC - GROWWPOWER,Others,INF666M01LM6,True
2256,NSE_EQ|INF666M01NQ3,GROWWPSE,EQ,NSE,GROWWAMC - GROWWPSE,Others,INF666M01NQ3,True
2319,NSE_EQ|INF666M01OG2,GROWWPSUBK,EQ,NSE,GROWWAMC - GROWWPSUBK,Others,INF666M01OG2,True
2491,NSE_EQ|INF666M01JJ6,GROWWRAIL,EQ,NSE,GROWWAMC - GROWWRAIL,Others,INF666M01JJ6,True
2244,NSE_EQ|INF666M01MN2,GROWWRLTY,EQ,NSE,GROWWAMC - GROWWRLTY,Others,INF666M01MN2,True
2262,NSE_EQ|INF666M01OF4,GROWWSLVR,EQ,NSE,GROWWAMC - GROWWSLVR,Others,INF666M01OF4,True
2200,NSE_EQ|INE137I01015,GRPLTD,EQ,NSE,GRP LIMITED,Others,INE137I01015,True
176,NSE_EQ|INE382Z01011,GRSE,EQ,NSE,GARDEN REACH SHIP&ENG LTD,Ship Building,INE382Z01011,True
1781,NSE_EQ|INE291A01017,GRWRHITECH,EQ,NSE,GARWARE HI-TECH FILMS LTD,Others,INE291A01017,True
691,NSE_EQ|INE026A01025,GSFC,EQ,NSE,GUJ STATE FERT & CHEM LTD,Others,INE026A01025,True
992,NSE_EQ|INE0JSX01015,GSLSU,EQ,NSE,GLOBAL SURFACES LIMITED,Others,INE0JSX01015,True
8536,NSE_EQ|INE0SQY01018,GSMFOILS,SM,NSE,GSM FOILS LIMITED,Others,INE0SQY01018,True
1681,NSE_EQ|INE713R01022,GSPCROP,EQ,NSE,GSP CROP SCIENCE LIMITED,Others,INE713R01022,True
198,NSE_EQ|INE246F01010,GSPL,EQ,NSE,Gujarat State Petronet Ltd.,Gas Transmission,INE246F01010,True
3107,NSE_EQ|INE871H01011,GSS,BE,NSE,GSS INFOTECH LIMITED,Others,INE871H01011,True
7367,NSE_EQ|INE00WS01056,GSTL,ST,NSE,GLOBESECURE TECHNO LTD,Others,INE00WS01056,True
5070,NSE_EQ|INE586X01012,GTECJAINX,BE,NSE,G-TEC JAINX EDUCATION LTD,Others,INE586X01012,True
658,NSE_EQ|INE043A01012,GTL,EQ,NSE,GTL LTD,Others,INE043A01012,True
666,NSE_EQ|INE221H01019,GTLINFRA,EQ,NSE,GTL INFRA.LTD,Others,INE221H01019,True
1551,NSE_EQ|INE869I01013,GTPL,EQ,NSE,GTPL HATHWAY LIMITED,Others,INE869I01013,True
1533,NSE_EQ|INE742B01025,GUFICBIO,EQ,NSE,GUFIC BIOSCIENCES LTD.,Others,INE742B01025,True
2409,NSE_EQ|INE186A01019,GUJALKALI,EQ,NSE,GUJARAT ALKALIES & CHEM,Others,INE186A01019,True
1244,NSE_EQ|INE826C01016,GUJAPOLLO,EQ,NSE,GUJ. APOLLO IND. LTD.,Others,INE826C01016,True
196,NSE_EQ|INE844O01030,GUJGASLTD,EQ,NSE,GUJARAT GAS LIMITED,Gas Transmission,INE844O01030,True
1413,NSE_EQ|INE610B01024,GUJRAFFIA,EQ,NSE,GUJARAT RAFFIA INDUST LTD,Others,INE610B01024,True
2086,NSE_EQ|INE942C01045,GUJTHEM,EQ,NSE,GUJARAT THEMIS BIOSYN LTD,Others,INE942C01045,True
2192,NSE_EQ|INE635Q01029,GULFOILLUB,EQ,NSE,GULF OIL LUB. IND. LTD.,Others,INE635Q01029,True
6530,NSE_EQ|INE586G01017,GULFPETRO,BE,NSE,GP PETROLEUMS LIMITED,Others,INE586G01017,True
1304,NSE_EQ|INE255D01024,GULPOLY,EQ,NSE,GULSHAN POLYOLS LIMITED,Others,INE255D01024,True
4547,NSE_EQ|INE1CCX01012,GURUNANAK,ST,NSE,GURUNANAK AGRICULTUR IN L,Others,INE1CCX01012,True
7916,NSE_EQ|INE251H01024,GVKPIL,BE,NSE,GVK POW. & INFRA LTD.,Others,INE251H01024,True
1779,NSE_EQ|INE878A01011,GVPIL,EQ,NSE,GE POWER INDIA LIMITED,Others,INE878A01011,True
2203,NSE_EQ|INE382T01030,GVPTECH,EQ,NSE,GVP INFOTECH LIMITED,Others,INE382T01030,True
7009,NSE_EQ|IN9382T01012,GVPTECHPP,E1,NSE,GVPTECH RE.1 PPD UP,Others,IN9382T01012,True
174,NSE_EQ|INE200A01026,GVT&D,EQ,NSE,GE VERNOVA T&D INDIA LTD,Electric Equipment,INE200A01026,True
212,NSE_EQ|INE066F01020,HAL,EQ,NSE,HINDUSTAN AERONAUTICS LTD,Airlines,INE066F01020,True
778,NSE_EQ|INE115S01010,HALDER,EQ,NSE,HALDER VENTURE LIMITED,Others,INE115S01010,True
1810,NSE_EQ|INE506D01020,HALDYNGL,EQ,NSE,HALDYN GLASS LTD.,Others,INE506D01020,True
2067,NSE_EQ|INE320X01016,HALEOSLABS,EQ,NSE,HALEOS LABS LIMITED,Others,INE320X01016,True
206,NSE_EQ|INE419U01012,HAPPSTMNDS,EQ,NSE,HAPPIEST MINDS TECHNO LTD,IT - Software,INE419U01012,True
1433,NSE_EQ|INE330T01021,HAPPYFORGE,EQ,NSE,HAPPY FORGINGS LIMITED,Others,INE330T01021,True
1051,NSE_EQ|INE626Z01029,HARDWYN,EQ,NSE,HARDWYN INDIA LIMITED,Others,INE626Z01029,True
1458,NSE_EQ|INE00EV01017,HARIOMPIPE,EQ,NSE,HARIOM PIPE INDUSTRIES L,Others,INE00EV01017,True
1033,NSE_EQ|INE544A01019,HARRMALAYA,EQ,NSE,HARRISON MALAYALAM LTD,Others,INE544A01019,True
1327,NSE_EQ|INE0JUS01029,HARSHA,EQ,NSE,HARSHA ENGINEERS INT LTD,Others,INE0JUS01029,True
1867,NSE_EQ|INE982F01036,HATHWAY,EQ,NSE,HATHWAY CABLE & DATACOM,Others,INE982F01036,True
1924,NSE_EQ|INE473B01035,HATSUN,EQ,NSE,HATSUN AGRO PRODUCT LTD.,Others,INE473B01035,True
207,NSE_EQ|INE176B01034,HAVELLS,EQ,NSE,HAVELLS INDIA LIMITED,Electric Equipment,INE176B01034,True
2108,NSE_EQ|INE293B01029,HAVISHA,EQ,NSE,SRI HAVISHA HOSP & INFR L,Others,INE293B01029,True
1455,NSE_EQ|INE979B01015,HAWKINCOOK,EQ,NSE,HAWKINS COOKERS LTD,Others,INE979B01015,True
1024,NSE_EQ|INE640B01021,HBESD,EQ,NSE,H B ESTATE DEVELOPERS L,Others,INE640B01021,True
200,NSE_EQ|INE292B01021,HBLENGINE,EQ,NSE,HBL ENGINEERING LTD,Batteries,INE292B01021,True
5113,NSE_EQ|INE550B01022,HBSL,BE,NSE,HB STOCKHOLDINGS LIMITED,Others,INE550B01022,True
2433,NSE_EQ|INE549A01026,HCC,EQ,NSE,HINDUSTAN CONSTRUCTION CO,Others,INE549A01026,True
1931,NSE_EQ|INE075I01017,HCG,EQ,NSE,HEALTHCARE GLOB. ENT. LTD,Others,INE075I01017,True
1909,NSE_EQ|INE236A01020,HCL-INSYS,EQ,NSE,HCL INFOSYSTEMS LTD,Others,INE236A01020,True
201,NSE_EQ|INE860A01027,HCLTECH,EQ,NSE,HCL TECHNOLOGIES LTD,IT - Software,INE860A01027,True
1449,NSE_EQ|INE756I01012,HDBFS,EQ,NSE,HDB FINANCIAL SERVICES L,Others,INE756I01012,True
202,NSE_EQ|INE127D01025,HDFCAMC,EQ,NSE,HDFC AMC LIMITED,Asset Management,INE127D01025,True
203,NSE_EQ|INE040A01034,HDFCBANK,EQ,NSE,HDFC BANK LTD,Bank,INE040A01034,True
2173,NSE_EQ|INF179KC1981,HDFCGOLD,EQ,NSE,HDFC GOLD ETF,Others,INF179KC1981,True
2034,NSE_EQ|INF179KC1DJ0,HDFCGROWTH,EQ,NSE,HDFCAMC - HDFCGROWTH,Others,INF179KC1DJ0,True
204,NSE_EQ|INE795G01014,HDFCLIFE,EQ,NSE,HDFC LIFE INS CO LTD,Insurance,INE795G01014,True
2054,NSE_EQ|INF179KC1JG3,HDFCLIQUID,EQ,NSE,HDFCAMC - HDFCLIQUID,Others,INF179KC1JG3,True
2074,NSE_EQ|INF179KC1HU8,HDFCLOWVOL,EQ,NSE,HDFCAMC - HDFCLOWVOL,Others,INF179KC1HU8,True
2070,NSE_EQ|INF179KC1HV6,HDFCMOMENT,EQ,NSE,HDFCAMC - HDFCMOMENT,Others,INF179KC1HV6,True
2069,NSE_EQ|INF179KC1HY0,HDFCNIFBAN,EQ,NSE,HDFCAMC - HDFCNIFBAN,Others,INF179KC1HY0,True
2065,NSE_EQ|INF179KC1IA8,HDFCNIFIT,EQ,NSE,HDFCAMC - HDFCNIFIT,Others,INF179KC1IA8,True
2174,NSE_EQ|INF179KC1965,HDFCNIFTY,EQ,NSE,HDFCAMC - HDFCNIFTY,Others,INF179KC1965,True
2071,NSE_EQ|INF179KC1HW4,HDFCPSUBK,EQ,NSE,HDFCAMC HDFCPSUBK,Others,INF179KC1HW4,True
2066,NSE_EQ|INF179KC1HZ7,HDFCPVTBAN,EQ,NSE,HDFCAMC - HDFCPVTBAN,Others,INF179KC1HZ7,True
2033,NSE_EQ|INF179KC1DL6,HDFCQUAL,EQ,NSE,HDFCAMC - HDFCQUAL,Others,INF179KC1DL6,True
2068,NSE_EQ|INF179KC1HX2,HDFCSENSEX,EQ,NSE,HDFCAMC - HDFCSENSEX,Others,INF179KC1HX2,True
2006,NSE_EQ|INF179KC1DI2,HDFCSILVER,EQ,NSE,HDFCAMC - HDFCSILVER,Others,INF179KC1DI2,True
2035,NSE_EQ|INF179KC1DK8,HDFCVALUE,EQ,NSE,HDFCAMC - HDFCVALUE,Others,INF179KC1DK8,True
2866,NSE_EQ|INE191I01012,HDIL,BZ,NSE,HOUSING DEV & INFRA LTD,Others,INE191I01012,True
2165,NSE_EQ|INE759V01019,HEADSUP,EQ,NSE,HEADS UP VENTURES LIMITED,Others,INE759V01019,True
1880,NSE_EQ|INF740KA1UF4,HEALTHADD,EQ,NSE,DSPAMC - HEALTHADD,Others,INF740KA1UF4,True
1195,NSE_EQ|INF769K01QA6,HEALTHCARE,EQ,NSE,MIRAEAMC - HEALTHCARE,Others,INF769K01QA6,True
2421,NSE_EQ|INF109KC1Q72,HEALTHIETF,EQ,NSE,ICICIPRAMC - ICICIPHARM,Others,INF109KC1Q72,True
1540,NSE_EQ|INE019J01013,HEALTHX,EQ,NSE,HEALTH X PLATFORM LIMITED,Others,INE019J01013,True
1114,NSE_EQ|INF209KB10C2,HEALTHY,EQ,NSE,BIRLASLAMC - HEALTHY,Others,INF209KB10C2,True
629,NSE_EQ|INE558R01013,HECPROJECT,EQ,NSE,HEC INFRA PROJECTS LTD,Others,INE558R01013,True
199,NSE_EQ|INE545A01024,HEG,EQ,NSE,HEG LTD,Welding Equipment,INE545A01024,True
781,NSE_EQ|INE578A01017,HEIDELBERG,EQ,NSE,HEIDELBERGCEMENT (I) LTD,Others,INE578A01017,True
2336,NSE_EQ|INE0AJG01018,HEMIPROP,EQ,NSE,HEMISPHERE PROP IND LTD,Others,INE0AJG01018,True
1535,NSE_EQ|INE694N01015,HERANBA,EQ,NSE,HERANBA INDUSTRIES LTD,Others,INE694N01015,True
1786,NSE_EQ|INE978A01027,HERITGFOOD,EQ,NSE,HERITAGE FOODS LTD,Others,INE978A01027,True
208,NSE_EQ|INE158A01026,HEROMOTOCO,EQ,NSE,HERO MOTOCORP LIMITED,Automobile,INE158A01026,True
600,NSE_EQ|INE782E01017,HESTERBIO,EQ,NSE,HESTER BIOSCIENCES LTD,Others,INE782E01017,True
3741,NSE_EQ|INE0JUI01012,HEXAGON,BE,NSE,HEXAGON NUTRITION LIMITED,Others,INE0JUI01012,True
2255,NSE_EQ|INE750M01017,HEXATRADEX,EQ,NSE,HEXA TRADEX LIMITED,Others,INE750M01017,True
209,NSE_EQ|INE093A01041,HEXT,EQ,NSE,HEXAWARE TECHNOLOGIES LTD,DVR,INE093A01041,True
205,NSE_EQ|INE548A01028,HFCL,EQ,NSE,HFCL LIMITED,Telecommunication,INE548A01028,True
2161,NSE_EQ|INE926X01010,HGINFRA,EQ,NSE,H.G.INFRA ENGINEERING LTD,Others,INE926X01010,True
606,NSE_EQ|INE596H01014,HGM,EQ,NSE,HANDSON GBL MNGMNT LTD,Others,INE596H01014,True
877,NSE_EQ|INE170I01016,HGS,EQ,NSE,HINDUJA GLOBAL SOLS. LTD.,Others,INE170I01016,True
8703,NSE_EQ|INE0PIC01017,HIGREEN,SM,NSE,HI GREEN CARBON LIMITED,Others,INE0PIC01017,True
1942,NSE_EQ|INE475B01022,HIKAL,EQ,NSE,HIKAL LIMITED,Others,INE475B01022,True
5818,NSE_EQ|INE00RL01028,HILINFRA,BE,NSE,HIGHWAY INFRASTRUCTURE L,Others,INE00RL01028,True
4190,NSE_EQ|INE788H01017,HILTON,BE,NSE,HILTON METAL FORGING LTD,Others,INE788H01017,True
1520,NSE_EQ|INE049A01027,HIMATSEIDE,EQ,NSE,HIMATSINGKA SEIDE LTD,Others,INE049A01027,True
211,NSE_EQ|INE038A01020,HINDALCO,EQ,NSE,HINDALCO  INDUSTRIES  LTD,Metal,INE038A01020,True
829,NSE_EQ|INE310C01029,HINDCOMPOS,EQ,NSE,HINDUSTAN COMPOSITES LTD.,Others,INE310C01029,True
2616,NSE_EQ|INE642Y01029,HINDCON,BE,NSE,HINDCON CHEMICALS LIMITED,Others,INE642Y01029,True
213,NSE_EQ|INE531E01026,HINDCOPPER,EQ,NSE,HINDUSTAN COPPER LTD,Metal,INE531E01026,True
1400,NSE_EQ|INE345A01011,HINDOILEXP,EQ,NSE,HINDUSTAN OIL EXPLORATION,Others,INE345A01011,True
214,NSE_EQ|INE094A01015,HINDPETRO,EQ,NSE,HINDUSTAN PETROLEUM CORP,Refineries,INE094A01015,True
215,NSE_EQ|INE030A01027,HINDUNILVR,EQ,NSE,HINDUSTAN UNILEVER LTD.,Household Products,INE030A01027,True
2115,NSE_EQ|INE05AN01011,HINDWAREAP,EQ,NSE,HINDWARE HME INOVATON LTD,Others,INE05AN01011,True
216,NSE_EQ|INE267A01025,HINDZINC,EQ,NSE,HINDUSTAN ZINC LIMITED,Metal,INE267A01025,True
1282,NSE_EQ|INE835D01023,HIRECT,EQ,NSE,HIND RECTIFIER LIMITED,Others,INE835D01023,True
869,NSE_EQ|INE598C01011,HISARMETAL,EQ,NSE,HISAR METAL IND. LIMITED,Others,INE598C01011,True
1821,NSE_EQ|INE106T01025,HITECH,EQ,NSE,HI-TECH PIPES LIMITED,Others,INE106T01025,True
7018,NSE_EQ|INE120D01012,HITECHCORP,BE,NSE,HITECH CORPORATION LTD,Others,INE120D01012,True
7816,NSE_EQ|INE127B01011,HITECHGEAR,BE,NSE,THE HI-TECH GEARS LIMITED,Others,INE127B01011,True
1692,NSE_EQ|INE461D01028,HLEGLAS,EQ,NSE,HLE GLASCOAT LIMITED,Others,INE461D01028,True
1367,NSE_EQ|INE102A01024,HLVLTD,EQ,NSE,HLV LIMITED,Others,INE102A01024,True
994,NSE_EQ|INE0ECP01024,HMAAGRO,EQ,NSE,HMA AGRO INDUSTRIES LTD,Others,INE0ECP01024,True
4275,NSE_EQ|INE262A01018,HMT,BZ,NSE,HMT LTD -,Others,INE262A01018,True
2399,NSE_EQ|INE871K01015,HMVL,EQ,NSE,HINDUSTAN MEDIA VENT LTD,Others,INE871K01015,True
2157,NSE_EQ|INE254N01026,HNDFDS,EQ,NSE,HINDUSTAN FOODS LIMITED,Others,INE254N01026,True
1631,NSE_EQ|INF204KB19I1,HNGSNGBEES,EQ,NSE,NIP IND ETF HANGSENG BEES,Others,INF204KB19I1,True
7603,NSE_EQ|INE0S6S01017,HOACFOODS,ST,NSE,HOAC FOODS INDIA LIMITED,Others,INE0S6S01017,True
6707,NSE_EQ|INE0LXA01019,HOLMARC,SM,NSE,HOLMARC OPTO MECHATRO L,Others,INE0LXA01019,True
218,NSE_EQ|INE481N01025,HOMEFIRST,EQ,NSE,HOME FIRST FIN CO IND LTD,Housing Finance,INE481N01025,True
7905,NSE_EQ|INE0N7F01017,HOMESFY,SM,NSE,HOMESFY REALTY LIMITED,Others,INE0N7F01017,True
219,NSE_EQ|INE0J5401028,HONASA,EQ,NSE,HONASA CONSUMER LIMITED,Trading,INE0J5401028,True
220,NSE_EQ|INE671A01010,HONAUT,EQ,NSE,HONEYWELL AUTOMATION IND,Consumer Durables,INE671A01010,True
2176,NSE_EQ|INE634A01018,HONDAPOWER,EQ,NSE,HONDA I POWER PRODUCT LTD,Others,INE634A01018,True
2326,NSE_EQ|INE0GSL01024,HPAL,EQ,NSE,HP ADHESIVES LIMITED,Others,INE0GSL01024,True
1207,NSE_EQ|INE05X901010,HPIL,EQ,NSE,HINDPRAKASH INDUSTRY LTD,Others,INE05X901010,True
2150,NSE_EQ|INE495S01016,HPL,EQ,NSE,HPL ELECTRIC & POWER LTD,Others,INE495S01016,True
4262,NSE_EQ|INE0VA601019,HPTL,SM,NSE,HP TELECOM INDIA LIMITED,Others,INE0VA601019,True
4722,NSE_EQ|INE0R3501012,HRHNEXT,SM,NSE,HRH NEXT SERVICES LIMITED,Others,INE0R3501012,True
1730,NSE_EQ|INF336L01RX2,HSBCGOLD,EQ,NSE,HSBCAMC - HSBCGOLD,Others,INF336L01RX2,True
210,NSE_EQ|INE019C01026,HSCL,EQ,NSE,HIMADRI SPECIALITY CHEM L,Chemicals,INE019C01026,True
1579,NSE_EQ|INE501G01024,HTMEDIA,EQ,NSE,HT MEDIA LIMITED,Others,INE501G01024,True
791,NSE_EQ|INE703H01016,HUBTOWN,EQ,NSE,HUBTOWN LIMITED,Others,INE703H01016,True
221,NSE_EQ|INE031A01017,HUDCO,EQ,NSE,HSG & URBAN DEV CORPN LTD,Housing Finance,INE031A01017,True
1524,NSE_EQ|INE275B01026,HUHTAMAKI,EQ,NSE,HUHTAMAKI INDIA LIMITED,Others,INE275B01026,True
6170,NSE_EQ|INE0TO501019,HVAX,SM,NSE,HVAX TECHNOLOGIES LIMITED,Others,INE0TO501019,True
2186,NSE_EQ|INE965B01022,HYBRIDFIN,EQ,NSE,HYBRID FINANCIAL SERVICE,Others,INE965B01022,True
223,NSE_EQ|INE0V6F01027,HYUNDAI,EQ,NSE,HYUNDAI MOTOR INDIA LTD,Automobile,INE0V6F01027,True
5722,NSE_EQ|INE0O7401018,IBLFL,SM,NSE,IBL FINANCE LIMITED,Others,INE0O7401018,True
9028,NSE_EQ|INE126M01010,IBULLSLTD,BE,NSE,INDIABULLS LIMITED,Others,INE126M01010,True
812,NSE_EQ|INE613B01010,ICDSLTD,EQ,NSE,ICDS LTD,Others,INE613B01010,True
1336,NSE_EQ|INE520Y01019,ICEMAKE,EQ,NSE,ICE MAKE REFRIGERAT LTD,Others,INE520Y01019,True
855,NSE_EQ|INE346A01027,ICICIAMC,EQ,NSE,ICICI PRUDENTIAL AMC LTD,Others,INE346A01027,True
224,NSE_EQ|INE090A01021,ICICIBANK,EQ,NSE,ICICI BANK LTD.,Bank,INE090A01021,True
225,NSE_EQ|INE765G01017,ICICIGI,EQ,NSE,ICICI LOMBARD GIC LIMITED,Insurance,INE765G01017,True
226,NSE_EQ|INE726G01019,ICICIPRULI,EQ,NSE,ICICI PRU LIFE INS CO LTD,Insurance,INE726G01019,True
2095,NSE_EQ|INE483B01026,ICIL,EQ,NSE,INDO COUNT INDUSTRIES LTD,Others,INE483B01026,True
1717,NSE_EQ|INE725G01011,ICRA,EQ,NSE,ICRA LIMITED,Others,INE725G01011,True
1689,NSE_EQ|INE008A01015,IDBI,EQ,NSE,IDBI BANK LIMITED,Others,INE008A01015,True
1163,NSE_EQ|INE669E01016,IDEA,EQ,NSE,VODAFONE IDEA LIMITED,Others,INE669E01016,True
8408,NSE_EQ|INE349Y01013,IDEAFORGE,BE,NSE,IDEAFORGE TECHNO LTD,Others,INE349Y01013,True
4704,NSE_EQ|INE0T9I01011,IDEALTECHO,SM,NSE,IDEAL TECHNOPLAST IND LTD,Others,INE0T9I01011,True
7168,NSE_EQ|INE0TD101011,IDENTICAL,ST,NSE,IDENTICAL BRAINS STUDIO L,Others,INE0TD101011,True
228,NSE_EQ|INE092T01019,IDFCFIRSTB,EQ,NSE,IDFC FIRST BANK LIMITED,Bank,INE092T01019,True
1803,NSE_EQ|INF194KA1U07,IDFNIFTYET,EQ,NSE,BANDHANAMC - IDFNIFTYET,Others,INF194KA1U07,True
4988,NSE_EQ|INE0RRU01016,IEML,SM,NSE,INDIAN EMULSIFIERS LTD,Others,INE0RRU01016,True
241,NSE_EQ|INE022Q01020,IEX,EQ,NSE,INDIAN ENERGY EXC LTD,Power,INE022Q01020,True
2889,NSE_EQ|INE076C01018,IFBAGRO,BE,NSE,IFB AGRO INDUSTRIES LTD,Others,INE076C01018,True
624,NSE_EQ|INE559A01017,IFBIND,EQ,NSE,IFB INDUSTRIES LTD,Others,INE559A01017,True
229,NSE_EQ|INE039A01010,IFCI,EQ,NSE,IFCI LTD,Finance,INE039A01010,True
2020,NSE_EQ|INE133Y01011,IFGLEXPOR,EQ,NSE,IFGL REFRACTORIES LIMITED,Others,INE133Y01011,True
1412,NSE_EQ|INE188B01013,IGARASHI,EQ,NSE,IGARASHI MOTORS INDIA LTD,Others,INE188B01013,True
1410,NSE_EQ|INE05J901018,IGCL,EQ,NSE,INDOGULF CROPSCIENCES LTD,Others,INE05J901018,True
255,NSE_EQ|INE0Q9301021,IGIL,EQ,NSE,INTL GEMOLOGICAL INST LTD,Miscellaneous,INE0Q9301021,True
248,NSE_EQ|INE203G01027,IGL,EQ,NSE,INDRAPRASTHA GAS LTD,Gases & Fuels,INE203G01027,True
1819,NSE_EQ|INE204A01010,IGPL,EQ,NSE,I G PETROCHEMICALS LTD,Others,INE204A01010,True
230,NSE_EQ|INE530B01024,IIFL,EQ,NSE,IIFL FINANCE LIMITED,Investment,INE530B01024,True
1406,NSE_EQ|INE489L01022,IIFLCAPS,EQ,NSE,IIFL CAPITAL SERVICES LTD,Others,INE489L01022,True
1895,NSE_EQ|INE886A01014,IITL,EQ,NSE,INDUSTRIAL INV TRUST LTD,Others,INE886A01014,True
1798,NSE_EQ|INE0LOJ01019,IKIO,EQ,NSE,IKIO TECHNOLOGIES LIMITED,Others,INE0LOJ01019,True
256,NSE_EQ|INE115Q01022,IKS,EQ,NSE,INVENTURUS KNOWLEDGE SO L,Miscellaneous,INE115Q01022,True
9025,NSE_EQ|INE369I01014,IL&FSENGG,BZ,NSE,IL&FS ENG AND CONS CO LTD,Others,INE369I01014,True
4495,NSE_EQ|INE975G01012,IL&FSTRANS,BZ,NSE,IL&FS TRANS NET LTD,Others,INE975G01012,True
959,NSE_EQ|INE172N01012,IMAGICAA,EQ,NSE,IMAGICAAWORLD ENT LTD,Others,INE172N01012,True
2202,NSE_EQ|INE919H01018,IMFA,EQ,NSE,INDIAN METALS & FERRO,Others,INE919H01018,True
1792,NSE_EQ|INE547E01014,IMPAL,EQ,NSE,IND MOTOR PART & ACC LTD,Others,INE547E01014,True
4751,NSE_EQ|INE691G01015,IMPEXFERRO,BZ,NSE,IMPEX FERRO TECH LIMITED,Others,INE691G01015,True
632,NSE_EQ|INE0LGX01024,INA,EQ,NSE,INSOLATION ENERGY LIMITED,Others,INE0LGX01024,True
1993,NSE_EQ|INE452L01012,INCREDIBLE,EQ,NSE,INCREDIBLE INDUSTRIES LTD,Others,INE452L01012,True
2194,NSE_EQ|INE841B01017,INDBANK,EQ,NSE,INDBANK MERCH BANK,Others,INE841B01017,True
237,NSE_EQ|INE065X01017,INDGN,EQ,NSE,INDEGENE LIMITED,Pharmaceuticals,INE065X01017,True
242,NSE_EQ|INE053A01029,INDHOTEL,EQ,NSE,THE INDIAN HOTELS CO. LTD,Hotel,INE053A01029,True
507,NSE_INDEX|India VIX,INDIA VIX,INDEX,NSE,India VIX Volatility Index,INDEX,IN9999999999,True
238,NSE_EQ|INE383A01012,INDIACEM,EQ,NSE,THE INDIA CEMENTS LIMITED,Construction Materials,INE383A01012,True
1345,NSE_EQ|INE560A01023,INDIAGLYCO,EQ,NSE,INDIA GLYCOLS LTD,Others,INE560A01023,True
239,NSE_EQ|INE933S01016,INDIAMART,EQ,NSE,INDIAMART INTERMESH LTD,e-Commerce,INE933S01016,True
240,NSE_EQ|INE562A01011,INDIANB,EQ,NSE,INDIAN BANK,Bank,INE562A01011,True
1197,NSE_EQ|INE061A01014,INDIANCARD,EQ,NSE,INDIAN CARD CLOTHING CO.,Others,INE061A01014,True
1037,NSE_EQ|INE323C01030,INDIANHUME,EQ,NSE,INDIAN HUME PIPE CO. LTD.,Others,INE323C01030,True
2233,NSE_EQ|INE922K01024,INDIASHLTR,EQ,NSE,INDIA SHELTER FIN CORP L,Others,INE922K01024,True
3602,NSE_EQ|INE0PS301014,INDIFRA,SM,NSE,INDIFRA LIMITED,Others,INE0PS301014,True
254,NSE_EQ|INE646L01027,INDIGO,EQ,NSE,INTERGLOBE AVIATION LTD,Airlines,INE646L01027,True
1136,NSE_EQ|INE09VQ01012,INDIGOPNTS,EQ,NSE,INDIGO PAINTS LIMITED,Others,INE09VQ01012,True
9067,NSE_EQ|INE219X23014,INDIGRID,IV,NSE,INDIGRID INFRASTRUCT TRST,Others,INE219X23014,True
1095,NSE_EQ|INE06ST01018,INDIQUBE,EQ,NSE,INDIQUBE SPACES LIMITED,Others,INE06ST01018,True
890,NSE_EQ|INE092B01025,INDNIPPON,EQ,NSE,INDIA NIPPON ELECT  LTD,Others,INE092B01025,True
2318,NSE_EQ|INE760F01028,INDOAMIN,EQ,NSE,INDO AMINES LIMITED,Others,INE760F01028,True
1169,NSE_EQ|INE803D01021,INDOBORAX,EQ,NSE,INDO BORAX & CHEMICAL LTD,Others,INE803D01021,True
1383,NSE_EQ|INE873D01024,INDOCO,EQ,NSE,INDOCO REMEDIES LTD.,Others,INE873D01024,True
973,NSE_EQ|INE622H01018,INDOFARM,EQ,NSE,INDO FARM EQUIPMENT LTD,Others,INE622H01018,True
806,NSE_EQ|INE156A01020,INDORAMA,EQ,NSE,INDO RAMA SYNTHETICS LTD,Others,INE156A01020,True
1454,NSE_EQ|INE896L01010,INDOSTAR,EQ,NSE,INDOSTAR CAPITAL FIN LTD,Others,INE896L01010,True
8440,NSE_EQ|INE332H01014,INDOTECH,BE,NSE,INDO TECH TRANSFORM LTD.,Others,INE332H01014,True
2444,NSE_EQ|INE337M01021,INDOTHAI,EQ,NSE,INDO THAI SEC LTD,Others,INE337M01021,True
1022,NSE_EQ|INE250Z01010,INDOUS,EQ,NSE,INDO US BIOTECH LTD,Others,INE250Z01010,True
2683,NSE_EQ|INE227G01018,INDOWIND,BE,NSE,INDOWIND ENERGY LTD,Others,INE227G01018,True
700,NSE_EQ|INE620D01011,INDPRUD,EQ,NSE,INDUSTRIAL & PRU INV CO L,Others,INE620D01011,True
2404,NSE_EQ|INE681B01017,INDRAMEDCO,EQ,NSE,INDRAPRASTHA MEDICAL CORP,Others,INE681B01017,True
1067,NSE_EQ|INE915B01019,INDSWFTLAB,EQ,NSE,IND SWIFT LABORATORIES LT,Others,INE915B01019,True
663,NSE_EQ|INE611L01021,INDTERRAIN,EQ,NSE,IND TERRAIN FASHIONS LTD,Others,INE611L01021,True
250,NSE_EQ|INE095A01012,INDUSINDBK,EQ,NSE,INDUSIND BANK LIMITED,Bank,INE095A01012,True
8777,NSE_EQ|INE0NHL23019,INDUSINVIT,IV,NSE,INDUS INFRA TRUST,Others,INE0NHL23019,True
249,NSE_EQ|INE121J01017,INDUSTOWER,EQ,NSE,INDUS TOWERS LIMITED,Telecommunication,INE121J01017,True
7666,NSE_EQ|INE0MRE01011,INFINIUM,SM,NSE,INFINIUM PHARMACHEM LTD,Others,INE0MRE01011,True
9393,NSE_EQ|INE0MYZ01012,INFLUX,SM,NSE,INFLUX HEALTHTECH LIMITED,Others,INE0MYZ01012,True
1870,NSE_EQ|INE344S01016,INFOBEAN,EQ,NSE,INFOBEANS TECHNO. LTD.,Others,INE344S01016,True
3663,NSE_EQ|INE0NNZ01013,INFOLLION,SM,NSE,INFOLLION RESEARCH SER L,Others,INE0NNZ01013,True
1854,NSE_EQ|INE669A01022,INFOMEDIA,EQ,NSE,INFOMEDIA PRESS LIMITED,Others,INE669A01022,True
1193,NSE_EQ|INF769K01QB4,INFRA,EQ,NSE,MIRAEAMC - INFRA,Others,INF769K01QB4,True
689,NSE_EQ|INF732E01268,INFRABEES,EQ,NSE,NIP IND ETF INFRA BEES,Others,INF732E01268,True
1741,NSE_EQ|INF109KC16E5,INFRAIETF,EQ,NSE,ICICIPRAMC - ICICIINFRA,Others,INF109KC16E5,True
500,NSE_EQ|INE009A01021,INFY,EQ,NSE,INFOSYS LIMITED,IT - Software,INE009A01021,True
542,NSE_EQ|INE177A01018,INGERRAND,EQ,NSE,INGERSOLL-RAND INDIA LTD,Others,INE177A01018,True
6846,NSE_EQ|INE0OPC01015,INM,SM,NSE,INTERIORS & MORE LIMITED,Others,INE0OPC01015,True
6326,NSE_EQ|INE0S1D01010,INNOMET,ST,NSE,INNOMET ADVANCED MATERI L,Others,INE0S1D01010,True
1614,NSE_EQ|INE0DUT01020,INNOVACAP,EQ,NSE,INNOVA CAPTAB LIMITED,Others,INE0DUT01020,True
1198,NSE_EQ|INE403Y01018,INNOVANA,EQ,NSE,INNOVANA THINKLABS LTD,Others,INE403Y01018,True
1565,NSE_EQ|INE0ADB01012,INNOVISION,EQ,NSE,INNOVISION LIMITED,Others,INE0ADB01012,True
1618,NSE_EQ|INE510W01014,INOXGREEN,EQ,NSE,INOX GREEN ENERGY SER LTD,Others,INE510W01014,True
231,NSE_EQ|INE616N01034,INOXINDIA,EQ,NSE,INOX INDIA LIMITED,Engineering,INE616N01034,True
252,NSE_EQ|INE066P01011,INOXWIND,EQ,NSE,INOX WIND LIMITED,Electric Equipment,INE066P01011,True
2140,NSE_EQ|INE070I01018,INSECTICID,EQ,NSE,INSECTICIDES (I) LTD,Others,INE070I01018,True
3374,NSE_EQ|INE0NDX01019,INSPIRE,ST,NSE,INSPIRE FILMS LIMITED,Others,INE0NDX01019,True
3877,NSE_EQ|INE020G01017,INSPIRISYS,BE,NSE,INSPIRISYS SOLUTIONS LTD,Others,INE020G01017,True
4142,NSE_EQ|INE0YSH01017,INTEGRITY,ST,NSE,INTEGRITY INFRABUILD DE L,Others,INE0YSH01017,True
253,NSE_EQ|INE306R01017,INTELLECT,EQ,NSE,INTELLECT DESIGN ARENA,IT - Software,INE306R01017,True
2501,NSE_EQ|INE781A01025,INTENTECH,EQ,NSE,INTENSE TECHNOLOGIES LTD,Others,INE781A01025,True
1855,NSE_EQ|INE00M901018,INTERARCH,EQ,NSE,INTERARCH BLDNG SOLTN LTD,Others,INE00M901018,True
3228,NSE_EQ|INE790Z23019,INTERISE,IV,NSE,INTERISE TRUST,Others,INE790Z23019,True
1183,NSE_EQ|INF769K01PB6,INTERNET,EQ,NSE,MIRAEAMC - INTERNET,Others,INF769K01PB6,True
2045,NSE_EQ|INE575C01027,INTLCONV,EQ,NSE,INTL CONVEYORS LIMITED,Others,INE575C01027,True
724,NSE_EQ|INE878H01024,INVENTURE,EQ,NSE,INVENTURE GRO & SEC LTD,Others,INE878H01024,True
7860,NSE_EQ|INE0XJ501010,INVICTA,ST,NSE,INVICTA DIAGNOSTIC LTD,Others,INE0XJ501010,True
1224,NSE_EQ|INE155E01016,INVPRECQ,EQ,NSE,INVESTMENT & PREC CAST L,Others,INE155E01016,True
244,NSE_EQ|INE565A01014,IOB,EQ,NSE,INDIAN OVERSEAS BANK,Bank,INE565A01014,True
243,NSE_EQ|INE242A01010,IOC,EQ,NSE,INDIAN OIL CORP LTD,Refineries,INE242A01010,True
536,NSE_EQ|INE485C01029,IOLCP,EQ,NSE,IOL CHEM AND PHARMA LTD,Others,INE485C01029,True
2420,NSE_EQ|INE570A01022,IONEXCHANG,EQ,NSE,ION EXCHANGE (INDIA) LTD,Others,INE570A01022,True
257,NSE_EQ|INE571A01038,IPCALAB,EQ,NSE,IPCA LABORATORIES LTD,Pharmaceuticals,INE571A01038,True
6505,NSE_EQ|INE0DHF01018,IPHL,SM,NSE,INDIAN PHOSPHATE LIMITED,Others,INE0DHF01018,True
1211,NSE_EQ|INE0D6701023,IPL,EQ,NSE,INDIA PESTICIDES LIMITED,Others,INE0D6701023,True
4261,NSE_EQ|INE02EE01019,IPSL,SM,NSE,INTEGRATED PERSO SER LTD,Others,INE02EE01019,True
232,NSE_EQ|INE821I01022,IRB,EQ,NSE,IRB INFRA DEV LTD.,Engineering,INE821I01022,True
2931,NSE_EQ|INE183W23014,IRBINVIT,IV,NSE,IRB INVIT FUND,Others,INE183W23014,True
7740,NSE_EQ|INE0C8K23012,IRBIT,IV,NSE,IRB INFRASTRUCTURE TRUST,Others,INE0C8K23012,True
233,NSE_EQ|INE962Y01021,IRCON,EQ,NSE,IRCON INTERNATIONAL LTD,Engineering,INE962Y01021,True
245,NSE_EQ|INE335Y01020,IRCTC,EQ,NSE,INDIAN RAIL TOUR CORP LTD,Travel Services,INE335Y01020,True
247,NSE_EQ|INE202E01016,IREDA,EQ,NSE,INDIAN RENEWABLE ENERGY,NBFC,INE202E01016,True
246,NSE_EQ|INE053F01010,IRFC,EQ,NSE,INDIAN RAILWAY FIN CORP L,Finance,INE053F01010,True
797,NSE_EQ|INE864K01010,IRIS,EQ,NSE,IRIS REGTECH SOLUTION LTD,Others,INE864K01010,True
734,NSE_EQ|INE01GN01025,IRISDOREME,EQ,NSE,IRIS CLOTHINGS LIMITED,Others,INE01GN01025,True
2282,NSE_EQ|INE07U701015,IRMENERGY,EQ,NSE,IRM ENERGY LIMITED,Others,INE07U701015,True
2236,NSE_EQ|INE566K01011,ISFT,EQ,NSE,INTRASOFT TECH. LTD,Others,INE566K01011,True
866,NSE_EQ|INE858B01029,ISGEC,EQ,NSE,ISGEC HEAVY ENG LTD,Others,INE858B01029,True
6414,NSE_EQ|INE0LCW01025,ISHAN,SM,NSE,ISHAN INTERNATIONAL LTD,Others,INE0LCW01025,True
1951,NSE_EQ|INE561M01018,ISHANCH,EQ,NSE,ISHAN DYES N CHEMICALS L,Others,INE561M01018,True
659,NSE_EQ|INF174KA1GC5,IT,EQ,NSE,KOTAKMAMC - KOTAKIT,Others,INF174KA1GC5,True
1883,NSE_EQ|INF740KA1SX1,ITADD,EQ,NSE,DSPAMC - DSPIT,Others,INF740KA1SX1,True
7536,NSE_EQ|INE0R7R01018,ITALIANE,SM,NSE,ITALIAN EDIBLES LIMITED,Others,INE0R7R01018,True
1646,NSE_EQ|INF204KB15V2,ITBEES,EQ,NSE,NIP IND ETF IT,Others,INF204KB15V2,True
986,NSE_EQ|INF789F1AZD8,ITBETA,EQ,NSE,UTIAMC-ITBETA,Others,INF789F1AZD8,True
235,NSE_EQ|INE154A01025,ITC,EQ,NSE,ITC LTD,Tobacco,INE154A01025,True
234,NSE_EQ|INE379A01028,ITCHOTELS,EQ,NSE,ITC HOTELS LIMITED,Hotels & Restaurants,INE379A01028,True
2261,NSE_EQ|INE353K01014,ITDC,EQ,NSE,INDIA TOUR. DEV. CO. LTD.,Others,INE353K01014,True
1223,NSE_EQ|INF769K01KV5,ITETF,EQ,NSE,MIRAEAMC - ITETF,Others,INF769K01KV5,True
236,NSE_EQ|INE248A01017,ITI,EQ,NSE,ITI LTD,Telecommunication,INE248A01017,True
1747,NSE_EQ|INF109KC16I6,ITIETF,EQ,NSE,ICICIPRAMC - ICICITECH,Others,INF109KC16I6,True
4478,NSE_EQ|INE070Y01023,ITTL,ST,NSE,INNOVATIVE TYRE & TUBE LT,Others,INE070Y01023,True
568,NSE_EQ|INE056801025,IVALUE,EQ,NSE,IVALUE INFOSOLUTIONS LTD,Others,INE056801025,True
2146,NSE_EQ|INE050B01023,IVC,EQ,NSE,IL&FS INVESTMENT MANAGERS,Others,INE050B01023,True
1386,NSE_EQ|INE043C01018,IVP,EQ,NSE,IVP LTD,Others,INE043C01018,True
1624,NSE_EQ|INF205KA1BP1,IVZINGOLD,EQ,NSE,INVESCO INDIA GOLD ETF,Others,INF205KA1BP1,True
1833,NSE_EQ|INF205K01DA9,IVZINNIFTY,EQ,NSE,INVESCO INDIA NIFTY ETF,Others,INF205K01DA9,True
8412,NSE_EQ|INE1AII01014,IWARE,ST,NSE,IWARE SUPPLYCHAIN SER LTD,Others,INE1AII01014,True
1374,NSE_EQ|INE586E01020,IWP,EQ,NSE,INDIAN WOOD PRODUCTS CO L,Others,INE586E01020,True
1698,NSE_EQ|INE0HV901016,IXIGO,EQ,NSE,LE TRAVENUES TECHNOLOGY L,Others,INE0HV901016,True
1877,NSE_EQ|INE848A01014,IZMO,EQ,NSE,IZMO LIMITED,Others,INE848A01014,True
267,NSE_EQ|INE168A01041,J&KBANK,EQ,NSE,J & K BANK LTD.,Bank,INE168A01041,True
981,NSE_EQ|INE199G01027,JAGRAN,EQ,NSE,JAGRAN PRAKASHAN LIMITED,Others,INE199G01027,True
769,NSE_EQ|INE048B01035,JAGSNPHARM,EQ,NSE,JAGSONPAL PHARMACEUTICALS,Others,INE048B01035,True
6794,NSE_EQ|INE091G01026,JAIBALAJI,BE,NSE,JAI BALAJI INDUSTRIES LTD,Others,INE091G01026,True
2292,NSE_EQ|INE070D01027,JAICORPLTD,EQ,NSE,JAI CORP LIMITED,Others,INE070D01027,True
5056,NSE_EQ|INE02KC01010,JAINAM,SM,NSE,JAINAM FER ALLOYS (I) LTD,Others,INE02KC01010,True
2926,NSE_EQ|INE0XIL01012,JAINIK,SM,NSE,JAINIK POWER CABLES LTD,Others,INE0XIL01012,True
1688,NSE_EQ|INE0YD401026,JAINREC,EQ,NSE,JAIN RESOURCE RECYCLING L,Others,INE0YD401026,True
1385,NSE_EQ|INE696V01013,JAIPURKURT,EQ,NSE,NANDANI CREATION LIMITED,Others,INE696V01013,True
3462,NSE_EQ|INE00N401018,JAKHARIA,ST,NSE,JAKHARIA FABRIC LIMITED,Others,INE00N401018,True
6519,NSE_EQ|INE349X01015,JALAN,SM,NSE,JALAN TRANSOLU. INDIA LTD,Others,INE349X01015,True
1637,NSE_EQ|INE039C01032,JAMNAAUTO,EQ,NSE,JAMNA AUTO IND LTD,Others,INE039C01032,True
2218,NSE_EQ|INE00YJ01010,JARO,EQ,NSE,JARO INS OF TEC MG N RE L,Others,INE00YJ01010,True
742,NSE_EQ|INE039O01029,JASH,EQ,NSE,JASH ENGINEERING LIMITED,Others,INE039O01029,True
586,NSE_EQ|INE785A01026,JAYAGROGN,EQ,NSE,JAYANT AGRO ORGANICS LTD,Others,INE785A01026,True
1609,NSE_EQ|INE571B01036,JAYBARMARU,EQ,NSE,JAY BHARAT MARUTI LTD,Others,INE571B01036,True
7187,NSE_EQ|INE0SMY01017,JAYBEE,ST,NSE,JAY BEE LAMINATIONS LTD,Others,INE0SMY01017,True
2865,NSE_EQ|INE1AE401014,JAYESH,SM,NSE,JAYESH LOGISTICS LIMITED,Others,INE1AE401014,True
2335,NSE_EQ|INE903A01025,JAYKAY,EQ,NSE,JAYKAY ENTERPRISES LTD,Others,INE903A01025,True
2142,NSE_EQ|INE854B01010,JAYNECOIND,EQ,NSE,JAYASWAL NECO INDUSTR LTD,Others,INE854B01010,True
1508,NSE_EQ|INE364A01020,JAYSREETEA,EQ,NSE,JAYSHREE TEA & INDUSTRIES,Others,INE364A01020,True
258,NSE_EQ|INE572A01036,JBCHEPHARM,EQ,NSE,J B CHEMICALS AND PHARMA,Pharmaceuticals,INE572A01036,True
260,NSE_EQ|INE927D01051,JBMA,EQ,NSE,JBM AUTO LIMITED,Auto Ancillaries,INE927D01051,True
592,NSE_EQ|INE982V01025,JETFREIGHT,EQ,NSE,JET FREIGHT LOGISTICS LTD,Others,INE982V01025,True
7022,NSE_EQ|INE564T01017,JETKNIT,ST,NSE,JET KNITWEARS LTD.,Others,INE564T01017,True
7703,NSE_EQ|INE0RXB01022,JEYYAM,SM,NSE,JEYYAM GLOBAL FOODS LTD,Others,INE0RXB01022,True
2804,NSE_EQ|INE0LA901015,JFLLIFE,SM,NSE,JFL LIFE SCIENCES LIMITED,Others,INE0LA901015,True
676,NSE_EQ|INE0MB501011,JGCHEM,EQ,NSE,J.G.CHEMICALS LIMITED,Others,INE0MB501011,True
1584,NSE_EQ|INE544H01014,JHS,EQ,NSE,JHS SVEND. LAB. LTD,Others,INE544H01014,True
998,NSE_EQ|INE796G01012,JINDALPHOT,EQ,NSE,JINDAL PHOTO LIMITED,Others,INE796G01012,True
1150,NSE_EQ|INE197D01010,JINDALPOLY,EQ,NSE,JINDAL POLY FILMS LIMITED,Others,INE197D01010,True
268,NSE_EQ|INE324A01032,JINDALSAW,EQ,NSE,JINDAL SAW LIMITED,Steel & Iron Products,INE324A01032,True
270,NSE_EQ|INE749A01030,JINDALSTEL,EQ,NSE,JINDAL STEEL LIMITED,Steel & Iron Products,INE749A01030,True
1859,NSE_EQ|INE742C01031,JINDRILL,EQ,NSE,JINDAL DRILLING IND. LTD,Others,INE742C01031,True
599,NSE_EQ|INE247D01039,JINDWORLD,EQ,NSE,JINDAL WORLDWIDE LTD,Others,INE247D01039,True
271,NSE_EQ|INE758E01017,JIOFIN,EQ,NSE,JIO FIN SERVICES LTD,NBFC,INE758E01017,True
2085,NSE_EQ|IN9175A01010,JISLDVREQS,EQ,NSE,JAIN DVR EQUITY SHARES,Others,IN9175A01010,True
545,NSE_EQ|INE175A01038,JISLJALEQS,EQ,NSE,JAIN IRRIGATION SYSTEMS,Others,INE175A01038,True
1960,NSE_EQ|INE863T01013,JITFINFRA,EQ,NSE,JITF INFRALOGISTICS LTD,Others,INE863T01013,True
4835,NSE_EQ|INE0N5H01017,JIWANRAM,SM,NSE,JIWANRAM SHEODUTTRA IND L,Others,INE0N5H01017,True
259,NSE_EQ|INE823G01014,JKCEMENT,EQ,NSE,JK CEMENT LIMITED,Construction Materials,INE823G01014,True
2182,NSE_EQ|INE576I01022,JKIL,EQ,NSE,JKUMAR INFR.LTD.,Others,INE576I01022,True
5570,NSE_EQ|INE1FF001016,JKIPL,BE,NSE,JINKUSHAL INDUSTRIES LTD,Others,INE1FF001016,True
1629,NSE_EQ|INE786A01032,JKLAKSHMI,EQ,NSE,JK LAKSHMI CEMENT LTD,Others,INE786A01032,True
972,NSE_EQ|INE789E01012,JKPAPER,EQ,NSE,JK PAPER LIMITED,Others,INE789E01012,True
261,NSE_EQ|INE573A01042,JKTYRE,EQ,NSE,JK TYRE & INDUSTRIES LTD,Tyres & Allied,INE573A01042,True
2014,NSE_EQ|INE682M01012,JLHL,EQ,NSE,JUPITER LIFE LINE HOSP L,Others,INE682M01012,True
1355,NSE_EQ|INE412C01023,JMA,EQ,NSE,JULLUNDUR MOT AGENCY LTD,Others,INE412C01023,True
262,NSE_EQ|INE780C01023,JMFINANCIL,EQ,NSE,JM FINANCIAL LIMITED,Investment,INE780C01023,True
2224,NSE_EQ|INE0OAF01028,JNKINDIA,EQ,NSE,JNK INDIA LIMITED,Others,INE0OAF01028,True
2554,NSE_EQ|INE839G01010,JOCIL,BE,NSE,JOCIL LIMITED,Others,INE839G01010,True
1976,NSE_EQ|INE147P01019,JPOLYINVST,EQ,NSE,JIND POL INV & FIN CO LTD,Others,INE147P01019,True
266,NSE_EQ|INE351F01018,JPPOWER,EQ,NSE,JAIPRAKASH POWER VEN. LTD,Power,INE351F01018,True
1770,NSE_EQ|INE953L01027,JSFB,EQ,NSE,JANA SMALL FIN BANK LTD,Others,INE953L01027,True
269,NSE_EQ|INE220G01021,JSL,EQ,NSE,JINDAL STAINLESS LIMITED,Steel & Iron Products,INE220G01021,True
1693,NSE_EQ|INE0J5801029,JSLL,EQ,NSE,JEENA SIKHO LIFECARE LTD,Others,INE0J5801029,True
1471,NSE_EQ|INE718I01012,JSWCEMENT,EQ,NSE,JSW CEMENT LIMITED,Others,INE718I01012,True
32,NSE_EQ|INE133A01011,JSWDULUX,EQ,NSE,JSW DULUX LIMITED,Paints,INE133A01011,True
263,NSE_EQ|INE121E01018,JSWENERGY,EQ,NSE,JSW ENERGY LIMITED,Power,INE121E01018,True
1000,NSE_EQ|INE824G01012,JSWHL,EQ,NSE,JSW HOLDINGS LIMITED,Others,INE824G01012,True
264,NSE_EQ|INE880J01026,JSWINFRA,EQ,NSE,JSW INFRASTRUCTURE LTD,Port,INE880J01026,True
265,NSE_EQ|INE019A01038,JSWSTEEL,EQ,NSE,JSW STEEL LIMITED,Steel & Iron Products,INE019A01038,True
1731,NSE_EQ|INE643A01035,JTEKTINDIA,EQ,NSE,JTEKT INDIA LIMITED,Others,INE643A01035,True
1857,NSE_EQ|INE391J01032,JTLIND,EQ,NSE,JTL INDUSTRIES LIMITED,Others,INE391J01032,True
561,NSE_EQ|INE03CC01015,JUBLCPL,EQ,NSE,JUBILANT AGRI N CON PRO L,Others,INE03CC01015,True
272,NSE_EQ|INE797F01020,JUBLFOOD,EQ,NSE,JUBILANT FOODWORKS LTD,Consumer Food,INE797F01020,True
273,NSE_EQ|INE0BY001018,JUBLINGREA,EQ,NSE,JUBILANT INGREVIA LIMITED,Chemicals,INE0BY001018,True
274,NSE_EQ|INE700A01033,JUBLPHARMA,EQ,NSE,JUBILANT PHARMOVA LTD,Pharmaceuticals,INE700A01033,True
674,NSE_EQ|INF732E01045,JUNIORBEES,EQ,NSE,NIP IND ETF JUNIOR BEES,Others,INF732E01045,True
2009,NSE_EQ|INE696F01016,JUNIPER,EQ,NSE,JUNIPER HOTELS LIMITED,Others,INE696F01016,True
2092,NSE_EQ|INE599M01018,JUSTDIAL,EQ,NSE,JUSTDIAL LTD.,Others,INE599M01018,True
275,NSE_EQ|INE209L01016,JWL,EQ,NSE,JUPITER WAGONS LIMITED,Railways Wagons,INE209L01016,True
276,NSE_EQ|INE668F01031,JYOTHYLAB,EQ,NSE,JYOTHY LABS LIMITED,Household Products,INE668F01031,True
278,NSE_EQ|INE980O01024,JYOTICNC,EQ,NSE,JYOTI CNC AUTOMATION LTD,Engineering,INE980O01024,True
5790,NSE_EQ|INE1M3T01017,JYOTIGLOBL,ST,NSE,JYOTI GLOBAL PLAST LTD,Others,INE1M3T01017,True
2293,NSE_EQ|INE197A01024,JYOTISTRUC,EQ,NSE,JYOTI STRUCTURES LTD,Others,INE197A01024,True
1131,NSE_EQ|INE900B01029,KABRAEXTRU,EQ,NSE,KABRA EXTRUSION TECHNIK L,Others,INE900B01029,True
283,NSE_EQ|INE217B01036,KAJARIACER,EQ,NSE,KAJARIA CERAMICS LTD,Ceramics,INE217B01036,True
6910,NSE_EQ|INE437B01014,KAKATCEM,BE,NSE,KAKATIYA CEM SUGAR &IND L,Others,INE437B01014,True
565,NSE_EQ|INE438K01021,KALAMANDIR,EQ,NSE,SAI SILKS (KALAMANDIR) L,Others,INE438K01021,True
3513,NSE_EQ|INE0T0L01014,KALANA,SM,NSE,KALANA ISPAT LIMITED,Others,INE0T0L01014,True
2387,NSE_EQ|INE227J01012,KALPATARU,EQ,NSE,KALPATARU LIMITED,Others,INE227J01012,True
9204,NSE_EQ|INE610E01010,KALYANI,BE,NSE,KALYANI COMMERCIALS LTD,Others,INE610E01010,True
1146,NSE_EQ|INE314G01014,KALYANIFRG,EQ,NSE,KALYANI FORGE LIMITED,Others,INE314G01014,True
285,NSE_EQ|INE303R01014,KALYANKJIL,EQ,NSE,KALYAN JEWELLERS IND LTD,Jewellery,INE303R01014,True
1558,NSE_EQ|INE411F01010,KAMAHOLD,EQ,NSE,KAMA HOLDINGS LTD.,Others,INE411F01010,True
950,NSE_EQ|INE967C01018,KAMATHOTEL,EQ,NSE,KAMAT HOTELS (I) LTD,Others,INE967C01018,True
1566,NSE_EQ|INE390H01020,KAMDHENU,EQ,NSE,KAMDHENU LIMITED,Others,INE390H01020,True
567,NSE_EQ|INE0BTI01037,KAMOPAINTS,EQ,NSE,KAMDHENU VENTURES LIMITED,Others,INE0BTI01037,True
2352,NSE_EQ|INE879E01037,KANANIIND,EQ,NSE,KANANI INDUSTRIES LTD,Others,INE879E01037,True
6013,NSE_EQ|INE081G01019,KANCHI,BE,NSE,KANCHI KARPOORAM LTD.,Others,INE081G01019,True
3255,NSE_EQ|INE0MOT01016,KANDARP,SM,NSE,KANDARP DG SMART BPO LTD,Others,INE0MOT01016,True
3562,NSE_EQ|INE138C01024,KANORICHEM,BE,NSE,KANORIACHEMICALS-,Others,INE138C01024,True
1617,NSE_EQ|INE694E01014,KANPRPLA,EQ,NSE,KANPUR PLASTIPACK LIMITED,Others,INE694E01014,True
948,NSE_EQ|INE531A01024,KANSAINER,EQ,NSE,KANSAI NEROLAC PAINTS LTD,Others,INE531A01024,True
1055,NSE_EQ|INE542Z01028,KAPSTON,EQ,NSE,KAPSTON SERVICES LIMITED,Others,INE542Z01028,True
1828,NSE_EQ|INE725L01011,KARMAENG,EQ,NSE,KARMA ENERGY LIMITED,Others,INE725L01011,True
6983,NSE_EQ|INE0MGA01012,KARNIKA,SM,NSE,KARNIKA INDUSTRIES LTD,Others,INE0MGA01012,True
286,NSE_EQ|INE036D01028,KARURVYSYA,EQ,NSE,KARUR VYSYA BANK LTD,Bank,INE036D01028,True
7170,NSE_EQ|INE0SVY01018,KATARIA,SM,NSE,KATARIA INDUSTRIES LTD,Others,INE0SVY01018,True
804,NSE_EQ|INE234I01028,KAUSHALYA,EQ,NSE,KAUSHALYA INFRA DEV LTD.,Others,INE234I01028,True
2254,NSE_EQ|INE641C01019,KAVDEFENCE,EQ,NSE,KAVVERI DFS & WIR TEC LTD,Others,INE641C01019,True
652,NSE_EQ|INE587G01015,KAYA,EQ,NSE,KAYA LIMITED,Others,INE587G01015,True
287,NSE_EQ|INE918Z01012,KAYNES,EQ,NSE,KAYNES TECHNOLOGY IND LTD,Electronics,INE918Z01012,True
3319,NSE_EQ|INE13ZD01013,KAYTEX,SM,NSE,KAYTEX FABRICS LIMITED,Others,INE13ZD01013,True
4202,NSE_EQ|INE0RCG01017,KCEIL,ST,NSE,KAY CEE ENERGY & INFRA L,Others,INE0RCG01017,True
2528,NSE_EQ|INE0J1E01027,KCK,SM,NSE,KCK INDUSTRIES LTD,Others,INE0J1E01027,True
1453,NSE_EQ|INE805C01028,KCP,EQ,NSE,KCP LTD,Others,INE805C01028,True
2502,NSE_EQ|INE790B01024,KCPSUGIND,EQ,NSE,KCP SUGAR IND CORP LTD.,Others,INE790B01024,True
958,NSE_EQ|INE291D01011,KDDL,EQ,NSE,KDDL LIMITED,Others,INE291D01011,True
4091,NSE_EQ|INE0O4R01018,KDL,SM,NSE,KORE DIGITAL LIMITED,Others,INE0O4R01018,True
288,NSE_EQ|INE389H01022,KEC,EQ,NSE,KEC INTL. LIMITED,Engineering,INE389H01022,True
7456,NSE_EQ|INE134B01017,KECL,BE,NSE,KIRLOSKAR ELECTRIC CO LTD,Others,INE134B01017,True
2123,NSE_EQ|INE055C01020,KEEPLEARN,EQ,NSE,DSJ KEEP LEARNING LTD,Others,INE055C01020,True
280,NSE_EQ|INE878B01027,KEI,EQ,NSE,KEI INDUSTRIES LTD.,Cable,INE878B01027,True
8263,NSE_EQ|INE0OWX01025,KEL,SM,NSE,KUNDAN EDIFICE LIMITED,Others,INE0OWX01025,True
1062,NSE_EQ|INE164B01030,KELLTONTEC,EQ,NSE,KELLTON TECH SOL LTD,Others,INE164B01030,True
8712,NSE_EQ|INE15DO01012,KEN,SM,NSE,KEN ENTERPRISES LIMITED,Others,INE15DO01012,True
783,NSE_EQ|INE717A01029,KENNAMET,EQ,NSE,KENNAMETAL INDIA LIMITED,Others,INE717A01029,True
2148,NSE_EQ|INE202H01019,KERNEX,EQ,NSE,KERNEX MICROSYS(I) LTD,Others,INE202H01019,True
4969,NSE_EQ|INE087A01019,KESORAMIND,BE,NSE,KESORAM INDUSTRIES LTD,Others,INE087A01019,True
854,NSE_EQ|INE681C01015,KEYFINSERV,EQ,NSE,KEYNOTE FIN SERV LTD.,Others,INE681C01015,True
289,NSE_EQ|INE138Y01010,KFINTECH,EQ,NSE,KFIN TECHNOLOGIES LIMITED,Investment,INE138Y01010,True
2372,NSE_EQ|INE834I01025,KHADIM,EQ,NSE,KHADIM INDIA LIMITED,Others,INE834I01025,True
3546,NSE_EQ|INE745B01028,KHAICHEM,BE,NSE,KHAITAN CHEM & FERT LTD,Others,INE745B01028,True
8809,NSE_EQ|INE731C01018,KHAITANLTD,BE,NSE,KHAITAN (INDIA)LTD.,Others,INE731C01018,True
562,NSE_EQ|INE060B01014,KHANDSE,EQ,NSE,KHANDWALA SECURITIES LTD,Others,INE060B01014,True
3454,NSE_EQ|INE00UG01014,KHFM,SM,NSE,KHFM HOS FAC MANA SER LTD,Others,INE00UG01014,True
857,NSE_EQ|INE029L01018,KICL,EQ,NSE,KALYANI INVEST CO LTD,Others,INE029L01018,True
739,NSE_EQ|INE729D01010,KILITCH,EQ,NSE,KILITCH DRUGS INDIA LTD,Others,INE729D01010,True
293,NSE_EQ|INE967H01025,KIMS,EQ,NSE,KRISHNA INST OF MED SCI L,Healthcare Services,INE967H01025,True
2010,NSE_EQ|INE473D01015,KINGFA,EQ,NSE,KINGFA SCI & TEC IND LTD.,Others,INE473D01015,True
1966,NSE_EQ|INE880L01014,KIOCL,EQ,NSE,KIOCL LIMITED,Others,INE880L01014,True
881,NSE_EQ|INE555P01013,KIRANVYPAR,EQ,NSE,KIRAN VYAPAR LTD.,Others,INE555P01013,True
1273,NSE_EQ|INE415I01015,KIRIINDUS,EQ,NSE,KIRI INDUSTRIES LIMITED,Others,INE415I01015,True
2272,NSE_EQ|INE884B01025,KIRLFER,EQ,NSE,KIRLOSKAR FERROUS IND LTD,Others,INE884B01025,True
290,NSE_EQ|INE732A01036,KIRLOSBROS,EQ,NSE,KIRLOSKAR BROTHERS LTD,Compressors,INE732A01036,True
291,NSE_EQ|INE146L01010,KIRLOSENG,EQ,NSE,KIRLOSKAR OIL ENG LTD,Engineering,INE146L01010,True
2111,NSE_EQ|INE250A01039,KIRLOSIND,EQ,NSE,KIRLOSKAR INDUSTRIES LTD,Others,INE250A01039,True
2423,NSE_EQ|INE811A01020,KIRLPNU,EQ,NSE,KIRLOSKAR PNEUMATIC COM L,Others,INE811A01020,True
526,NSE_EQ|INE12F801023,KISSHT,EQ,NSE,ONEMI TECHNOLOGY SOL LTD,Others,INE12F801023,True
995,NSE_EQ|INE602G01020,KITEX,EQ,NSE,KITEX GARMENTS LTD,Others,INE602G01020,True
1638,NSE_EQ|INE401H01017,KKCL,EQ,NSE,KEWAL KIRAN CLOTHING LTD,Others,INE401H01017,True
8413,NSE_EQ|INE0XOW01017,KKJEWELS,SM,NSE,KABRA JEWELS LIMITED,Others,INE0XOW01017,True
4631,NSE_EQ|INE239T01016,KKVAPOW,SM,NSE,KKV AGRO POWERS LTD.,Others,INE239T01016,True
2081,NSE_EQ|INE338F01015,KLBRENG-B,EQ,NSE,KILBURN ENGINEERING LTD.,Others,INE338F01015,True
5460,NSE_EQ|INE0Q2V01012,KLL,SM,NSE,KAUSHALYA LOGISTICS LTD,Others,INE0Q2V01012,True
2359,NSE_EQ|INE0CJD01029,KMEW,EQ,NSE,KNOWLEDGE MARINE & EN W L,Others,INE0CJD01029,True
831,NSE_EQ|INE157H01023,KMSUGAR,EQ,NSE,K M SUGAR MILLS LTD,Others,INE157H01023,True
1739,NSE_EQ|INE0KNW01016,KNAGRI,EQ,NSE,KN AGRI RESOURCES LIMITED,Others,INE0KNW01016,True
1611,NSE_EQ|INE634I01029,KNRCON,EQ,NSE,KNR CONSTRU LTD.,Others,INE634I01029,True
9029,NSE_EQ|INE0Q7P01013,KODYTECH,SM,NSE,KODY TECHNOLAB LIMITED,Others,INE0Q7P01013,True
1862,NSE_EQ|INE080B01012,KOHINOOR,EQ,NSE,KOHINOOR FOODS LIMITED,Others,INE080B01012,True
1712,NSE_EQ|INE760A01029,KOKUYOCMLN,EQ,NSE,KOKUYO CAMLIN LIMITED,Others,INE760A01029,True
1710,NSE_EQ|INE094I01018,KOLTEPATIL,EQ,NSE,KOLTE PATIL DEV. LTD.,Others,INE094I01018,True
6143,NSE_EQ|INE0QEI01011,KONSTELEC,ST,NSE,KONSTELEC ENGINEERS LTD,Others,INE0QEI01011,True
7739,NSE_EQ|INE0KZ301010,KONTOR,SM,NSE,KONTOR SPACE LIMITED,Others,INE0KZ301010,True
6662,NSE_EQ|INE082A01010,KOPRAN,BE,NSE,KOPRAN LTD,Others,INE082A01010,True
5887,NSE_EQ|INE0J6801010,KORE,SM,NSE,JAY JALARAM TECHNO LTD,Others,INE0J6801010,True
292,NSE_EQ|INE237A01036,KOTAKBANK,EQ,NSE,KOTAK MAHINDRA BANK LTD,Banks,INE237A01036,True
2062,NSE_EQ|INE419A01022,KOTARISUG,EQ,NSE,KOTHARI SUG & CHEM LTD.,Others,INE419A01022,True
1971,NSE_EQ|INE720A01015,KOTHARIPET,EQ,NSE,KOTHARI PETROCHEM LTD,Others,INE720A01015,True
1091,NSE_EQ|INE823A01017,KOTHARIPRO,EQ,NSE,KOTHARI PRODUCTS LTD,Others,INE823A01017,True
1493,NSE_EQ|INE972A01020,KOTIC,EQ,NSE,KOTHARI INDUSTRIAL CORP L,Others,INE972A01020,True
889,NSE_EQ|INE0J0B01017,KOTYARK,EQ,NSE,KOTYARK INDUSTRIES LTD,Others,INE0J0B01017,True
1178,NSE_EQ|INE177F01017,KOVAI,EQ,NSE,KOVAI MEDICAL CENTER & HO,Others,INE177F01017,True
2083,NSE_EQ|INE127T01021,KPEL,EQ,NSE,K.P. ENERGY LIMITED,Others,INE127T01021,True
1799,NSE_EQ|INE542W01025,KPIGREEN,EQ,NSE,KPI GREEN ENERGY LIMITED,Others,INE542W01025,True
284,NSE_EQ|INE220B01022,KPIL,EQ,NSE,KALPATARU PROJECT INT LTD,Engineering,INE220B01022,True
281,NSE_EQ|INE04I401011,KPITTECH,EQ,NSE,KPIT TECHNOLOGIES LIMITED,IT - Software,INE04I401011,True
1863,NSE_EQ|INE552U01010,KPL,EQ,NSE,KWALITY PHARMACEUTICALS L,Others,INE552U01010,True
279,NSE_EQ|INE930H01031,KPRMILL,EQ,NSE,KPR MILL LTD.,Textile,INE930H01031,True
2320,NSE_EQ|INE001B01026,KRBL,EQ,NSE,KRBL LIMITED,Others,INE001B01026,True
2023,NSE_EQ|INE268B01013,KREBSBIO,EQ,NSE,KREBS BIOCHEMICALS & IND,Others,INE268B01013,True
9018,NSE_EQ|INE524L01026,KRIDHANINF,BE,NSE,KRIDHAN INFRA LIMITED,Others,INE524L01026,True
1795,NSE_EQ|INE506W01012,KRISHANA,EQ,NSE,KRISHANA PHOSCHEM LIMITED,Others,INE506W01012,True
8378,NSE_EQ|INE0NR701018,KRISHCA,SM,NSE,KRISHCA STRAPPING SLTN L,Others,INE0NR701018,True
1860,NSE_EQ|INE0GGO01015,KRISHIVAL,EQ,NSE,KRISHIVAL FOODS LIMITED,Others,INE0GGO01015,True
1347,NSE_EQ|INE0J5601015,KRISHNADEF,EQ,NSE,KRISHNA DEF AND ALD IND L,Others,INE0J5601015,True
4776,NSE_EQ|IN90GGO01013,KRISHPP,E1,NSE,KRISHIVAL RE.3.50 PPD UP,Others,IN90GGO01013,True
4925,NSE_EQ|INE479D01038,KRITI,BE,NSE,KRITI INDUSTRIES IND LTD,Others,INE479D01038,True
1034,NSE_EQ|INE00Z501029,KRITIKA,EQ,NSE,KRITIKA WIRES LIMITED,Others,INE00Z501029,True
2800,NSE_EQ|INE798K01010,KRITINUT,BE,NSE,KRITI NUTRIENTS LIMITED,Others,INE798K01010,True
4799,NSE_EQ|INE1MTV01019,KRMAYURVED,ST,NSE,KRM AYURVEDA LIMITED,Others,INE1MTV01019,True
5926,NSE_EQ|INE0Q3J01015,KRN,BE,NSE,KRN HEAT EXCHANGE N REF L,Others,INE0Q3J01015,True
1872,NSE_EQ|INE0ATZ01017,KRONOX,EQ,NSE,KRONOX LAB SCIENCES LTD,Others,INE0ATZ01017,True
1499,NSE_EQ|INE0O6601022,KROSS,EQ,NSE,KROSS LIMITED,Others,INE0O6601022,True
2219,NSE_EQ|INE08LI01020,KRSNAA,EQ,NSE,KRSNAA DIAGNOSTICS LTD,Others,INE08LI01020,True
7596,NSE_EQ|INE1JAR25012,KRT,RR,NSE,KNOWLEDGE REALTY TRUST,Others,INE1JAR25012,True
1766,NSE_EQ|INE0QN801017,KRYSTAL,EQ,NSE,KRYSTAL INTEGRATED SER L,Others,INE0QN801017,True
282,NSE_EQ|INE999A01023,KSB,EQ,NSE,KSB LIMITED,Compressors,INE999A01023,True
1874,NSE_EQ|INE455I01029,KSCL,EQ,NSE,KAVERI SEED CO. LTD.,Others,INE455I01029,True
1047,NSE_EQ|INE987S01020,KSHINTL,EQ,NSE,KSH INTERNATIONAL LIMITED,Others,INE987S01020,True
4072,NSE_EQ|INE013801027,KSHITIJPOL,BE,NSE,KSHITIJ POLYLINE LIMITED,Others,INE013801027,True
1040,NSE_EQ|INE907A01026,KSL,EQ,NSE,KALYANI STEELS LIMITED,Others,INE907A01026,True
993,NSE_EQ|INE0D6I01023,KSOLVES,EQ,NSE,KSOLVES INDIA LIMITED,Others,INE0D6I01023,True
1992,NSE_EQ|INE1SPP01016,KSR,EQ,NSE,KSR FOOTWEAR LIMITED,Others,INE1SPP01016,True
1814,NSE_EQ|INE614B01018,KTKBANK,EQ,NSE,KARNATAKA BANK LIMITED,Others,INE614B01018,True
862,NSE_EQ|INE529I01021,KUANTUM,EQ,NSE,KUANTUM PAPERS LIMITED,Others,INE529I01021,True
2109,NSE_EQ|INE2KCE01013,KWIL,EQ,NSE,KWALITY WALL'S (INDIA) L,Others,INE2KCE01013,True
1948,NSE_EQ|INE548Z01017,LAGNAM,EQ,NSE,LAGNAM SPINTEX LIMITED,Others,INE548Z01017,True
800,NSE_EQ|INE515C01023,LAHOTIOV,EQ,NSE,LAHOTI OVERSEAS LTD.,Others,INE515C01023,True
5810,NSE_EQ|INE651C01018,LAKPRE,BZ,NSE,LAKSHMI PRE SCRE LTD,Others,INE651C01018,True
6171,NSE_EQ|INE0VZS01015,LAKSHYA,ST,NSE,LAKSHYA POWERTECH LIMITED,Others,INE0VZS01015,True
2017,NSE_EQ|INE740X01023,LAL,EQ,NSE,LORENZINI APPARELS LTD,Others,INE740X01023,True
148,NSE_EQ|INE600L01024,LALPATHLAB,EQ,NSE,DR. LAL PATH LABS LTD.,Healthcare Services,INE600L01024,True
2275,NSE_EQ|INE112F01022,LAMBODHARA,EQ,NSE,LAMBODHARA TEXTILES LTD.,Others,INE112F01022,True
8153,NSE_EQ|INE0R0201012,LAMOSAIC,SM,NSE,LAMOSAIC INDIA LIMITED,Others,INE0R0201012,True
1025,NSE_EQ|INE572G01025,LANCORHOL,EQ,NSE,LANCOR HOLDINGS LIMITED,Others,INE572G01025,True
2412,NSE_EQ|INE559R01029,LANDMARK,EQ,NSE,LANDMARK CARS LIMITED,Others,INE559R01029,True
1848,NSE_EQ|INE688J01023,LANDSMILL,EQ,NSE,LANDSMILL GREEN LIMITED,Others,INE688J01023,True
1172,NSE_EQ|INE059D01020,LAOPALA,EQ,NSE,LA OPALA RG LIMITED,Others,INE059D01020,True
2298,NSE_EQ|INE670X01014,LASA,EQ,NSE,LASA SUPERGENERICS LTD,Others,INE670X01014,True
300,NSE_EQ|INE0I7C01011,LATENTVIEW,EQ,NSE,LATENT VIEW ANALYTICS LTD,Diversified,INE0I7C01011,True
6911,NSE_EQ|INE262Z01023,LATTEYS,BE,NSE,LATTEYS INDUSTRIES LTD,Others,INE262Z01023,True
301,NSE_EQ|INE947Q01028,LAURUSLABS,EQ,NSE,LAURUS LABS LIMITED,Pharmaceuticals,INE947Q01028,True
636,NSE_EQ|INE801V01019,LAXMICOT,EQ,NSE,LAXMI COTSPIN LIMITED,Others,INE801V01019,True
1625,NSE_EQ|INE0WO601020,LAXMIDENTL,EQ,NSE,LAXMI DENTAL LIMITED,Others,INE0WO601020,True
7878,NSE_EQ|INE06WU01026,LAXMIINDIA,BE,NSE,LAXMI INDIA FINANCE LTD,Others,INE06WU01026,True
1476,NSE_EQ|INE938A01021,LCCINFOTEC,EQ,NSE,LCC INFOTECH LTD,Others,INE938A01021,True
2483,NSE_EQ|INE0G1L01025,LEMERITE,EQ,NSE,LE MERITE EXPORTS LIMITED,Others,INE0G1L01025,True
303,NSE_EQ|INE970X01018,LEMONTREE,EQ,NSE,LEMON TREE HOTELS LTD,Hotel,INE970X01018,True
2043,NSE_EQ|INE956O01016,LENSKART,EQ,NSE,LENSKART SOLUTIONS LTD,Others,INE956O01016,True
1761,NSE_EQ|INE500X01013,LEXUS,EQ,NSE,LEXUS GRANITO (INDIA) LTD,Others,INE500X01013,True
1443,NSE_EQ|INE850E01012,LFIC,EQ,NSE,LAKSHMI FIN IND CORP LTD,Others,INE850E01012,True
1415,NSE_EQ|INE337A01034,LGBBROSLTD,EQ,NSE,LG BALAKRISHNAN & BROS,Others,INE337A01034,True
2358,NSE_EQ|INE324D01010,LGEINDIA,EQ,NSE,LG ELECTRONICS INDIA LTD,Others,INE324D01010,True
1353,NSE_EQ|INE258Y01016,LGHL,EQ,NSE,LAXMI GOLDORNA HOUSE LTD,Others,INE258Y01016,True
583,NSE_EQ|INE908V01012,LIBAS,EQ,NSE,LIBAS CONSU PRODUCTS LTD,Others,INE908V01012,True
1202,NSE_EQ|INE557B01019,LIBERTSHOE,EQ,NSE,LIBERTY SHOES LTD,Others,INE557B01019,True
296,NSE_EQ|INE115A01026,LICHSGFIN,EQ,NSE,LIC HOUSING FINANCE LTD,Housing Finance,INE115A01026,True
304,NSE_EQ|INE0J1Y01017,LICI,EQ,NSE,LIFE INSURA CORP OF INDIA,Insurance,INE0J1Y01017,True
975,NSE_EQ|INF767K01SM1,LICMFGOLD,EQ,NSE,LIC MF - LIC GOLD ETF,Others,INF767K01SM1,True
953,NSE_EQ|INF767K01MV5,LICNETFGSC,EQ,NSE,LICNAMC - LICNMFET,Others,INF767K01MV5,True
931,NSE_EQ|INF767K01OT5,LICNETFSEN,EQ,NSE,LICNAMC - LICNFESGP,Others,INF767K01OT5,True
930,NSE_EQ|INF767K01PC8,LICNFNHGP,EQ,NSE,LICNAMC - LICNFNHGP,Others,INF767K01PC8,True
3400,NSE_EQ|INE060901027,LIKHITHA,BE,NSE,LIKHITHA INFRASTRUC LTD,Others,INE060901027,True
1256,NSE_EQ|INE802B01027,LINC,EQ,NSE,LINC LIMITED,Others,INE802B01027,True
2112,NSE_EQ|INE405C01035,LINCOLN,EQ,NSE,LINCOLN PHARMA LTD,Others,INE405C01035,True
305,NSE_EQ|INE473A01011,LINDEINDIA,EQ,NSE,LINDE INDIA LIMITED,Gases & Fuels,INE473A01011,True
709,NSE_EQ|INF204KC1FU1,LIQGRWBEES,EQ,NSE,NIPPONAMC - LIQGRWBEES,Others,INF204KC1FU1,True
1220,NSE_EQ|INF769K01KS1,LIQUID,EQ,NSE,MIRAEAMC - LIQUID,Others,INF769K01KS1,True
1879,NSE_EQ|INF740KA1UM0,LIQUIDADD,EQ,NSE,DSPAMC - LIQUIDADD,Others,INF740KA1UM0,True
675,NSE_EQ|INF732E01037,LIQUIDBEES,EQ,NSE,NIP IND ETF LIQUID BEES,Others,INF732E01037,True
1728,NSE_EQ|INF0QA701854,LIQUIDBETF,EQ,NSE,BFAM - LIQUIDBETF,Others,INF0QA701854,True
901,NSE_EQ|INF0R8F01034,LIQUIDCASE,EQ,NSE,ZERODHAAMC - LIQUIDCASE,Others,INF0R8F01034,True
1975,NSE_EQ|INF740KA1EU7,LIQUIDETF,EQ,NSE,DSP LIQUID ETF,Others,INF740KA1EU7,True
2441,NSE_EQ|INF109KC1KT9,LIQUIDIETF,EQ,NSE,ICICIPRAMC - ICICILIQ,Others,INF109KC1KT9,True
1201,NSE_EQ|INF769K01MY5,LIQUIDPLUS,EQ,NSE,MIRAEAMC - LIQUIDPLUS,Others,INF769K01MY5,True
2156,NSE_EQ|INF200KA13Z8,LIQUIDSBI,EQ,NSE,SBIAMC - LIQUIDSBI,Others,INF200KA13Z8,True
1564,NSE_EQ|INF680P01422,LIQUIDSHRI,EQ,NSE,SHRIRAM - LIQUIDSHRI,Others,INF680P01422,True
7507,NSE_EQ|INE0DTQ01028,LLOYDS,ST,NSE,LLOYDS LUXURIES LIMITED,Others,INE0DTQ01028,True
587,NSE_EQ|INE093R01011,LLOYDSENGG,EQ,NSE,LLOYDS ENGG WORK LIMITED,Others,INE093R01011,True
777,NSE_EQ|INE080I01025,LLOYDSENT,EQ,NSE,LLOYDS ENTERPRISES LTD,Others,INE080I01025,True
306,NSE_EQ|INE281B01032,LLOYDSME,EQ,NSE,LLOYDS METALS N ENERGY L,Steel & Iron Products,INE281B01032,True
1056,NSE_EQ|INE269B01029,LMW,EQ,NSE,LMW LIMITED,Others,INE269B01029,True
307,NSE_EQ|INE670K01029,LODHA,EQ,NSE,LODHA DEVELOPERS LIMITED,Construction,INE670K01029,True
7542,NSE_EQ|INE397H01017,LOKESHMACH,BE,NSE,LOKESH MACHINES LTD,Others,INE397H01017,True
682,NSE_EQ|INE846D01012,LORDSCHLO,EQ,NSE,LORDS CHLORO ALKALI LTD,Others,INE846D01012,True
1793,NSE_EQ|INE0V9Q01010,LOTUSDEV,EQ,NSE,SRI LOTUS DEVLPRS N RTY L,Others,INE0V9Q01010,True
2447,NSE_EQ|INE947I01017,LOTUSEYE,EQ,NSE,LOTUS EYE HOSP & INST L,Others,INE947I01017,True
1676,NSE_EQ|INE597L01014,LOVABLE,EQ,NSE,LOVABLE LINGERIE LTD,Others,INE597L01014,True
1249,NSE_EQ|INF769K01JU9,LOWVOL,EQ,NSE,MIRAEAMC - MANV30F,Others,INF769K01JU9,True
2312,NSE_EQ|INF109KC19U5,LOWVOLIETF,EQ,NSE,ICICI PR NIF LW VL 30 ETF,Others,INF109KC19U5,True
8276,NSE_EQ|INE970D01010,LOYALTEX,BE,NSE,LOYAL TEXTILE MILLS LTD,Others,INE970D01010,True
1606,NSE_EQ|INE197J01017,LPDC,EQ,NSE,LANDMARK PR.DEV.CO.LTD,Others,INE197J01017,True
6330,NSE_EQ|INE0H4B01011,LRRPL,SM,NSE,LEAD REC AND RUB PROD LTD,Others,INE0H4B01011,True
299,NSE_EQ|INE018A01030,LT,EQ,NSE,LARSEN & TOUBRO LTD.,Engineering,INE018A01030,True
294,NSE_EQ|INE498L01015,LTF,EQ,NSE,L&T FINANCE LIMITED,NBFC,INE498L01015,True
297,NSE_EQ|INE818H01020,LTFOODS,EQ,NSE,LT FOODS LIMITED,Consumer Food,INE818H01020,True
1635,NSE_EQ|INF204KB1882,LTGILTBEES,EQ,NSE,NIP IND ETF LONGTERM GILT,Others,INF204KB1882,True
912,NSE_EQ|INF0R8F01133,LTGILTCASE,EQ,NSE,ZERODHAAMC - LTGILTCASE,Others,INF0R8F01133,True
298,NSE_EQ|INE214T01019,LTM,EQ,NSE,LTM LIMITED,IT - Software,INE214T01019,True
295,NSE_EQ|INE010V01017,LTTS,EQ,NSE,L&T TECHNOLOGY SER. LTD.,Engineering,INE010V01017,True
1069,NSE_EQ|INE162B01018,LUMAXIND,EQ,NSE,LUMAX INDUSTRIES LTD,Others,INE162B01018,True
1899,NSE_EQ|INE872H01027,LUMAXTECH,EQ,NSE,LUMAX AUTO TECH LTD,Others,INE872H01027,True
308,NSE_EQ|INE326A01037,LUPIN,EQ,NSE,LUPIN LIMITED,Pharmaceuticals,INE326A01037,True
849,NSE_EQ|INE150G01020,LUXIND,EQ,NSE,LUX INDUSTRIES LIMITED,Others,INE150G01020,True
764,NSE_EQ|INE576O01020,LXCHEM,EQ,NSE,LAXMI ORGANIC INDUS LTD,Others,INE576O01020,True
1980,NSE_EQ|INE933A01014,LYKALABS,EQ,NSE,LYKA LABS LTD,Others,INE933A01014,True
1571,NSE_EQ|INE142K01011,LYPSAGEMS,EQ,NSE,LYPSA GEMS & JEWEL LTD,Others,INE142K01011,True
315,NSE_EQ|INE101A01026,M&M,EQ,NSE,MAHINDRA & MAHINDRA LTD,Automobile,INE101A01026,True
314,NSE_EQ|INE774D01024,M&MFIN,EQ,NSE,M&M FIN. SERVICES LTD,NBFC,INE774D01024,True
735,NSE_EQ|INE215I01027,MAANALU,EQ,NSE,MAAN ALUMINIUM LIMITED,Others,INE215I01027,True
3721,NSE_EQ|INE0R0J01010,MACOBSTECH,SM,NSE,MACOBS TECHNOLOGIES LTD,Others,INE0R0J01010,True
2388,NSE_EQ|INE155Z01011,MACPOWER,EQ,NSE,MACPOWER CNC MACHINES LTD,Others,INE155Z01011,True
2458,NSE_EQ|INE925C01016,MADHAV,EQ,NSE,MADHAV MARBLE & GRANITE,Others,INE925C01016,True
9217,NSE_EQ|INE0JR301013,MADHAVBAUG,SM,NSE,VAIDYA SANE AYUR LAB LTD,Others,INE0JR301013,True
2197,NSE_EQ|INE631R01026,MADHAVIPL,EQ,NSE,MADHAV INFRA PROJECTS L,Others,INE631R01026,True
1995,NSE_EQ|INE378D01032,MADHUCON,EQ,NSE,MADHUCON PROJECTS LTD.,Others,INE378D01032,True
8485,NSE_EQ|INE0P6701019,MADHUSUDAN,SM,NSE,MADHUSUDAN MASALA LIMITED,Others,INE0P6701019,True
610,NSE_EQ|INE414A01015,MADRASFERT,EQ,NSE,MADRAS FERTILISERS LTD,Others,INE414A01015,True
1260,NSE_EQ|INF769K01HF4,MAFANG,EQ,NSE,MIRAEAMC - MAFANG,Others,INF769K01HF4,True
1887,NSE_EQ|INE270B01035,MAFATIND,EQ,NSE,MAFATLAL INDUSTRIES LTD.,Others,INE270B01035,True
1044,NSE_EQ|INE347W01011,MAGADSUGAR,EQ,NSE,MAGADH SUGAR & ENERGY LTD,Others,INE347W01011,True
1252,NSE_EQ|INE387I01016,MAGNUM,EQ,NSE,MAGNUM VENTURES LTD.,Others,INE387I01016,True
7120,NSE_EQ|INE0O1S01012,MAGSON,ST,NSE,MAGSON RETAIL AND DIST L,Others,INE0O1S01012,True
73,NSE_EQ|INE457A01014,MAHABANK,EQ,NSE,BANK OF MAHARASHTRA,Bank,INE457A01014,True
795,NSE_EQ|INE843B01013,MAHAPEXLTD,EQ,NSE,MAHA RASHTRA APEX COPR. L,Others,INE843B01013,True
8433,NSE_EQ|INE451L01014,MAHASTEEL,BE,NSE,MAHAMAYA STEEL INDS LTD,Others,INE451L01014,True
937,NSE_EQ|INE215D01010,MAHEPC,EQ,NSE,MAHINDRA EPC IRRIG LTD,Others,INE215D01010,True
5079,NSE_EQ|INE263W01010,MAHESHWARI,BE,NSE,MAHESHWARI LOGISTICS LTD.,Others,INE263W01010,True
6419,NSE_EQ|INE961Y01015,MAHICKRA,ST,NSE,MAHICKRA CHEMICAL LIMITED,Others,INE961Y01015,True
1262,NSE_EQ|INF769K01HS7,MAHKTECH,EQ,NSE,MIRAEAMC - MAHKTECH,Others,INF769K01HS7,True
955,NSE_EQ|INE813A01018,MAHLIFE,EQ,NSE,MAHINDRA LIFESPACE DEVLTD,Others,INE813A01018,True
555,NSE_EQ|INE766P01016,MAHLOG,EQ,NSE,MAHINDRA LOGISTIC LIMITED,Others,INE766P01016,True
312,NSE_EQ|INE288A01013,MAHSCOOTER,EQ,NSE,MAHARASHTRA SCOOTERS LTD,Investment,INE288A01013,True
313,NSE_EQ|INE271B01025,MAHSEAMLES,EQ,NSE,MAHARASHTRA SEAMLESS LTD,Steel & Iron Products,INE271B01025,True
1294,NSE_EQ|INE683C01011,MAITHANALL,EQ,NSE,MAITHAN ALLOYS LTD,Others,INE683C01011,True
7201,NSE_EQ|INE0PLQ01011,MAITREYA,SM,NSE,MAITREYA MEDICARE LIMITED,Others,INE0PLQ01011,True
997,NSE_EQ|INE201B01022,MAJESAUT,EQ,NSE,MAJESTIC AUTO LTD.,Others,INE201B01022,True
1245,NSE_EQ|INF769K01IB1,MAKEINDIA,EQ,NSE,MIRAEAMC - MAMFGETF,Others,INF769K01IB1,True
2783,NSE_EQ|INE0CDK01019,MAKS,SM,NSE,MAKS ENERGY SOL INDIA LTD,Others,INE0CDK01019,True
4100,NSE_EQ|INE00C401011,MAL,SM,NSE,MANGALAM ALLOYS LIMITED,Others,INE00C401011,True
1459,NSE_EQ|INE389C01015,MALLCOM,EQ,NSE,MALLCOM (INDIA) LIMITED,Others,INE389C01015,True
942,NSE_EQ|INE383H01017,MALUPAPER,EQ,NSE,MALU PAPER MILLS LIMITED,Others,INE383H01017,True
2383,NSE_EQ|INE0TO701015,MAMATA,EQ,NSE,MAMATA MACHINERY LIMITED,Others,INE0TO701015,True
2050,NSE_EQ|INE859Q01017,MANAKALUCO,EQ,NSE,MANAK ALUMINIUM CO. LTD.,Others,INE859Q01017,True
1162,NSE_EQ|INE830Q01018,MANAKCOAT,EQ,NSE,MAN COAT METAL & IND LTD,Others,INE830Q01018,True
2058,NSE_EQ|INE015D01022,MANAKSIA,EQ,NSE,MANAKSIA LTD.,Others,INE015D01022,True
3397,NSE_EQ|INE824Q01011,MANAKSTEEL,BE,NSE,MANAKSIA STEELS LTD,Others,INE824Q01011,True
2385,NSE_EQ|INE201A01024,MANALIPETC,EQ,NSE,MANALI PETROCHEMICALS LT,Others,INE201A01024,True
533,NSE_EQ|INE522D01027,MANAPPURAM,EQ,NSE,MANAPPURAM FINANCE LTD,Others,INE522D01027,True
7443,NSE_EQ|INE104Y01012,MANAV,SM,NSE,MANAV INFRA PROJECTS LTD,Others,INE104Y01012,True
2089,NSE_EQ|INE939X01013,MANBA,EQ,NSE,MANBA FINANCE LIMITED,Others,INE939X01013,True
879,NSE_EQ|INE545L01039,MANCREDIT,EQ,NSE,MANGAL CREDIT N FINCORP L,Others,INE545L01039,True
9122,NSE_EQ|INE0R3T01013,MANDEEP,SM,NSE,MANDEEP AUTO INDUSTRIES L,Others,INE0R3T01013,True
1314,NSE_EQ|INE584F01014,MANGALAM,EQ,NSE,MANGALAM DRUG & CHEM LTD,Others,INE584F01014,True
1881,NSE_EQ|INE347A01017,MANGLMCEM,EQ,NSE,MANGALAM CEMENT LTD,Others,INE347A01017,True
6827,NSE_EQ|INE1ERK01013,MANILAM,SM,NSE,MANILAM INDUSTRIES IND L,Others,INE1ERK01013,True
1319,NSE_EQ|INE993A01026,MANINDS,EQ,NSE,MAN INDUSTRIES (I) LTD.,Others,INE993A01026,True
2259,NSE_EQ|INE949H01023,MANINFRA,EQ,NSE,MAN INFRA LTD,Others,INE949H01023,True
318,NSE_EQ|INE634S01028,MANKIND,EQ,NSE,MANKIND PHARMA LIMITED,Pharmaceuticals,INE634S01028,True
1026,NSE_EQ|INE784W01015,MANOMAY,EQ,NSE,MANOMAY TEX INDIA LTD,Others,INE784W01015,True
2334,NSE_EQ|INE00VM01036,MANORAMA,EQ,NSE,MANORAMA INDUSTRIES LTD,Others,INE00VM01036,True
3305,NSE_EQ|INE370D01013,MANORG,BE,NSE,MANGALAM ORGANICS LIMITED,Others,INE370D01013,True
712,NSE_EQ|INF204KC1GH6,MANUFGBEES,EQ,NSE,NIPPONAMC - MANUFGBEES,Others,INF204KC1GH6,True
6568,NSE_EQ|INE867A01022,MANUGRAPH,BE,NSE,MANUGRAPH INDIA LIMITED,Others,INE867A01022,True
2422,NSE_EQ|INE825V01034,MANYAVAR,EQ,NSE,VEDANT FASHIONS LIMITED,Others,INE825V01034,True
95,NSE_EQ|INE0BV301023,MAPMYINDIA,EQ,NSE,C.E. INFO SYSTEMS LIMITED,IT - Software,INE0BV301023,True
6839,NSE_EQ|INE882A01013,MARALOVER,BE,NSE,MARAL OVERSEAS LTD,Others,INE882A01013,True
1472,NSE_EQ|INE182D01020,MARATHON,EQ,NSE,MARATHON NXTGEN REALT LTD,Others,INE182D01020,True
3227,NSE_EQ|INE0TD401015,MARC,ST,NSE,MARC TECHNOCRATS LIMITED,Others,INE0TD401015,True
3344,NSE_EQ|INE0QP001012,MARCO,SM,NSE,MARCO CABLE & CONDUCTOR L,Others,INE0QP001012,True
319,NSE_EQ|INE196A01026,MARICO,EQ,NSE,MARICO LIMITED,Consumer Food,INE196A01026,True
2361,NSE_EQ|INE01JE01028,MARINE,EQ,NSE,MARINE ELECTRICAL (I) LTD,Others,INE01JE01028,True
4855,NSE_EQ|INE0P1P01017,MARINETRAN,SM,NSE,MARINETRANS INDIA LIMITED,Others,INE0P1P01017,True
2419,NSE_EQ|INE0FW001016,MARKOLINES,EQ,NSE,MARKOLINES PAVEMENT TEC L,Others,INE0FW001016,True
2185,NSE_EQ|INE750C01026,MARKSANS,EQ,NSE,MARKSANS PHARMA LIMITED,Others,INE750C01026,True
2125,NSE_EQ|INE415B01044,MARSONS,EQ,NSE,MARSONS LIMITED,Others,INE415B01044,True
3703,NSE_EQ|INE0X7G01013,MARUSHIKA,SM,NSE,MARUSHIKA TECHNOLOGY LTD,Others,INE0X7G01013,True
320,NSE_EQ|INE585B01010,MARUTI,EQ,NSE,MARUTI SUZUKI INDIA LTD.,Automobile,INE585B01010,True
1528,NSE_EQ|INE348L01012,MASFIN,EQ,NSE,MAS FINANCIAL SERV LTD,Others,INE348L01012,True
4173,NSE_EQ|INE885F01015,MASKINVEST,BE,NSE,MASK INVESTMENTS LIMITED,Others,INE885F01015,True
4479,NSE_EQ|INE0SH001010,MASON,SM,NSE,MASON INFRATECH LIMITED,Others,INE0SH001010,True
1451,NSE_EQ|INE759A01021,MASTEK,EQ,NSE,MASTEK LTD,Others,INE759A01021,True
4975,NSE_EQ|INE0OJM01017,MASTER,SM,NSE,MASTER COMPONENTS LIMITED,Others,INE0OJM01017,True
1243,NSE_EQ|INE677D01037,MASTERTR,EQ,NSE,MASTER TRUST LIMITED,Others,INE677D01037,True
2253,NSE_EQ|INE866R01028,MATRIMONY,EQ,NSE,MATRIMONY.COM LIMITED,Others,INE866R01028,True
2880,NSE_EQ|INE636A01039,MAWANASUG,BE,NSE,MAWANA SUGARS LIMITED,Others,INE636A01039,True
1290,NSE_EQ|INE03EI01018,MAXESTATES,EQ,NSE,MAX ESTATES LIMITED,Others,INE03EI01018,True
322,NSE_EQ|INE027H01010,MAXHEALTH,EQ,NSE,MAX HEALTHCARE INS LTD,Healthcare Services,INE027H01010,True
1310,NSE_EQ|INE0CG601016,MAXIND,EQ,NSE,MAX INDIA LIMITED,Others,INE0CG601016,True
6020,NSE_EQ|INE0ECC01022,MAXPOSURE,SM,NSE,MAXPOSURE LIMITED,Others,INE0ECC01022,True
4149,NSE_EQ|INE10A501018,MAXVOLT,ST,NSE,MAXVOLT ENERGY INDUS L,Others,INE10A501018,True
7701,NSE_EQ|INE0ZTO01018,MAYASHEEL,SM,NSE,MAYASHEEL VENTURES LTD,Others,INE0ZTO01018,True
2145,NSE_EQ|INE040D01038,MAYURUNIQ,EQ,NSE,MAYUR UNIQUOTERS LTD,Others,INE040D01038,True
569,NSE_EQ|INE885E01042,MAZDA,EQ,NSE,MAZDA LIMITED,Others,INE885E01042,True
323,NSE_EQ|INE249Z01020,MAZDOCK,EQ,NSE,MAZAGON DOCK SHIPBUIL LTD,Ship Building,INE249Z01020,True
1360,NSE_EQ|INE900L01010,MBAPL,EQ,NSE,MADHYA BHARAT AGRO P. LTD,Others,INE900L01010,True
2410,NSE_EQ|INE08N601015,MBEL,EQ,NSE,M AND B ENGINEERING LTD,Others,INE08N601015,True
2536,NSE_EQ|INE912H01013,MBLINFRA,BE,NSE,MBL INFRASTRUCTURE LTD,Others,INE912H01013,True
2057,NSE_EQ|INE435D01014,MCCHRLS-B,EQ,NSE,MAC CHARLES (INDIA) LTD.,Others,INE435D01014,True
1173,NSE_EQ|INE813V01022,MCL,EQ,NSE,M TEK COPPER LIMITED,Others,INE813V01022,True
7318,NSE_EQ|INE942G01012,MCLEODRUSS,BE,NSE,MCLEOD RUSSEL INDIA LTD.,Others,INE942G01012,True
657,NSE_EQ|INE613C01026,MCLOUD,EQ,NSE,MAGELLANIC CLOUD LIMITED,Others,INE613C01026,True
3641,NSE_EQ|INE0O4M01019,MCON,SM,NSE,MCON RASAYAN INDIA LTD,Others,INE0O4M01019,True
329,NSE_EQ|INE745G01043,MCX,EQ,NSE,MULTI COMMODITY EXCHANGE,Financial Services,INE745G01043,True
8420,NSE_EQ|INE575Z01010,MDL,ST,NSE,MARVEL DECOR LIMITED,Others,INE575Z01010,True
182,NSE_EQ|INE474Q01031,MEDANTA,EQ,NSE,GLOBAL HEALTH LIMITED,Healthcare Services,INE474Q01031,True
1562,NSE_EQ|INE456Z01021,MEDIASSIST,EQ,NSE,MEDI ASSIST HEALTH SER L,Others,INE456Z01021,True
1683,NSE_EQ|INE646B01010,MEDICAMEQ,EQ,NSE,MEDICAMEN BIOTECH LIMITED,Others,INE646B01010,True
2430,NSE_EQ|INE630Y01024,MEDICO,EQ,NSE,MEDICO REMEDIES LIMITED,Others,INE630Y01024,True
6919,NSE_EQ|INE0PE401018,MEDIORG,SM,NSE,MEDICAMEN ORGANICS LTD,Others,INE0PE401018,True
4247,NSE_EQ|INE0UOY01019,MEDISTEP,SM,NSE,MEDISTEP HEALTHCARE LTD,Others,INE0UOY01019,True
1912,NSE_EQ|INE804L01022,MEDPLUS,EQ,NSE,MEDPLUS HEALTH SERV LTD,Others,INE804L01022,True
811,NSE_EQ|INE0VDM01015,MEESHO,EQ,NSE,MEESHO LIMITED,Others,INE0VDM01015,True
2854,NSE_EQ|INE0G1D01014,MEGAFLEX,SM,NSE,MEGA FLEX PLASTICS LTD,Others,INE0G1D01014,True
1189,NSE_EQ|INE00EM01016,MEGASTAR,EQ,NSE,MEGASTAR FOODS LIMITED,Others,INE00EM01016,True
8692,NSE_EQ|INE531R01010,MEGATHERM,SM,NSE,MEGATHERM INDUCTION LTD,Others,INE531R01010,True
5476,NSE_EQ|INE0PKD01011,MEIL,BE,NSE,MANGAL ELECTRICAL IND L,Others,INE0PKD01011,True
1950,NSE_EQ|INE650G01029,MENNPIS,EQ,NSE,MENON PISTONS LTD.,Others,INE650G01029,True
1396,NSE_EQ|INE071D01033,MENONBE,EQ,NSE,MENON BEARINGS LIMITED,Others,INE071D01033,True
3230,NSE_EQ|INE776I01010,MEP,BZ,NSE,MEP INFRA. DEVELOPERS LTD,Others,INE776I01010,True
710,NSE_EQ|INE689O01013,MERCANTILE,EQ,NSE,MERCANTILE VENTURES LTD.,Others,INE689O01013,True
9405,NSE_EQ|INE763M01028,MERCURYEV,BE,NSE,MERCURY EV-TECH LIMITED,Others,INE763M01028,True
1232,NSE_EQ|INF769K01LY7,METAL,EQ,NSE,MIRAEAMC - METAL,Others,INF769K01LY7,True
2313,NSE_EQ|INF109KC19W1,METALIETF,EQ,NSE,ICICIPRAMC - METALIETF,Others,INF109KC19W1,True
1152,NSE_EQ|INE317I01021,METROBRAND,EQ,NSE,METRO BRANDS LIMITED,Others,INE317I01021,True
2351,NSE_EQ|INE085D01033,METROGLOBL,EQ,NSE,METROGLOBAL LTD.,Others,INE085D01033,True
324,NSE_EQ|INE112L01020,METROPOLIS,EQ,NSE,METROPOLIS HEALTHCARE LTD,Healthcare Services,INE112L01020,True
1954,NSE_EQ|INE0US801024,MFML,EQ,NSE,MAHALAXMI FABRIC MILLS LT,Others,INE0US801024,True
321,NSE_EQ|INE180A01020,MFSL,EQ,NSE,MAX FINANCIAL SERV LTD,Finance,INE180A01020,True
3263,NSE_EQ|INE0APB01032,MGEL,BE,NSE,MANGALAM GLOBAL ENT LTD,Others,INE0APB01032,True
311,NSE_EQ|INE002S01010,MGL,EQ,NSE,MAHANAGAR GAS LTD.,Gas Transmission,INE002S01010,True
6335,NSE_EQ|INE132901013,MGSL,SM,NSE,MATRIX GEO SOLUTIONS LTD,Others,INE132901013,True
8023,NSE_EQ|INE450S01011,MHHL,SM,NSE,MOHINI HEALTH&HYGIENE LTD,Others,INE450S01011,True
1487,NSE_EQ|INE112D01035,MHLXMIRU,EQ,NSE,MAHALAXMI RUBTECH LIMITED,Others,INE112D01035,True
2187,NSE_EQ|INE998I01010,MHRIL,EQ,NSE,MAHINDRA HOLIDAYS LTD,Others,INE998I01010,True
918,NSE_EQ|INE287C01037,MICEL,EQ,NSE,MIC ELECTRONICS LTD,Others,INE287C01037,True
3055,NSE_EQ|INE0PZK01014,MICROPRO,SM,NSE,MICROPRO SOFTWARE SOL L,Others,INE0PZK01014,True
644,NSE_EQ|INF174KA1ZC5,MIDCAP,EQ,NSE,KOTAKMAMC - KOTAKMID50,Others,INF174KA1ZC5,True
1684,NSE_EQ|INF740KA1WW5,MIDCAPADD,EQ,NSE,DSPAMC - MIDCAPADD,Others,INF740KA1WW5,True
991,NSE_EQ|INF789F1AYX9,MIDCAPBETA,EQ,NSE,UTIAMC-MIDCAPBETA,Others,INF789F1AYX9,True
1240,NSE_EQ|INF769K01IC9,MIDCAPETF,EQ,NSE,MIRAEAMC - MAM150ETF,Others,INF769K01IC9,True
1777,NSE_EQ|INF109KC11W8,MIDCAPIETF,EQ,NSE,ICICIPRAMC - ICICIM150,Others,INF109KC11W8,True
654,NSE_EQ|INE099Z01011,MIDHANI,EQ,NSE,MISHRA DHATU NIGAM LTD,Others,INE099Z01011,True
1768,NSE_EQ|INF109KC10W0,MIDSELIETF,EQ,NSE,ICICI PRUD MIDCAP SEL ETF,Others,INF109KC10W0,True
1228,NSE_EQ|INF769K01LJ8,MIDSMALL,EQ,NSE,MIRAEAMC - MIDSMALL,Others,INF769K01LJ8,True
1016,NSE_EQ|INE0XAD01024,MIDWESTLTD,EQ,NSE,MIDWEST LIMITED,Others,INE0XAD01024,True
5529,NSE_EQ|INE0R3101011,MIEL,SM,NSE,MANGLAM INFRA & ENG LTD,Others,INE0R3101011,True
9435,NSE_EQ|INE376Y01016,MILTON,SM,NSE,MILTON INDUSTRIES LIMITED,Others,INE376Y01016,True
325,NSE_EQ|INE842C01021,MINDACORP,EQ,NSE,MINDA CORPORATION LTD,Auto Ancillary,INE842C01021,True
6388,NSE_EQ|INE00RQ01019,MINDPOOL,SM,NSE,MINDPOOL TECHNOLOGIES LTD,Others,INE00RQ01019,True
3386,NSE_EQ|INE0CCU25019,MINDSPACE,RR,NSE,MINDSPACE BUSINESS P REIT,Others,INE0CCU25019,True
2114,NSE_EQ|INE110B01017,MINDTECK,EQ,NSE,MINDTECK (INDIA) LIMITED,Others,INE110B01017,True
5696,NSE_EQ|INE831A01028,MIRCELECTR,BE,NSE,MIRCELECTR-DEPO,Others,INE831A01028,True
1563,NSE_EQ|INE771A01026,MIRZAINT,EQ,NSE,MIRZA INTERNATIONAL LIMIT,Others,INE771A01026,True
3274,NSE_EQ|INE828O01033,MITCON,BE,NSE,MITCON CON & ENG SER LTD,Others,INE828O01033,True
2279,NSE_EQ|INE997Y01027,MITTAL,EQ,NSE,MITTAL LIFE STYLE LIMITED,Others,INE997Y01027,True
2278,NSE_EQ|INE964W01021,MKPL,EQ,NSE,M K PROTEINS LIMITED,Others,INE964W01021,True
3622,NSE_EQ|INE0XM301010,MMEL,ST,NSE,MOVING MEDIA ENTER LTD,Others,INE0XM301010,True
1442,NSE_EQ|INE227C01017,MMFL,EQ,NSE,MM FORGINGS LTD,Others,INE227C01017,True
1699,NSE_EQ|INE511Y01018,MMP,EQ,NSE,MMP INDUSTRIES LIMITED,Others,INE511Y01018,True
309,NSE_EQ|INE123F01029,MMTC,EQ,NSE,MMTC LIMITED,Trading,INE123F01029,True
3096,NSE_EQ|INE200D01020,MMWL,BE,NSE,MEDIA MATRIX WORLDWIDE L,Others,INE200D01020,True
760,NSE_EQ|INF174KA1JF2,MNC,EQ,NSE,KOTAKMAMC - KOTAKMNC,Others,INF174KA1JF2,True
794,NSE_EQ|INE0HLU01028,MOBIKWIK,EQ,NSE,ONE MOBIKWIK SYSTEMS LTD,Others,INE0HLU01028,True
5164,NSE_EQ|INE1YNB01019,MOBILISE,ST,NSE,MOBILISE APP LAB LIMITED,Others,INE1YNB01019,True
828,NSE_EQ|INF247L01EV3,MOCAPITAL,EQ,NSE,MOTILALAMC - MOCAPITAL,Others,INF247L01EV3,True
871,NSE_EQ|INF247L01DJ0,MODEFENCE,EQ,NSE,MOTILALAMC - MODEFENCE,Others,INF247L01DJ0,True
7717,NSE_EQ|INE537F01012,MODINATUR,BE,NSE,MODI NATURALS LIMITED,Others,INE537F01012,True
756,NSE_EQ|INE832A01018,MODIRUBBER,EQ,NSE,MODI RUBBER LTD,Others,INE832A01018,True
1733,NSE_EQ|INE0L0L01012,MODIS,EQ,NSE,MODIS NAVNIRMAN LTD,Others,INE0L0L01012,True
5520,NSE_EQ|INE737D01021,MODISONLTD,BE,NSE,MODISON LIMITED,Others,INE737D01021,True
1109,NSE_EQ|INE794W01014,MODTHREAD,EQ,NSE,MODERN THREADS INDIA LTD,Others,INE794W01014,True
837,NSE_EQ|INF247L01GH7,MOENERGY,EQ,NSE,MOTILALAMC - MOENERGY,Others,INF247L01GH7,True
844,NSE_EQ|INF247L01FY4,MOGOLD,EQ,NSE,MOTILALAMC - MOGOLD,Others,INF247L01FY4,True
887,NSE_EQ|INF247L01AK4,MOGSEC,EQ,NSE,MOTILALAMC - G5,Others,INF247L01AK4,True
875,NSE_EQ|INF247L01BB1,MOHEALTH,EQ,NSE,MOTILALAMC - MOHEALTH,Others,INF247L01BB1,True
2003,NSE_EQ|INE954E01012,MOHITIND,EQ,NSE,MOHIT INDUSTRIES LTD,Others,INE954E01012,True
1559,NSE_EQ|INE490G01020,MOIL,EQ,NSE,MOIL LIMITED,Others,INE490G01020,True
819,NSE_EQ|INF247L01FL1,MOINFRA,EQ,NSE,MOTILALAMC - MOINFRA,Others,INF247L01FL1,True
838,NSE_EQ|INF247L01GI5,MOIPO,EQ,NSE,MOTILALAMC - MOIPO,Others,INF247L01GI5,True
1140,NSE_EQ|INE514Y01020,MOKSH,EQ,NSE,MOKSH ORNAMENTS LIMITED,Others,INE514Y01020,True
1530,NSE_EQ|INE0CT101020,MOL,EQ,NSE,MEGHMANI ORGANICS LIMITED,Others,INE0CT101020,True
2135,NSE_EQ|INE835B01035,MOLDTECH,EQ,NSE,MOLD-TEK TECHNOLOGIES LTD,Others,INE835B01035,True
1052,NSE_EQ|INE893J01029,MOLDTKPAC,EQ,NSE,MOLD-TEK PACKAGING LTD,Others,INE893J01029,True
899,NSE_EQ|INF247L01BL0,MOLOWVOL,EQ,NSE,MOTILALAMC - MOLOWVOL,Others,INF247L01BL0,True
1297,NSE_EQ|INF209KB14K7,MOMENTUM,EQ,NSE,BIRLASLAMC - MOMENTUM,Others,INF209KB14K7,True
820,NSE_EQ|INF247L01FK3,MOMGF,EQ,NSE,MOTILALAMC - MOMGF,Others,INF247L01FK3,True
847,NSE_EQ|INF247L01FQ0,MOMIDMTM,EQ,NSE,MOTILALAMC - MOMIDMTM,Others,INF247L01FQ0,True
835,NSE_EQ|INF247L01GK1,MOMNC,EQ,NSE,MOTILALAMC - MOMNC,Others,INF247L01GK1,True
900,NSE_EQ|INF247L01BK2,MOMOMENTUM,EQ,NSE,MOTILALAMC - MOMOMENTUM,Others,INF247L01BK2,True
1147,NSE_EQ|INE903D01011,MONARCH,EQ,NSE,MONARCH NETWORTH CAP LTD,Others,INE903D01011,True
2168,NSE_EQ|INE296Q01012,MONEYBOXX,EQ,NSE,MONEYBOXX FINANCE LIMITED,Others,INE296Q01012,True
7782,NSE_EQ|INE1DV401010,MONOLITH,SM,NSE,MONOLITHISCH INDIA LTD,Others,INE1DV401010,True
4954,NSE_EQ|INE0OIP01012,MONOPHARMA,SM,NSE,MONO PHARMACARE LIMITED,Others,INE0OIP01012,True
944,NSE_EQ|INE950M01013,MONTECARLO,EQ,NSE,MONTE CARLO FASHIONS LTD.,Others,INE950M01013,True
851,NSE_EQ|INF247L01FO5,MOPSE,EQ,NSE,MOTILALAMC - MOPSE,Others,INF247L01FO5,True
896,NSE_EQ|INF247L01BH8,MOQUALITY,EQ,NSE,MOTILALAMC - MOQUALITY,Others,INF247L01BH8,True
9208,NSE_EQ|INE161G01027,MORARJEE,BZ,NSE,MORARJEE TEXTILES LIMITED,Others,INE161G01027,True
860,NSE_EQ|INF247L01CI4,MOREALTY,EQ,NSE,MOTILALAMC - MOREALTY,Others,INF247L01CI4,True
631,NSE_EQ|INE083A01026,MOREPENLAB,EQ,NSE,MOREPEN LAB. LTD,Others,INE083A01026,True
6185,NSE_EQ|INE0N7S01028,MOS,SM,NSE,MOS UTILITY LIMITED,Others,INE0N7S01028,True
894,NSE_EQ|INE935B01025,MOSCHIP,EQ,NSE,MOSCHIP TECHNOLOGIES LTD,Others,INE935B01025,True
834,NSE_EQ|INF247L01GJ3,MOSERVICE,EQ,NSE,MOTILALAMC - MOSERVICE,Others,INF247L01GJ3,True
846,NSE_EQ|INF247L01FZ1,MOSILVER,EQ,NSE,MOTILALAMC - MOSILVER,Others,INF247L01FZ1,True
6685,NSE_EQ|INE775A08105,MOTHERSON,D1,NSE,SAMVARDHANA MOTHERSON INT,Others,INE775A08105,True
407,NSE_EQ|INE775A01035,MOTHERSON,EQ,NSE,SAMVRDHNA MTHRSN INTL LTD,Auto Ancillary,INE775A01035,True
327,NSE_EQ|INE338I01027,MOTILALOFS,EQ,NSE,MOTILAL OSWAL FIN LTD,Stock Broking,INE338I01027,True
1997,NSE_EQ|INE0FRK01020,MOTISONS,EQ,NSE,MOTISONS JEWELLERS LTD,Others,INE0FRK01020,True
6451,NSE_EQ|INE861B01023,MOTOGENFIN,BE,NSE,MOTOR & GENERAL FINANCE L,Others,INE861B01023,True
848,NSE_EQ|INF247L01FP2,MOTOUR,EQ,NSE,MOTILALAMC - MOTOUR,Others,INF247L01FP2,True
874,NSE_EQ|INF247L01BE5,MOVALUE,EQ,NSE,MOTILALAMC - MOVALUE,Others,INF247L01BE5,True
8454,NSE_EQ|INE0N6D01014,MOXSH,ST,NSE,MOXSH OVERSEAS EDUCON LTD,Others,INE0N6D01014,True
9418,NSE_EQ|INE0U4H01011,MPEL,SM,NSE,MANAS POLYMER N ENERGIE L,Others,INE0U4H01011,True
328,NSE_EQ|INE356A01018,MPHASIS,EQ,NSE,MPHASIS LIMITED,IT - Software,INE356A01018,True
1593,NSE_EQ|INE943D01017,MPSLTD,EQ,NSE,MPS LIMITED,Others,INE943D01017,True
2941,NSE_EQ|INE105Y01019,MPTODAY,SM,NSE,M P TODAY MEDIA LIMITED,Others,INE105Y01019,True
310,NSE_EQ|INE883A01011,MRF,EQ,NSE,MRF LTD,Tyres & Allied,INE883A01011,True
3406,NSE_EQ|INE632Q01018,MRIL,SM,NSE,MAHENDRA REALTO & INFRA L,Others,INE632Q01018,True
317,NSE_EQ|INE103A01014,MRPL,EQ,NSE,MRPL,Refineries,INE103A01014,True
1685,NSE_EQ|INF740KA1WV7,MSCIADD,EQ,NSE,DSPAMC - MSCIADD,Others,INF740KA1WV7,True
548,NSE_EQ|INF174KA1VD2,MSCIINDIA,EQ,NSE,KOTAKMAMC - MSCIINDIA,Others,INF174KA1VD2,True
2273,NSE_EQ|INE752G01015,MSPL,EQ,NSE,MSP STEEL & POWER LTD.,Others,INE752G01015,True
1751,NSE_EQ|INE255X01014,MSTCLTD,EQ,NSE,MSTC LIMITED,Others,INE255X01014,True
326,NSE_EQ|INE0FS801015,MSUMI,EQ,NSE,MOTHERSON SUMI WRNG IND L,Steel & Iron Products,INE0FS801015,True
1941,NSE_EQ|INE864I01014,MTARTECH,EQ,NSE,MTAR TECHNOLOGIES LIMITED,Others,INE864I01014,True
5091,NSE_EQ|INE472M01018,MTEDUCARE,BE,NSE,MT EDUCARE LTD,Others,INE472M01018,True
1504,NSE_EQ|INE153A01019,MTNL,EQ,NSE,MAHANAGAR TELEPHONE NIGAM,Others,INE153A01019,True
1063,NSE_EQ|INE08KJ01020,MUFIN,EQ,NSE,MUFIN GREEN FINANCE LTD,Others,INE08KJ01020,True
1255,NSE_EQ|INE220Q01020,MUFTI,EQ,NSE,CREDO BRANDS MARKETING L,Others,INE220Q01020,True
1671,NSE_EQ|INE304A01026,MUKANDLTD,EQ,NSE,MUKAND LTD.,Others,INE304A01026,True
2091,NSE_EQ|INE0CG401037,MUKKA,EQ,NSE,MUKKA PROTEINS LIMITED,Others,INE0CG401037,True
773,NSE_EQ|INE374B01019,MUKTAARTS,EQ,NSE,MUKTA ARTS LIMITED,Others,INE374B01019,True
1237,NSE_EQ|INF769K01LX9,MULTICAP,EQ,NSE,MIRAEAMC - MULTICAP,Others,INF769K01LX9,True
8477,NSE_EQ|INE1K8Y01018,MUNISH,ST,NSE,MUNISH FORGE LIMITED,Others,INE1K8Y01018,True
557,NSE_EQ|INE672B01032,MUNJALAU,EQ,NSE,MUNJAL AUTO IND. LTD.,Others,INE672B01032,True
1973,NSE_EQ|INE577A01027,MUNJALSHOW,EQ,NSE,MUNJAL SHOWA LTD,Others,INE577A01027,True
2315,NSE_EQ|INE692B01014,MURUDCERA,EQ,NSE,MURUDESHWAR CERAMICS LTD,Others,INE692B01014,True
1856,NSE_EQ|INE296G01013,MUTHOOTCAP,EQ,NSE,MUTHOOT CAP SERV LTD,Others,INE296G01013,True
330,NSE_EQ|INE414G01012,MUTHOOTFIN,EQ,NSE,MUTHOOT FINANCE LIMITED,NBFC,INE414G01012,True
1316,NSE_EQ|INE046W01019,MUTHOOTMF,EQ,NSE,MUTHOOT MICROFIN LIMITED,Others,INE046W01019,True
2042,NSE_EQ|INE0KNT01012,MVGJL,EQ,NSE,MANOJ VAIBHAV GEM N JEW L,Others,INE0KNT01012,True
7458,NSE_EQ|INE0SGC01015,MVKAGRO,SM,NSE,M.V.K. AGRO FOOD PROD LTD,Others,INE0SGC01015,True
2169,NSE_EQ|INE0JYY01011,MWL,EQ,NSE,MANGALAM WORLDWIDE LTD,Others,INE0JYY01011,True
9190,NSE_EQ|INE0RVQ01016,MYMUDRA,SM,NSE,MY MUDRA FINCORP LIMITED,Others,INE0RVQ01016,True
1157,NSE_EQ|INE295D01020,NACLIND,EQ,NSE,NACL INDUSTRIES LIMITED,Others,INE295D01020,True
8201,NSE_EQ|INE454M01024,NAGAFERT,BZ,NSE,NAGARJUN FERT AND CHE LTD,Others,INE454M01024,True
3862,NSE_EQ|INE245I01016,NAGREEKCAP,BE,NSE,NAGREEKA CAP & INFR.LTD,Others,INE245I01016,True
2047,NSE_EQ|INE123B01028,NAGREEKEXP,EQ,NSE,NAGREEKA EXPORTS LTD.,Others,INE123B01028,True
999,NSE_EQ|INE049I01012,NAHARCAP,EQ,NSE,NAHAR CAP & FIN.,Others,INE049I01012,True
2155,NSE_EQ|INE289A01011,NAHARINDUS,EQ,NSE,NAHAR INDS ENT LTD,Others,INE289A01011,True
2333,NSE_EQ|INE308A01027,NAHARPOLY,EQ,NSE,NAHAR POLY FILMS LIMITED,Others,INE308A01027,True
3869,NSE_EQ|INE290A01027,NAHARSPING,BE,NSE,NAHAR SPINNING MILLS LTD.,Others,INE290A01027,True
1053,NSE_EQ|INE298J01013,NAM-INDIA,EQ,NSE,NIPPON L I A M LTD,Others,INE298J01013,True
3436,NSE_EQ|INE0RJM01010,NAMAN,SM,NSE,NAMAN INDUSTRE PRXIMA LTD,Others,INE0RJM01010,True
6986,NSE_EQ|INE08NZ01012,NAMOEWASTE,SM,NSE,NAMO EWASTE MANAGEMENT L,Others,INE08NZ01012,True
2345,NSE_EQ|INE117Z01011,NARMADA,EQ,NSE,NARMADA AGROBASE LIMITED,Others,INE117Z01011,True
1822,NSE_EQ|INE936B01015,NATCAPSUQ,EQ,NSE,NATURAL CAPSULES LIMITED,Others,INE936B01015,True
331,NSE_EQ|INE987B01026,NATCOPHARM,EQ,NSE,NATCO PHARMA LTD.,Pharmaceuticals,INE987B01026,True
1850,NSE_EQ|INE448G01010,NATHBIOGEN,EQ,NSE,NATH BIO-GENES (I) LTD,Others,INE448G01010,True
339,NSE_EQ|INE139A01034,NATIONALUM,EQ,NSE,NATIONAL ALUMINIUM CO LTD,Aluminium Products,INE139A01034,True
2291,NSE_EQ|INE166R01015,NATIONSTD,EQ,NSE,NATIONAL STAND (INDIA) L,Others,INE166R01015,True
251,NSE_EQ|INE663F01032,NAUKRI,EQ,NSE,INFO EDGE (I) LTD,BPO/ITeS,INE663F01032,True
340,NSE_EQ|INE725A01030,NAVA,EQ,NSE,NAVA LIMITED,Power,INE725A01030,True
341,NSE_EQ|INE048G01026,NAVINFLUOR,EQ,NSE,NAVIN FLUORINE INT. LTD,Chemicals,INE048G01026,True
1107,NSE_EQ|INE278M01019,NAVKARCORP,EQ,NSE,NAVKAR CORPORATION LTD.,Others,INE278M01019,True
527,NSE_EQ|INE268H01044,NAVKARURB,EQ,NSE,NAVKAR URBANSTRUCTURE LTD,Others,INE268H01044,True
2139,NSE_EQ|INE060A01024,NAVNETEDUL,EQ,NSE,NAVNEET EDUCATION LTD,Others,INE060A01024,True
1679,NSE_EQ|INE418L01047,NAZARA,EQ,NSE,NAZARA TECHNOLOGIES LTD,Others,INE418L01047,True
332,NSE_EQ|INE095N01031,NBCC,EQ,NSE,NBCC (INDIA) LIMITED,Construction,INE095N01031,True
1836,NSE_EQ|INE365I01020,NBIFIN,EQ,NSE,N.B.I. IND. FIN. CO. LTD,Others,INE365I01020,True
222,NSE_EQ|INE868B01028,NCC,EQ,NSE,NCC LIMITED,Engineering,INE868B01028,True
1404,NSE_EQ|INE732C01016,NCLIND,EQ,NSE,NCL INDUSTRIES LIMITED,Others,INE732C01016,True
989,NSE_EQ|INE756C01015,NDGL,EQ,NSE,NAGA DHUNSERI GROUP LTD,Others,INE756C01015,True
522,NSE_EQ|INE875G01048,NDL,EQ,NSE,NANDAN DENIM LIMITED,Others,INE875G01048,True
1956,NSE_EQ|INE353A01023,NDLVENTURE,EQ,NSE,NDL VENTURES LIMITED,Others,INE353A01023,True
2158,NSE_EQ|INE07OG01012,NDRAUTO,EQ,NSE,NDR AUTO COMPONENTS LTD,Others,INE07OG01012,True
5495,NSE_EQ|INE0Q7Q23015,NDRINVIT,IV,NSE,NDR INVIT TRUST,Others,INE0Q7Q23015,True
2269,NSE_EQ|INE155G01029,NDTV,EQ,NSE,NDTV LTD,Others,INE155G01029,True
1403,NSE_EQ|INE605D01012,NEAGI,EQ,NSE,NEELAMALAI AGRO INDS. L,Others,INE605D01012,True
1368,NSE_EQ|INE553C01016,NECCLTD,EQ,NSE,NORTH EAST CARRY CORP LTD,Others,INE553C01016,True
8184,NSE_EQ|INE023H01027,NECLIFE,BE,NSE,NECTAR LIFESCIENCES LTD.,Others,INE023H01027,True
8335,NSE_EQ|INE0N1401016,NEELAM,SM,NSE,NEELAM LINENS & GAR (I) L,Others,INE0N1401016,True
1427,NSE_EQ|INE189I01024,NELCAST,EQ,NSE,NELCAST LIMITED,Others,INE189I01024,True
1417,NSE_EQ|INE045B01015,NELCO,EQ,NSE,NELCO LTD,Others,INE045B01015,True
8025,NSE_EQ|INE21UM01018,NEOCHEM,ST,NSE,NEOCHEM BIO SOLUTIONS LTD,Others,INE21UM01018,True
1071,NSE_EQ|INE136S01016,NEOGEN,EQ,NSE,NEOGEN CHEMICALS LIMITED,Others,INE136S01016,True
8410,NSE_EQ|INE0SUN01013,NEPHROCARE,ST,NSE,NEPHRO CARE INDIA LIMITED,Others,INE0SUN01013,True
740,NSE_EQ|INE428V01029,NEPHROPLUS,EQ,NSE,NEPHROCARE HEALTH SERV L,Others,INE428V01029,True
4733,NSE_EQ|INE156901014,NEPTUNE,SM,NSE,NEPTUNE PETROCHEMICALS L,Others,INE156901014,True
2366,NSE_EQ|INE317F01035,NESCO,EQ,NSE,NESCO LTD.,Others,INE317F01035,True
342,NSE_EQ|INE239A01024,NESTLEIND,EQ,NSE,NESTLE INDIA LIMITED,Consumer Food,INE239A01024,True
2503,NSE_EQ|INF277K015R5,NETF,EQ,NSE,TATAAML - NETF,Others,INF277K015R5,True
1118,NSE_EQ|INE0NT901020,NETWEB,EQ,NSE,NETWEB TECH INDIA LTD,Others,INE0NT901020,True
8954,NSE_EQ|INE333I01044,NEUEON,BE,NSE,NEUEON CORPORATION LTD,Others,INE333I01044,True
2331,NSE_EQ|INE794A01010,NEULANDLAB,EQ,NSE,NEULAND LAB LTD.,Others,INE794A01010,True
1431,NSE_EQ|INE619B01017,NEWGEN,EQ,NSE,NEWGEN SOFTWARE TECH LTD,Others,INE619B01017,True
8061,NSE_EQ|INE0PW501021,NEWJAISA,ST,NSE,NEWJAISA TECHNOLOGIES LTD,Others,INE0PW501021,True
967,NSE_EQ|INE747B01016,NEXTMEDIA,EQ,NSE,NEXT MEDIAWORKS LIMITED,Others,INE747B01016,True
1746,NSE_EQ|INE870D01012,NFL,EQ,NSE,NATIONAL FERT. LTD,Others,INE870D01012,True
9059,NSE_EQ|INE0T1501010,NFPSAMPOOR,SM,NSE,NFP SAMPOORNA FOODS LTD,Others,INE0T1501010,True
6444,NSE_EQ|INE236Y01012,NGIL,BE,NSE,NAKODA GROUP OF IND. LTD,Others,INE236Y01012,True
1003,NSE_EQ|INE887E01022,NGLFINE,EQ,NSE,NGL FINE CHEM LIMITED,Others,INE887E01022,True
338,NSE_EQ|INE410P01011,NH,EQ,NSE,NARAYANA HRUDAYALAYA LTD.,Healthcare Services,INE410P01011,True
3217,NSE_EQ|INE0H7R23014,NHIT,IV,NSE,NATIONAL HIGHW INFRA TRUS,Others,INE0H7R23014,True
277,NSE_EQ|INE848E01016,NHPC,EQ,NSE,NHPC LTD,Power,INE848E01016,True
1812,NSE_EQ|INE470Y01017,NIACL,EQ,NSE,THE NEW INDIA ASSU CO LTD,Others,INE470Y01017,True
1358,NSE_EQ|INE149O01018,NIBE,EQ,NSE,NIBE LIMITED,Others,INE149O01018,True
830,NSE_EQ|INE047O01014,NIBL,EQ,NSE,NRB INDUS. BEARINGS LTD.,Others,INE047O01014,True
4238,NSE_EQ|INE0J6L01013,NIDAN,SM,NSE,NIDAN LABS AND HEALTH LTD,Others,INE0J6L01013,True
2001,NSE_EQ|INF740KA1CL0,NIFTYADD,EQ,NSE,DSPAMC - DSPNIFTY,Others,INF740KA1CL0,True
1655,NSE_EQ|INF204KB14I2,NIFTYBEES,EQ,NSE,NIP IND ETF NIFTY BEES,Others,INF204KB14I2,True
988,NSE_EQ|INF789F1AZC0,NIFTYBETA,EQ,NSE,UTIAMC-NIFTYBETA,Others,INF789F1AZC0,True
1737,NSE_EQ|INF0QA701722,NIFTYBETF,EQ,NSE,BFAM - NIFTYBETF,Others,INF0QA701722,True
911,NSE_EQ|INF0R8F01166,NIFTYCASE,EQ,NSE,ZERODHAAMC - NIFTYCASE,Others,INF0R8F01166,True
1271,NSE_EQ|INF769K01EG9,NIFTYETF,EQ,NSE,MIRAEAMC - MAN50ETF,Others,INF769K01EG9,True
2340,NSE_EQ|INF109K012R6,NIFTYIETF,EQ,NSE,ICICI PRUD NIFTY ETF,Others,INF109K012R6,True
1287,NSE_EQ|INF209KB15K4,NIFTYQLITY,EQ,NSE,BIRLASLAMC - NIFTYQLITY,Others,INF209KB15K4,True
1657,NSE_EQ|INE161A01038,NIITLTD,EQ,NSE,NIIT LIMITED,Others,INE161A01038,True
856,NSE_EQ|INE342G01023,NIITMTS,EQ,NSE,NIIT LEARNING SYSTEMS LTD,Others,INE342G01023,True
5225,NSE_EQ|INE0FLF01015,NIKITA,SM,NSE,NIKITA GRENTEC RECYCL LTD,Others,INE0FLF01015,True
1371,NSE_EQ|INE937C01029,NILAINFRA,EQ,NSE,NILA INFRASTRUCTURES LTD,Others,INE937C01029,True
677,NSE_EQ|INE00S901012,NILASPACES,EQ,NSE,NILA SPACES LIMITED,Others,INE00S901012,True
957,NSE_EQ|INE445D01013,NILE,EQ,NSE,NILE LTD.,Others,INE445D01013,True
2037,NSE_EQ|INE310A01015,NILKAMAL,EQ,NSE,NILKAMAL LIMITED,Others,INE310A01015,True
4188,NSE_EQ|INE875B01015,NIMBSPROJ,BE,NSE,NIMBUS PROJECTS LIMITED,Others,INE875B01015,True
2541,NSE_EQ|INE395U01014,NINSYS,BE,NSE,NINTEC SYSTEMS LIMITED,Others,INE395U01014,True
1291,NSE_EQ|INE567A01028,NIPPOBATRY,EQ,NSE,INDO-NATIONAL LIMITED,Others,INE567A01028,True
4812,NSE_EQ|INE368I01016,NIRAJ,BE,NSE,NIRAJ CEMENT STRUC LTD,Others,INE368I01016,True
1489,NSE_EQ|INE326T01011,NIRAJISPAT,EQ,NSE,NIRAJ ISPAT IND LTD,Others,INE326T01011,True
1305,NSE_EQ|INE910A01012,NIRLON,EQ,NSE,NIRLON LTD,Others,INE910A01012,True
3983,NSE_EQ|INE0OK701014,NIRMAN,SM,NSE,NIRMAN AGRI GENTICS LTD,Others,INE0OK701014,True
681,NSE_EQ|INE858F01012,NITCO,EQ,NSE,NITCO LIMITED,Others,INE858F01012,True
1094,NSE_EQ|INE229H01012,NITINSPIN,EQ,NSE,NITIN SPINNERS LIMITED,Others,INE229H01012,True
1888,NSE_EQ|INE439T01012,NITIRAJ,EQ,NSE,NITIRAJ ENGINEERS LTD,Others,INE439T01012,True
578,NSE_EQ|INE265B01019,NITTAGELA,EQ,NSE,NITTA GELATIN INDIA LTD.,Others,INE265B01019,True
1363,NSE_EQ|INE995S01015,NIVABUPA,EQ,NSE,NIVA BUPA HEALTH INS CO L,Others,INE995S01015,True
1424,NSE_EQ|INE542C01019,NKIND,EQ,NSE,NK INDUSTRIES LTD,Others,INE542C01019,True
333,NSE_EQ|INE589A01014,NLCINDIA,EQ,NSE,NLC INDIA LIMITED,Power,INE589A01014,True
334,NSE_EQ|INE584A01023,NMDC,EQ,NSE,NMDC LTD.,Minerals,INE584A01023,True
7033,NSE_EQ|INE0TP801012,NMSTEEL,SM,NSE,NEWMALAYALAM STEEL LTD,Others,INE0TP801012,True
1721,NSE_EQ|INE163A01018,NOCIL,EQ,NSE,NOCIL LIMITED,Others,INE163A01018,True
3560,NSE_EQ|INE781B01015,NOIDATOLL,BE,NSE,NOIDA TOLL BRIDGE CO LTD,Others,INE781B01015,True
1977,NSE_EQ|INE369C01017,NORBTEAEXP,EQ,NSE,NORBEN TEA & EXPORTS LTD,Others,INE369C01017,True
1004,NSE_EQ|INE850M01015,NORTHARC,EQ,NSE,NORTHERN ARC CAPITAL LTD,Others,INE850M01015,True
4083,NSE_EQ|INE02H701025,NOVAAGRI,BE,NSE,NOVA AGRITECH LIMITED,Others,INE02H701025,True
1678,NSE_EQ|INE234A01025,NOVARTIND,EQ,NSE,NOVARTIS INDIA LIMITED,Others,INE234A01025,True
2415,NSE_EQ|INF277K010X4,NPBET,EQ,NSE,TATAAML - NPBET,Others,INF277K010X4,True
906,NSE_EQ|INE0FFK01017,NPST,EQ,NSE,NETWORK PEOPLE SRV TECH L,Others,INE0FFK01017,True
1633,NSE_EQ|INE740D01017,NRAIL,EQ,NSE,N R AGARWAL INDS LTD,Others,INE740D01017,True
1824,NSE_EQ|INE349A01021,NRBBEARING,EQ,NSE,NRB BEARING LIMITED,Others,INE349A01021,True
1203,NSE_EQ|INE0JM501013,NRL,EQ,NSE,NUPUR RECYCLERS LIMITED,Others,INE0JM501013,True
4020,NSE_EQ|INE104101014,NRVANDANA,ST,NSE,N R VANDANA TEX IND LTD,Others,INE104101014,True
1216,NSE_EQ|INE023A01030,NSIL,EQ,NSE,NALWA SONS INVESTMENT LTD,Others,INE023A01030,True
335,NSE_EQ|INE0NNS01018,NSLNISP,EQ,NSE,NMDC STEEL LIMITED,Steel & Iron Products,INE0NNS01018,True
337,NSE_EQ|INE733E01010,NTPC,EQ,NSE,NTPC LTD,Power,INE733E01010,True
336,NSE_EQ|INE0ONG01011,NTPCGREEN,EQ,NSE,NTPC GREEN ENERGY LIMITED,Power,INE0ONG01011,True
1325,NSE_EQ|INE096B01018,NUCLEUS,EQ,NSE,NUCLEUS SOFTWARE EXPORTS,Others,INE096B01018,True
1988,NSE_EQ|INE0DSF01015,NURECA,EQ,NSE,NURECA LIMITED,Others,INE0DSF01015,True
348,NSE_EQ|INE531F01023,NUVAMA,EQ,NSE,NUVAMA WEALTH MANAGE LTD,Stock/ Commodity Brokers,INE531F01023,True
349,NSE_EQ|INE118D01016,NUVOCO,EQ,NSE,NUVOCO VISTAS CORP LTD,Construction Materials,INE118D01016,True
4162,NSE_EQ|INE0NDH25011,NXST,RR,NSE,NEXUS SELECT TRUST,Others,INE0NDH25011,True
4382,NSE_EQ|INE0SF023016,NXT-INFRA,IV,NSE,NXT-INFRA TRUST,Others,INE0SF023016,True
164,NSE_EQ|INE388Y01029,NYKAA,EQ,NSE,FSN E COMMERCE VENTURES,e-Commerce,INE388Y01029,True
748,NSE_EQ|INE959C01023,OAL,EQ,NSE,ORIENTAL AROMATICS LTD,Others,INE959C01023,True
2489,NSE_EQ|INE426Z01016,OBCL,EQ,NSE,ORISSA BENGAL CARRIER LTD,Others,INE426Z01016,True
350,NSE_EQ|INE093I01010,OBEROIRLTY,EQ,NSE,OBEROI REALTY LIMITED,Construction,INE093I01010,True
4128,NSE_EQ|INE0YHV01011,OBSCP,SM,NSE,OBSC PERFECTION LIMITED,Others,INE0YHV01011,True
5839,NSE_EQ|INE0PK601023,OCCLLTD,BE,NSE,OCCL LIMITED,Others,INE0PK601023,True
2226,NSE_EQ|INE054301028,ODIGMA,EQ,NSE,ODIGMA CONSULTANCY SOL L,Others,INE054301028,True
1754,NSE_EQ|INE881D01027,OFSS,EQ,NSE,ORACLE FIN SERV SOFT LTD.,Others,INE881D01027,True
352,NSE_EQ|INE274J01014,OIL,EQ,NSE,OIL INDIA LTD,Oil Exploration,INE274J01014,True
8465,NSE_EQ|INE591A01010,OILCOUNTUB,BE,NSE,OIL COUNTRY TUBULAR LTD.,Others,INE591A01010,True
2299,NSE_EQ|INF109KC18W3,OILIETF,EQ,NSE,ICICIPRAMC - OILIETF,Others,INF109KC18W3,True
2102,NSE_EQ|INE0LXG01040,OLAELEC,EQ,NSE,OLA ELECTRIC MOBILITY LTD,Others,INE0LXG01040,True
354,NSE_EQ|INE260D01016,OLECTRA,EQ,NSE,OLECTRA GREENTECH LIMITED,Electronics,INE260D01016,True
8832,NSE_EQ|INE0OPS01011,OLIL,ST,NSE,ONECLICK LOGISTICS IND L,Others,INE0OPS01011,True
4002,NSE_EQ|INE090B01011,OMAXAUTO,BE,NSE,OMAX AUTOS LTD,Others,INE090B01011,True
1937,NSE_EQ|INE800H01010,OMAXE,EQ,NSE,OMAXE LIMITED,Others,INE800H01010,True
1110,NSE_EQ|INE1BZC01019,OMFREIGHT,EQ,NSE,OM FREIGHT FORWARDERS LTD,Others,INE1BZC01019,True
8450,NSE_EQ|INE338Y01016,OMFURN,ST,NSE,OMFURN INDIA LIMITED,Others,INE338Y01016,True
2456,NSE_EQ|INE239D01028,OMINFRAL,EQ,NSE,OM INFRA LIMITED,Others,INE239D01028,True
1112,NSE_EQ|INE0UH301010,OMNI,EQ,NSE,OMNITECH ENGINEERING LTD,Others,INE0UH301010,True
2052,NSE_EQ|INE25E901019,OMPOWER,EQ,NSE,OM POWER TRANSMISSION LTD,Others,INE25E901019,True
4992,NSE_EQ|INE00ER01015,ONDOOR,ST,NSE,ON DOOR CONCEPTS LIMITED,Others,INE00ER01015,True
8946,NSE_EQ|INE912L01015,ONELIFECAP,BE,NSE,ONELIFE CAP ADVISORS LTD,Others,INE912L01015,True
1436,NSE_EQ|INE840Y01029,ONEPOINT,EQ,NSE,ONE POINT ONE SOL LTD,Others,INE840Y01029,True
1341,NSE_EQ|INE013P01021,ONESOURCE,EQ,NSE,ONESOURCE SPECL PHARMA L,Others,INE013P01021,True
351,NSE_EQ|INE213A01029,ONGC,EQ,NSE,OIL AND NATURAL GAS CORP.,Oil Exploration,INE213A01029,True
2360,NSE_EQ|INE809I01019,ONMOBILE,EQ,NSE,ONMOBILE GLOBAL LTD.,Others,INE809I01019,True
1019,NSE_EQ|INE229A01017,ONWARDTEC,EQ,NSE,ONWARD TECHNOLOGIES LTD,Others,INE229A01017,True
3586,NSE_EQ|INE0WVU01018,ONYX,ST,NSE,ONYX BIOTEC LIMITED,Others,INE0WVU01018,True
1315,NSE_EQ|INE350C01017,OPTIEMUS,EQ,NSE,OPTIEMUS INFRACOM LTD,Others,INE350C01017,True
6065,NSE_EQ|INE15B101011,OPTIVALUE,SM,NSE,OPTIVALUE TEK CONSULT LTD,Others,INE15B101011,True
960,NSE_EQ|INE231G01010,ORBTEXP,EQ,NSE,ORBIT EXPORTS LIMITED,Others,INE231G01010,True
1771,NSE_EQ|INE215B01022,ORCHASP,EQ,NSE,ORCHASP LIMITED,Others,INE215B01022,True
1323,NSE_EQ|INE191A01027,ORCHPHARMA,EQ,NSE,ORCHID PHARMA LIMITED,Others,INE191A01027,True
8958,NSE_EQ|INE0OUT01019,ORIANA,SM,NSE,ORIANA POWER LIMITED,Others,INE0OUT01019,True
2056,NSE_EQ|INE730A01022,ORICONENT,EQ,NSE,ORICON ENTERPRISES LTD,Others,INE730A01022,True
1715,NSE_EQ|INE998H01012,ORIENTALTL,EQ,NSE,ORIENTAL TRIMEX LTD,Others,INE998H01012,True
1307,NSE_EQ|INE607D01018,ORIENTBELL,EQ,NSE,ORIENT BELL LIMITED,Others,INE607D01018,True
608,NSE_EQ|INE876N01018,ORIENTCEM,EQ,NSE,ORIENT CEMENT LTD.,Others,INE876N01018,True
2499,NSE_EQ|INE569C01020,ORIENTCER,EQ,NSE,ORIENT CERATECH LIMITED,Others,INE569C01020,True
2305,NSE_EQ|INE142Z01019,ORIENTELEC,EQ,NSE,ORIENT ELECTRIC LIMITED,Others,INE142Z01019,True
1425,NSE_EQ|INE750A01020,ORIENTHOT,EQ,NSE,ORIENT HOTELS LTD,Others,INE750A01020,True
1279,NSE_EQ|INE609C01024,ORIENTLTD,EQ,NSE,ORIENT PRESS LIMITED,Others,INE609C01024,True
1510,NSE_EQ|INE592A01026,ORIENTPPR,EQ,NSE,ORIENT PAPER AND INDS LTD,Others,INE592A01026,True
1964,NSE_EQ|INE0PPK01015,ORIENTTECH,EQ,NSE,ORIENT TECHNOLOGIES LTD,Others,INE0PPK01015,True
842,NSE_EQ|INE725E01024,ORISSAMINE,EQ,NSE,ORISSA MIN DEV CO LTD,Others,INE725E01024,True
617,NSE_EQ|INE16NZ01023,ORKLAINDIA,EQ,NSE,ORKLA INDIA LIMITED,Others,INE16NZ01023,True
6230,NSE_EQ|INE849L01019,ORTEL,BZ,NSE,ORTEL COMMUNICATIONS LTD,Others,INE849L01019,True
5669,NSE_EQ|INE749B01020,ORTINGLOBE,BE,NSE,ORTIN GLOBAL LIMITED,Others,INE749B01020,True
4318,NSE_EQ|INE07Z523018,OSEINTRUST,IV,NSE,ORIENTAL INFRATRUST,Others,INE07Z523018,True
4970,NSE_EQ|INE0RMF01018,OSELDEVICE,SM,NSE,OSEL DEVICES LIMITED,Others,INE0RMF01018,True
4696,NSE_EQ|INE06IR01021,OSIAHYPER,BE,NSE,OSIA HYPER RETAIL LIMITED,Others,INE06IR01021,True
7761,NSE_EQ|INE142A01012,OSWALAGRO,BE,NSE,OSWAL AGRO MILLS LTD,Others,INE142A01012,True
717,NSE_EQ|INE143A01010,OSWALGREEN,EQ,NSE,OSWAL GREENTECH LIMITED,Others,INE143A01010,True
1983,NSE_EQ|INE0BYP01024,OSWALPUMPS,EQ,NSE,OSWAL PUMPS LIMITED,Others,INE0BYP01024,True
818,NSE_EQ|INE00IK01029,OSWALSEEDS,EQ,NSE,SHREEOSWAL S AND CHE LTD,Others,INE00IK01029,True
2628,NSE_EQ|INE0R8M01017,OWAIS,SM,NSE,OWAIS METAL & MINERAL,Others,INE0R8M01017,True
1289,NSE_EQ|INE0S3G01027,PACEDIGITK,EQ,NSE,PACE DIGITEK LIMITED,Others,INE0S3G01027,True
365,NSE_EQ|INE761H01022,PAGEIND,EQ,NSE,PAGE INDUSTRIES LTD,Textile,INE761H01022,True
1663,NSE_EQ|INE420C01059,PAISALO,EQ,NSE,PAISALO DIGITAL LIMITED,Others,INE420C01059,True
1460,NSE_EQ|INE551D01018,PAKKA,EQ,NSE,PAKKA LIMITED,Others,INE551D01018,True
2051,NSE_EQ|INE471W01019,PALASHSECU,EQ,NSE,PALASH SECURITIES LTD,Others,INE471W01019,True
6029,NSE_EQ|INE218G01033,PALREDTEC,BE,NSE,PALRED TECHNOLOGIES LTD,Others,INE218G01033,True
954,NSE_EQ|INE922B01023,PANACEABIO,EQ,NSE,PANACEA BIOTEC LTD,Others,INE922B01023,True
572,NSE_EQ|INE895W01019,PANACHE,EQ,NSE,PANACHE DIGILIFE LIMITED,Others,INE895W01019,True
1656,NSE_EQ|INE305C01029,PANAMAPET,EQ,NSE,PANAMA PETROCHEM LTD,Others,INE305C01029,True
2317,NSE_EQ|INE697V01011,PANSARI,EQ,NSE,PANSARI DEVELOPERS LTD,Others,INE697V01011,True
751,NSE_EQ|INE04LG01015,PAR,EQ,NSE,PAR DRUGS AND CHEM LTD,Others,INE04LG01015,True
1765,NSE_EQ|INE074B01023,PARACABLES,EQ,NSE,PARAMOUNT COMM LTD,Others,INE074B01023,True
633,NSE_EQ|INE088F01024,PARADEEP,EQ,NSE,PARADEEP PHOSPHATES LTD,Others,INE088F01024,True
2471,NSE_EQ|INE883N01014,PARAGMILK,EQ,NSE,PARAG MILK FOODS LTD.,Others,INE883N01014,True
5880,NSE_EQ|INE0N4G01012,PARAGON,SM,NSE,PARAGON FINE S.C. LTD.,Others,INE0N4G01012,True
2871,NSE_EQ|INE0S2W01018,PARAMATRIX,SM,NSE,PARAMATRIX TECHNOLOGIES L,Others,INE0S2W01018,True
7566,NSE_EQ|INE0TG801013,PARAMOUNT,ST,NSE,PARAMOUNT DYE TEC LIMITED,Others,INE0TG801013,True
2743,NSE_EQ|INE749Y01014,PARAMPARA,SM,NSE,PARAMPARA DAIRY DLGHT LTD,Others,INE749Y01014,True
2477,NSE_EQ|INE045601023,PARAS,EQ,NSE,PARAS DEF AND SPCE TECH L,Others,INE045601023,True
1922,NSE_EQ|INE162C01024,PARASPETRO,EQ,NSE,PARAS PETROFILS LTD.,Others,INE162C01024,True
7841,NSE_EQ|INE00U801010,PARIN,SM,NSE,PARIN ENTERPRISES LIMITED,Others,INE00U801010,True
1296,NSE_EQ|INE119201023,PARKHOSPS,EQ,NSE,PARK MEDI WORLD LIMITED,Others,INE119201023,True
2144,NSE_EQ|INE988S01028,PARKHOTELS,EQ,NSE,PARKHOTELS,Others,INE988S01028,True
7325,NSE_EQ|INE561H01026,PARSVNATH,BE,NSE,PARSVNATH DEVELOPER LTD,Others,INE561H01026,True
7335,NSE_EQ|INE1H7V01011,PARTH,ST,NSE,PARTH ELEC & ENG LTD,Others,INE1H7V01011,True
3644,NSE_EQ|INE06ZX01015,PARTYCRUS,SM,NSE,PARTY CRUISERS LIMITED,Others,INE06ZX01015,True
927,NSE_EQ|INE124Y01028,PASHUPATI,EQ,NSE,PASHUPATI COTSPIN LIMITED,Others,INE124Y01028,True
3749,NSE_EQ|INE818B01023,PASUPTAC,BE,NSE,PASUPATI ACRYLON LIMITED,Others,INE818B01023,True
661,NSE_EQ|INE619A01035,PATANJALI,EQ,NSE,PATANJALI FOODS LIMITED,Others,INE619A01035,True
905,NSE_EQ|INE244B01030,PATELENG,EQ,NSE,PATEL ENGINEERING LTD.,Others,INE244B01030,True
2432,NSE_EQ|INE0R8B01010,PATELRMART,EQ,NSE,PATEL RETAIL LIMITED,Others,INE0R8B01010,True
6362,NSE_EQ|INE17GV01016,PATILAUTOM,ST,NSE,PATIL AUTOMATION LIMITED,Others,INE17GV01016,True
2198,NSE_EQ|INE529D01014,PATINTLOG,EQ,NSE,PATEL INT. LOG. LTD,Others,INE529D01014,True
3080,NSE_EQ|INE0NZW01014,PATTECH,ST,NSE,PATTECH FITWELL TUB COM L,Others,INE0NZW01014,True
809,NSE_EQ|INE111F01024,PAUSHAKLTD,EQ,NSE,PAUSHAK LIMITED,Others,INE111F01024,True
5112,NSE_EQ|INE07S101038,PAVNAIND,BE,NSE,PAVNA INDUSTRIES LIMITED,Others,INE07S101038,True
1603,NSE_EQ|INE982J01020,PAYTM,EQ,NSE,ONE 97 COMMUNICATIONS LTD,Others,INE982J01020,True
2107,NSE_EQ|INE602A01031,PCBL,EQ,NSE,PCBL CHEMICAL LIMITED,Others,INE602A01031,True
4652,NSE_EQ|INE998U01015,PCCL,SM,NSE,PETRO CARBON AND CHEMI L,Others,INE998U01015,True
1985,NSE_EQ|INE785M01021,PCJEWELLER,EQ,NSE,PC JEWELLER LTD,Others,INE785M01021,True
1607,NSE_EQ|INE865T01018,PDMJEPAPER,EQ,NSE,PUDUMJEE PAPER PRO. LTD,Others,INE865T01018,True
1762,NSE_EQ|INE111Q01021,PDSL,EQ,NSE,PDS LIMITED,Others,INE111Q01021,True
5894,NSE_EQ|INE844A01013,PEARLPOLY,BE,NSE,PEARL POLYMERS LTD,Others,INE844A01013,True
8301,NSE_EQ|INE0VG601013,PELATRO,SM,NSE,PELATRO LIMITED,Others,INE0VG601013,True
726,NSE_EQ|INE932A01024,PENIND,EQ,NSE,PENNAR INDUSTRIES LTD,Others,INE932A01024,True
6188,NSE_EQ|INE138A01028,PENINLAND,BE,NSE,PENINSULA LAND LIMITED,Others,INE138A01028,True
4115,NSE_EQ|INE0ORS01017,PENTAGON,SM,NSE,PENTAGON RUBBER LIMITED,Others,INE0ORS01017,True
4453,NSE_EQ|INE925S01012,PERFECT,SZ,NSE,PERFECT INFRAENGINEER LTD,Others,INE925S01012,True
367,NSE_EQ|INE262H01021,PERSISTENT,EQ,NSE,PERSISTENT SYSTEMS LTD,IT - Software,INE262H01021,True
368,NSE_EQ|INE347G01014,PETRONET,EQ,NSE,PETRONET LNG LIMITED,Gases & Fuels,INE347G01014,True
376,NSE_EQ|INE134E01011,PFC,EQ,NSE,POWER FIN CORP LTD.,Finance,INE134E01011,True
2162,NSE_EQ|INE182A01018,PFIZER,EQ,NSE,PFIZER LTD,Others,INE182A01018,True
4237,NSE_EQ|INE367G01038,PFOCUS,BE,NSE,PRIME FOCUS LIMITED,Others,INE367G01038,True
1598,NSE_EQ|INE560K01014,PFS,EQ,NSE,PTC INDIA FIN SERV LTD,Others,INE560K01014,True
1463,NSE_EQ|INE457L01029,PGEL,EQ,NSE,PG ELECTROPLAST LTD,Others,INE457L01029,True
381,NSE_EQ|INE179A01014,PGHH,EQ,NSE,P&G HYGIENE & HEALTH CARE,Household Products,INE179A01014,True
2506,NSE_EQ|INE199A01012,PGHL,EQ,NSE,PROCTER & GAMBLE HEALTH L,Others,INE199A01012,True
2413,NSE_EQ|INE940H01022,PGIL,EQ,NSE,PEARL GLOBAL IND LIMITED,Others,INE940H01022,True
9031,NSE_EQ|INE0GGX23010,PGINVIT,IV,NSE,POWERGRID INFRA. INVITS,Others,INE0GGX23010,True
7366,NSE_EQ|INE0MLZ01019,PHANTOMFX,SM,NSE,PHANTOM DIGITAL EFF LTD,Others,INE0MLZ01019,True
637,NSE_EQ|INF204KC1089,PHARMABEES,EQ,NSE,NIPPONAMC - NETFPHARMA,Others,INF204KC1089,True
370,NSE_EQ|INE211B01039,PHOENIXLTD,EQ,NSE,THE PHOENIX MILLS LTD,Construction,INE211B01039,True
4935,NSE_EQ|INE0FPO01018,PHOGLOBAL,SM,NSE,PHOENIX OVERSEAS LIMITED,Others,INE0FPO01018,True
1773,NSE_EQ|INE546C01010,PICCADIL,EQ,NSE,PICCADILY AGRO INDUSTRI L,Others,INE546C01010,True
371,NSE_EQ|INE318A01026,PIDILITIND,EQ,NSE,PIDILITE INDUSTRIES LTD,Chemicals,INE318A01026,True
1124,NSE_EQ|INE557Z01018,PIGL,EQ,NSE,POWER INSTRUMENT (G) LTD,Others,INE557Z01018,True
361,NSE_EQ|INE603J01030,PIIND,EQ,NSE,PI INDUSTRIES LTD,Agrochemicals,INE603J01030,True
845,NSE_EQ|INE417C01014,PILANIINVS,EQ,NSE,PILANI INV & IND COR LTD,Others,INE417C01014,True
9199,NSE_EQ|INE600A01035,PILITA,BE,NSE,PIL ITALICA LIFESTYLE LTD,Others,INE600A01035,True
1949,NSE_EQ|INE15B701018,PINELABS,EQ,NSE,PINE LABS LIMITED,Others,INE15B701018,True
1969,NSE_EQ|INE156C01018,PIONEEREMB,EQ,NSE,PIONEER EMBROIDERIES LTD,Others,INE156C01018,True
694,NSE_EQ|INE746D01014,PIONRINV,EQ,NSE,PIONEER INVESTCORP LTD.,Others,INE746D01014,True
1690,NSE_EQ|INE202B01038,PIRAMALFIN,EQ,NSE,PIRAMAL FINANCE LIMITED,Others,INE202B01038,True
1852,NSE_EQ|INE450D01021,PITTIENG,EQ,NSE,PITTI ENGINEERING LIMITED,Others,INE450D01021,True
977,NSE_EQ|INE751B01018,PIXTRANS,EQ,NSE,PIX TRANSMISSIONS LIMITED,Others,INE751B01018,True
792,NSE_EQ|INE431F01018,PKTEA,EQ,NSE,THE P K TEA PROD CO LTD,Others,INE431F01018,True
6555,NSE_EQ|INE0PXD01014,PLADAINFO,SM,NSE,PLADA INFOTECH SERVICES L,Others,INE0PXD01014,True
1796,NSE_EQ|INE083C01022,PLASTIBLEN,EQ,NSE,PLASTIBLENDS INDIA LTD,Others,INE083C01022,True
554,NSE_EQ|INE0PT501018,PLATIND,EQ,NSE,PLATINUM INDUSTRIES LTD,Others,INE0PT501018,True
2837,NSE_EQ|INE0INJ01017,PLAZACABLE,BE,NSE,PLAZA WIRES LIMITED,Others,INE0INJ01017,True
1498,NSE_EQ|INE291E01019,PML,EQ,NSE,PAUL MERCHANTS LTD.,Others,INE291E01019,True
382,NSE_EQ|INE160A01022,PNB,EQ,NSE,PUNJAB NATIONAL BANK,Bank,INE160A01022,True
1885,NSE_EQ|INE859A01011,PNBGILTS,EQ,NSE,PNB GILTS LIMITED,Others,INE859A01011,True
362,NSE_EQ|INE572E01012,PNBHOUSING,EQ,NSE,PNB HOUSING FIN LTD.,Housing Finance,INE572E01012,True
1074,NSE_EQ|INE392B01011,PNC,EQ,NSE,PRITISH NANDY COMMUNICATI,Others,INE392B01011,True
1581,NSE_EQ|INE195J01029,PNCINFRA,EQ,NSE,PNC INFRATECH LTD.,Others,INE195J01029,True
2249,NSE_EQ|INE953R01016,PNGJL,EQ,NSE,P N GADGIL JEWELLERS LTD,Others,INE953R01016,True
1745,NSE_EQ|INE1RDG01013,PNGSREVA,EQ,NSE,PNGS REVA DIAMOND JEWEL L,Others,INE1RDG01013,True
1542,NSE_EQ|INE063E01053,POCL,EQ,NSE,PONDY OXIDES & CHEM LTD,Others,INE063E01053,True
1917,NSE_EQ|INE371C01013,PODDARMENT,EQ,NSE,PODDAR PIGMENTS LIMITED,Others,INE371C01013,True
722,NSE_EQ|INE637C01025,POKARNA,EQ,NSE,POKARNA LIMITED,Others,INE637C01025,True
2103,NSE_EQ|INE417T01026,POLICYBZR,EQ,NSE,PB FINTECH LIMITED,Others,INE417T01026,True
374,NSE_EQ|INE455K01017,POLYCAB,EQ,NSE,POLYCAB INDIA LIMITED,Cable,INE455K01017,True
373,NSE_EQ|INE205C01021,POLYMED,EQ,NSE,POLY MEDICURE LIMITED,Medical Equipment,INE205C01021,True
1568,NSE_EQ|INE633B01018,POLYPLEX,EQ,NSE,POLYPLEX CORPORATION LTD,Others,INE633B01018,True
4692,NSE_EQ|INE517M01028,POLYSIL,SM,NSE,POLYSIL IRRIGATION SYST L,Others,INE517M01028,True
686,NSE_EQ|INE838E01017,PONNIERODE,EQ,NSE,PONNIE SUGARS (ERODE) LTD,Others,INE838E01017,True
375,NSE_EQ|INE511C01022,POONAWALLA,EQ,NSE,POONAWALLA FINCORP LTD,NBFC,INE511C01022,True
7041,NSE_EQ|INE0S3H01017,POSITRON,ST,NSE,POSITRON ENERGY LIMITED,Others,INE0S3H01017,True
377,NSE_EQ|INE752E01010,POWERGRID,EQ,NSE,POWER GRID CORP. LTD.,Power,INE752E01010,True
1952,NSE_EQ|INE921L01032,POWERICA,EQ,NSE,POWERICA LIMITED,Others,INE921L01032,True
217,NSE_EQ|INE07Y701011,POWERINDIA,EQ,NSE,HITACHI ENERGY INDIA LTD,Electric Equipment,INE07Y701011,True
2338,NSE_EQ|INE211R01019,POWERMECH,EQ,NSE,POWER MECH PROJECTS LTD.,Others,INE211R01019,True
1497,NSE_EQ|INE095I01015,PPAP,EQ,NSE,PPAP AUTOMOTIVE LIMITED,Others,INE095I01015,True
628,NSE_EQ|INE050001010,PPL,EQ,NSE,PRAKASH PIPES LIMITED,Others,INE050001010,True
1990,NSE_EQ|INE0DK501011,PPLPHARMA,EQ,NSE,PIRAMAL PHARMA LIMITED,Others,INE0DK501011,True
3276,NSE_EQ|INE0YAL01017,PPSL,ST,NSE,PICTUREPOST STUDIOS LTD,Others,INE0YAL01017,True
732,NSE_EQ|INE0I0M01023,PRABHA,EQ,NSE,PRABHA ENERGY LIMITED,Others,INE0I0M01023,True
2018,NSE_EQ|INE770A01010,PRADPME,EQ,NSE,PRADEEP METALS LTD.,Others,INE770A01010,True
2367,NSE_EQ|INE505C01016,PRAENG,EQ,NSE,PRAJAY ENG. SYN. LTD.,Others,INE505C01016,True
378,NSE_EQ|INE074A01025,PRAJIND,EQ,NSE,PRAJ INDUSTRIES LTD,Engineering,INE074A01025,True
1639,NSE_EQ|INE603A01013,PRAKASH,EQ,NSE,PRAKASH INDUSTRIES LTD,Others,INE603A01013,True
2104,NSE_EQ|INE696K01024,PRAKASHSTL,EQ,NSE,PRAKASH STEELAGE LTD,Others,INE696K01024,True
4035,NSE_EQ|INE0O7A01017,PRAMARA,SM,NSE,PRAMARA PROMOTIONS LTD,Others,INE0O7A01017,True
3500,NSE_EQ|INE0VJG01014,PRANIK,SM,NSE,PRANIK LOGISTICS LIMITED,Others,INE0VJG01014,True
4152,NSE_EQ|INE0QA601016,PRATHAM,SM,NSE,PRATHAM EPC PROJECTS LTD,Others,INE0QA601016,True
2015,NSE_EQ|INE722B01019,PRAVEG,EQ,NSE,PRAVEG LTD.,Others,INE722B01019,True
4720,NSE_EQ|INE546Y01022,PRAXIS,BE,NSE,PRAXIS HOME RETAIL LTD,Others,INE546Y01022,True
2008,NSE_EQ|INE484I01029,PRECAM,EQ,NSE,PRECISION CAMSHAFTS LTD.,Others,INE484I01029,True
8346,NSE_EQ|INE0HKW01018,PRECISION,SM,NSE,PRECISION METALIKS LTD,Others,INE0HKW01018,True
1365,NSE_EQ|INE283A01014,PRECOT,EQ,NSE,PRECOT LIMITED,Others,INE283A01014,True
771,NSE_EQ|INE372C01037,PRECWIRE,EQ,NSE,PRECISION WIRES INDIA LTD,Others,INE372C01037,True
1561,NSE_EQ|INE001E01012,PREMCO,EQ,NSE,PREMCO GLOBAL LTD.,Others,INE001E01012,True
1573,NSE_EQ|INE863B01029,PREMEXPLN,EQ,NSE,PREMIER EXPLOSIVES LTD,Others,INE863B01029,True
9057,NSE_EQ|INE342A01018,PREMIER,BE,NSE,PREMIER LIMITED,Others,INE342A01018,True
2039,NSE_EQ|INE0BS701011,PREMIERENE,EQ,NSE,PREMIER ENERGIES LIMITED,Others,INE0BS701011,True
4196,NSE_EQ|INE309M01020,PREMIERPOL,BE,NSE,PREMIER POLYFILMS LTD,Others,INE309M01020,True
4854,NSE_EQ|INE0M1F01011,PREMIUM,SM,NSE,PREMIUM PLAST LIMITED,Others,INE0M1F01011,True
5103,NSE_EQ|INE0R1601012,PRESSTONIC,SM,NSE,PRESSTONIC ENGINEERING L,Others,INE0R1601012,True
380,NSE_EQ|INE811K01011,PRESTIGE,EQ,NSE,PRESTIGE ESTATE LTD,Construction,INE811K01011,True
1105,NSE_EQ|INE726V01018,PRICOLLTD,EQ,NSE,PRICOL LIMITED,Others,INE726V01018,True
2614,NSE_EQ|INE0CQA01020,PRIMECAB,ST,NSE,PRIME CABLE INDUSTRIES L,Others,INE0CQA01020,True
1168,NSE_EQ|INE032B01021,PRIMESECU,EQ,NSE,PRIME SECURITIES LIMITED,Others,INE032B01021,True
1962,NSE_EQ|INE607A01022,PRIMO,EQ,NSE,PRIMO CHEMICALS LIMITED,Others,INE607A01022,True
2390,NSE_EQ|INE689W01016,PRINCEPIPE,EQ,NSE,PRINCE PIPES FITTINGS LTD,Others,INE689W01016,True
7459,NSE_EQ|INE974Z01015,PRITI,BE,NSE,PRITI INTERNATIONAL LTD,Others,INE974Z01015,True
6165,NSE_EQ|INE0MJQ01020,PRITIKA,SM,NSE,PRITIKA ENG COMPO LTD,Others,INE0MJQ01020,True
1408,NSE_EQ|INE583R01029,PRITIKAUTO,EQ,NSE,PRITIKA AUTO INDUS LTD,Others,INE583R01029,True
1839,NSE_EQ|INE959A01019,PRIVISCL,EQ,NSE,PRIVI SPECIALITY CHE LTD,Others,INE959A01019,True
2542,NSE_EQ|INE0V9N01017,PRIZOR,ST,NSE,PRIZOR VIZTECH LIMITED,Others,INE0V9N01017,True
4779,NSE_EQ|INE0CFG01012,PRLIND,SM,NSE,PREMIER ROADLINES LIMITED,Others,INE0CFG01012,True
8461,NSE_EQ|INE0VJT01017,PROFX,SM,NSE,PRO FX TECH LIMITED,Others,INE0VJT01017,True
4270,NSE_EQ|INE994V01012,PROLIFE,SM,NSE,PROLIFE INDUSTRIES LTD,Others,INE994V01012,True
9417,NSE_EQ|INE0KN801013,PROPEQUITY,SM,NSE,P. E. ANALYTICS LIMITED,Others,INE0KN801013,True
2435,NSE_EQ|INE0BX301013,PROSTARM,EQ,NSE,PROSTARM INFO SYSTEMS LTD,Others,INE0BX301013,True
1238,NSE_EQ|INE004A01022,PROTEAN,EQ,NSE,PROTEAN EGOV TECHNO LTD,Others,INE004A01022,True
8758,NSE_EQ|INE0ONE01016,PROV,SM,NSE,PROVENTUS AGROCOM LIMITED,Others,INE0ONE01016,True
1381,NSE_EQ|INE195N01013,PROZONER,EQ,NSE,PROZONE REALTY LIMITED,Others,INE195N01013,True
1275,NSE_EQ|INE010A01011,PRSMJOHNSN,EQ,NSE,PRISM JOHNSON LIMITED,Others,INE010A01011,True
1375,NSE_EQ|INE00F201020,PRUDENT,EQ,NSE,PRUDENT CORP ADV SER LTD,Others,INE00F201020,True
6566,NSE_EQ|INE024D01016,PRUDMOULI,BE,NSE,PRUDENTIAL SUGAR CORPORAT,Others,INE024D01016,True
1089,NSE_EQ|INE608A01012,PSB,EQ,NSE,PUNJAB & SIND BANK,Others,INE608A01012,True
7615,NSE_EQ|INE0Q6001012,PSFL,SM,NSE,PARAMOUNT SPECIALI FORG L,Others,INE0Q6001012,True
2013,NSE_EQ|INE488V01015,PSPPROJECT,EQ,NSE,PSP PROJECTS LIMITED,Others,INE488V01015,True
5194,NSE_EQ|INE0XUS01012,PSRAJ,ST,NSE,P S RAJ STEELS LIMITED,Others,INE0XUS01012,True
1288,NSE_EQ|INF373I01023,PSUBANK,EQ,NSE,KOTAK PSU BANK,Others,INF373I01023,True
1884,NSE_EQ|INF740KA1SY9,PSUBANKADD,EQ,NSE,DSPAMC - DSPPSBKETF,Others,INF740KA1SY9,True
1642,NSE_EQ|INF204KB16I7,PSUBNKBEES,EQ,NSE,NIP IND ETF PSU BANK BEES,Others,INF204KB16I7,True
1767,NSE_EQ|INF109KC10S8,PSUBNKIETF,EQ,NSE,ICICIPRAMC - PSUBANKICI,Others,INF109KC10S8,True
680,NSE_EQ|INE877F01012,PTC,EQ,NSE,PTC INDIA LIMITED,Others,INE877F01012,True
2512,NSE_EQ|INE596F01018,PTCIL,EQ,NSE,PTC INDUSTRIES LIMITED,Others,INE596F01018,True
2323,NSE_EQ|INE034D01049,PTL,EQ,NSE,PTL ENTERPRISES LTD,Others,INE034D01049,True
2739,NSE_EQ|INE335X01014,PULZ,SM,NSE,PULZ ELECTRONICS LIMITED,Others,INE335X01014,True
1906,NSE_EQ|INE277B01014,PUNJABCHEM,EQ,NSE,PUNJAB CHEM & CROP PROT L,Others,INE277B01014,True
9320,NSE_EQ|INE0P5R01014,PURPLEUTED,SM,NSE,PURPLE UNITED SALES LTD,Others,INE0P5R01014,True
1348,NSE_EQ|INE323I01011,PURVA,EQ,NSE,PURAVANKARA LIMITED,Others,INE323I01011,True
9295,NSE_EQ|INE0R6C01012,PURVFLEXI,ST,NSE,PURV FLEXIPACK LIMITED,Others,INE0R6C01012,True
2860,NSE_EQ|INE154801018,PUSHPA,SM,NSE,PUSHPA JEWELLERS LIMITED,Others,INE154801018,True
1138,NSE_EQ|INE362A01016,PVP,EQ,NSE,PVP VENTURES LIMITED,Others,INE362A01016,True
364,NSE_EQ|INE191H01014,PVRINOX,EQ,NSE,PVR INOX LIMITED,Film Production,INE191H01014,True
543,NSE_EQ|INE772T01024,PVSL,EQ,NSE,POPULAR VEHICLES N SER L,Others,INE772T01024,True
2303,NSE_EQ|INF109KC18U7,PVTBANIETF,EQ,NSE,ICICIPRAMC - ICICIBANKP,Others,INF109KC18U7,True
1892,NSE_EQ|INF740KA1TA7,PVTBANKADD,EQ,NSE,DSPAMC - DSPPVBKETF,Others,INF740KA1TA7,True
2322,NSE_EQ|INF666M01OT5,PVTBKGROWW,EQ,NSE,GROWWAMC - PVTBKGROWW,Others,INF666M01OT5,True
1488,NSE_EQ|INE0LP301011,PWL,EQ,NSE,PHYSICSWALLAH LIMITED,Others,INE0LP301011,True
1515,NSE_EQ|INE0MIS01010,PYRAMID,EQ,NSE,PYRAMID TECHNOPLAST LTD,Others,INE0MIS01010,True
4971,NSE_EQ|INE0O1M01015,QFIL,SM,NSE,QUALITY FOILS (INDIA) LTD,Others,INE0O1M01015,True
2223,NSE_EQ|INF082J01408,QGOLDHALF,EQ,NSE,QUANTUM GOLD FUND,Others,INF082J01408,True
9097,NSE_EQ|INE1G2W01011,QLINE,SM,NSE,Q-LINE BIOTECH LIMITED,Others,INE1G2W01011,True
5788,NSE_EQ|INE0FMW01018,QMSMEDI,SM,NSE,QMS MEDICAL ALLIED S LTD,Others,INE0FMW01018,True
2225,NSE_EQ|INF082J01499,QNIFTY,EQ,NSE,QUANTUM NIFTY 50 ETF,Others,INF082J01499,True
4042,NSE_EQ|INE0SII01026,QPOWER,BE,NSE,QUALITY POWER ELEC EQUP L,Others,INE0SII01026,True
1298,NSE_EQ|INE0LRY01011,QUADFUTURE,EQ,NSE,QUADRANT FUTURE TEK LTD,Others,INE0LRY01011,True
3259,NSE_EQ|INE0GOJ01027,QUADPRO,SM,NSE,QUADPRO ITES LIMITED,Others,INE0GOJ01027,True
672,NSE_EQ|INE615P01015,QUESS,EQ,NSE,QUESS CORP LIMITED,Others,INE615P01015,True
3504,NSE_EQ|INE0TNW01017,QUESTLAB,SM,NSE,QUEST LABORATORIES LTD,Others,INE0TNW01017,True
3471,NSE_EQ|INE306L01010,QUICKHEAL,BE,NSE,QUICK HEAL TECH LTD,Others,INE306L01010,True
7900,NSE_EQ|INE0K4D01020,QUICKTOUCH,SM,NSE,QUICKTOUCH TECHNOLOGIES L,Others,INE0K4D01020,True
595,NSE_EQ|INE641R01017,QUINT,EQ,NSE,QUINT DIGITAL LTD.,Others,INE641R01017,True
8161,NSE_EQ|INE033B01011,QUINTEGRA,BE,NSE,QUINTEGRA SOLUTIONS LTD.,Others,INE033B01011,True
7167,NSE_EQ|INE0KZF01015,QVCEL,SM,NSE,QVC EXPORTS LIMITED,Others,INE0KZF01015,True
3893,NSE_EQ|INE084Q01012,RACE,BE,NSE,RACE ECO CHAIN LIMITED,Others,INE084Q01012,True
1322,NSE_EQ|INE704B01017,RACLGEAR,EQ,NSE,RACL GEARTECH LIMITED,Others,INE704B01017,True
1549,NSE_EQ|INE874F01027,RADAAN,EQ,NSE,RADAAN MEDIAWORKS (I) LTD,Others,INE874F01027,True
920,NSE_EQ|INE583V01021,RADHIKAJWE,EQ,NSE,RADHIKA JEWELTECH LIMITED,Others,INE583V01021,True
2216,NSE_EQ|INE855R01021,RADIANTCMS,EQ,NSE,RADIANT CASH MGMT SER LTD,Others,INE855R01021,True
388,NSE_EQ|INE944F01028,RADICO,EQ,NSE,RADICO KHAITAN LTD,Breweries,INE944F01028,True
523,NSE_EQ|INE919I01024,RADIOCITY,EQ,NSE,MUSIC BROADCAST LIMITED,Others,INE919I01024,True
6366,NSE_EQ|INE430U01019,RADIOWALLA,SM,NSE,RADIOWALLA NETWORK LTD,Others,INE430U01019,True
2211,NSE_EQ|INE0DD101019,RAILTEL,EQ,NSE,RAILTEL CORP OF IND LTD,Others,INE0DD101019,True
1900,NSE_EQ|INE855B01025,RAIN,EQ,NSE,RAIN INDUSTRIES LIMITED,Others,INE855B01025,True
1429,NSE_EQ|INE961O01016,RAINBOW,EQ,NSE,RAINBOW CHILDRENS MED LTD,Others,INE961O01016,True
6697,NSE_EQ|INE343B01030,RAJESHEXPO,BZ,NSE,RAJESH EXPORTS LTD,Others,INE343B01030,True
5081,NSE_EQ|INE0PCU01012,RAJINDLTD,SM,NSE,RAJPUTANA INDUSTRIES LTD,Others,INE0PCU01012,True
1742,NSE_EQ|INE00KV01022,RAJMET,EQ,NSE,RAJNANDINI METAL LIMITED,Others,INE00KV01022,True
1370,NSE_EQ|INE535F01024,RAJOOENG,EQ,NSE,RAJOO ENGINEERS LIMITED,Others,INE535F01024,True
925,NSE_EQ|INE296E01026,RAJPALAYAM,EQ,NSE,RAJAPALAYAM MILLS LTD.,Others,INE296E01026,True
8252,NSE_EQ|INE0VHU01019,RAJPUTANA,SM,NSE,RAJPUTANA BIODIESEL LTD,Others,INE0VHU01019,True
1444,NSE_EQ|INE451D01029,RAJRATAN,EQ,NSE,RAJRATAN GLOBAL WIRE LTD,Others,INE451D01029,True
8476,NSE_EQ|INE533D01032,RAJRILTD,BE,NSE,RAJ RAYON INDUSTRIES LTD,Others,INE533D01032,True
2465,NSE_EQ|INE562B01019,RAJSREESUG,EQ,NSE,RAJSHREE SUGAR & CHEMICAL,Others,INE562B01019,True
607,NSE_EQ|INE952H01027,RAJTV,EQ,NSE,RAJ TV NETWORK LTD,Others,INE952H01027,True
7433,NSE_EQ|INE011H01014,RAJVIR,BZ,NSE,RAJVIR INDUSTRIES LIMITED,Others,INE011H01014,True
2376,NSE_EQ|INE613A01020,RALLIS,EQ,NSE,RALLIS INDIA LTD,Others,INE613A01020,True
656,NSE_EQ|INE278B01020,RAMANEWS,EQ,NSE,SHREE RAMA NEWSPRINT LTD,Others,INE278B01020,True
983,NSE_EQ|INE809A01032,RAMAPHO,EQ,NSE,RAMA PHOSPHATES LIMITED,Others,INE809A01032,True
2473,NSE_EQ|INE230R01035,RAMASTEEL,EQ,NSE,RAMA STEEL TUBES LIMITED,Others,INE230R01035,True
454,NSE_EQ|INE331A01037,RAMCOCEM,EQ,NSE,THE RAMCO CEMENTS LIMITED,Construction Materials,INE331A01037,True
1411,NSE_EQ|INE614A01028,RAMCOIND,EQ,NSE,RAMCO INDUSTRIES LIMITED,Others,INE614A01028,True
827,NSE_EQ|INE246B01019,RAMCOSYS,EQ,NSE,RAMCO SYSTEMS LTD.,Others,INE246B01019,True
736,NSE_EQ|INE874I01013,RAMKY,EQ,NSE,RAMKY INFRA LTD,Others,INE874I01013,True
612,NSE_EQ|INE207E01023,RAMRAT,EQ,NSE,RAM RATNA WIRES LIMITED,Others,INE207E01023,True
1461,NSE_EQ|INE625B01014,RANASUG,EQ,NSE,RANA SUGARS LTD.,Others,INE625B01014,True
924,NSE_EQ|INE384A01010,RANEHOLDIN,EQ,NSE,RANE HOLDINGS LIMITED,Others,INE384A01010,True
4777,NSE_EQ|INE0QX901013,RAPIDFLEET,SM,NSE,RAPID FLEET MGT SERVICE L,Others,INE0QX901013,True
9004,NSE_EQ|INE0MVO01012,RAPPID,SM,NSE,RAPPID VALVES (INDIA) LTD,Others,INE0MVO01012,True
1014,NSE_EQ|INE0CLI01024,RATEGAIN,EQ,NSE,RATEGAIN TRAVEL TECHN LTD,Others,INE0CLI01024,True
2241,NSE_EQ|INE703B01027,RATNAMANI,EQ,NSE,RATNAMANI MET & TUB LTD.,Others,INE703B01027,True
1595,NSE_EQ|INE05CZ01011,RATNAVEER,EQ,NSE,RATNAVEER PRECISION ENG L,Others,INE05CZ01011,True
627,NSE_EQ|INE301A01014,RAYMOND,EQ,NSE,RAYMOND LTD,Others,INE301A01014,True
1328,NSE_EQ|INE02ID01020,RAYMONDLSL,EQ,NSE,RAYMOND LIFESTYLE LIMITED,Others,INE02ID01020,True
1788,NSE_EQ|INE1SY401010,RAYMONDREL,EQ,NSE,RAYMOND REALTY LIMITED,Others,INE1SY401010,True
971,NSE_EQ|INE07T201019,RBA,EQ,NSE,RESTAURANT BRAND ASIA LTD,Others,INE07T201019,True
384,NSE_EQ|INE976G01028,RBLBANK,EQ,NSE,RBL BANK LIMITED,Bank,INE976G01028,True
7365,NSE_EQ|INE0NA301016,RBMINFRA,SM,NSE,RBM INFRACON LIMITED,Others,INE0NA301016,True
3863,NSE_EQ|INE0RJH01010,RBS,ST,NSE,RAMDEVBABA SOLVENT LTD,Others,INE0RJH01010,True
1658,NSE_EQ|INE0PEQ01016,RBZJEWEL,EQ,NSE,RBZ JEWELLERS LIMITED,Others,INE0PEQ01016,True
4574,NSE_EQ|INE0BZQ01011,RCDL,SM,NSE,RAJGOR CASTOR DERIVATI L,Others,INE0BZQ01011,True
1982,NSE_EQ|INE027A01015,RCF,EQ,NSE,RASHTRIYA CHEMICALS & FER,Others,INE027A01015,True
8456,NSE_EQ|INE330H01018,RCOM,BE,NSE,RELIANCE COMMUNICATIONS L,Others,INE330H01018,True
3390,NSE_EQ|INE10QL01011,READYMIX,SM,NSE,READYMIX CONSTRU MACHI L,Others,INE10QL01011,True
385,NSE_EQ|INE020B01018,RECLTD,EQ,NSE,REC LIMITED,Finance,INE020B01018,True
394,NSE_EQ|INE891D01026,REDINGTON,EQ,NSE,REDINGTON LIMITED,Trading,INE891D01026,True
1630,NSE_EQ|INE0LXT01019,REDTAPE,EQ,NSE,REDTAPE LIMITED,Others,INE0LXT01019,True
1920,NSE_EQ|INE056I01025,REFEX,EQ,NSE,REFEX INDUSTRIES LIMITED,Others,INE056I01025,True
4891,NSE_EQ|INE0TNX01015,REFRACTORY,SM,NSE,REFRACTORY SHAPES LIMITED,Others,INE0TNX01015,True
3919,NSE_EQ|INE0MHO01029,REGAAL,BE,NSE,REGAAL RESOURCES LIMITED,Others,INE0MHO01029,True
2301,NSE_EQ|INE277C01012,REGENCERAM,EQ,NSE,REGENCY CERAMICS LTD.,Others,INE277C01012,True
2339,NSE_EQ|INE131B01039,RELAXO,EQ,NSE,RELAXO FOOT LTD.,Others,INE131B01039,True
581,NSE_EQ|INE750D01016,RELCHEMQ,EQ,NSE,RELIANCE CHEMOTEX IND LTD,Others,INE750D01016,True
1293,NSE_EQ|INE375Y01018,RELIABLE,EQ,NSE,RELIABLE DATA SERVICE LTD,Others,INE375Y01018,True
395,NSE_EQ|INE002A01018,RELIANCE,EQ,NSE,RELIANCE INDUSTRIES LTD,Refineries,INE002A01018,True
1313,NSE_EQ|INE621H01010,RELIGARE,EQ,NSE,RELIGARE ENTER. LTD.,Others,INE621H01010,True
4301,NSE_EQ|INE036A01016,RELINFRA,BE,NSE,RELIANCE INFRASTRUCTU LTD,Others,INE036A01016,True
1267,NSE_EQ|INE206N01018,RELTD,EQ,NSE,RAVINDRA ENERGY LIMITED,Others,INE206N01018,True
1246,NSE_EQ|INE474C01023,REMSONSIND,EQ,NSE,REMSONS INDUSTRIES LTD,Others,INE474C01023,True
3695,NSE_EQ|INE0O5T01011,REMUS,SM,NSE,REMUS PHARMACEUTICALS L,Others,INE0O5T01011,True
2215,NSE_EQ|INE087H01022,RENUKA,EQ,NSE,SHREE RENUKA SUGARS LTD,Others,INE087H01022,True
1007,NSE_EQ|INE612J01015,REPCOHOME,EQ,NSE,REPCO HOME FINANCE LTD,Others,INE612J01015,True
2178,NSE_EQ|INE364Z01019,REPL,EQ,NSE,RUDRABHISHEK ENTERP LTD,Others,INE364Z01019,True
774,NSE_EQ|INE461B01014,REPRO,EQ,NSE,REPRO INDIA LIMITED,Others,INE461B01014,True
1278,NSE_EQ|INE688D01026,RESPONIND,EQ,NSE,RESPONSIVE INDUSTRIES LTD,Others,INE688D01026,True
2072,NSE_EQ|INE03DD01011,RETAIL,EQ,NSE,JHS SVENDGAARD RETAIL V L,Others,INE03DD01011,True
7690,NSE_EQ|INE00D001018,REXPIPES,SM,NSE,REX PIPES AND CABLES LTD,Others,INE00D001018,True
7958,NSE_EQ|INE113601012,REXPRO,SM,NSE,REXPRO ENTERPRISES LTD,Others,INE113601012,True
8637,NSE_EQ|INE0V2V01015,RFBL,SM,NSE,RFBL FLEXI PACK LIMITED,Others,INE0V2V01015,True
571,NSE_EQ|INE722H01024,RGL,EQ,NSE,RENAISSANCE GLOBAL LTD,Others,INE722H01024,True
2022,NSE_EQ|INE0KKN01029,RHETAN,EQ,NSE,RHETAN TMT LIMITED,Others,INE0KKN01029,True
7753,NSE_EQ|INE217K01011,RHFL,BZ,NSE,RELIANCE HOME FINANCE LTD,Others,INE217K01011,True
1164,NSE_EQ|INE743M01012,RHIM,EQ,NSE,RHI MAGNESITA INDIA LTD,Others,INE743M01012,True
1357,NSE_EQ|INE508K01013,RHL,EQ,NSE,ROBUST HOTELS LIMITED,Others,INE508K01013,True
7402,NSE_EQ|INE0J1P01015,RICHA,ST,NSE,RICHA INFO SYSTEMS LTD,Others,INE0J1P01015,True
1838,NSE_EQ|INE209B01025,RICOAUTO,EQ,NSE,RICO AUTO INDUSTRIES LTD,Others,INE209B01025,True
1647,NSE_EQ|INE046A01015,RIIL,EQ,NSE,RELIANCE INDUSTRIAL INFRA,Others,INE046A01015,True
7512,NSE_EQ|INE2PB023011,RIIT,IV,NSE,RAAJMARG INFRA INVEST T,Others,INE2PB023011,True
4160,NSE_EQ|INE02OY01016,RILINFRA,SM,NSE,RACHANA INFRA LTD,Others,INE02OY01016,True
1486,NSE_EQ|INE0N2P01017,RISHABH,EQ,NSE,RISHABH INSTRUMENTS LTD,Others,INE0N2P01017,True
1159,NSE_EQ|INE01EG01016,RITCO,EQ,NSE,RITCO LOGISTICS LIMITED,Others,INE01EG01016,True
2149,NSE_EQ|INE320J01015,RITES,EQ,NSE,RITES LIMITED,Others,INE320J01015,True
6630,NSE_EQ|INE0MRA01019,RITEZONE,ST,NSE,RITE ZONE CHEMCON IND LTD,Others,INE0MRA01019,True
1713,NSE_EQ|INE722J01012,RKDL,EQ,NSE,RAVI KUMAR DIST. LTD.,Others,INE722J01012,True
1527,NSE_EQ|INE786W01010,RKEC,EQ,NSE,RKEC PROJECTS LIMITED,Others,INE786W01010,True
1494,NSE_EQ|INE399G01023,RKFORGE,EQ,NSE,RAMKRISHNA FORGINGS LTD,Others,INE399G01023,True
1536,NSE_EQ|INE0NQ801033,RKSWAMY,EQ,NSE,R K SWAMY LIMITED,Others,INE0NQ801033,True
7540,NSE_EQ|INE655V01019,RMC,BE,NSE,RMC SWITCHGEARS LIMITED,Others,INE655V01019,True
2276,NSE_EQ|INE219Y01026,RMDRIP,EQ,NSE,R M DRIP & SPRINK SYS LTD,Others,INE219Y01026,True
870,NSE_EQ|INE050H01012,RML,EQ,NSE,RANE (MADRAS) LIMITED,Others,INE050H01012,True
2461,NSE_EQ|INE012Q01039,RNBDENIMS,EQ,NSE,R&B DENIMS LIMITED,Others,INE012Q01039,True
5865,NSE_EQ|INE0SA001017,RNFI,SM,NSE,RNFI SERVICES LIMITED,Others,INE0SA001017,True
7519,NSE_EQ|INE0VZX01015,RNPL,SM,NSE,RENOL POLYCHEM LIMITED,Others,INE0VZX01015,True
6046,NSE_EQ|INE0JEI23010,ROADSTAR,IV,NSE,ROADSTAR INFRA INVT TRUST,Others,INE0JEI23010,True
5351,NSE_EQ|INE0PTR01012,ROCKINGDCE,SM,NSE,ROCKINGDEALS CIRCU ECO L,Others,INE0PTR01012,True
8727,NSE_EQ|IN90PTR01010,ROCKPP,E1,NSE,ROCKINGDCE RS.5 PPD UP,Others,IN90PTR01010,True
2378,NSE_EQ|INE283H01019,ROHLTD,EQ,NSE,ROYAL ORCHID HOTELS LTD,Others,INE283H01019,True
1653,NSE_EQ|INE645S01024,ROLEXRINGS,EQ,NSE,ROLEX RINGS LIMITED,Others,INE645S01024,True
6187,NSE_EQ|INE927A01040,ROLLT,BE,NSE,ROLLATAINERS LIMITED,Others,INE927A01040,True
1967,NSE_EQ|INE294G01026,ROML,EQ,NSE,RAJ OIL MILLS LIMITED,Others,INE294G01026,True
1190,NSE_EQ|INE02A801020,ROSSARI,EQ,NSE,ROSSARI BIOTECH LIMITED,Others,INE02A801020,True
1939,NSE_EQ|INE847C01020,ROSSELLIND,EQ,NSE,ROSSELL INDIA LIMITED,Others,INE847C01020,True
1538,NSE_EQ|INE0OJW01016,ROSSTECH,EQ,NSE,ROSSELL TECHSYS LIMITED,Others,INE0OJW01016,True
703,NSE_EQ|INE535D01037,ROTO,EQ,NSE,ROTO PUMPS LIMITED,Others,INE535D01037,True
1419,NSE_EQ|INE450U01017,ROUTE,EQ,NSE,ROUTE MOBILE LIMITED,Others,INE450U01017,True
7516,NSE_EQ|INE0PDJ01013,ROXHITECH,ST,NSE,ROX HI TECH LIMITED,Others,INE0PDJ01013,True
8417,NSE_EQ|INE0EO401019,ROYALARC,SM,NSE,ROYAL ARC ELECTRODES LTD,Others,INE0EO401019,True
1578,NSE_EQ|INE912T01018,RPEL,EQ,NSE,RAGHAV PRODUCTIVITY ENH L,Others,INE912T01018,True
2098,NSE_EQ|INE105J01010,RPGLIFE,EQ,NSE,RPG LIFE SCIENCES LTD,Others,INE105J01010,True
1840,NSE_EQ|INE614G01033,RPOWER,EQ,NSE,RELIANCE POWER LTD.,Others,INE614G01033,True
1586,NSE_EQ|INE324L01013,RPPINFRA,EQ,NSE,R.P.P INFRA PROJECTS LTD,Others,INE324L01013,True
1483,NSE_EQ|INE760W01023,RPPL,EQ,NSE,RAJSHREE POLYPACK LTD,Others,INE760W01023,True
613,NSE_EQ|INE425Y01011,RPSGVENT,EQ,NSE,RPSG VENTURES LIMITED,Others,INE425Y01011,True
1264,NSE_EQ|INE0J1F01024,RPTECH,EQ,NSE,RASHI PERIPHERALS LIMITED,Others,INE0J1F01024,True
1661,NSE_EQ|INE951M01037,RRIL,EQ,NSE,R R I L LTD.,Others,INE951M01037,True
793,NSE_EQ|INE777K01022,RRKABEL,EQ,NSE,R R KABEL LIMITED,Others,INE777K01022,True
1711,NSE_EQ|INE616F01022,RSDFIN,EQ,NSE,R S D FINANCE LTD.,Others,INE616F01022,True
2398,NSE_EQ|INE313L01016,RSL,EQ,NSE,RAJPUTANA STAINLESS LTD,Others,INE313L01016,True
2713,NSE_EQ|INE165B01029,RSSOFTWARE,BE,NSE,R. S. SOFTWARE (INDIA) LI,Others,INE165B01029,True
1800,NSE_EQ|INE611A01016,RSWM,EQ,NSE,RSWM LIMITED,Others,INE611A01016,True
2437,NSE_EQ|INE411H01032,RSYSTEMS,EQ,NSE,R SYS INTERNATIONAL LTD,Others,INE411H01032,True
6691,NSE_EQ|INE14W901010,RTL,ST,NSE,RAMA TELECOM LIMITED,Others,INE14W901010,True
1582,NSE_EQ|INE834M01019,RTNINDIA,EQ,NSE,RATTANINDIA ENT LIMITED,Others,INE834M01019,True
1213,NSE_EQ|INE399K01017,RTNPOWER,EQ,NSE,RATTANINDIA POWER LIMITED,Others,INE399K01017,True
1805,NSE_EQ|INE642C01025,RUBFILA,EQ,NSE,RUBFILA INTERNATIONAL LTD,Others,INE642C01025,True
1744,NSE_EQ|INE506V01022,RUBICON,EQ,NSE,RUBICON RESEARCH LIMITED,Others,INE506V01022,True
7515,NSE_EQ|INE301D01026,RUBYMILLS,BE,NSE,THE RUBY MILLS LTD,Others,INE301D01026,True
2171,NSE_EQ|INE413B01023,RUCHINFRA,EQ,NSE,RUCHI INFRASTRUCTURE LTD,Others,INE413B01023,True
867,NSE_EQ|INE803H01014,RUCHIRA,EQ,NSE,RUCHIRA PAPERS LIMITED,Others,INE803H01014,True
7360,NSE_EQ|INE027T01023,RUDRA,BE,NSE,RUDRA GLOBAL INFRA PROD L,Others,INE027T01023,True
2872,NSE_EQ|INE0R7301013,RULKA,SM,NSE,RULKA ELECTRICALS LIMITED,Others,INE0R7301013,True
1861,NSE_EQ|INE895B01021,RUPA,EQ,NSE,RUPA & COMPANY LTD,Others,INE895B01021,True
1902,NSE_EQ|INE573K01025,RUSHIL,EQ,NSE,RUSHIL DECOR LIMITED,Others,INE573K01025,True
1116,NSE_EQ|INE263M01029,RUSTOMJEE,EQ,NSE,KEYSTONE REALTORS LIMITED,Others,INE263M01029,True
2507,NSE_EQ|INE09E501017,RVHL,EQ,NSE,RAVINDER HEIGHTS LIMITED,Others,INE09E501017,True
389,NSE_EQ|INE415G01027,RVNL,EQ,NSE,RAIL VIKAS NIGAM LIMITED,Engineering,INE415G01027,True
1666,NSE_EQ|INE0DAB01012,RVTH,EQ,NSE,REVATHI EQUIPMENT INDIA L,Others,INE0DAB01012,True
4778,NSE_EQ|INE902B01017,S&SPOWER,BE,NSE,S&S POWER SWITCHGEARS,Others,INE902B01017,True
3380,NSE_EQ|INE0PSK01027,SAAKSHI,SM,NSE,SAAKSHI MEDTEC N PANELS L,Others,INE0PSK01027,True
1615,NSE_EQ|INE13B501022,SAATVIKGL,EQ,NSE,SAATVIK GREEN ENERGY LTD,Others,INE13B501022,True
3607,NSE_EQ|INE0DZ101013,SABAR,SM,NSE,SABAR FLEX INDIA LIMITED,Others,INE0DZ101013,True
7824,NSE_EQ|INE860T01019,SABEVENTS,BE,NSE,SAB EVENTS & GOVERNANCE,Others,INE860T01019,True
7981,NSE_EQ|INE1ARD01016,SACHEEROME,SM,NSE,SACHEEROME LIMITED,Others,INE1ARD01016,True
2193,NSE_EQ|INE226H01026,SADBHAV,EQ,NSE,SADBHAV ENGINEERING LTD,Others,INE226H01026,True
5003,NSE_EQ|INE764L01010,SADBHIN,BE,NSE,SADBHAV INFRA PROJ LTD.,Others,INE764L01010,True
5311,NSE_EQ|INE0K5H01010,SADHAV,SM,NSE,SADHAV SHIPPING LIMITED,Others,INE0K5H01010,True
5080,NSE_EQ|INE888C01040,SADHNANIQ,BE,NSE,SADHANA NITROCHEM LIMITED,Others,INE888C01040,True
704,NSE_EQ|INE429E01023,SAFARI,EQ,NSE,SAFARI IND (INDIA) LTD,Others,INE429E01023,True
2820,NSE_EQ|INE17D601016,SAFEENTP,SM,NSE,SAFE ENTER RETAIL FIX LTD,Others,INE17D601016,True
1911,NSE_EQ|INE976T01013,SAGARDEEP,EQ,NSE,SAGARDEEP ALLOYS LIMITED,Others,INE976T01013,True
1208,NSE_EQ|INE229C01021,SAGCEM,EQ,NSE,SAGAR CEMENTS LIMITED,Others,INE229C01021,True
749,NSE_EQ|INE0W2G01015,SAGILITY,EQ,NSE,SAGILITY LIMITED,Others,INE0W2G01015,True
6237,NSE_EQ|INE0P4701011,SAHAJSOLAR,SM,NSE,SAHAJ SOLAR LIMITED,Others,INE0P4701011,True
7815,NSE_EQ|INE0LEX01011,SAHANA,SM,NSE,SAHANA SYSTEM LIMITED,Others,INE0LEX01011,True
7652,NSE_EQ|INE0RBQ01018,SAHASRA,ST,NSE,SAHASRA ELECTRONIC SOLU L,Others,INE0RBQ01018,True
716,NSE_EQ|INE861D01011,SAHLIBHFI,EQ,NSE,SHALIBHADRA FINANCE LTD,Others,INE861D01011,True
729,NSE_EQ|INE280H01015,SAHYADRI,EQ,NSE,SAHYADRI INDUSTRIES LTD,Others,INE280H01015,True
3844,NSE_EQ|INE0PZA01015,SAIFL,SM,NSE,SAMEERA AGRO AND INFRA L,Others,INE0PZA01015,True
426,NSE_EQ|INE114A01011,SAIL,EQ,NSE,STEEL AUTHORITY OF INDIA,Steel & Iron Products,INE114A01011,True
772,NSE_EQ|INE570L01029,SAILIFE,EQ,NSE,SAI LIFE SCIENCES LIMITED,Others,INE570L01029,True
1346,NSE_EQ|INE0H9F01037,SAIPARENT,EQ,NSE,SAI PARENTERALS LIMITED,Others,INE0H9F01037,True
4734,NSE_EQ|INE00MT01022,SAJHOTELS,SM,NSE,SAJ HOTELS LIMITED,Others,INE00MT01022,True
1577,NSE_EQ|INE732S01012,SAKAR,EQ,NSE,SAKAR HEALTHCARE LIMITED,Others,INE732S01012,True
699,NSE_EQ|INE623A01011,SAKHTISUG,EQ,NSE,SAKTHI SUGARS LTD,Others,INE623A01011,True
2214,NSE_EQ|INE667G01023,SAKSOFT,EQ,NSE,SAKSOFT LIMITED,Others,INE667G01023,True
5656,NSE_EQ|INE190H01024,SAKUMA,BE,NSE,SAKUMA EXPORTS LIMITED,Others,INE190H01024,True
2274,NSE_EQ|INE170V01027,SALASAR,EQ,NSE,SALASAR TECHNO ENGG. LTD.,Others,INE170V01027,True
2000,NSE_EQ|INE498E01010,SALONA,EQ,NSE,SALONA COTSPIN LTD.,Others,INE498E01010,True
3031,NSE_EQ|INE658G01014,SALSTEEL,BE,NSE,S.A.L. STEEL LTD.,Others,INE658G01014,True
941,NSE_EQ|INE457F01013,SALZERELEC,EQ,NSE,SALZER ELECTRONICS LTD,Others,INE457F01013,True
7520,NSE_EQ|INE124101010,SAMAY,SM,NSE,SAMAY PROJECT SERVICES L,Others,INE124101010,True
1907,NSE_EQ|INE699B01027,SAMBHAAV,EQ,NSE,SAMBHAAV MEDIA LTD,Others,INE699B01027,True
1914,NSE_EQ|INE12NJ01018,SAMBHV,EQ,NSE,SAMBHV STEEL TUBES LTD,Others,INE12NJ01018,True
1500,NSE_EQ|INE08U801020,SAMHI,EQ,NSE,SAMHI HOTELS LIMITED,Others,INE08U801020,True
1772,NSE_EQ|INE148I01020,SAMMAANCAP,EQ,NSE,SAMMAAN CAPITAL LIMITED,Others,INE148I01020,True
1009,NSE_EQ|INE735M01018,SAMPANN,EQ,NSE,SAMPANN UTPADAN INDIA LTD,Others,INE735M01018,True
1337,NSE_EQ|INE0JPD01013,SANATHAN,EQ,NSE,SANATHAN TEXTILES LIMITED,Others,INE0JPD01013,True
2030,NSE_EQ|INE583B01015,SANDESH,EQ,NSE,SANDESH LTD,Others,INE583B01015,True
1251,NSE_EQ|INE278H01035,SANDHAR,EQ,NSE,SANDHAR TECHNOLOGIES LTD,Others,INE278H01035,True
1709,NSE_EQ|INE149K01016,SANDUMA,EQ,NSE,SANDUR MANG & IRON ORES L,Others,INE149K01016,True
1457,NSE_EQ|INE495C01010,SANGAMIND,EQ,NSE,SANGAM (INDIA) LTD,Others,INE495C01010,True
2785,NSE_EQ|INE0OVI01010,SANGANI,SM,NSE,SANGANI HOSPITALS LIMITED,Others,INE0OVI01010,True
1763,NSE_EQ|INE989A01032,SANGHVIMOV,EQ,NSE,SANGHVI MOVERS LTD,Others,INE989A01032,True
6333,NSE_EQ|INE753W01010,SANGINITA,BE,NSE,SANGINITA CHEMICALS LTD,Others,INE753W01010,True
903,NSE_EQ|INE058A01010,SANOFI,EQ,NSE,SANOFI INDIA LIMITED,Others,INE058A01010,True
647,NSE_EQ|INE0UOS01011,SANOFICONR,EQ,NSE,SANOFI CONS HEALTHC IND L,Others,INE0UOS01011,True
1070,NSE_EQ|INE953O01021,SANSERA,EQ,NSE,SANSERA ENGINEERING LTD,Others,INE953O01021,True
1002,NSE_EQ|INE08NE01025,SANSTAR,EQ,NSE,SANSTAR LIMITED,Others,INE08NE01025,True
2711,NSE_EQ|INE890C01046,SANWARIA,BZ,NSE,SANWARIA CONSUMER LIMITED,Others,INE890C01046,True
1448,NSE_EQ|INE806T01020,SAPPHIRE,EQ,NSE,SAPPHIRE FOODS INDIA LTD,Others,INE806T01020,True
2328,NSE_EQ|INE185C01017,SAPPL,EQ,NSE,SHREE AJIT PULP & PAPER L,Others,INE185C01017,True
711,NSE_EQ|INE385C01021,SARDAEN,EQ,NSE,SARDA ENERGY & MIN LTD,Others,INE385C01021,True
1027,NSE_EQ|INE979A01025,SAREGAMA,EQ,NSE,SAREGAMA INDIA LIMITED,Others,INE979A01025,True
1392,NSE_EQ|INE453D01025,SARLAPOLY,EQ,NSE,SARLA PERF. FIBERS LTD,Others,INE453D01025,True
6259,NSE_EQ|INE0PCL01011,SAROJA,SM,NSE,SAROJA PHARMA INDUS IND L,Others,INE0PCL01011,True
6448,NSE_EQ|INE0PUC01020,SARTELE,SM,NSE,SAR TELEVENTURE LIMITED,Others,INE0PUC01020,True
2756,NSE_EQ|INE324X01026,SARVESHWAR,BE,NSE,SARVESHWAR FOODS LIMITED,Others,INE324X01026,True
2090,NSE_EQ|INE231F01020,SASKEN,EQ,NSE,SASKEN TECHNOLOGIES LTD,Others,INE231F01020,True
6637,NSE_EQ|INE0BSN01013,SATECH,SM,NSE,S A TECH SOFTWARE INDIA L,Others,INE0BSN01013,True
678,NSE_EQ|INE170E01023,SATIA,EQ,NSE,SATIA INDUSTRIES LIMITED,Others,INE170E01023,True
1456,NSE_EQ|INE836B01017,SATIN,EQ,NSE,SATIN CREDIT NET LTD,Others,INE836B01017,True
7212,NSE_EQ|INE0RPM01017,SATIPOLY,SM,NSE,SATI POLY PLAST LIMITED,Others,INE0RPM01017,True
3249,NSE_EQ|INE0NB801022,SATKARTAR,ST,NSE,SAT KARTAR LIFE LIMITED,Others,INE0NB801022,True
5073,NSE_EQ|INE14DW01018,SATTVAENGG,SM,NSE,SATTVA ENGINEERING CSTN L,Others,INE14DW01018,True
2357,NSE_EQ|INE626A01014,SAURASHCEM,EQ,NSE,SAURASHTRA CEMENT LIMITED,Others,INE626A01014,True
5514,NSE_EQ|INE0UCN01017,SAVY,SM,NSE,SAVY INFRA AND LOGI LTD,Others,INE0UCN01017,True
5100,NSE_EQ|INE10VS01016,SAWALIYA,SM,NSE,SAWALIYA FOOD PRODUCTS L,Others,INE10VS01016,True
1701,NSE_EQ|INE318C01014,SAYAJIHOTL,EQ,NSE,SAYAJI HOTELS LTD.,Others,INE318C01014,True
2251,NSE_EQ|INE04AK01028,SBC,EQ,NSE,SBC EXPORTS LIMITED,Others,INE04AK01028,True
2032,NSE_EQ|INE386D01027,SBCL,EQ,NSE,SHIVALIK BIMETAL CON. LTD,Others,INE386D01027,True
398,NSE_EQ|INE423Y01016,SBFC,EQ,NSE,SBFC FINANCE LIMITED,NBFC,INE423Y01016,True
922,NSE_EQ|INE05ST01028,SBGLP,EQ,NSE,SURATWWALA BUS GROUP LTD,Others,INE05ST01028,True
1311,NSE_EQ|INF200KB1712,SBIBPB,EQ,NSE,SBIAMC - SBIBPB,Others,INF200KB1712,True
399,NSE_EQ|INE018E01016,SBICARD,EQ,NSE,SBI CARDS & PAY SER LTD,NBFC,INE018E01016,True
2466,NSE_EQ|INF200KA1X17,SBIETFCON,EQ,NSE,SBIAMC - SBIETFCON,Others,INF200KA1X17,True
2408,NSE_EQ|INF200KA1S14,SBIETFIT,EQ,NSE,SBIAMC - SBIETFIT,Others,INF200KA1S14,True
2411,NSE_EQ|INF200KA1S22,SBIETFPB,EQ,NSE,SBIAMC - SBIETFPB,Others,INF200KA1S22,True
2469,NSE_EQ|INF200KA1WX6,SBIETFQLTY,EQ,NSE,SBIAMC - SBIETFQLTY,Others,INF200KA1WX6,True
400,NSE_EQ|INE123W01016,SBILIFE,EQ,NSE,SBI LIFE INSURANCE CO LTD,Insurance,INE123W01016,True
1072,NSE_EQ|INF200KB1969,SBILIQETF,EQ,NSE,SBIAMC - SBILIQETF,Others,INF200KB1969,True
1145,NSE_EQ|INF200KB1AJ0,SBIMIDMOM,EQ,NSE,SBIAMC - SBIMIDMOM,Others,INF200KB1AJ0,True
425,NSE_EQ|INE062A01020,SBIN,EQ,NSE,STATE BANK OF INDIA,Bank,INE062A01020,True
1272,NSE_EQ|INF200KB1282,SBINEQWETF,EQ,NSE,SBIAMC - SBINEQWETF,Others,INF200KB1282,True
1270,NSE_EQ|INF200KB1217,SBISILVER,EQ,NSE,SBIAMC - SBISILVER,Others,INF200KB1217,True
1153,NSE_EQ|INF200KB1AY9,SBISMLETF,EQ,NSE,SBIAMC - SBISMLETF,Others,INF200KB1AY9,True
1155,NSE_EQ|INF200KB1AX1,SBIVALETF,EQ,NSE,SBIAMC - SBIVALETF,Others,INF200KB1AX1,True
974,NSE_EQ|INE099G01011,SCANSTL,EQ,NSE,SCAN STEELS LTD.,Others,INE099G01011,True
411,NSE_EQ|INE513A01022,SCHAEFFLER,EQ,NSE,SCHAEFFLER INDIA LIMITED,Bearings,INE513A01022,True
765,NSE_EQ|INE807K01035,SCHAND,EQ,NSE,S CHAND AND COMPANY LTD,Others,INE807K01035,True
412,NSE_EQ|INE839M01018,SCHNEIDER,EQ,NSE,SCHNEIDER ELECTRIC INFRA,Electric Equipment,INE839M01018,True
1432,NSE_EQ|INE109A01011,SCI,EQ,NSE,SHIPPING CORP OF INDIA LT,Others,INE109A01011,True
1587,NSE_EQ|INE0PB301013,SCILAL,EQ,NSE,SHIPPING CORP OF ILA LTD,Others,INE0PB301013,True
9438,NSE_EQ|INE460Q01014,SCML,SM,NSE,SHARP CHUCKS N MACHINES L,Others,INE460Q01014,True
1373,NSE_EQ|INE090501011,SCODATUBES,EQ,NSE,SCODA TUBES LIMITED,Others,INE090501011,True
1174,NSE_EQ|INE501Y01019,SCPL,EQ,NSE,SHEETAL COOL PRODUCTS LTD,Others,INE501Y01019,True
1129,NSE_EQ|INE480C01038,SDBL,EQ,NSE,SOM DIST & BREW LTD,Others,INE480C01038,True
5766,NSE_EQ|INE0X6F01017,SDREAMS,SM,NSE,S D RETAIL LIMITED,Others,INE0X6F01017,True
1541,NSE_EQ|INE497B01018,SEAMECLTD,EQ,NSE,SEAMEC LIMITED,Others,INE497B01018,True
8200,NSE_EQ|INE00Y701026,SECL,ST,NSE,SALASAR EXTERIOR CONT LTD,Others,INE00Y701026,True
892,NSE_EQ|INE0BTM01013,SECMARK,EQ,NSE,SECMARK CONSULTANCY LTD,Others,INE0BTM01013,True
1075,NSE_EQ|INE650K01021,SECURKLOUD,EQ,NSE,SECUREKLOUD TECH LIMITED,Others,INE650K01021,True
1809,NSE_EQ|INE00XB01019,SEDEMAC,EQ,NSE,SEDEMAC MECHATRONICS LTD,Others,INE00XB01019,True
2041,NSE_EQ|INE440T01028,SEIL,EQ,NSE,SHANTI EDU INITIATIVES L,Others,INE440T01028,True
9093,NSE_EQ|INE0R8O23017,SEITINVIT,IV,NSE,SUSTAINABLE ENERGY INFRA,Others,INE0R8O23017,True
2556,NSE_EQ|INE955I01044,SEJALLTD,BE,NSE,SEJAL GLASS LIMITED,Others,INE955I01044,True
9056,NSE_EQ|INE0O3O01017,SEL,ST,NSE,SUNGARNER ENERGIES LTD,Others,INE0O3O01017,True
1180,NSE_EQ|INF769K01ON4,SELECTIPO,EQ,NSE,MIRAEAMC - SELECTIPO,Others,INF769K01ON4,True
4164,NSE_EQ|INE0IJF01013,SELLOWRAP,SM,NSE,SELLOWRAP INDUSTRIES LTD,Others,INE0IJF01013,True
2438,NSE_EQ|INE105I01020,SELMC,EQ,NSE,SEL MANUFACTURING CO LTD,Others,INE105I01020,True
3329,NSE_EQ|INE617A01013,SEMAC,BE,NSE,SEMAC CONSTRUCTION LTD,Others,INE617A01013,True
1672,NSE_EQ|INE602W01027,SENCO,EQ,NSE,SENCO GOLD LIMITED,Others,INE602W01027,True
1438,NSE_EQ|INE0RB801010,SENORES,EQ,NSE,SENORES PHARMACEUTICALS L,Others,INE0RB801010,True
1886,NSE_EQ|INF740KA1SZ6,SENSEXADD,EQ,NSE,DSPAMC - DSPSENXETF,Others,INF740KA1SZ6,True
1277,NSE_EQ|INF789FB1X58,SENSEXBETA,EQ,NSE,UTIAMC-SENSEXBETA,Others,INF789FB1X58,True
1221,NSE_EQ|INF769K01KT9,SENSEXETF,EQ,NSE,MIRAEAMC - SENSEXETF,Others,INF769K01KT9,True
1148,NSE_EQ|INF346A01034,SENSEXIETF,EQ,NSE,ICICI PRUD SENSEX ETF,Others,INF346A01034,True
1600,NSE_EQ|INE964H01014,SEPC,EQ,NSE,SEPC LIMITED,Others,INE964H01014,True
6847,NSE_EQ|INE0P1Q01015,SERVICE,SM,NSE,SERVICE CARE LIMITED,Others,INE0P1Q01015,True
1511,NSE_EQ|INE782X01033,SERVOTECH,EQ,NSE,SERVOTECH REN POW SYS LTD,Others,INE782X01033,True
1601,NSE_EQ|INE630A01024,SESHAPAPER,EQ,NSE,SESHASAYEE PAPER & BOARDS,Others,INE630A01024,True
5919,NSE_EQ|INE878E01021,SETCO,BE,NSE,SETCO AUTOMOTIVE LTD,Others,INE878E01021,True
2204,NSE_EQ|INF200KA16D8,SETFGOLD,EQ,NSE,SBI-ETF GOLD,Others,INF200KA16D8,True
2166,NSE_EQ|INF200KA1580,SETFNIFBK,EQ,NSE,SBI-ETF NIFTY BANK,Others,INF200KA1580,True
1987,NSE_EQ|INE0M4D01010,SETL,EQ,NSE,STANDARD ENGNG TCNLGY LTD,Others,INE0M4D01010,True
8462,NSE_EQ|INE023M01027,SETUINFRA,BZ,NSE,SETUBANDHAN INFRA LTD,Others,INE023M01027,True
3720,NSE_EQ|INE573R01012,SEYAIND,BE,NSE,SEYA INDUSTRIES LIMITED,Others,INE573R01012,True
553,NSE_EQ|INE916U01025,SFL,EQ,NSE,SHEELA FOAM LIMITED,Others,INE916U01025,True
4047,NSE_EQ|INE0U6N01014,SFML,SM,NSE,SUPREME FACILITY MGMT LTD,Others,INE0U6N01014,True
532,NSE_EQ|INE618R01015,SGFIN,EQ,NSE,SG FINSERVE LIMITED,Others,INE618R01015,True
1725,NSE_EQ|INE00QT01015,SGIL,EQ,NSE,SYNERGY GREEN IND. LTD,Others,INE00QT01015,True
541,NSE_EQ|INE353H01010,SGL,EQ,NSE,STL GLOBAL LIMITED,Others,INE353H01010,True
1963,NSE_EQ|INE385F01024,SGMART,EQ,NSE,SG MART LIMITED,Others,INE385F01024,True
1171,NSE_EQ|INE12UN01015,SHADOWFAX,EQ,NSE,SHADOWFAX TECHNOLOGIES L,Others,INE12UN01015,True
2428,NSE_EQ|INE482J01021,SHAH,EQ,NSE,SHAH METACORP LIMITED,Others,INE482J01021,True
1349,NSE_EQ|INE640C01011,SHAHALLOYS,EQ,NSE,SHAH ALLOYS LIMITED,Others,INE640C01011,True
1834,NSE_EQ|INE151G01028,SHAILY,EQ,NSE,SHAILY ENG PLASTICS LTD,Others,INE151G01028,True
3229,NSE_EQ|INE262S01010,SHAIVAL,ST,NSE,SHAIVAL REALITY LIMITED,Others,INE262S01010,True
1544,NSE_EQ|INE908D01010,SHAKTIPUMP,EQ,NSE,SHAKTI PUMPS (I) LTD,Others,INE908D01010,True
803,NSE_EQ|INE597J01018,SHALBY,EQ,NSE,SHALBY LIMITED,Others,INE597J01018,True
1827,NSE_EQ|INE849C01026,SHALPAINTS,EQ,NSE,SHALIM PAINTS LTD,Others,INE849C01026,True
3262,NSE_EQ|INE274V01019,SHANKARA,BE,NSE,SHANKARA BLDG PRODUCT LTD,Others,INE274V01019,True
4927,NSE_EQ|INE0Q9Q01017,SHANTHALA,SM,NSE,SHANTHALA FMCG PRODUCTS L,Others,INE0Q9Q01017,True
1560,NSE_EQ|INE933X01016,SHANTI,EQ,NSE,SHANTI OVERSEAS INDIA LTD,Others,INE933X01016,True
1085,NSE_EQ|INE631A01022,SHANTIGEAR,EQ,NSE,SHANTHI GEARS LTD,Others,INE631A01022,True
634,NSE_EQ|INE06ZD01017,SHANTIGOLD,EQ,NSE,SHANTI GOLD INTERNATION L,Others,INE06ZD01017,True
1377,NSE_EQ|INE221J01015,SHARDACROP,EQ,NSE,SHARDA CROPCHEM LTD.,Others,INE221J01015,True
2511,NSE_EQ|INE597I01028,SHARDAMOTR,EQ,NSE,SHARDA MOTOR INDS LTD,Others,INE597I01028,True
754,NSE_EQ|INE037B01020,SHARDUL,EQ,NSE,SHARDUL SECURITIES LTD.,Others,INE037B01020,True
539,NSE_EQ|INE932X01026,SHAREINDIA,EQ,NSE,SHARE IND. SECURITIES LTD,Others,INE932X01026,True
695,NSE_EQ|INF732E01128,SHARIABEES,EQ,NSE,NIP IND ETF SHARIAH BEES,Others,INF732E01128,True
622,NSE_EQ|INE402H01015,SHBAJRG,EQ,NSE,SHRI BAJRANG ALLIANCE L,Others,INE402H01015,True
4132,NSE_EQ|INE0YJV01017,SHEEL,SM,NSE,SHEEL BIOTECH LIMITED,Others,INE0YJV01017,True
4310,NSE_EQ|INE04VX01019,SHEETAL,SM,NSE,SHEETAL UNIVERSAL LIMITED,Others,INE04VX01019,True
8775,NSE_EQ|INE268L01046,SHEKHAWATI,BE,NSE,SHEKHAWATI INDUSTRIES LTD,Others,INE268L01046,True
1083,NSE_EQ|INE363M01019,SHEMAROO,EQ,NSE,SHEMAROO ENTER. LTD.,Others,INE363M01019,True
5248,NSE_EQ|INE0MM001019,SHERA,ST,NSE,SHERA ENERGY LIMITED,Others,INE0MM001019,True
8920,NSE_EQ|INE1FL101016,SHETHJI,ST,NSE,SHREEJI GLOBAL FMCG LTD,Others,INE1FL101016,True
4110,NSE_EQ|INE03KJ01013,SHIGAN,SM,NSE,SHIGAN QUANTUM TECH LTD,Others,INE03KJ01013,True
1032,NSE_EQ|INE024F01011,SHILCTECH,EQ,NSE,SHILCHAR TECHNOLOGIES LTD,Others,INE024F01011,True
2395,NSE_EQ|INE790G01031,SHILPAMED,EQ,NSE,SHILPA MEDICARE LTD,Others,INE790G01031,True
1133,NSE_EQ|INE220Z01013,SHINDL,EQ,NSE,SHARAT INDUSTRIES LTD.,Others,INE220Z01013,True
6959,NSE_EQ|INE788J01021,SHIVALIK,BE,NSE,SHIVALIK RASAYAN LIMITED,Others,INE788J01021,True
2844,NSE_EQ|INE637H01024,SHIVAMAUTO,BE,NSE,SHIVAM AUTO.LTD,Others,INE637H01024,True
4295,NSE_EQ|INE644Y01017,SHIVAMILLS,BE,NSE,SHIVA MILLS LIMITED,Others,INE644Y01017,True
9014,NSE_EQ|INE1DLF01018,SHIVASHRIT,SM,NSE,SHIVASHRIT FOODS LIMITED,Others,INE1DLF01018,True
861,NSE_EQ|INE705C01020,SHIVATEX,EQ,NSE,SHIVA TEXYARN LIMITED,Others,INE705C01020,True
1239,NSE_EQ|INE719F01016,SHIVAUM,EQ,NSE,SHIV AUM STEELS LIMITED,Others,INE719F01016,True
643,NSE_EQ|INE500L01026,SHK,EQ,NSE,S H KELKAR AND CO. LTD.,Others,INE500L01026,True
4003,NSE_EQ|INE0NON01025,SHKSIL,SM,NSE,SHRI HARE-KRI SPO IRON L,Others,INE0NON01025,True
2011,NSE_EQ|INE498B01024,SHOPERSTOP,EQ,NSE,SHOPPERS STOP LIMITED,Others,INE498B01024,True
826,NSE_EQ|INE715Y01031,SHRADHA,EQ,NSE,SHRADHA REALTY LIMITED,Others,INE715Y01031,True
1308,NSE_EQ|INE232A01011,SHREDIGCEM,EQ,NSE,SHREE DIGVIJAY CEM CO LTD,Others,INE232A01011,True
414,NSE_EQ|INE070A01015,SHREECEM,EQ,NSE,SHREE CEMENT LIMITED,Construction Materials,INE070A01015,True
1650,NSE_EQ|INE1B6101010,SHREEJISPG,EQ,NSE,SHREEJI SHIPPING GLOBAL L,Others,INE1B6101010,True
8392,NSE_EQ|INE0S4Y01010,SHREEKARNI,SM,NSE,SHREE KARNI FABCOM LTD,Others,INE0S4Y01010,True
7912,NSE_EQ|INE02S501018,SHREEOSFM,SM,NSE,SHREE OSFM E-MOBILITY LTD,Others,INE02S501018,True
1478,NSE_EQ|INE712K01011,SHREEPUSHK,EQ,NSE,SHRE PUSH CHEM & FERT LTD,Others,INE712K01011,True
566,NSE_EQ|INE879A01019,SHREERAMA,EQ,NSE,SHREE RAMA MULTI TECH LTD,Others,INE879A01019,True
7806,NSE_EQ|INE0GTI23014,SHREMINVIT,IV,NSE,SHREM INVIT,Others,INE0GTI23014,True
7156,NSE_EQ|INE632X01030,SHRENIK,BZ,NSE,SHRENIK LIMITED,Others,INE632X01030,True
1435,NSE_EQ|INE231C01019,SHREYANIND,EQ,NSE,SHREYANS INDUSTRIES LTD,Others,INE231C01019,True
5993,NSE_EQ|INE0DM401012,SHRIAHIMSA,ST,NSE,SHRI AHIMSA NATURALS LTD,Others,INE0DM401012,True
5505,NSE_EQ|INE1V4601019,SHRIKANHA,ST,NSE,SHRI KANHA STAINLESS LTD,Others,INE1V4601019,True
1506,NSE_EQ|INE997I01012,SHRIKRISH,EQ,NSE,SHRI KRISHNA DEVCON LTD.,Others,INE997I01012,True
1945,NSE_EQ|INE1B3L01017,SHRINGARMS,EQ,NSE,SHRINGAR HOU OF MANGALS L,Others,INE1B3L01017,True
1583,NSE_EQ|INE526E01018,SHRIPISTON,EQ,NSE,SHRIRAM PIST. & RING LTD,Others,INE526E01018,True
415,NSE_EQ|INE721A01047,SHRIRAMFIN,EQ,NSE,SHRIRAM FINANCE LIMITED,NBFC,INE721A01047,True
2242,NSE_EQ|INE217L01019,SHRIRAMPPS,EQ,NSE,SHRIRAM PROPERTIES LTD,Others,INE217L01019,True
7173,NSE_EQ|INE0OMF01015,SHRITECH,SM,NSE,SHRI TECHTEX LIMITED,Others,INE0OMF01015,True
3376,NSE_EQ|INE01Z401013,SHUBHLAXMI,SM,NSE,SHUBHLAXMI JEWEL ART LTD,Others,INE01Z401013,True
7626,NSE_EQ|INE0UL701015,SHUBHSHREE,SM,NSE,SHUBHSHREE BIOFUELS ENE L,Others,INE0UL701015,True
2205,NSE_EQ|INE979R01011,SHYAMCENT,EQ,NSE,SHYAM CENTURY FERROUS LTD,Others,INE979R01011,True
3430,NSE_EQ|INE1CRP01016,SHYAMDHANI,SM,NSE,SHYAM DHANI INDUSTRIES L,Others,INE1CRP01016,True
1659,NSE_EQ|INE810G01011,SHYAMMETL,EQ,NSE,SHYAM METALICS AND ENGY L,Others,INE810G01011,True
4545,NSE_EQ|INE635A01023,SHYAMTEL,BE,NSE,SHYAM TELECOM LIMITED,Others,INE635A01023,True
1807,NSE_EQ|INE176J01011,SICAGEN,EQ,NSE,SICAGEN INDIA LIMITED,Others,INE176J01011,True
2587,NSE_EQ|INE075B01020,SICALLOG,BE,NSE,SICAL LOGISTICS LIMITED,Others,INE075B01020,True
6561,NSE_EQ|INE0SVO01019,SIDDHICOTS,SM,NSE,SIDDHI COTSPIN LIMITED,Others,INE0SVO01019,True
6879,NSE_EQ|INE0A1E01018,SIDDHIKA,SM,NSE,SIDDHIKA COATINGS LIMITED,Others,INE0A1E01018,True
418,NSE_EQ|INE003A01024,SIEMENS,EQ,NSE,SIEMENS LTD,Electric Equipment,INE003A01024,True
4052,NSE_EQ|INE0D0K01022,SIGACHI,BE,NSE,SIGACHI INDUSTRIES LTD,Others,INE0D0K01022,True
1179,NSE_EQ|INE529F01035,SIGIND,EQ,NSE,SIGNET INDUSTRIES LIMITED,Others,INE529F01035,True
2490,NSE_EQ|INE0A0S01028,SIGMA,EQ,NSE,SIGMA SOLVE LIMITED,Others,INE0A0S01028,True
8590,NSE_EQ|INE933B01012,SIGMAADV,BE,NSE,SIGMA ADVANCED SYSTEM LTD,Others,INE933B01012,True
604,NSE_EQ|INE903U01023,SIGNATURE,EQ,NSE,SIGNATUREGLOBAL INDIA LTD,Others,INE903U01023,True
3528,NSE_EQ|INE0RDE01010,SIGNORIA,SM,NSE,SIGNORIA CREATION LIMITED,Others,INE0RDE01010,True
564,NSE_EQ|INE0KGZ01021,SIGNPOST,EQ,NSE,SIGNPOST INDIA LIMITED,Others,INE0KGZ01021,True
2191,NSE_EQ|INE438E01032,SIKA,EQ,NSE,SIKA INTERPLANT SYSTEMS L,Others,INE438E01032,True
1823,NSE_EQ|INE112X01025,SIKKO,EQ,NSE,SIKKO INDUSTRIES LIMITED,Others,INE112X01025,True
623,NSE_EQ|INE173A01025,SIL,EQ,NSE,STANDARD INDUSTRIES LTD.,Others,INE173A01025,True
947,NSE_EQ|INE01II01013,SILGO,EQ,NSE,SILGO RETAIL LIMITED,Others,INE01II01013,True
1098,NSE_EQ|INE923A01015,SILINV,EQ,NSE,SIL INVESTMENTS LIMITED,Others,INE923A01015,True
6081,NSE_EQ|INE0STN01015,SILKFLEX,ST,NSE,SILKFLEX POLYMERS INDIA L,Others,INE0STN01015,True
4864,NSE_EQ|INE0SN801015,SILKY,SM,NSE,SILKY OVERSEAS LIMITED,Others,INE0SN801015,True
813,NSE_EQ|INE203Y01012,SILLYMONKS,EQ,NSE,SILLY MONKS ENTERTAIN LTD,Others,INE203Y01012,True
1338,NSE_EQ|INF209KB19F6,SILVER,EQ,NSE,BIRLASLAMC - SILVER,Others,INF209KB19F6,True
1846,NSE_EQ|INF740KA1RE3,SILVERADD,EQ,NSE,DSPAMC - DSPSILVETF,Others,INF740KA1RE3,True
1212,NSE_EQ|INF769K01KG6,SILVERAG,EQ,NSE,MIRAEAMC - MASILVER,Others,INF769K01KG6,True
602,NSE_EQ|INF204KC1402,SILVERBEES,EQ,NSE,NIPPONAMC - NETFSILVER,Others,INF204KC1402,True
996,NSE_EQ|INF789F1AYK6,SILVERBETA,EQ,NSE,UTIAMC-SILVERBETA,Others,INF789F1AYK6,True
884,NSE_EQ|INF194KB1KI9,SILVERBND,EQ,NSE,BANDHANAMC - SILVERBND,Others,INF194KB1KI9,True
908,NSE_EQ|INF0R8F01091,SILVERCASE,EQ,NSE,ZERODHAAMC - SILVERCASE,Others,INF0R8F01091,True
2475,NSE_EQ|INF109KC1Y56,SILVERIETF,EQ,NSE,ICICIPRAMC - ICICISILVE,Others,INF109KC1Y56,True
984,NSE_EQ|INE625X01026,SILVERTUC,EQ,NSE,SILVER TOUCH TECHNO LTD,Others,INE625X01026,True
7714,NSE_EQ|INE748T01016,SIMBHALS,BZ,NSE,SIMBHAOLI SUGARS LTD.,Others,INE748T01016,True
5956,NSE_EQ|INE1K4J01018,SIMCA,SM,NSE,SIMCA ADVERTISING LIMITED,Others,INE1K4J01018,True
2234,NSE_EQ|INE059B01024,SIMPLEXINF,EQ,NSE,SIMPLEX INFRASTRUCTURES L,Others,INE059B01024,True
1446,NSE_EQ|INE985A01022,SINCLAIR,EQ,NSE,SINCLAIRS HOTELS LIMITED,Others,INE985A01022,True
1878,NSE_EQ|INE325D01025,SINDHUTRAD,EQ,NSE,SINDHU TRADE LINKS LTD,Others,INE325D01025,True
929,NSE_EQ|INE638A01035,SINGERIND,EQ,NSE,SINGER INDIA LIMITED,Others,INE638A01035,True
650,NSE_EQ|INE129Z01016,SINTERCOM,EQ,NSE,SINTERCOM INDIA LIMITED,Others,INE129Z01016,True
2304,NSE_EQ|INE792Z01011,SIRCA,EQ,NSE,SIRCA PAINT INDIA LIMITED,Others,INE792Z01011,True
1253,NSE_EQ|INE285J01028,SIS,EQ,NSE,SIS LIMITED,Others,INE285J01028,True
3234,NSE_EQ|INE965H01011,SITINET,BZ,NSE,SITI NETWORKS LIMITED,Others,INE965H01011,True
2059,NSE_EQ|INE076B01028,SIYSIL,EQ,NSE,SIYARAM SILK MILLS LTD,Others,INE076B01028,True
5913,NSE_EQ|INE0F3301020,SJLOGISTIC,SM,NSE,S J LOGISTICS (INDIA) LTD,Others,INE0F3301020,True
2153,NSE_EQ|INE284S01014,SJS,EQ,NSE,SJS ENTERPRISES LIMITED,Others,INE284S01014,True
401,NSE_EQ|INE002L01015,SJVN,EQ,NSE,SJVN LTD,Power,INE002L01015,True
402,NSE_EQ|INE640A01023,SKFINDIA,EQ,NSE,SKF INDIA LTD,Bearings,INE640A01023,True
1505,NSE_EQ|INE2J8701016,SKFINDUS,EQ,NSE,SKF IND (INDUSTRIAL) LTD,Others,INE2J8701016,True
4248,NSE_EQ|INE429F01012,SKIL,BZ,NSE,SKIL INFRASTRUCTURE LTD.,Others,INE429F01012,True
1537,NSE_EQ|INE439E01022,SKIPPER,EQ,NSE,SKIPPER LIMITED,Others,INE439E01022,True
738,NSE_EQ|INE411D01023,SKMEGGPROD,EQ,NSE,SKM EGG PROD EXPORT(I) LT,Others,INE411D01023,True
7081,NSE_EQ|INE0KZA01016,SKP,SM,NSE,SKP BEARING INDUSTRI. LTD,Others,INE0KZA01016,True
1706,NSE_EQ|INE01IU01018,SKYGOLD,EQ,NSE,SKY GOLD AND DIAMONDS LTD,Others,INE01IU01018,True
7399,NSE_EQ|INE0SMA01017,SLONE,SM,NSE,SLONE INFOSYSTEMS LIMITED,Others,INE0SMA01017,True
1686,NSE_EQ|INF740KA1WX3,SMALLADD,EQ,NSE,DSPAMC - SMALLADD,Others,INF740KA1WX3,True
1225,NSE_EQ|INF769K01LC3,SMALLCAP,EQ,NSE,MIRAEAMC - SMALLCAP,Others,INF769K01LC3,True
5566,NSE_EQ|INE14GK01016,SMARTEN,SM,NSE,SMARTEN POWER SYSTEMS LTD,Others,INE14GK01016,True
3810,NSE_EQ|INE178C01020,SMARTLINK,BE,NSE,SMARTLINK HOLDINGS LTD,Others,INE178C01020,True
2500,NSE_EQ|INE0NAZ01010,SMARTWORKS,EQ,NSE,SMARTWORKS COWORKING SP L,Others,INE0NAZ01010,True
1490,NSE_EQ|INE103C01036,SMCGLOBAL,EQ,NSE,SMC GLOBAL SECURITIES LTD,Others,INE103C01036,True
1247,NSE_EQ|INE294B01019,SMLMAH,EQ,NSE,SML MAHINDRA LIMITED,Others,INE294B01019,True
534,NSE_EQ|INE017W01010,SMLT,EQ,NSE,SARTHAK METALS LIMITED,Others,INE017W01010,True
1764,NSE_EQ|INE812G01025,SMSPHARMA,EQ,NSE,SMS PHARMACEUTICALS LTD.,Others,INE812G01025,True
2915,NSE_EQ|INE702Y01013,SMVD,SM,NSE,SMVD POLY PACK LIMITED,Others,INE702Y01013,True
8492,NSE_EQ|INE1OIC01018,SNEHAA,ST,NSE,SNEHAA ORGANICS LIMITED,Others,INE1OIC01018,True
2235,NSE_EQ|INE734N01019,SNOWMAN,EQ,NSE,SNOWMAN LOGISTICS LTD.,Others,INE734N01019,True
420,NSE_EQ|INE671H01015,SOBHA,EQ,NSE,SOBHA LIMITED,Construction,INE671H01015,True
3345,NSE_EQ|INE0CTB01014,SOCL,ST,NSE,SUNDREX OIL COMPANY LTD,Others,INE0CTB01014,True
5835,NSE_EQ|INE728Z01015,SOFTTECH,BE,NSE,SOFTTECH ENGINEERS LTD,Others,INE728Z01015,True
2452,NSE_EQ|INE624Z01016,SOLARA,EQ,NSE,SOLARA ACTIVE PHA SCI LTD,Others,INE624Z01016,True
421,NSE_EQ|INE343H01029,SOLARINDS,EQ,NSE,SOLAR INDUSTRIES (I) LTD,Chemicals,INE343H01029,True
1010,NSE_EQ|INE0TY101024,SOLARWORLD,EQ,NSE,SOLARWORLD ENERGY SOL LTD,Others,INE0TY101024,True
1462,NSE_EQ|INE880Y01017,SOLEX,EQ,NSE,SOLEX ENERGY LIMITED,Others,INE880Y01017,True
2479,NSE_EQ|INE355A01028,SOMANYCERA,EQ,NSE,SOMANY CERAMICS LIMITED,Others,INE355A01028,True
1491,NSE_EQ|INE314C01013,SOMATEX,EQ,NSE,SOMA TEXTILES & INDUST LT,Others,INE314C01013,True
2004,NSE_EQ|INE323J01019,SOMICONVEY,EQ,NSE,SOMI CONVEYOR BELT. LTD.,Others,INE323J01019,True
422,NSE_EQ|INE073K01018,SONACOMS,EQ,NSE,SONA BLW PRECISION FRGS L,Auto Ancillary,INE073K01018,True
685,NSE_EQ|INE321M01017,SONAL,EQ,NSE,SONAL MERCANTILE LTD.,Others,INE321M01017,True
6189,NSE_EQ|INE0Q6H01012,SONAMAC,ST,NSE,SONA MACHINERY LIMITED,Others,INE0Q6H01012,True
1423,NSE_EQ|INE00LM01029,SONAMLTD,EQ,NSE,SONAM LIMITED,Others,INE00LM01029,True
638,NSE_EQ|INE269A01021,SONATSOFTW,EQ,NSE,SONATA SOFTWARE LTD,Others,INE269A01021,True
3577,NSE_EQ|INE0JZA01018,SONUINFRA,SM,NSE,SONU INFRATECH LIMITED,Others,INE0JZA01018,True
2893,NSE_EQ|INE0O2D01012,SOTAC,SM,NSE,SOTAC PHARMACEUTICALS LTD,Others,INE0O2D01012,True
1430,NSE_EQ|INE035D01020,SOTL,EQ,NSE,SAVITA OIL TECHNOLO. LTD,Others,INE035D01020,True
2055,NSE_EQ|INE683A01023,SOUTHBANK,EQ,NSE,THE SOUTH INDIAN BANK LTD,Others,INE683A01023,True
1959,NSE_EQ|INE980Y01015,SOUTHWEST,EQ,NSE,SOUTH WEST PINNACLE LTD,Others,INE980Y01015,True
1495,NSE_EQ|INE212I01016,SPAL,EQ,NSE,S. P. APPARELS LIMITED,Others,INE212I01016,True
2180,NSE_EQ|INE572J01011,SPANDANA,EQ,NSE,SPANDANA SPHOORTY FIN LTD,Others,INE572J01011,True
836,NSE_EQ|INE232I01014,SPARC,EQ,NSE,SUN PHARMA ADV.RES.CO.LTD,Others,INE232I01014,True
2474,NSE_EQ|INE970N01027,SPCENET,EQ,NSE,SPACENET ENTERS IND LTD,Others,INE970N01027,True
8334,NSE_EQ|INE0T7B01010,SPCL,SM,NSE,SHIVALIC POWER CONTROL L,Others,INE0T7B01010,True
6818,NSE_EQ|INE0TPJ01019,SPCON,SM,NSE,SRINIBAS PRADHAN CONST L,Others,INE0TPJ01019,True
9212,NSE_EQ|INE1CW901027,SPEB,ST,NSE,SPEB ADHESIVES LIMITED,Others,INE1CW901027,True
718,NSE_EQ|INE247M01014,SPECIALITY,EQ,NSE,SPECIALITY REST LTD,Others,INE247M01014,True
723,NSE_EQ|INE01EO01010,SPECTRUM,EQ,NSE,SPECTRUM ELECTRIC IND LTD,Others,INE01EO01010,True
4918,NSE_EQ|INE0OL001018,SPECTSTM,ST,NSE,SPECTRUM TALENT MGMT LTD,Others,INE0OL001018,True
2356,NSE_EQ|INE020801028,SPENCERS,EQ,NSE,SPENCER S RETAIL LIMITED,Others,INE020801028,True
1464,NSE_EQ|INE147A01011,SPIC,EQ,NSE,SPIC LTD,Others,INE147A01011,True
2060,NSE_EQ|INE978G01016,SPLIL,EQ,NSE,SPL INDUSTRIES LIMITED,Others,INE978G01016,True
1422,NSE_EQ|INE663A01033,SPLPETRO,EQ,NSE,SUPREME PETROCHEM LIMITED,Others,INE663A01033,True
2105,NSE_EQ|INE937A01023,SPMLINFRA,EQ,NSE,SPML INFRA LIMITED,Others,INE937A01023,True
1847,NSE_EQ|INE885H01029,SPORTKING,EQ,NSE,SPORTKING INDIA LIMITED,Others,INE885H01029,True
9035,NSE_EQ|INE0QR801013,SPPPOLY,SM,NSE,SPP POLYMER LIMITED,Others,INE0QR801013,True
3377,NSE_EQ|INE0JW501011,SPRL,SM,NSE,SP REFRACTORIES LIMITED,Others,INE0JW501011,True
8478,NSE_EQ|INE19QH01010,SPUNWEB,SM,NSE,SPUNWEB NONWOVEN LIMITED,Others,INE19QH01010,True
786,NSE_EQ|INE01NE01012,SRD,EQ,NSE,SHANKAR LAL RAMPAL LTD,Others,INE01NE01012,True
2110,NSE_EQ|INE099F01013,SREEL,EQ,NSE,SREELEATHERS LIMITED,Others,INE099F01013,True
403,NSE_EQ|INE647A01010,SRF,EQ,NSE,SRF LTD,Chemicals,INE647A01010,True
2099,NSE_EQ|INE559N01010,SRGHFL,EQ,NSE,SRG HOUSING FINANCE L,Others,INE559N01010,True
2184,NSE_EQ|INE917H01012,SRHHYPOLTD,EQ,NSE,SREE RAYALSEEMA HHP LTD.,Others,INE917H01012,True
7499,NSE_EQ|INE0NPI01014,SRIVASAVI,SM,NSE,SRIVASAVI ADHESIVE TAPE L,Others,INE0NPI01014,True
2237,NSE_EQ|INE0R6Z01013,SRM,EQ,NSE,SRM CONTRACTORS LIMITED,Others,INE0R6Z01013,True
8385,NSE_EQ|INE008Z01020,SRPL,BZ,NSE,SHREE RAM PROTEINS LTD.,Others,INE008Z01020,True
2349,NSE_EQ|INE19GK01015,SRTL,EQ,NSE,SHREE RAM TWISTEX LIMITED,Others,INE19GK01015,True
1844,NSE_EQ|INE0PQ101010,SSDL,EQ,NSE,SARASWATI SAREE DEPOT LTD,Others,INE0PQ101010,True
7783,NSE_EQ|INE0RFP01011,SSEGL,SM,NSE,SATHLOKHAR SYN E&C GLOB L,Others,INE0RFP01011,True
8782,NSE_EQ|INE0ON201012,SSFL,ST,NSE,SRIVARI SPICES N FOODS L,Others,INE0ON201012,True
4687,NSE_EQ|IN9572J01019,SSFLPP,E1,NSE,SPANDANA RS.5 PPD UP,Others,IN9572J01019,True
1782,NSE_EQ|INE802C01033,SSWL,EQ,NSE,STEEL STRIPS WHEELS LTD.,Others,INE802C01033,True
1447,NSE_EQ|INE0RYC01010,STALLION,EQ,NSE,STALLION IND FLUOROCHEM L,Others,INE0RYC01010,True
1356,NSE_EQ|INE01A001028,STANLEY,EQ,NSE,STANLEY LIFESTYLES LTD,Others,INE01A001028,True
702,NSE_EQ|INE939A01011,STAR,EQ,NSE,STRIDES PHARMA SCI LTD,Others,INE939A01011,True
2285,NSE_EQ|INE460H01021,STARCEMENT,EQ,NSE,STAR CEMENT LIMITED,Others,INE460H01021,True
424,NSE_EQ|INE575P01011,STARHEALTH,EQ,NSE,STAR HEALTH & AL INS CO L,Insurance,INE575P01011,True
1068,NSE_EQ|INE733A01018,STARPAPER,EQ,NSE,STAR PAPER MILLS LTD,Others,INE733A01018,True
1555,NSE_EQ|INE992I01013,STARTECK,EQ,NSE,STARTECK FINANCE LIMITED,Others,INE992I01013,True
1041,NSE_EQ|INE655A01013,STCINDIA,EQ,NSE,THE STATE TRADING CORPN,Others,INE655A01013,True
2310,NSE_EQ|INE124E01038,STEELCAS,EQ,NSE,STEELCAST LIMITED,Others,INE124E01038,True
1181,NSE_EQ|INE395H01011,STEELCITY,EQ,NSE,STEEL CITY SECURITIES LTD,Others,INE395H01011,True
1981,NSE_EQ|INE503B01021,STEELXIND,EQ,NSE,STEEL EXCHANGE INDIA LTD,Others,INE503B01021,True
688,NSE_EQ|INE577L01016,STEL,EQ,NSE,STEL HOLDINGS LIMITED,Others,INE577L01016,True
1820,NSE_EQ|INE334A01023,STERTOOLS,EQ,NSE,STERLING TOOLS LIMITED,Others,INE334A01023,True
6273,NSE_EQ|INE1VXE01018,STLNETWORK,BE,NSE,STL NETWORKS LIMITED,Others,INE1VXE01018,True
9187,NSE_EQ|INE089C01029,STLTECH,BE,NSE,STERLITE TECHNOLOGIES LTD,Others,INE089C01029,True
2088,NSE_EQ|INE00IN01015,STOVEKRAFT,EQ,NSE,STOVE KRAFT LIMITED,Others,INE00IN01015,True
6364,NSE_EQ|INE1XWN01017,STRIDERS,SM,NSE,STRIDERS IMPEX LIMITED,Others,INE1XWN01017,True
1477,NSE_EQ|INE00Q601028,STUDDS,EQ,NSE,STUDDS ACCESSORIES LTD,Others,INE00Q601028,True
6870,NSE_EQ|INE17VO01028,STUDIOLSD,ST,NSE,STUDIO LSD LIMITED,Others,INE17VO01028,True
2307,NSE_EQ|INE04VU01023,STYL,EQ,NSE,SESHAASAI TECHNOLOGIES L,Others,INE04VU01023,True
1876,NSE_EQ|INE239C01020,STYLAMIND,EQ,NSE,STYLAM INDUSTRIES LIMITED,Others,INE239C01020,True
4980,NSE_EQ|INE01FR01028,STYLEBAAZA,BE,NSE,BAAZAR STYLE RETAIL LTD,Others,INE01FR01028,True
2371,NSE_EQ|INE189B01011,STYRENIX,EQ,NSE,STYRENIX PERFORMANCE LTD,Others,INE189B01011,True
7718,NSE_EQ|INE0RYR01018,SUBAHOTELS,SM,NSE,SUBA HOTELS LIMITED,Others,INE0RYR01018,True
7042,NSE_EQ|INE754A01055,SUBEXLTD,BE,NSE,SUBEX LTD,Others,INE754A01055,True
2265,NSE_EQ|INE287B01021,SUBROS,EQ,NSE,SUBROS LIMITED,Others,INE287B01021,True
1065,NSE_EQ|INE492A01029,SUDARCOLOR,EQ,NSE,SUDARSHAN COLORNT IND LTD,Others,INE492A01029,True
1166,NSE_EQ|INE659A01023,SUDARSCHEM,EQ,NSE,SUDARSHAN CHEMICAL INDS L,Others,INE659A01023,True
1351,NSE_EQ|INE0QPI01025,SUDEEPPHRM,EQ,NSE,SUDEEP PHARMA LIMITED,Others,INE0QPI01025,True
2424,NSE_EQ|INE450E01029,SUKHJITS,EQ,NSE,SUKHJIT STARCH & CHEM LTD,Others,INE450E01029,True
2026,NSE_EQ|INE142Q01026,SULA,EQ,NSE,SULA VINEYARDS LIMITED,Others,INE142Q01026,True
1306,NSE_EQ|INE235C01036,SUMEETINDS,EQ,NSE,SUMEET IND LIMITED,Others,INE235C01036,True
1825,NSE_EQ|INE258G01013,SUMICHEM,EQ,NSE,SUMITOMO CHEM INDIA LTD,Others,INE258G01013,True
9363,NSE_EQ|INE748Z01013,SUMIT,BE,NSE,SUMIT WOODS LIMITED,Others,INE748Z01013,True
1379,NSE_EQ|INE519C01017,SUMMITSEC,EQ,NSE,SUMMIT SECURITIES LTD,Others,INE519C01017,True
858,NSE_EQ|INE0Q3R01026,SUNCLAY,EQ,NSE,SUNDARAM CLAYTON LIMITED,Others,INE0Q3R01026,True
1654,NSE_EQ|INE108E01023,SUNDARAM,EQ,NSE,SUNDARAM MULTI PAP LTD,Others,INE108E01023,True
430,NSE_EQ|INE660A01013,SUNDARMFIN,EQ,NSE,SUNDARAM FINANCE LTD,NBFC,INE660A01013,True
1891,NSE_EQ|INE073D01013,SUNDRMBRAK,EQ,NSE,SUNDARAM BRAK LININGS LTD,Others,INE073D01013,True
431,NSE_EQ|INE387A01021,SUNDRMFAST,EQ,NSE,SUNDRAM FASTENERS LTD,Fasteners,INE387A01021,True
1439,NSE_EQ|INE209A01019,SUNDROP,EQ,NSE,SUNDROP BRANDS LIMITED,Others,INE209A01019,True
785,NSE_EQ|INE947A01014,SUNFLAG,EQ,NSE,SUNFLAG IRON AND STEEL CO,Others,INE947A01014,True
8154,NSE_EQ|INE0U2N01013,SUNLITE,ST,NSE,SUNLITE RECYCLING IND LTD,Others,INE0U2N01013,True
428,NSE_EQ|INE044A01036,SUNPHARMA,EQ,NSE,SUN PHARMACEUTICAL IND L,Pharmaceuticals,INE044A01036,True
6145,NSE_EQ|INE0PLZ01012,SUNREST,SM,NSE,SUNREST LIFESCIENCE LTD,Others,INE0PLZ01012,True
6819,NSE_EQ|INE0SGZ01016,SUNTECH,ST,NSE,SUNTECH INFRA SOLUTIONS L,Others,INE0SGZ01016,True
1137,NSE_EQ|INE805D01034,SUNTECK,EQ,NSE,SUNTECK REALTY LIMITED,Others,INE805D01034,True
429,NSE_EQ|INE424H01027,SUNTV,EQ,NSE,SUN TV NETWORK LIMITED,TV Broadcasting,INE424H01027,True
1896,NSE_EQ|INE712B01010,SUPERHOUSE,EQ,NSE,SUPERHOUSE LIMITED,Others,INE712B01010,True
1890,NSE_EQ|INE662A01027,SUPERSPIN,EQ,NSE,SUPER SPINNING MILLS LTD,Others,INE662A01027,True
1552,NSE_EQ|INE399C01030,SUPRAJIT,EQ,NSE,SUPRAJIT ENGINEERING LTD,Others,INE399C01030,True
1826,NSE_EQ|INE822E01011,SUPREME,EQ,NSE,SUPREME HOLDIN N HOSP I L,Others,INE822E01011,True
2846,NSE_EQ|INE319Z01021,SUPREMEENG,BZ,NSE,SUPREME ENGINEERING LTD,Others,INE319Z01021,True
432,NSE_EQ|INE195A01028,SUPREMEIND,EQ,NSE,SUPREME INDUSTRIES LTD,Plastic Products,INE195A01028,True
1893,NSE_EQ|INE550H01011,SUPREMEINF,EQ,NSE,SUPREME INFRA. LTD.,Others,INE550H01011,True
6726,NSE_EQ|INE0QHG01026,SUPREMEPWR,ST,NSE,SUPREME POWER EQUIPMENT L,Others,INE0QHG01026,True
853,NSE_EQ|INE07RO01027,SUPRIYA,EQ,NSE,SUPRIYA LIFESCIENCE LTD,Others,INE07RO01027,True
1927,NSE_EQ|INE843S01025,SURAJEST,EQ,NSE,SURAJ ESTATE DEVELOPERS L,Others,INE843S01025,True
1339,NSE_EQ|INE713C01016,SURAJLTD,EQ,NSE,SURAJ LIMITED,Others,INE713C01016,True
1503,NSE_EQ|INE877V01027,SURAKSHA,EQ,NSE,SURAKSHA DIAGNOSTIC LTD,Others,INE877V01027,True
2016,NSE_EQ|INE272L01022,SURANASOL,EQ,NSE,SURANA SOLAR LIMITED,Others,INE272L01022,True
1276,NSE_EQ|INE130B01031,SURANAT&P,EQ,NSE,SURANA TELECOM AND POW LT,Others,INE130B01031,True
7829,NSE_EQ|INE01ZJ01015,SURANI,ST,NSE,SURANI STEEL TUBES LTD.,Others,INE01ZJ01015,True
1789,NSE_EQ|INE132C01027,SURYALA,EQ,NSE,SURYALATA SPINNING MILL L,Others,INE132C01027,True
665,NSE_EQ|INE713B01026,SURYALAXMI,EQ,NSE,SURYALAKSHMI COT MIL LTD,Others,INE713B01026,True
850,NSE_EQ|INE335A01020,SURYAROSNI,EQ,NSE,SURYA ROSHNI LTD,Others,INE335A01020,True
966,NSE_EQ|INE428Q01011,SURYODAY,EQ,NSE,SURYODAY SMALL FIN BK LTD,Others,INE428Q01011,True
1242,NSE_EQ|INE645H01027,SUTLEJTEX,EQ,NSE,SUTLEJ TEXT & INDUS LTD,Others,INE645H01027,True
1108,NSE_EQ|INE495B01038,SUVEN,EQ,NSE,SUVEN LIFE SCIENCES LTD,Others,INE495B01038,True
868,NSE_EQ|INE018401013,SUVIDHAA,EQ,NSE,SUVIDHAA INFOSERVE LTD,Others,INE018401013,True
926,NSE_EQ|INE442P01014,SUYOG,EQ,NSE,SUYOG TELEMATICS LIMITED,Others,INE442P01014,True
2294,NSE_EQ|INE040H01021,SUZLON,EQ,NSE,SUZLON ENERGY LIMITED,Others,INE040H01021,True
6867,NSE_EQ|INE00CE01017,SVLL,BE,NSE,SHREE VASU LOGISTICS LTD,Others,INE00CE01017,True
8959,NSE_EQ|INE308E01029,SVPGLOB,BE,NSE,SVP GLOBAL TEXTILES LTD,Others,INE308E01029,True
1372,NSE_EQ|INE665A01038,SWANCORP,EQ,NSE,SWAN CORP LIMITED,Others,INE665A01038,True
3060,NSE_EQ|INE542F01020,SWANDEF,BE,NSE,SWAN DEFENCE N HEVY IND L,Others,INE542F01020,True
6713,NSE_EQ|INE0GMR01016,SWARAJ,SM,NSE,SWARAJ SUITING LIMITED,Others,INE0GMR01016,True
1513,NSE_EQ|INE277A01016,SWARAJENG,EQ,NSE,SWARAJ ENGINES LTD,Others,INE277A01016,True
5607,NSE_EQ|INE0DGC01025,SWASTIK,ST,NSE,SWASTIK PIPE LIMITED,Others,INE0DGC01025,True
2049,NSE_EQ|INE409B01013,SWELECTES,EQ,NSE,SWELECT ENERGY SYS LTD,Others,INE409B01013,True
2040,NSE_EQ|INE00H001014,SWIGGY,EQ,NSE,SWIGGY LIMITED,Others,INE00H001014,True
660,NSE_EQ|INE00M201021,SWSOLAR,EQ,NSE,STRLNG & WIL REN ENE LTD,Others,INE00M201021,True
8056,NSE_EQ|INE01IH01015,SYLVANPLY,SM,NSE,SYLVAN PLYBOARD (INDIA) L,Others,INE01IH01015,True
1343,NSE_EQ|INE225D01027,SYMPHONY,EQ,NSE,SYMPHONY LIMITED,Others,INE225D01027,True
1545,NSE_EQ|INE312C01025,SYNCOMF,EQ,NSE,SYNCOM FORMU (I) LTD,Others,INE312C01025,True
436,NSE_EQ|INE398R01022,SYNGENE,EQ,NSE,SYNGENE INTERNATIONAL LTD,Diversified,INE398R01022,True
3171,NSE_EQ|INE0BTR01012,SYNOPTICS,SM,NSE,SYNOPTICS TECHNOLOGIES L,Others,INE0BTR01012,True
2478,NSE_EQ|INE0DYJ01015,SYRMA,EQ,NSE,SYRMA SGS TECHNOLOGY LTD,Others,INE0DYJ01015,True
8015,NSE_EQ|INE0O7R01011,SYSTANGO,SM,NSE,SYSTANGO TECHNOLOGIES LTD,Others,INE0O7R01011,True
1554,NSE_EQ|INE356B01024,SYSTMTXC,EQ,NSE,SYSTEMATIX CORP SERVICE L,Others,INE356B01024,True
1989,NSE_EQ|INE524T01011,TAALTECH,EQ,NSE,TAAL TECH LTD.,Others,INE524T01011,True
8690,NSE_EQ|INE0SOY01013,TAC,SM,NSE,TAC INFOSEC LIMITED,Others,INE0SOY01013,True
2402,NSE_EQ|INE123C01018,TAINWALCHM,EQ,NSE,TAINWALA CHEMICAL AND PLA,Others,INE123C01018,True
2002,NSE_EQ|INE586B01026,TAJGVK,EQ,NSE,TAJ GVK HOTELS & RESORTS,Others,INE586B01026,True
5862,NSE_EQ|INE142I01023,TAKE,BE,NSE,TAKE SOLUTIONS LTD,Others,INE142I01023,True
961,NSE_EQ|INE187D01029,TALBROAUTO,EQ,NSE,TALBROS AUTO. COMP. LTD,Others,INE187D01029,True
2417,NSE_EQ|INE864J01012,TAMBOLIIN,EQ,NSE,TAMBOLI INDUSTRIES LTD.,Others,INE864J01012,True
2749,NSE_EQ|INE0Z7N01017,TANKUP,ST,NSE,TANKUP ENGINEERS LIMITED,Others,INE0Z7N01017,True
757,NSE_EQ|INE483C01032,TANLA,EQ,NSE,TANLA PLATFORMS LIMITED,Others,INE483C01032,True
2886,NSE_EQ|INE0M7001010,TAPIFRUIT,SM,NSE,TAPI FRUIT PROCESSING LTD,Others,INE0M7001010,True
1134,NSE_EQ|INE555Z01020,TARACHAND,EQ,NSE,TARA CHAND INFRA SOLN LTD,Others,INE555Z01020,True
952,NSE_EQ|INE747K01017,TARAPUR,EQ,NSE,TARAPUR TRANSFORMERS LTD,Others,INE747K01017,True
1991,NSE_EQ|INE0EK901012,TARC,EQ,NSE,TARC LIMITED,Others,INE0EK901012,True
521,NSE_EQ|INE763I01026,TARIL,EQ,NSE,TRANS & RECTI. LTD,Others,INE763I01026,True
1158,NSE_EQ|INE924H01018,TARMAT,EQ,NSE,TARMAT LIMITED,Others,INE924H01018,True
2347,NSE_EQ|INE144Z01023,TARSONS,EQ,NSE,TARSONS PRODUCTS LIMITED,Others,INE144Z01023,True
1930,NSE_EQ|INE488B01017,TASTYBITE,EQ,NSE,TASTY BITE EATABLES LTD,Others,INE488B01017,True
789,NSE_EQ|INE976I01016,TATACAP,EQ,NSE,TATA CAPITAL LIMITED,Others,INE976I01016,True
440,NSE_EQ|INE092A01019,TATACHEM,EQ,NSE,TATA CHEMICALS LTD,Chemicals,INE092A01019,True
441,NSE_EQ|INE151A01013,TATACOMM,EQ,NSE,TATA COMMUNICATIONS LTD,Telecommunication,INE151A01013,True
442,NSE_EQ|INE192A01025,TATACONSUM,EQ,NSE,TATA CONSUMER PRODUCT LTD,Tea/Coffee,INE192A01025,True
443,NSE_EQ|INE670A01012,TATAELXSI,EQ,NSE,TATA ELXSI LIMITED,IT - Software,INE670A01012,True
2316,NSE_EQ|INF277KA1976,TATAGOLD,EQ,NSE,TATAAML-TATAGOLD,Others,INF277KA1976,True
444,NSE_EQ|INE672A01026,TATAINVEST,EQ,NSE,TATA INVESTMENT CORP LTD,Finance,INE672A01026,True
446,NSE_EQ|INE245A01021,TATAPOWER,EQ,NSE,TATA POWER CO LTD,Power,INE245A01021,True
447,NSE_EQ|INE081A01020,TATASTEEL,EQ,NSE,TATA STEEL LIMITED,Steel & Iron Products,INE081A01020,True
917,NSE_EQ|INE142M01025,TATATECH,EQ,NSE,TATA TECHNOLOGIES LIMITED,Others,INE142M01025,True
2306,NSE_EQ|INF277KA1984,TATSILV,EQ,NSE,TATAAML-TATSILV,Others,INF277KA1984,True
560,NSE_EQ|INE0GK401011,TATVA,EQ,NSE,TATVA CHIN PHARM CHEM LTD,Others,INE0GK401011,True
4984,NSE_EQ|INE0XWS01018,TAURIAN,SM,NSE,TAURIAN MPS LIMITED,Others,INE0XWS01018,True
6629,NSE_EQ|INE0N2D01013,TBI,SM,NSE,TBI CORN LIMITED,Others,INE0N2D01013,True
1643,NSE_EQ|INE673O01025,TBOTEK,EQ,NSE,TBO TEK LIMITED,Others,INE673O01025,True
883,NSE_EQ|INE760L01018,TBZ,EQ,NSE,TRIB BHIMJI ZAVERI LTD,Others,INE760L01018,True
2426,NSE_EQ|INE887D01016,TCC,EQ,NSE,TCC CONCEPT LIMITED,Others,INE887D01016,True
1957,NSE_EQ|INE688A01022,TCI,EQ,NSE,TRANSPORT CORPN OF INDIA,Others,INE688A01022,True
2481,NSE_EQ|INE586V01016,TCIEXP,EQ,NSE,TCI EXPRESS LIMITED,Others,INE586V01016,True
2885,NSE_EQ|INE911B01018,TCIFINANCE,BE,NSE,TCIFINANCELTD-ROLL SETT,Others,INE911B01018,True
6371,NSE_EQ|INE0QJL01014,TCL,SM,NSE,THAAI CASTING LIMITED,Others,INE0QJL01014,True
693,NSE_EQ|INE822C01015,TCPLPACK,EQ,NSE,TCPL PACKAGING LIMITED,Others,INE822C01015,True
501,NSE_EQ|INE467B01029,TCS,EQ,NSE,TATA CONSULTANCY SERV LT,IT - Software,INE467B01029,True
1100,NSE_EQ|INE419M01027,TDPOWERSYS,EQ,NSE,TD POWER SYSTEMS LTD.,Others,INE419M01027,True
822,NSE_EQ|INE289C01025,TEAMGTY,EQ,NSE,TEAM INDIA GUARANTY LTD,Others,INE289C01025,True
965,NSE_EQ|INE985S01024,TEAMLEASE,EQ,NSE,TEAMLEASE SERVICES LTD.,Others,INE985S01024,True
8783,NSE_EQ|INE2OL601013,TEAMTECH,SM,NSE,TEAMTECH FORMWORK SOL LTD,Others,INE2OL601013,True
1104,NSE_EQ|INF209KB11D8,TECH,EQ,NSE,BIRLASLAMC - TECH,Others,INF209KB11D8,True
4536,NSE_EQ|INE0Y5H01014,TECHD,ST,NSE,TECHD CYBERSECURITY LTD,Others,INE0Y5H01014,True
3685,NSE_EQ|INE0JQS01019,TECHERA,SM,NSE,TECHERA ENGINEER (IND) L,Others,INE0JQS01019,True
9324,NSE_EQ|INE0QD201012,TECHLABS,ST,NSE,TRIDENT TECHLABS LIMITED,Others,INE0QD201012,True
450,NSE_EQ|INE669C01036,TECHM,EQ,NSE,TECH MAHINDRA LIMITED,IT - Software,INE669C01036,True
451,NSE_EQ|INE285K01026,TECHNOE,EQ,NSE,TECHNO ELEC & ENG CO. LTD,Engineering,INE285K01026,True
1589,NSE_EQ|INE314H01012,TECHNVISN,EQ,NSE,TECHNVISION VENTURES LTD.,Others,INE314H01012,True
2513,NSE_EQ|INE014B01011,TECILCHEM,EQ,NSE,TECIL CHEMICALS,Others,INE014B01011,True
690,NSE_EQ|INE011K01018,TEGA,EQ,NSE,TEGA INDUSTRIES LIMITED,Others,INE011K01018,True
6964,NSE_EQ|INE17WC01013,TEJASCARGO,SM,NSE,TEJAS CARGO INDIA LIMITED,Others,INE17WC01013,True
1084,NSE_EQ|INE010J01012,TEJASNET,EQ,NSE,TEJAS NETWORKS LIMITED,Others,INE010J01012,True
2362,NSE_EQ|INE869Y01010,TEMBO,EQ,NSE,TEMBO GLOBAL IND LTD,Others,INE869Y01010,True
1644,NSE_EQ|INE19RI01016,TENNIND,EQ,NSE,TENNECO CLEAN AIR INDIA L,Others,INE19RI01016,True
1165,NSE_EQ|INE482B01010,TERASOFT,EQ,NSE,TERA SOFTWARE LIMITED,Others,INE482B01010,True
1787,NSE_EQ|INE435C01024,TEXINFRA,EQ,NSE,TEXMACO INFRA & HOLDG LTD,Others,INE435C01024,True
577,NSE_EQ|INE141K01013,TEXMOPIPES,EQ,NSE,TEXMO PIPE & PRODUCTS LTD,Others,INE141K01013,True
1390,NSE_EQ|INE621L01012,TEXRAIL,EQ,NSE,TEXMACO RAIL & ENG. LTD.,Others,INE621L01012,True
1534,NSE_EQ|INE305A01023,TFCILTD,EQ,NSE,TOURISM FINANCE CORP. OF,Others,INE305A01023,True
2329,NSE_EQ|INE804H01012,TFL,EQ,NSE,TRANSWARRANTY FIN. LTD.,Others,INE804H01012,True
2296,NSE_EQ|INE797H01018,TGBHOTELS,EQ,NSE,TGB BANQUETS&HOTELS LTD,Others,INE797H01018,True
3719,NSE_EQ|INE0K6601012,TGL,SM,NSE,TEERTH GOPICON LIMITED,Others,INE0K6601012,True
4683,NSE_EQ|INE077P01034,THACKER,BE,NSE,THACKER & CO. LTD.,Others,INE077P01034,True
1229,NSE_EQ|INE403F01017,THAKDEV,EQ,NSE,THAKKERS DEVELOPERS LTD.,Others,INE403F01017,True
798,NSE_EQ|INE085J01014,THANGAMAYL,EQ,NSE,THANGAMAYIL JEWELLERY LTD,Others,INE085J01014,True
1818,NSE_EQ|INE924D01017,THEINVEST,EQ,NSE,THE INVEST TRUST OF IND L,Others,INE924D01017,True
744,NSE_EQ|INE121N01019,THEJO,EQ,NSE,THEJO ENGINEERING LIMITED,Others,INE121N01019,True
302,NSE_EQ|INE0AQ201015,THELEELA,EQ,NSE,LEELA PALACES HOTEL LTD,Hotels & Restaurants,INE0AQ201015,True
1263,NSE_EQ|INE083B01024,THEMISMED,EQ,NSE,THEMIS MEDICARE LTD.,Others,INE083B01024,True
455,NSE_EQ|INE152A01029,THERMAX,EQ,NSE,THERMAX LTD,Engineering,INE152A01029,True
6984,NSE_EQ|INE0SHE01019,THESL,SM,NSE,THINKING HATS ENTER SOL L,Others,INE0SHE01019,True
1359,NSE_EQ|INE332A01027,THOMASCOOK,EQ,NSE,THOMAS COOK (INDIA) LTD,Others,INE332A01027,True
1889,NSE_EQ|INE480M01011,THOMASCOTT,EQ,NSE,THOMAS SCOTT (INDIA) LTD,Others,INE480M01011,True
943,NSE_EQ|INE594H01019,THYROCARE,EQ,NSE,THYROCARE TECH LTD,Others,INE594H01019,True
1641,NSE_EQ|INE133E01013,TI,EQ,NSE,TILAKNAGAR INDUSTRIES LTD,Others,INE133E01013,True
1811,NSE_EQ|INE388G01026,TICL,EQ,NSE,TWAMEV CONS AND INFRA LTD,Others,INE388G01026,True
5019,NSE_EQ|INE906O01029,TIGERLOGS,BE,NSE,TIGER LOGISTICS (INDIA) L,Others,INE906O01029,True
580,NSE_EQ|INE545H01011,TIIL,EQ,NSE,TECHNOCRAFT IND LTD,Others,INE545H01011,True
466,NSE_EQ|INE974X01010,TIINDIA,EQ,NSE,TUBE INVEST OF INDIA LTD,Auto Ancillary,INE974X01010,True
727,NSE_EQ|INE440L01017,TIJARIA,EQ,NSE,TIJARIA POLYPIPES LTD,Others,INE440L01017,True
2394,NSE_EQ|INE806C01018,TIL,EQ,NSE,TIL LTD,Others,INE806C01018,True
3624,NSE_EQ|INE0IJY01014,TIMESCAN,SM,NSE,TIMESCAN LOGISTICS IND L,Others,INE0IJY01014,True
1335,NSE_EQ|INE508G01029,TIMETECHNO,EQ,NSE,TIME TECHNOPLAST LTD.,Others,INE508G01029,True
1018,NSE_EQ|INE064A01026,TIMEX,EQ,NSE,TIMEX GROUP INDIA LTD.,Others,INE064A01026,True
456,NSE_EQ|INE325A01013,TIMKEN,EQ,NSE,TIMKEN INDIA LTD.,Bearings,INE325A01013,True
1636,NSE_EQ|INE015C01016,TINNARUBR,EQ,NSE,TINNA RUBBER AND INFR LTD,Others,INE015C01016,True
1594,NSE_EQ|INE0LQS01015,TIPSFILMS,EQ,NSE,TIPS FILMS LIMITED,Others,INE0LQS01015,True
2470,NSE_EQ|INE716B01029,TIPSMUSIC,EQ,NSE,TIPS MUSIC LIMITED,Others,INE716B01029,True
2439,NSE_EQ|INE338A01024,TIRUMALCHM,EQ,NSE,THIRUMALAI CHEMICALS LTD,Others,INE338A01024,True
7851,NSE_EQ|INE238Y01018,TIRUPATI,SM,NSE,SHREE TIRUPATI BALAJEE,Others,INE238Y01018,True
9088,NSE_EQ|INE319Y01024,TIRUPATIFL,BE,NSE,TIRUPATI FORGE LIMITED,Others,INE319Y01024,True
1397,NSE_EQ|INE615H01020,TITAGARH,EQ,NSE,TITAGARH RAIL SYSTEMS LTD,Others,INE615H01020,True
458,NSE_EQ|INE280A01028,TITAN,EQ,NSE,TITAN COMPANY LIMITED,Jewellery,INE280A01028,True
815,NSE_EQ|INE668A01016,TMB,EQ,NSE,TAMILNAD MERCA BANK LTD,Others,INE668A01016,True
570,NSE_EQ|INE1TAE01010,TMCV,EQ,NSE,TATA MOTORS LIMITED,Others,INE1TAE01010,True
1816,NSE_EQ|INE155A01022,TMPV,EQ,NSE,TATA MOTORS PASS VEH LTD,Others,INE155A01022,True
1785,NSE_EQ|INF277KA1364,TNIDETF,EQ,NSE,TATAAML - TNIDETF,Others,INF277KA1364,True
2129,NSE_EQ|INE148A01019,TNPETRO,EQ,NSE,TAMILNADU PETROPRODUCTS L,Others,INE148A01019,True
1005,NSE_EQ|INE107A01015,TNPL,EQ,NSE,TAMILNADU NEWSPRT & PAPER,Others,INE107A01015,True
1596,NSE_EQ|INE141D01018,TNTELE,EQ,NSE,TAMILNADU TELECOMMUNICATI,Others,INE141D01018,True
7359,NSE_EQ|INE932C01012,TOKYOPLAST,BE,NSE,TOKYO PLAST  INTL LTD.,Others,INE932C01012,True
1143,NSE_EQ|INE0RWQ01014,TOLINS,EQ,NSE,TOLINS TYRES LIMITED,Others,INE0RWQ01014,True
459,NSE_EQ|INE685A01028,TORNTPHARM,EQ,NSE,TORRENT PHARMACEUTICALS L,Pharmaceuticals,INE685A01028,True
460,NSE_EQ|INE813H01021,TORNTPOWER,EQ,NSE,TORRENT POWER LTD,Power,INE813H01021,True
1580,NSE_EQ|INE336X01012,TOTAL,EQ,NSE,TOTAL TRANSPORT SYS LTD,Others,INE336X01012,True
1391,NSE_EQ|INE486Y01013,TOUCHWOOD,EQ,NSE,TOUCHWOOD ENTERTAIN LTD.,Others,INE486Y01013,True
1622,NSE_EQ|INE065J01024,TPHQ,EQ,NSE,TEAMO PRODUCTIONS HQ LTD,Others,INE065J01024,True
2077,NSE_EQ|INE413G01022,TPLPLASTEH,EQ,NSE,TPL PLASTECH LIMITED,Others,INE413G01022,True
1057,NSE_EQ|INE0HMF01019,TRACXN,EQ,NSE,TRACXN TECHNOLOGIES LTD,Others,INE0HMF01019,True
563,NSE_EQ|INE687A01016,TRANSPEK,EQ,NSE,TRANSPEK INDUSTRY LTD,Others,INE687A01016,True
1421,NSE_EQ|INE454P01035,TRANSRAILL,EQ,NSE,TRANSRAIL LIGHTING LTD,Others,INE454P01035,True
8810,NSE_EQ|INE0NVI01020,TRANSTEEL,SM,NSE,TRANSTEEL SEATING TECH L,Others,INE0NVI01020,True
6745,NSE_EQ|INE792X01016,TRANSWIND,SM,NSE,TRANSWIND INFRA LIMITED,Others,INE792X01016,True
1868,NSE_EQ|INE757B01015,TRANSWORLD,EQ,NSE,TRANSWORLD SHIP LINES LTD,Others,INE757B01015,True
1519,NSE_EQ|INE103V01028,TRAVELFOOD,EQ,NSE,TRAVEL FOOD SERVICES LTD,Others,INE103V01028,True
2175,NSE_EQ|INE040M01013,TREEHOUSE,EQ,NSE,TREE HOUSE EDU LTD,Others,INE040M01013,True
2063,NSE_EQ|INE00CA01015,TREJHARA,EQ,NSE,TREJHARA SOLUTIONS LTD,Others,INE00CA01015,True
1156,NSE_EQ|INE0O3901029,TREL,EQ,NSE,TRANSINDIA REAL ESTATE L,Others,INE0O3901029,True
462,NSE_EQ|INE849A01020,TRENT,EQ,NSE,TRENT LTD,Retailing,INE849A01020,True
1521,NSE_EQ|INE391D01019,TRF,EQ,NSE,TRF LIMITED,Others,INE391D01019,True
463,NSE_EQ|INE064C01022,TRIDENT,EQ,NSE,TRIDENT LIMITED,Textile,INE064C01022,True
3097,NSE_EQ|INE0LWY01029,TRIDHYA,SM,NSE,TRIDHYA TECH LIMITED,Others,INE0LWY01029,True
2389,NSE_EQ|INE948A01012,TRIGYN,EQ,NSE,TRIGYN TECHNOLOGIES LTD,Others,INE948A01012,True
465,NSE_EQ|INE152M01016,TRITURBINE,EQ,NSE,TRIVENI TURBINE LIMITED,Engineering,INE152M01016,True
1553,NSE_EQ|INE256C01024,TRIVENI,EQ,NSE,TRIVENI ENGG. & INDS. LTD,Others,INE256C01024,True
9406,NSE_EQ|INE0SYV01018,TROM,ST,NSE,TROM INDUSTRIES LIMITED,Others,INE0SYV01018,True
1616,NSE_EQ|INE615R01029,TRU,EQ,NSE,TRUCAP FINANCE LIMITED,Others,INE615R01029,True
2130,NSE_EQ|INE0MWH01014,TRUALT,EQ,NSE,TRUALT BIOENERGY LIMITED,Others,INE0MWH01014,True
8831,NSE_EQ|INE0SWN01019,TRUST,SM,NSE,TRUST FINTECH LIMITED,Others,INE0SWN01019,True
5008,NSE_EQ|INE16VK01010,TSC,SM,NSE,TSC INDIA LIMITED,Others,INE16VK01010,True
2464,NSE_EQ|INE202Z01029,TSFINV,EQ,NSE,TSF INVESTMENTS LIMITED,Others,INE202Z01029,True
2401,NSE_EQ|INE910C01018,TTKHLTCARE,EQ,NSE,TTK HEALTHCARE LIMITED,Others,INE910C01018,True
1492,NSE_EQ|INE690A01028,TTKPRESTIG,EQ,NSE,TTK PRESTIGE LTD,Others,INE690A01028,True
1919,NSE_EQ|INE592B01024,TTL,EQ,NSE,T T LIMITED,Others,INE592B01024,True
705,NSE_EQ|INE517B01013,TTML,EQ,NSE,TATA TELESERV(MAHARASTRA),Others,INE517B01013,True
2898,NSE_EQ|INE0OXV01027,TUNWAL,SM,NSE,TUNWAL E-MOTORS LIMITED,Others,INE0OXV01027,True
2151,NSE_EQ|INE236G01019,TVSELECT,EQ,NSE,TVS ELECTRONICS LTD,Others,INE236G01019,True
1042,NSE_EQ|INE105A01035,TVSHLTD,EQ,NSE,TVS HOLDINGS LIMITED,Others,INE105A01035,True
4428,NSE_EQ|INE1JNC23012,TVSINVIT,IV,NSE,TVS INFRASTRUCTURE TRUST,Others,INE1JNC23012,True
3870,NSE_EQ|INE494B04019,TVSMNCRPS,P1,NSE,TVS MOTOR COMPANY LIMITED,Others,INE494B04019,True
439,NSE_EQ|INE494B01023,TVSMOTOR,EQ,NSE,TVS MOTOR COMPANY  LTD,Automobile,INE494B01023,True
1608,NSE_EQ|INE395N01027,TVSSCS,EQ,NSE,TVS SUPPLY CHAIN SOL L,Others,INE395N01027,True
936,NSE_EQ|INE421C01016,TVSSRICHAK,EQ,NSE,TVS SRICHAKRA LIMITED,Others,INE421C01016,True
1695,NSE_EQ|INE038F01029,TVTODAY,EQ,NSE,TV TODAY NETWORK LTD,Others,INE038F01029,True
2097,NSE_EQ|INE871L01013,TVVISION,EQ,NSE,TV VISION LIMITED,Others,INE871L01013,True
1808,NSE_EQ|INF2F0001370,TWCGOLDETF,EQ,NSE,WEALTH - TWCGOLDETF,Others,INF2F0001370,True
473,NSE_EQ|INE686F01025,UBL,EQ,NSE,UNITED BREWERIES LTD,Breweries,INE686F01025,True
1254,NSE_EQ|INE139B01016,UCAL,EQ,NSE,UCAL LIMITED,Others,INE139B01016,True
6513,NSE_EQ|INE00NI01015,UCL,ST,NSE,USHANTI COLOUR CHEM LTD,Others,INE00NI01015,True
467,NSE_EQ|INE691A01018,UCOBANK,EQ,NSE,UCO BANK,Bank,INE691A01018,True
2028,NSE_EQ|INE851I01011,UDS,EQ,NSE,UPDATER SERVICES LIMITED,Others,INE851I01011,True
747,NSE_EQ|INE899L01030,UEL,EQ,NSE,UJAAS ENERGY LIMITED,Others,INE899L01030,True
1817,NSE_EQ|INE382M01027,UFBL,EQ,NSE,UNITED FOODBRANDS LIMITED,Others,INE382M01027,True
1485,NSE_EQ|INE516A01017,UFLEX,EQ,NSE,UFLEX LIMITED,Others,INE516A01017,True
1802,NSE_EQ|INE527H01019,UFO,EQ,NSE,UFO MOVIEZ INDIA LTD.,Others,INE527H01019,True
1837,NSE_EQ|INE071E01023,UGARSUGAR,EQ,NSE,THE UGAR SUGAR WORKS LTD,Others,INE071E01023,True
1268,NSE_EQ|INE583D01011,UGROCAP,EQ,NSE,UGRO CAPITAL LIMITED,Others,INE583D01011,True
3499,NSE_EQ|INE0SMR01011,UHTL,ST,NSE,UNITED HEAT TRANSFER LTD,Others,INE0SMR01011,True
1543,NSE_EQ|INE551W01018,UJJIVANSFB,EQ,NSE,UJJIVAN SMALL FINANC BANK,Others,INE551W01018,True
471,NSE_EQ|INE481G01011,ULTRACEMCO,EQ,NSE,ULTRATECH CEMENT LIMITED,Construction Materials,INE481G01011,True
1516,NSE_EQ|INE405A01021,ULTRAMAR,EQ,NSE,ULTRAMARINE & PIGMENTS L,Others,INE405A01021,True
3286,NSE_EQ|INE067901012,UMA,SM,NSE,UMA CONVERTER LIMITED,Others,INE067901012,True
3841,NSE_EQ|INE0GIU01018,UMAEXPORTS,BE,NSE,UMA EXPORTS LIMITED,Others,INE0GIU01018,True
8033,NSE_EQ|INE240C01028,UMESLTD,BE,NSE,USHA MARTIN EDU & SOL LTD,Others,INE240C01028,True
2208,NSE_EQ|INE398B01018,UMIYA-MRO,EQ,NSE,UMIYA BUILDCON LIMITED,Others,INE398B01018,True
1572,NSE_EQ|INE351A01035,UNICHEMLAB,EQ,NSE,UNICHEM LABORATORIES LTD,Others,INE351A01035,True
3488,NSE_EQ|INE961D01019,UNIDT,BE,NSE,UNITED DRILLING TOOLS LTD,Others,INE961D01019,True
1023,NSE_EQ|INE00U401027,UNIECOM,EQ,NSE,UNICOMMERCE ESOLUTIONS L,Others,INE00U401027,True
2053,NSE_EQ|INE037A01022,UNIENTER,EQ,NSE,UNIPHOS ENTERPRISES LTD,Others,INE037A01022,True
6639,NSE_EQ|INE0PRF01011,UNIHEALTH,ST,NSE,UNIHEALTH HOSPITALS LTD,Others,INE0PRF01011,True
8144,NSE_EQ|INE481Z01011,UNIINFO,BE,NSE,UNIINFO TELECOM SERVI LTD,Others,INE481Z01011,True
6871,NSE_EQ|INE0B2801011,UNILEX,SM,NSE,UNILEX COLOURS AND CHEM L,Others,INE0B2801011,True
1269,NSE_EQ|INE0U3I01011,UNIMECH,EQ,NSE,UNIMECH AEROSPACE N MFG L,Others,INE0U3I01011,True
472,NSE_EQ|INE692A01016,UNIONBANK,EQ,NSE,UNION BANK OF INDIA,Bank,INE692A01016,True
745,NSE_EQ|INF582M01KS4,UNIONGOLD,EQ,NSE,UNIONAMC - UNIONGOLD,Others,INF582M01KS4,True
2403,NSE_EQ|INE244O01017,UNIPARTS,EQ,NSE,UNIPARTS INDIA LIMITED,Others,INE244O01017,True
1102,NSE_EQ|INE854D01024,UNITDSPR,EQ,NSE,UNITED SPIRITS LIMITED,Others,INE854D01024,True
1938,NSE_EQ|INE694A01020,UNITECH,EQ,NSE,UNITECH LTD,Others,INE694A01020,True
9177,NSE_EQ|INE368U01029,UNITEDPOLY,BE,NSE,UNITED POLYFAB GUJ. LTD.,Others,INE368U01029,True
1670,NSE_EQ|INE458F01011,UNITEDTEA,EQ,NSE,UNITED NILGIRI TEA LTD,Others,INE458F01011,True
4420,NSE_EQ|INE275F01019,UNIVAFOODS,BE,NSE,UNIVA FOODS LIMITED,Others,INE275F01019,True
1125,NSE_EQ|INE562X01013,UNIVASTU,EQ,NSE,UNIVASTU INDIA LIMITED,Others,INE562X01013,True
1097,NSE_EQ|INE279A01012,UNIVCABLES,EQ,NSE,UNIVERSAL CABLES LTD,Others,INE279A01012,True
7198,NSE_EQ|INE03V001013,UNIVPHOTO,BE,NSE,UNIVERSUS IMAGINGS LTD,Others,INE03V001013,True
776,NSE_EQ|INE405E01023,UNOMINDA,EQ,NSE,UNO MINDA LIMITED,Others,INE405E01023,True
469,NSE_EQ|INE628A01036,UPL,EQ,NSE,UPL LIMITED,Agrochemicals,INE628A01036,True
873,NSE_EQ|INE568Z01015,URAVIDEF,EQ,NSE,URAVI DEFENCE &TECH LTD,Others,INE568Z01015,True
4070,NSE_EQ|INE0O0201019,URBAN,SM,NSE,URBAN ENVIRO WASTE MGMT L,Others,INE0O0201019,True
1714,NSE_EQ|INE0CAZ01013,URBANCO,EQ,NSE,URBAN COMPANY LIMITED,Others,INE0CAZ01013,True
1775,NSE_EQ|INE550C01020,URJA,EQ,NSE,URJA GLOBAL LIMITED,Others,INE550C01020,True
5579,NSE_EQ|INE0CBM01019,USASEEDS,SM,NSE,UPSURGE SEEDS OF AGRI LTD,Others,INE0CBM01019,True
5592,NSE_EQ|INE0LS001014,USHAFIN,SM,NSE,USHA FINANCIAL SERVICES L,Others,INE0LS001014,True
475,NSE_EQ|INE228A01035,USHAMART,EQ,NSE,USHA MARTIN LTD.,Steel & Iron Products,INE228A01035,True
603,NSE_EQ|INE0N0Y01013,USK,EQ,NSE,UDAYSHIVAKUMAR INFRA LTD,Others,INE0N0Y01013,True
470,NSE_EQ|INE094J01016,UTIAMC,EQ,NSE,UTI ASSET MNGMT CO LTD,Asset Management,INE094J01016,True
1354,NSE_EQ|INE735W01017,UTKARSHBNK,EQ,NSE,UTKARSH SMALL FIN BANK L,Others,INE735W01017,True
2875,NSE_EQ|INE12UR01024,UTLSOLAR,BE,NSE,FUJIYAMA POWER SYSTEMS L,Others,INE12UR01024,True
9362,NSE_EQ|INE06IJ01010,UTSSAV,ST,NSE,UTSSAV CZ GOLD JEWELS LTD,Others,INE06IJ01010,True
1740,NSE_EQ|INE786F01031,UTTAMSUGAR,EQ,NSE,UTTAM SUGAR MILLS LTD.,Others,INE786F01031,True
4993,NSE_EQ|INE00F301010,UWCSL,SM,NSE,ULTRA WIRING CONN SYS LTD,Others,INE00F301010,True
1076,NSE_EQ|INE152C01025,UYFINCORP,EQ,NSE,U. Y. FINCORP LIMITED,Others,INE152C01025,True
1217,NSE_EQ|INE694D01016,VADILALIND,EQ,NSE,VADILAL INDUSTRIES LTD,Others,INE694D01016,True
1691,NSE_EQ|INE884A01027,VAIBHAVGBL,EQ,NSE,VAIBHAV GLOBAL LIMITED,Others,INE884A01027,True
3346,NSE_EQ|INE972X01022,VAISHALI,BE,NSE,VAISHALI PHARMA LIMITED,Others,INE972X01022,True
1546,NSE_EQ|INE051B01021,VAKRANGEE,EQ,NSE,VAKRANGEE LIMITED,Others,INE051B01021,True
4800,NSE_EQ|INE0JWS01017,VALIANTLAB,BE,NSE,VALIANT LABORATORIES LTD,Others,INE0JWS01017,True
1662,NSE_EQ|INE565V01010,VALIANTORG,EQ,NSE,VALIANT ORGANICS LIMITED,Others,INE565V01010,True
1160,NSE_EQ|INF769K01QV2,VALUE,EQ,NSE,MIRAEAMC - VALUE,Others,INF769K01QV2,True
3931,NSE_EQ|INE1CDF01017,VAML,BE,NSE,VEDANTA ALUMINIUM METAL L,Others,INE1CDF01017,True
802,NSE_EQ|INE116G01013,VARDHACRLC,EQ,NSE,VARDHAMAN ACRYLICS LTD,Others,INE116G01013,True
1605,NSE_EQ|INE835A01029,VARDMNPOLY,EQ,NSE,VARDHMAN POLYTEX LTD.,Others,INE835A01029,True
1908,NSE_EQ|INE665L01035,VARROC,EQ,NSE,VARROC ENGINEERING LTD.,Others,INE665L01035,True
7157,NSE_EQ|INE068Z01016,VASA,SM,NSE,VASA RETAIL & OVERSEA LTD,Others,INE068Z01016,True
2891,NSE_EQ|INE893I01013,VASCONEQ,BE,NSE,VASCON ENGINEERS LTD,Others,INE893I01013,True
1778,NSE_EQ|INE590L01019,VASWANI,EQ,NSE,VASWANI IND LTD,Others,INE590L01019,True
479,NSE_EQ|INE200M01039,VBL,EQ,NSE,VARUN BEVERAGES LIMITED,Consumer Food,INE200M01039,True
640,NSE_EQ|INE098201036,VCL,EQ,NSE,VAXTEX COTFAB LIMITED,Others,INE098201036,True
6687,NSE_EQ|INE0U2M01015,VDEAL,SM,NSE,VDEAL SYSTEM LIMITED,Others,INE0U2M01015,True
481,NSE_EQ|INE205A01025,VEDL,EQ,NSE,VEDANTA LIMITED,Metal,INE205A01025,True
2918,NSE_EQ|INE694L01019,VEDPOWER,BE,NSE,VEDANTA POWER LIMITED,Others,INE694L01019,True
1984,NSE_EQ|INE484C01030,VEEDOL,EQ,NSE,VEEDOL CORPORATION LTD,Others,INE484C01030,True
9012,NSE_EQ|INE0KTW01013,VEEKAYEM,ST,NSE,VEEKAYEM FASH & APP LTD,Others,INE0KTW01013,True
575,NSE_EQ|INE232E01013,VELJAN,EQ,NSE,VELJAN DENISON LTD.,Others,INE232E01013,True
6711,NSE_EQ|INE0I3H01019,VELS,SM,NSE,VELS FILM INTERNATIONAL L,Others,INE0I3H01019,True
1703,NSE_EQ|INE398A01010,VENKEYS,EQ,NSE,VENKY S (INDIA) LIMITED,Others,INE398A01010,True
1613,NSE_EQ|INE781S01027,VENTIVE,EQ,NSE,VENTIVE HOSPITALITY LTD,Others,INE781S01027,True
1935,NSE_EQ|INE0JA001018,VENUSPIPES,EQ,NSE,VENUS PIPES & TUBES LTD,Others,INE0JA001018,True
7326,NSE_EQ|INE411B01019,VENUSREM,BE,NSE,VENUS REMEDIES LIMITED,Others,INE411B01019,True
3898,NSE_EQ|INE709Z01015,VERA,SM,NSE,VERA SYNTHETIC LIMITED,Others,INE709Z01015,True
1420,NSE_EQ|INE0IQ001011,VERANDA,EQ,NSE,VERANDA LEARNING SOL LTD,Others,INE0IQ001011,True
2741,NSE_EQ|INE0SRI01019,VERITAAS,SM,NSE,VERITAAS ADVERTISING LTD,Others,INE0SRI01019,True
8370,NSE_EQ|INE0NLB01018,VERTEXPLUS,SM,NSE,VERTEXPLUS TECHNOLOGIES L,Others,INE0NLB01018,True
8415,NSE_EQ|INE0KXY23015,VERTIS,IV,NSE,VERTIS INFRASTRUCTURE TST,Others,INE0KXY23015,True
2569,NSE_EQ|INE188Y01031,VERTOZ,BE,NSE,VERTOZ LIMITED,Others,INE188Y01031,True
814,NSE_EQ|INE386A01023,VESUVIUS,EQ,NSE,VESUVIUS INDIA LTD,Others,INE386A01023,True
1925,NSE_EQ|INE918N01018,VETO,EQ,NSE,VETO SWITCHGEAR CABLE LTD,Others,INE918N01018,True
8996,NSE_EQ|INE0VRH01015,VGINFOTECH,SM,NSE,VIRTUAL GALAXY INFOTECH L,Others,INE0VRH01015,True
2379,NSE_EQ|INE273D01027,VGL,EQ,NSE,VARVEE GLOBAL LIMITED,Others,INE273D01027,True
476,NSE_EQ|INE951I01027,VGUARD,EQ,NSE,V-GUARD IND LTD.,Electric Equipment,INE951I01027,True
1409,NSE_EQ|INE701A01023,VHL,EQ,NSE,VARDHMAN HOLDINGS LIMITED,Others,INE701A01023,True
3452,NSE_EQ|INE048C01025,VHLTD,BE,NSE,VICEROY HOTELS LIMITED,Others,INE048C01025,True
3840,NSE_EQ|INE0MO401019,VIAZ,SM,NSE,VIAZ TYRES LIMITED,Others,INE0MO401019,True
4251,NSE_EQ|INE0F8901022,VICTORYEV,ST,NSE,VICTORY ELEC VEHICL INT L,Others,INE0F8901022,True
939,NSE_EQ|INE632C01026,VIDHIING,EQ,NSE,VIDHI SPCLTY F INGRDNTS L,Others,INE632C01026,True
2181,NSE_EQ|INE14UN01029,VIDYAWIRES,EQ,NSE,VIDYA WIRES LIMITED,Others,INE14UN01029,True
2750,NSE_EQ|INE0TR001017,VIESL,SM,NSE,VISION INFRA EQUIP SOL L,Others,INE0TR001017,True
3704,NSE_EQ|INE1DM601016,VIGOR,ST,NSE,VIGOR PLAST INDIA LIMITED,Others,INE1DM601016,True
483,NSE_EQ|INE043W01024,VIJAYA,EQ,NSE,VIJAYA DIAGNOSTIC CEN LTD,Healthcare Services,INE043W01024,True
7675,NSE_EQ|INE0WL901019,VIJAYPD,ST,NSE,VIJAYPD CEUTICAL LIMITED,Others,INE0WL901019,True
7352,NSE_EQ|INE159N01027,VIJIFIN,BE,NSE,VIJI FINANCE LIMITED,Others,INE159N01027,True
1283,NSE_EQ|INE806A01020,VIKASECO,EQ,NSE,VIKAS ECOTECH LIMITED,Others,INE806A01020,True
2442,NSE_EQ|INE161L01027,VIKASLIFE,EQ,NSE,VIKAS LIFECARE LIMITED,Others,INE161L01027,True
621,NSE_EQ|INE078V01014,VIKRAMSOLR,EQ,NSE,VIKRAM SOLAR LIMITED,Others,INE078V01014,True
2472,NSE_EQ|INE01R501028,VIKRAN,EQ,NSE,VIKRAN ENGINEERING LTD,Others,INE01R501028,True
6834,NSE_EQ|INE0AZY01017,VILAS,SM,NSE,VILAS TRANSCORE LIMITED,Others,INE0AZY01017,True
2914,NSE_EQ|INE0L4V01013,VILINBIO,ST,NSE,VILIN BIO MED LIMITED,Others,INE0L4V01013,True
692,NSE_EQ|INE579C01029,VIMTALABS,EQ,NSE,VIMTA LABS LIMITED,Others,INE579C01029,True
833,NSE_EQ|INE410B01037,VINATIORGA,EQ,NSE,VINATI ORGANICS LTD,Others,INE410B01037,True
919,NSE_EQ|INE498Q01014,VINCOFE,EQ,NSE,VINTAGE COFFEE N BVRGS L,Others,INE498Q01014,True
2414,NSE_EQ|INE707A01012,VINDHYATEL,EQ,NSE,VINDHYA TELELINKS LTD,Others,INE707A01012,True
6793,NSE_EQ|INE505Y01010,VINEETLAB,BE,NSE,VINEET LABORATORIES LTD,Others,INE505Y01010,True
933,NSE_EQ|INE01KI01027,VINNY,EQ,NSE,VINNY OVERSEAS LIMITED,Others,INE01KI01027,True
6385,NSE_EQ|INE0OSJ01014,VINSYS,SM,NSE,VINSYS IT SERVICES IND LT,Others,INE0OSJ01014,True
6628,NSE_EQ|INE0OLS01010,VINYAS,SM,NSE,VINYAS INNOVATIVE TECH L,Others,INE0OLS01010,True
535,NSE_EQ|INE250B01029,VINYLINDIA,EQ,NSE,VINYL CHEMICALS (I) LTD.,Others,INE250B01029,True
4394,NSE_EQ|INE450G01024,VIPCLOTHNG,BE,NSE,VIP CLOTHING LIMITED,Others,INE450G01024,True
2227,NSE_EQ|INE054A01027,VIPIND,EQ,NSE,VIP INDUSTRIES LTD,Others,INE054A01027,True
805,NSE_EQ|INE946H01037,VIPULLTD,EQ,NSE,VIPUL LIMITED,Others,INE946H01037,True
2120,NSE_EQ|INE539B01017,VIRINCHI,EQ,NSE,VIRINCHI LIMITED,Others,INE539B01017,True
6961,NSE_EQ|INE286H01012,VISACHROME,BE,NSE,VISA CHROME LIMITED,Others,INE286H01012,True
1518,NSE_EQ|INE392A01021,VISAKAIND,EQ,NSE,VISAKA INDUSTRIES LIMITED,Others,INE392A01021,True
8702,NSE_EQ|INE0BHK01012,VISAMAN,ST,NSE,VISAMAN GLOBAL SALES LTD,Others,INE0BHK01012,True
893,NSE_EQ|INE270I01022,VISHNU,EQ,NSE,VISHNU CHEMICALS LIMITED,Others,INE270I01022,True
4846,NSE_EQ|INE0PQ001012,VISHNUINFR,SM,NSE,VISHNUSURYA PROJ N INFR L,Others,INE0PQ001012,True
651,NSE_EQ|INE430N01022,VISHWARAJ,EQ,NSE,VISHWARAJ SUGAR IND LTD,Others,INE430N01022,True
4283,NSE_EQ|INE0S2E01016,VISHWAS,SM,NSE,VISHWAS AGRI SEEDS LTD,Others,INE0S2E01016,True
4901,NSE_EQ|INE1CLE01013,VISL,BE,NSE,VEDANTA IRON AND STEEL L,Others,INE1CLE01013,True
8366,NSE_EQ|INE0L4K01016,VITAL,BE,NSE,VITAL CHEMTECH LIMITED,Others,INE0L4K01016,True
6992,NSE_EQ|INE0MEG01014,VIVIANA,BE,NSE,VIVIANA POWER TECH LTD,Others,INE0MEG01014,True
8249,NSE_EQ|INE24H301028,VIVIDEL,ST,NSE,VIVID ELECTROMECH LIMITED,Others,INE24H301028,True
1142,NSE_EQ|INE370E01029,VIVIDHA,EQ,NSE,VISAGAR POLYTEX LTD,Others,INE370E01029,True
8813,NSE_EQ|INE526G01021,VIVIMEDLAB,BE,NSE,VIVIMED LABS LIMITED,Others,INE526G01021,True
8062,NSE_EQ|INE0IA701014,VIVO,SM,NSE,VIVO COLLAB SOLUTIONS LTD,Others,INE0IA701014,True
619,NSE_EQ|INE807F01027,VIYASH,EQ,NSE,VIYASH SCIENTIFIC LIMITED,Others,INE807F01027,True
2548,NSE_EQ|INE03HW01020,VLEGOV,BE,NSE,VL E GOV AND IT SOL LTD,Others,INE03HW01020,True
7555,NSE_EQ|INE0QXL01015,VLINFRA,ST,NSE,V.L.INFRAPROJECTS LIMITED,Others,INE0QXL01015,True
2440,NSE_EQ|INE709A01018,VLSFINANCE,EQ,NSE,VLS FINANCE LTD,Others,INE709A01018,True
5458,NSE_EQ|INE0GXK01018,VMARCIND,SM,NSE,V MARC INDIA LIMITED,Others,INE0GXK01018,True
1177,NSE_EQ|INE665J01013,VMART,EQ,NSE,VMART RETAIL LTD,Others,INE665J01013,True
721,NSE_EQ|INE01EA01019,VMM,EQ,NSE,VISHAL MEGA MART LIMITED,Others,INE01EA01019,True
8460,NSE_EQ|INE0SJA01013,VMSTMT,BE,NSE,VMS TMT LIMITED,Others,INE0SJA01013,True
2927,NSE_EQ|INE704J01044,VOGL,BE,NSE,VEDANTA OIL AND GAS LTD,Others,INE704J01044,True
9027,NSE_EQ|INE241X01014,VOLERCAR,SM,NSE,VOLER CAR LIMITED,Others,INE241X01014,True
1141,NSE_EQ|INE540H01012,VOLTAMP,EQ,NSE,VOLTAMP TRANSFORMERS LTD,Others,INE540H01012,True
486,NSE_EQ|INE226A01021,VOLTAS,EQ,NSE,VOLTAS LTD,Air Conditioners,INE226A01021,True
4334,NSE_EQ|INE0AE001013,VPRPL,BE,NSE,VISHNU PRAKASH R PUNGLI L,Others,INE0AE001013,True
8129,NSE_EQ|INE0QQM01017,VR,SM,NSE,V R INFRASPACE LIMITED,Others,INE0QQM01017,True
945,NSE_EQ|INE0S2V01010,VRAJ,EQ,NSE,VRAJ IRON AND STEEL LTD,Others,INE0S2V01010,True
1416,NSE_EQ|INE366I01010,VRLLOG,EQ,NSE,VRL LOGISTICS LIMITED,Others,INE366I01010,True
3876,NSE_EQ|INE551Q01028,VSCL,ST,NSE,VADIVARHE SPCLTY CHEM LTD,Others,INE551Q01028,True
780,NSE_EQ|INE050M01012,VSSL,EQ,NSE,VARDHMAN SPC STEEL LTD,Others,INE050M01012,True
715,NSE_EQ|INE710A01016,VSTIND,EQ,NSE,VST INDUSTRIES LTD,Others,INE710A01016,True
1039,NSE_EQ|INE0QTF01015,VSTL,EQ,NSE,VIBHOR STEEL TUBES LTD,Others,INE0QTF01015,True
1628,NSE_EQ|INE764D01017,VSTTILLERS,EQ,NSE,VST TILLERS TRACTORS LTD,Others,INE764D01017,True
1186,NSE_EQ|INE825A01020,VTL,EQ,NSE,VARDHMAN TEXTILES LIMITED,Others,INE825A01020,True
1020,NSE_EQ|INE377N01017,WAAREEENER,EQ,NSE,WAAREE ENERGIES LIMITED,Others,INE377N01017,True
1295,NSE_EQ|INE866K01023,WAAREEINDO,EQ,NSE,INDOSOLAR LIMITED,Others,INE866K01023,True
2463,NSE_EQ|INE299N01021,WAAREERTL,EQ,NSE,WAAREE RENEWABLE TECH LTD,Others,INE299N01021,True
731,NSE_EQ|INE956G01038,WABAG,EQ,NSE,VA TECH WABAG LTD,Others,INE956G01038,True
1480,NSE_EQ|INE0E7301029,WAKEFIT,EQ,NSE,WAKEFIT INNOVATIONS LTD,Others,INE0E7301029,True
2454,NSE_EQ|INE711A01022,WALCHANNAG,EQ,NSE,WALCHANDNAGAR INDUSTRIES,Others,INE711A01022,True
5291,NSE_EQ|INE0G2G01015,WALPAR,SM,NSE,WALPAR NUTRITIONS LIMITED,Others,INE0G2G01015,True
978,NSE_EQ|INE107F01022,WANBURY,EQ,NSE,WANBURY LIMITED,Others,INE107F01022,True
1332,NSE_EQ|INE0CJF01024,WCIL,EQ,NSE,WESTERN CARRIERS (IND) L,Others,INE0CJF01024,True
2240,NSE_EQ|INE658T01017,WEALTH,EQ,NSE,WEALTH FRST PORT. MG. LTD,Others,INE658T01017,True
1621,NSE_EQ|INE855C01023,WEBELSOLAR,EQ,NSE,WEBSOL ENERGY SYSTEM LTD,Others,INE855C01023,True
1668,NSE_EQ|INE080A01014,WEIZMANIND,EQ,NSE,WEIZMANN LTD,Others,INE080A01014,True
2093,NSE_EQ|INE02WG01024,WEL,EQ,NSE,WONDER ELECTRICALS LTD,Others,INE02WG01024,True
488,NSE_EQ|INE191B01025,WELCORP,EQ,NSE,WELSPUN CORP LIMITED,Steel & Iron Products,INE191B01025,True
1382,NSE_EQ|INE625G01013,WELENT,EQ,NSE,WELSPUN ENTERPRISES LTD.,Others,INE625G01013,True
9419,NSE_EQ|INE389K01018,WELINV,BE,NSE,WELSPUN INV & COMM LTD,Others,INE389K01018,True
1128,NSE_EQ|INE731F01037,WELSPLSOL,EQ,NSE,WELSPUN SPECIALTY SOL L,Others,INE731F01037,True
489,NSE_EQ|INE192B01031,WELSPUNLIV,EQ,NSE,WELSPUN LIVING LIMITED,Textile,INE192B01031,True
810,NSE_EQ|INE274C01019,WENDT,EQ,NSE,WENDT (INDIA) LIMITED,Others,INE274C01019,True
1556,NSE_EQ|INE274F01020,WESTLIFE,EQ,NSE,WESTLIFE FOODWORLD LTD,Others,INE274F01020,True
5869,NSE_EQ|INE082W01014,WEWIN,BE,NSE,WE WIN LIMITED,Others,INE082W01014,True
1843,NSE_EQ|INE085001019,WEWORK,EQ,NSE,WEWORK INDIA MANAGEMENT L,Others,INE085001019,True
784,NSE_EQ|INE715A01015,WHEELS,EQ,NSE,WHEELS INDIA LTD,Others,INE715A01015,True
490,NSE_EQ|INE716A01013,WHIRLPOOL,EQ,NSE,WHIRLPOOL OF INDIA LTD,Consumer Durables,INE716A01013,True
7183,NSE_EQ|INE0TLP01015,WHITEFORCE,ST,NSE,HAPPY SQUARE OUTSOURC S L,Others,INE0TLP01015,True
1750,NSE_EQ|INE210A01017,WILLAMAGOR,EQ,NSE,WILLIAMSON MAGOR,Others,INE210A01017,True
2061,NSE_EQ|INE0H5O01029,WINDLAS,EQ,NSE,WINDLAS BIOTECH LIMITED,Others,INE0H5O01029,True
2266,NSE_EQ|INE052A01021,WINDMACHIN,EQ,NSE,WINDSOR MACHINES LIMITED,Others,INE052A01021,True
3256,NSE_EQ|INE0S9101013,WINNY,SM,NSE,WINNY IMMIGRA & EDU SER L,Others,INE0S9101013,True
9251,NSE_EQ|INE0S3D01016,WINSOL,SM,NSE,WINSOL ENGINEERS LIMITED,Others,INE0S3D01016,True
7518,NSE_EQ|INE784B01035,WINSOME,BZ,NSE,WINSOME YARNS LIMITED,Others,INE784B01035,True
1830,NSE_EQ|INE215F01023,WIPL,EQ,NSE,THE WESTERN INDIA PLY LTD,Others,INE215F01023,True
491,NSE_EQ|INE075A01022,WIPRO,EQ,NSE,WIPRO LTD,IT - Software,INE075A01022,True
492,NSE_EQ|INE049B01025,WOCKPHARMA,EQ,NSE,WOCKHARDT LIMITED,Pharmaceuticals,INE049B01025,True
6172,NSE_EQ|INE0Q9601016,WOMANCART,SM,NSE,WOMANCART LIMITED,Others,INE0Q9601016,True
588,NSE_EQ|INE066O01014,WONDERLA,EQ,NSE,WONDERLA HOLIDAYS LTD.,Others,INE066O01014,True
1475,NSE_EQ|INE196Y01018,WORTHPERI,EQ,NSE,WORTH PERIPHERALS LIMITED,Others,INE196Y01018,True
980,NSE_EQ|INE765D01022,WPIL,EQ,NSE,W P I L LTD.,Others,INE765D01022,True
2064,NSE_EQ|INE100D01014,WSI,EQ,NSE,W.S.INDUSTRIES (I) LTD.,Others,INE100D01014,True
1719,NSE_EQ|INE976A01021,WSTCSTPAPR,EQ,NSE,WEST COAST PAPER MILLS LT,Others,INE976A01021,True
3375,NSE_EQ|INE623Y01011,WTICAB,SM,NSE,WISE TRAVEL INDIA LIMITED,Others,INE623Y01011,True
2405,NSE_EQ|INE692G01013,XCHANGING,EQ,NSE,XCHANGING SOLUTIONS LTD,Others,INE692G01013,True
2094,NSE_EQ|INE01P501012,XELPMOC,EQ,NSE,XELPMOC DESIGN & TECH LTD,Others,INE01P501012,True
2468,NSE_EQ|INE445C01015,XPROINDIA,EQ,NSE,XPRO INDIA LIMITED,Others,INE445C01015,True
574,NSE_EQ|INE547B01028,XTGLOBAL,EQ,NSE,XTGLOBAL INFOTECH LIMITED,Others,INE547B01028,True
9261,NSE_EQ|INE0U0J01015,YAAP,ST,NSE,YAAP DIGITAL LIMITED,Others,INE0U0J01015,True
2190,NSE_EQ|INE616Z01012,YASHO,EQ,NSE,YASHO INDUSTRIES LIMITED,Others,INE616Z01012,True
7679,NSE_EQ|INE0TO601017,YASHOPTICS,SM,NSE,YASH OPTICS & LENS LTD,Others,INE0TO601017,True
737,NSE_EQ|INE0JO301016,YATHARTH,EQ,NSE,YATHARTH HOSP & TRA C S L,Others,INE0JO301016,True
1235,NSE_EQ|INE0JR601024,YATRA,EQ,NSE,YATRA ONLINE LIMITED,Others,INE0JR601024,True
9443,NSE_EQ|INE08S201019,YCCL,SM,NSE,YASONS CHEMEX CARE LTD,Others,INE08S201019,True
493,NSE_EQ|INE528G01035,YESBANK,EQ,NSE,YES BANK LIMITED,Bank,INE528G01035,True
2862,NSE_EQ|INE09FA01019,YUDIZ,SM,NSE,YUDIZ SOLUTIONS LIMITED,Others,INE09FA01019,True
1961,NSE_EQ|INE384C01016,YUKEN,EQ,NSE,YUKEN INDIA LIMITED,Others,INE384C01016,True
1184,NSE_EQ|INE07K301024,ZAGGLE,EQ,NSE,ZAGGLE PREPA OCEAN SER L,Others,INE07K301024,True
2817,NSE_EQ|INE0PPS01018,ZEAL,SM,NSE,ZEAL GLOBAL SERVICES LTD,Others,INE0PPS01018,True
495,NSE_EQ|INE256A01028,ZEEL,EQ,NSE,ZEE ENTERTAINMENT ENT LTD,TV Broadcasting,INE256A01028,True
7695,NSE_EQ|INE565L01011,ZEELEARN,BE,NSE,ZEE LEARN LIMITED,Others,INE565L01011,True
1974,NSE_EQ|INE966H01019,ZEEMEDIA,EQ,NSE,ZEE MEDIA CORPORATION LTD,Others,INE966H01019,True
4481,NSE_EQ|INE0QWN01013,ZENITHDRUG,SM,NSE,ZENITH DRUGS LIMITED,Others,INE0QWN01013,True
1350,NSE_EQ|INE058B01018,ZENITHEXPO,EQ,NSE,ZENITH EXPORTS LTD,Others,INE058B01018,True
2232,NSE_EQ|INE318D01020,ZENITHSTL,EQ,NSE,ZENITH STEEL PIP IND LTD,Others,INE318D01020,True
497,NSE_EQ|INE520A01027,ZENSARTECH,EQ,NSE,ZENSAR TECHNOLOGIES  LTD,IT - Software,INE520A01027,True
496,NSE_EQ|INE251B01027,ZENTEC,EQ,NSE,ZEN TECHNOLOGIES LIMITED,IT - Software,INE251B01027,True
1612,NSE_EQ|INE342J01019,ZFCVINDIA,EQ,NSE,ZF COM VE CTR SYS IND LTD,Others,INE342J01019,True
1161,NSE_EQ|INE116C01012,ZFSTEERING,EQ,NSE,Z F STEERING GEAR (I) LTD,Others,INE116C01012,True
4871,NSE_EQ|INE518E01015,ZIMLAB,BE,NSE,ZIM LABORATORIES LIMITED,Others,INE518E01015,True
5255,NSE_EQ|INE761Y01019,ZODIAC,BE,NSE,ZODIAC ENERGY LIMITED,Others,INE761Y01019,True
2147,NSE_EQ|INE206B01013,ZODIACLOTH,EQ,NSE,ZODIAC CLOTHING CO. LTD.,Others,INE206B01013,True
1574,NSE_EQ|INE358U01012,ZOTA,EQ,NSE,ZOTA HEALTH CARE LIMITED,Others,INE358U01012,True
706,NSE_EQ|INE967G01019,ZSARACOM,EQ,NSE,SARASWATI COMM (INDIA) L,Others,INE967G01019,True
6147,NSE_EQ|INE0ISZ01012,ZTECH,SM,NSE,Z-TECH (INDIA) LIMITED,Others,INE0ISZ01012,True
2231,NSE_EQ|INE840M01016,ZUARI,EQ,NSE,ZUARI AGRO CHEMICALS LTD,Others,INE840M01016,True
1667,NSE_EQ|INE217A01012,ZUARIIND,EQ,NSE,ZUARI INDUSTRIES LIMITED,Others,INE217A01012,True
498,NSE_EQ|INE010B01027,ZYDUSLIFE,EQ,NSE,ZYDUS LIFESCIENCES LTD,Pharmaceuticals,INE010B01027,True
1591,NSE_EQ|INE768C01028,ZYDUSWELL,EQ,NSE,ZYDUS WELLNESS LIMITED,Others,INE768C01028,True
